date,TCS.NS,INFY.NS
2017-10-03,986.904296875,350.43295288085938
2017-10-04,984.4254150390625,348.9010009765625
2017-10-05,979.306640625,350.23907470703125
2017-10-06,986.17864990234375,356.8712158203125
2017-10-09,989.18243408203125,358.32553100585938
2017-10-10,991.25750732421875,362.8050537109375
2017-10-11,1007.8241577148438,360.962890625
2017-10-12,1027.1107177734375,359.64419555664062
2017-10-13,1031.3031005859375,360.73016357421875
2017-10-16,1041.701904296875,364.181884765625
2017-10-17,1045.793212890625,360.88528442382812
2017-10-18,1042.5885009765625,358.50009155273438
2017-10-19,1041.50048828125,359.50848388671875
2017-10-23,1043.1121826171875,364.37579345703125
2017-10-24,1039.2841796875,359.33389282226562
2017-10-25,1034.635986328125,362.74691772460938
2017-10-26,1026.127685546875,367.42041015625
2017-10-27,1044.4974365234375,367.03262329101562
2017-10-30,1057.390625,366.15985107421875
2017-10-31,1060.543212890625,362.52227783203125
2017-11-01,1051.994873046875,364.56723022460938
2017-11-02,1061.4122314453125,362.93524169921875
2017-11-03,1058.966796875,364.40997314453125
2017-11-06,1077.336669921875,365.21612548828125
2017-11-07,1095.322021484375,375.75537109375
2017-11-08,1105.406005859375,374.4969482421875
2017-11-09,1105.9718017578125,375.36209106445312
2017-11-10,1094.796630859375,378.33111572265625
2017-11-13,1115.0858154296875,374.35928344726562
2017-11-14,1097.16064453125,373.23855590820312
2017-11-15,1093.402099609375,374.30023193359375
2017-11-16,1110.114501953125,388.6934814453125
2017-11-17,1094.210693359375,381.83114624023438
2017-11-20,1092.654296875,377.74130249023438
2017-11-21,1080.326904296875,379.98281860351562
2017-11-22,1083.439208984375,380.00247192382812
2017-11-23,1083.681396484375,389.814208984375
2017-11-24,1086.4302978515625,397.01080322265625
2017-11-27,1085.5411376953125,392.763671875
2017-11-28,1085.318359375,387.23834228515625
2017-11-29,1074.3453369140625,386.45187377929688
2017-11-30,1065.7969970703125,383.85641479492188
2017-12-01,1062.9476318359375,377.0531005859375
2017-12-04,1063.9178466796875,387.4940185546875
2017-12-05,1065.2115478515625,387.10073852539062
2017-12-06,1064.302001953125,389.44061279296875
2017-12-07,1057.81494140625,393.17654418945312
2017-12-08,1051.4490966796875,393.98275756835938
2017-12-11,1075.53759765625,395.33944702148438
2017-12-12,1055.7535400390625,397.3843994140625
2017-12-13,1062.321533203125,394.72991943359375
2017-12-14,1033.7869873046875,398.4068603515625
2017-12-15,1028.85595703125,402.2607421875
2017-12-18,1042.9615478515625,399.78323364257812
2017-12-19,1040.8597412109375,394.80859375
2017-12-20,1046.3768310546875,399.48828125
2017-12-21,1049.10498046875,401.92645263671875
2017-12-22,1069.738037109375,408.72970581054688
2017-12-26,1070.8291015625,407.25509643554688
2017-12-27,1058.885986328125,406.72415161132812
2017-12-28,1061.7357177734375,406.3309326171875
2017-12-29,1091.7451171875,409.79153442382812
2018-01-01,1069.2733154296875,406.448974609375
2018-01-02,1063.453125,404.93487548828125
2018-01-03,1066.464111328125,401.63156127929688
2018-01-04,1073.9208984375,399.3114013671875
2018-01-05,1086.8948974609375,397.97433471679688
2018-01-08,1097.080078125,407.43212890625
2018-01-09,1094.897705078125,409.51629638671875
2018-01-10,1134.3447265625,413.80279541015625
2018-01-11,1127.8372802734375,423.06402587890625
2018-01-12,1122.1180419921875,424.10604858398438
2018-01-15,1109.8919677734375,425.16790771484375
2018-01-16,1152.2293701171875,441.566650390625
2018-01-17,1167.628173828125,453.06939697265625
2018-01-18,1179.4500732421875,453.30526733398438
2018-01-19,1196.0615234375,449.66763305664062
2018-01-22,1262.543212890625,452.24346923828125
2018-01-23,1256.708740234375,462.90066528320312
2018-01-24,1286.1219482421875,466.32208251953125
2018-01-25,1264.427001953125,462.23223876953125
2018-01-29,1295.9456787109375,465.181640625
2018-01-30,1277.3099365234375,460.36419677734375
2018-01-31,1260.902587890625,452.34185791015625
2018-02-01,1271.5367431640625,450.11990356445312
2018-02-02,1277.63427734375,449.58905029296875
2018-02-05,1257.1951904296875,447.60305786132812
2018-02-06,1214.2718505859375,435.62838745117188
2018-02-07,1197.175537109375,436.13973999023438
2018-02-08,1204.9334716796875,446.04974365234375
2018-02-09,1203.9208984375,436.1790771484375
2018-02-12,1202.1383056640625,433.68182373046875
2018-02-14,1179.6539306640625,431.69595336914062
2018-02-15,1185.345703125,438.26324462890625
2018-02-16,1188.2626953125,443.61163330078125
2018-02-19,1184.43408203125,445.06658935546875
2018-02-20,1193.0029296875,447.11154174804688
2018-02-21,1232.5230712890625,451.2210693359375
2018-02-22,1235.7232666015625,456.47091674804688
2018-02-23,1246.094970703125,454.46530151367188
2018-02-26,1228.228759765625,447.76028442382812
2018-02-27,1232.5428466796875,452.32205200195312
2018-02-28,1229.58544921875,461.13101196289062
2018-03-01,1230.6591796875,456.47091674804688
2018-03-05,1258.268798828125,454.56369018554688
2018-03-06,1232.725341796875,452.77447509765625
2018-03-07,1226.5069580078125,449.92318725585938
2018-03-08,1216.9859619140625,454.858642578125
2018-03-09,1229.200927734375,457.5130615234375
2018-03-12,1236.5133056640625,466.30230712890625
2018-03-13,1169.5255126953125,465.53558349609375
2018-03-14,1169.5660400390625,464.35568237304688
2018-03-15,1162.5980224609375,465.0242919921875
2018-03-16,1144.7720947265625,460.85574340820312
2018-03-19,1146.919677734375,450.96533203125
2018-03-20,1160.6328125,457.96539306640625
2018-03-21,1157.3516845703125,459.12545776367188
2018-03-22,1147.0614013671875,456.68728637695312
2018-03-23,1141.71337890625,459.16476440429688
2018-03-26,1141.247314453125,454.30807495117188
2018-03-27,1153.684814453125,453.81655883789062
2018-03-28,1154.2723388671875,445.0863037109375
2018-04-02,1178.78271484375,447.19009399414062
2018-04-03,1179.4312744140625,448.48788452148438
2018-04-04,1179.289306640625,442.09762573242188
2018-04-05,1198.3504638671875,451.28005981445312
2018-04-06,1195.2510986328125,443.1986083984375
2018-04-09,1184.5560302734375,437.00491333007812
2018-04-10,1190.1058349609375,437.850341796875
2018-04-11,1221.1187744140625,442.11724853515625
2018-04-12,1271.80029296875,457.19857788085938
2018-04-13,1277.492431640625,460.67886352539062
2018-04-16,1291.408447265625,445.63674926757812
2018-04-17,1282.8807373046875,442.49075317382812
2018-04-18,1279.8421630859375,442.78570556640625
2018-04-19,1292.826171875,445.4991455078125
2018-04-20,1378.43017578125,463.4315185546875
2018-04-23,1380.9417724609375,467.06927490234375
2018-04-24,1371.6239013671875,454.01312255859375
2018-04-25,1405.8978271484375,456.31362915039062
2018-04-26,1433.8516845703125,462.64511108398438
2018-04-27,1398.4842529296875,466.0859375
2018-04-30,1430.9547119140625,471.709716796875
2018-05-02,1417.84912109375,470.7462158203125
2018-05-03,1410.59765625,465.0439453125
2018-05-04,1410.1514892578125,461.32763671875
2018-05-07,1385.925048828125,465.22091674804688
2018-05-08,1394.1290283203125,458.35870361328125
2018-05-09,1413.615478515625,460.3837890625
2018-05-10,1398.200439453125,459.32205200195312
2018-05-11,1400.5093994140625,464.33612060546875
2018-05-14,1391.029541015625,467.69839477539062
2018-05-15,1410.820068359375,469.76303100585938
2018-05-16,1415.4791259765625,467.95413208007812
2018-05-17,1414.62841796875,465.181640625
2018-05-18,1418.78076171875,465.29949951171875
2018-05-21,1440.9410400390625,463.844482421875
2018-05-22,1421.5557861328125,469.48779296875
2018-05-23,1415.9654541015625,465.96804809570312
2018-05-24,1459.962158203125,480.1646728515625
2018-05-25,1452.7105712890625,483.03533935546875
2018-05-28,1418.78076171875,477.56915283203125
2018-05-29,1427.4708251953125,478.47366333007812
2018-05-30,1423.662841796875,476.50732421875
2018-05-31,1422.43701171875,484.41183471679688
2018-06-01,1415.4107666015625,480.08590698242188
2018-06-04,1425.051513671875,487.40042114257812
2018-06-05,1406.5465087890625,480.1055908203125
2018-06-06,1409.9371337890625,486.63360595703125
2018-06-07,1417.9437255859375,492.53244018554688
2018-06-08,1427.3798828125,495.52117919921875
2018-06-11,1429.50390625,496.4454345703125
2018-06-12,1455.076171875,494.91165161132812
2018-06-13,1490.288818359375,501.32174682617188
2018-06-14,1460.427734375,499.468505859375
2018-06-15,1503.3204345703125,516.20867919921875
2018-06-18,1494.29248046875,510.62863159179688
2018-06-19,1490.6156005859375,500.23403930664062
2018-06-20,1488.9410400390625,500.85830688476562
2018-06-21,1486.408203125,502.228271484375
2018-06-22,1478.6058349609375,502.7520751953125
2018-06-25,1486.326416015625,512.6630859375
2018-06-26,1513.0831298828125,514.83892822265625
2018-06-27,1517.9853515625,511.67620849609375
2018-06-28,1505.485107421875,519.5728759765625
2018-06-29,1509.6109619140625,526.6636962890625
2018-07-02,1512.5521240234375,537.743408203125
2018-07-03,1531.0982666015625,545.41845703125
2018-07-04,1524.643798828125,541.97369384765625
2018-07-05,1536.204345703125,517.31671142578125
2018-07-06,1562.8795166015625,517.41729736328125
2018-07-09,1538.4105224609375,523.29949951171875
2018-07-10,1531.955810546875,524.32708740234375
2018-07-11,1617.5777587890625,532.00213623046875
2018-07-12,1610.59228515625,521.48651123046875
2018-07-13,1618.557861328125,530.7733154296875
2018-07-16,1625.1754150390625,536.99810791015625
2018-07-17,1639.051513671875,535.00372314453125
2018-07-18,1637.4962158203125,532.8482666015625
2018-07-19,1622.064697265625,530.4913330078125
2018-07-20,1634.50830078125,543.14208984375
2018-07-23,1641.916748046875,546.30487060546875
2018-07-24,1636.4727783203125,554.84619140625
2018-07-25,1622.1466064453125,557.50531005859375
2018-07-26,1608.3936767578125,553.2750244140625
2018-07-27,1591.2430419921875,553.35552978515625
2018-07-30,1591.938720703125,544.31060791015625
2018-07-31,1588.3363037109375,549.9913330078125
2018-08-01,1618.0535888671875,545.5394287109375
2018-08-02,1595.049560546875,545.3782958984375
2018-08-03,1620.4681396484375,549.58856201171875
2018-08-06,1617.2755126953125,548.19854736328125
2018-08-07,1610.5625,551.1396484375
2018-08-08,1616.0067138671875,549.04449462890625
2018-08-09,1616.2933349609375,555.9742431640625
2018-08-10,1631.64306640625,558.1903076171875
2018-08-13,1637.4140625,567.57781982421875
2018-08-14,1640.19775390625,567.3963623046875
2018-08-16,1644.250244140625,575.95806884765625
2018-08-17,1647.7296142578125,576.28033447265625
2018-08-20,1645.4371337890625,557.70672607421875
2018-08-21,1651.7408447265625,557.58575439453125
2018-08-23,1666.0260009765625,563.00482177734375
2018-08-24,1672.493408203125,555.30963134765625
2018-08-27,1678.96044921875,570.25701904296875
2018-08-28,1693.9417724609375,574.0037841796875
2018-08-29,1696.234130859375,568.12158203125
2018-08-30,1704.7481689453125,570.57928466796875
2018-08-31,1701.473388671875,580.611328125
2018-09-03,1680.5980224609375,577.85162353515625
2018-09-04,1718.2557373046875,593.98748779296875
2018-09-05,1702.16943359375,588.14556884765625
2018-09-06,1698.935791015625,585.92974853515625
2018-09-07,1702.66064453125,590.4822998046875
2018-09-10,1703.3974609375,588.91094970703125
2018-09-11,1675.1536865234375,591.69091796875
2018-09-12,1673.27099609375,598.6207275390625
2018-09-14,1690.8310546875,591.20745849609375
2018-09-17,1697.993896484375,584.962646484375
2018-09-18,1695.2108154296875,579.44293212890625
2018-09-19,1701.064208984375,579.966796875
2018-09-21,1721.7347412109375,568.32305908203125
2018-09-24,1799.7513427734375,578.75799560546875
2018-09-25,1787.2674560546875,585.16412353515625
2018-09-26,1753.6619873046875,578.435791015625
2018-09-27,1791.892822265625,584.0360107421875
2018-09-28,1787.6766357421875,588.266357421875
2018-10-01,1846.496337890625,601.642578125
2018-10-03,1770.6085205078125,587.01739501953125
2018-10-04,1690.3402099609375,569.85418701171875
2018-10-05,1721.32568359375,583.874755859375
2018-10-08,1700.7774658203125,575.696044921875
2018-10-09,1712.443359375,578.3551025390625
2018-10-10,1672.9847412109375,564.4150390625
2018-10-11,1620.8780517578125,542.57818603515625
2018-10-12,1570.4083251953125,546.9696044921875
2018-10-15,1595.9501953125,563.08544921875
2018-10-16,1606.4285888671875,560.2249755859375
2018-10-17,1579.4949951171875,568.3634033203125
2018-10-19,1566.23291015625,550.797119140625
2018-10-22,1557.8829345703125,547.8963623046875
2018-10-23,1512.475341796875,529.8868408203125
2018-10-24,1516.4542236328125,523.60174560546875
2018-10-25,1520.145751953125,528.44842529296875
2018-10-26,1475.9278564453125,516.10772705078125
2018-10-29,1534.9127197265625,525.19012451171875
2018-10-30,1554.437255859375,537.286376953125
2018-10-31,1590.000244140625,559.11669921875
2018-11-01,1588.0316162109375,543.0699462890625
2018-11-02,1569.7373046875,539.445068359375
2018-11-05,1551.1968994140625,542.499755859375
2018-11-06,1585.529052734375,542.86614990234375
2018-11-07,1593.2818603515625,550.238037109375
2018-11-09,1566.250732421875,537.20501708984375
2018-11-12,1570.8856201171875,541.03338623046875
2018-11-13,1587.3751220703125,542.25531005859375
2018-11-14,1542.828857421875,532.0733642578125
2018-11-15,1536.43017578125,534.6798095703125
2018-11-16,1547.7105712890625,530.1590576171875
2018-11-19,1560.7132568359375,530.8514404296875
2018-11-20,1540.8603515625,522.46142578125
2018-11-21,1486.5106201171875,504.29638671875
2018-11-22,1486.962158203125,505.64059448242188
2018-11-26,1514.4854736328125,506.21075439453125
2018-11-27,1550.7049560546875,520.4249267578125
2018-11-28,1627.5325927734375,542.82550048828125
2018-11-29,1608.376953125,538.467529296875
2018-11-30,1614.693603515625,543.68084716796875
2018-12-03,1626.3018798828125,546.04302978515625
2018-12-04,1649.6414794921875,558.18011474609375
2018-12-05,1646.27783203125,555.0439453125
2018-12-06,1634.75146484375,544.5361328125
2018-12-07,1636.802490234375,556.1844482421875
2018-12-10,1620.88720703125,545.1063232421875
2018-12-11,1640.7403564453125,549.42333984375
2018-12-12,1654.5224609375,552.681640625
2018-12-13,1626.4658203125,568.3621826171875
2018-12-14,1632.33154296875,575.12286376953125
2018-12-17,1636.064208984375,565.63336181640625
2018-12-18,1630.772705078125,551.134033203125
2018-12-19,1614.8580322265625,541.56292724609375
2018-12-20,1603.0440673828125,543.35498046875
2018-12-21,1555.2576904296875,526.3712158203125
2018-12-24,1573.8802490234375,528.652099609375
2018-12-26,1549.8433837890625,524.61993408203125
2018-12-27,1566.0455322265625,535.0057373046875
2018-12-28,1555.462890625,535.1279296875
2018-12-31,1553.001708984375,536.757080078125
2019-01-01,1561.0003662109375,541.72589111328125
2019-01-02,1577.81787109375,544.98406982421875
2019-01-03,1558.662109375,545.06561279296875
2019-01-04,1539.7119140625,538.467529296875
2019-01-07,1556.9803466796875,547.14263916015625
2019-01-08,1553.4119873046875,545.7987060546875
2019-01-09,1547.9976806640625,550.72674560546875
2019-01-10,1549.31005859375,553.6591796875
2019-01-11,1511.572998046875,556.75445556640625
2019-01-14,1487.5361328125,571.7425537109375
2019-01-15,1532.2877197265625,591.8621826171875
2019-01-16,1534.21533203125,600.17059326171875
2019-01-17,1557.358154296875,597.36065673828125
2019-01-18,1562.578857421875,595.40570068359375
2019-01-21,1569.19677734375,606.85015869140625
2019-01-22,1563.6065673828125,607.13531494140625
2019-01-23,1541.9844970703125,595.9757080078125
2019-01-24,1563.318359375,599.53875732421875
2019-01-25,1579.1448974609375,598.187255859375
2019-01-28,1607.261474609375,596.22149658203125
2019-01-29,1630.07568359375,596.1806640625
2019-01-30,1628.965576171875,594.54248046875
2019-01-31,1655.8489990234375,613.912841796875
2019-02-01,1668.880126953125,620.0556640625
2019-02-04,1685.5692138671875,619.11376953125
2019-02-05,1680.8829345703125,618.25372314453125
2019-02-06,1705.7528076171875,625.17462158203125
2019-02-07,1712.4114990234375,625.74798583984375
2019-02-08,1694.7357177734375,623.20904541015625
2019-02-11,1698.4354248046875,624.76519775390625
2019-02-12,1686.67919921875,614.64990234375
2019-02-14,1680.9239501953125,606.132080078125
2019-02-15,1668.6744384765625,607.68804931640625
2019-02-18,1619.8399658203125,606.950927734375
2019-02-19,1565.9903564453125,593.23199462890625
2019-02-20,1574.1707763671875,606.66436767578125
2019-02-21,1573.718505859375,600.726318359375
2019-02-22,1583.132080078125,601.9547119140625
2019-02-25,1632.0484619140625,618.29473876953125
2019-02-26,1676.07373046875,608.13848876953125
2019-02-27,1692.0225830078125,602.2005615234375
2019-02-28,1630.65087890625,601.42236328125
2019-03-01,1640.4754638671875,607.647216796875
2019-03-05,1634.4737548828125,599.94818115234375
2019-03-06,1643.9281005859375,599.94818115234375
2019-03-07,1655.1917724609375,592.126220703125
2019-03-08,1662.9193115234375,583.44439697265625
2019-03-11,1656.4249267578125,582.54351806640625
2019-03-12,1654.49267578125,579.02154541015625
2019-03-13,1644.6683349609375,580.25018310546875
2019-03-14,1633.8984375,580.1683349609375
2019-03-15,1677.1011962890625,588.5225830078125
2019-03-18,1663.0018310546875,581.6834716796875
2019-03-19,1663.0018310546875,591.55303955078125
2019-03-20,1656.630615234375,605.23089599609375
2019-03-22,1648.902587890625,608.62994384765625
2019-03-25,1631.3087158203125,602.2005615234375
2019-03-26,1629.9932861328125,596.05767822265625
2019-03-27,1617.8671875,597.655029296875
2019-03-28,1644.5037841796875,604.2891845703125
2019-04-01,1670.2777099609375,618.45855712890625
2019-04-02,1709.451904296875,621.98046875
2019-04-03,1709.451904296875,616.9842529296875
2019-04-04,1656.1781005859375,612.5614013671875
2019-04-05,1683.966064453125,621.89849853515625
2019-04-08,1702.422607421875,628.409912109375
2019-04-09,1719.4820556640625,622.9632568359375
2019-04-10,1677.3480224609375,616.49285888671875
2019-04-11,1660.2886962890625,608.3023681640625
2019-04-12,1656.1781005859375,612.43865966796875
2019-04-15,1737.404296875,595.85308837890625
2019-04-16,1752.6138916015625,593.06817626953125
2019-04-18,1767.6173095703125,587.29400634765625
2019-04-22,1776.9901123046875,590.57000732421875
2019-04-23,1771.72802734375,596.42620849609375
2019-04-24,1795.076904296875,603.18341064453125
2019-04-25,1804.5723876953125,596.7130126953125
2019-04-26,1840.37646484375,604.45281982421875
2019-04-30,1858.298095703125,615.38714599609375
2019-05-02,1821.3436279296875,598.55584716796875
2019-05-03,1752.7783203125,592.65863037109375
2019-05-06,1774.0301513671875,588.3997802734375
2019-05-07,1769.1795654296875,593.43670654296875
2019-05-08,1769.9197998046875,589.17779541015625
2019-05-09,1786.1153564453125,590.57000732421875
2019-05-10,1755.9024658203125,587.13006591796875
2019-05-13,1750.1063232421875,589.4644775390625
2019-05-14,1720.1806640625,584.67303466796875
2019-05-15,1722.688232421875,586.51593017578125
2019-05-16,1733.6632080078125,600.4395751953125
2019-05-17,1722.729248046875,592.9044189453125
2019-05-20,1762.6025390625,591.67578125
2019-05-21,1734.4857177734375,580.94635009765625
2019-05-22,1711.466064453125,581.31494140625
2019-05-23,1688.6932373046875,574.189453125
2019-05-24,1683.7191162109375,580.864501953125
2019-05-27,1689.59716796875,579.9635009765625
2019-05-28,1704.889404296875,596.3443603515625
2019-05-29,1732.6776123046875,596.09869384765625
2019-05-30,1764.5345458984375,600.8082275390625
2019-05-31,1805.846435546875,604.2481689453125
2019-06-03,1843.4586181640625,609.89959716796875
2019-06-04,1809.3131103515625,602.24139404296875
2019-06-06,1795.223876953125,602.4871826171875
2019-06-07,1808.1942138671875,605.3538818359375
2019-06-10,1849.42626953125,617.1480712890625
2019-06-11,1867.07861328125,618.29473876953125
2019-06-12,1873.79248046875,617.393798828125
2019-06-13,1868.1568603515625,616.8538818359375
2019-06-14,1868.4879150390625,615.0264892578125
2019-06-17,1864.095458984375,615.10955810546875
2019-06-18,1865.463134765625,623.08343505859375
2019-06-19,1872.9635009765625,624.537109375
2019-06-20,1887.9232177734375,627.02886962890625
2019-06-21,1864.6348876953125,623.125
2019-06-24,1885.8931884765625,619.2210693359375
2019-06-25,1879.51123046875,621.38067626953125
2019-06-26,1868.2393798828125,613.9884033203125
2019-06-27,1866.8724365234375,606.80340576171875
2019-06-28,1845.86279296875,608.0079345703125
2019-07-01,1856.098388671875,607.4263916015625
2019-07-02,1866.499267578125,614.6527099609375
2019-07-03,1854.5235595703125,607.4263916015625
2019-07-04,1858.6671142578125,609.50299072265625
2019-07-05,1792.7376708984375,596.3792724609375
2019-07-08,1802.93115234375,596.0469970703125
2019-07-09,1768.08154296875,594.30279541015625
2019-07-10,1747.2374267578125,595.75634765625
2019-07-11,1742.5548095703125,599.28643798828125
2019-07-12,1746.7403564453125,603.6470947265625
2019-07-15,1778.3167724609375,647.33721923828125
2019-07-16,1749.490966796875,651.9056396484375
2019-07-17,1758.8367919921875,659.63037109375
2019-07-18,1716.2205810546875,658.42596435546875
2019-07-19,1725.358154296875,652.36248779296875
2019-07-22,1752.7310791015625,651.53192138671875
2019-07-23,1754.8487548828125,656.224853515625
2019-07-24,1741.8486328125,653.110107421875
2019-07-25,1767.68359375,659.92108154296875
2019-07-26,1752.0245361328125,653.6915283203125
2019-07-29,1769.42822265625,657.38763427734375
2019-07-30,1810.2579345703125,658.42596435546875
2019-07-31,1832.3134765625,659.21502685546875
2019-08-01,1811.0054931640625,638.615966796875
2019-08-02,1831.981201171875,644.22247314453125
2019-08-05,1867.950927734375,645.13623046875
2019-08-06,1839.9556884765625,643.267333984375
2019-08-07,1838.751708984375,644.63787841796875
2019-08-08,1875.843017578125,655.14501953125
2019-08-09,1865.9986572265625,656.05859375
2019-08-13,1827.121826171875,635.2103271484375
2019-08-14,1831.2330322265625,643.5579833984375
2019-08-16,1798.5863037109375,643.35040283203125
2019-08-19,1796.841796875,645.92529296875
2019-08-20,1816.5711669921875,658.46759033203125
2019-08-21,1816.1141357421875,664.03253173828125
2019-08-22,1840.8695068359375,660.91778564453125
2019-08-23,1867.2030029296875,666.31683349609375
2019-08-26,1890.9617919921875,666.60748291015625
2019-08-27,1857.8990478515625,651.7396240234375
2019-08-28,1860.1844482421875,666.56597900390625
2019-08-29,1855.3653564453125,670.26214599609375
2019-08-30,1877.0892333984375,676.86553955078125
2019-09-03,1870.443359375,676.32568359375
2019-09-04,1865.292724609375,682.1815185546875
2019-09-05,1840.2882080078125,692.77178955078125
2019-09-06,1825.50146484375,697.83856201171875
2019-09-09,1813.331787109375,688.66021728515625
2019-09-11,1789.3651123046875,681.18475341796875
2019-09-12,1772.4189453125,678.1114501953125
2019-09-13,1779.355224609375,688.826416015625
2019-09-16,1786.0426025390625,687.497314453125
2019-09-17,1763.3221435546875,690.44598388671875
2019-09-18,1776.5306396484375,689.283203125
2019-09-19,1746.1260986328125,681.68310546875
2019-09-20,1715.80517578125,668.642578125
2019-09-23,1674.5599365234375,634.87811279296875
2019-09-24,1698.567626953125,659.54736328125
2019-09-25,1734.9117431640625,658.38458251953125
2019-09-26,1734.20556640625,649.99530029296875
2019-09-27,1708.07958984375,649.70465087890625
2019-09-30,1743.9251708984375,669.18243408203125
2019-10-01,1711.2364501953125,659.13201904296875
2019-10-03,1711.4857177734375,652.5286865234375
2019-10-04,1727.351806640625,659.04901123046875
2019-10-07,1701.0601806640625,655.80963134765625
2019-10-09,1678.132080078125,650.90887451171875
2019-10-10,1665.13134765625,650.4105224609375
2019-10-11,1650.5107421875,676.7825927734375
2019-10-14,1678.8798828125,652.94403076171875
2019-10-15,1692.4205322265625,638.15899658203125
2019-10-16,1699.97998046875,640.7755126953125
2019-10-17,1725.07958984375,639.15582275390625
2019-10-18,1747.5037841796875,637.7852783203125
2019-10-22,1742.44970703125,534.54010009765625
2019-10-23,1758.3338623046875,547.19818115234375
2019-10-24,1768.4415283203125,534.37188720703125
2019-10-25,1804.9229736328125,536.13824462890625
2019-10-27,1797.06591796875,545.7264404296875
2019-10-29,1864.295654296875,547.2403564453125
2019-10-30,1913.5181884765625,555.60888671875
2019-10-31,1927.830322265625,576.63568115234375
2019-11-01,1869.4344482421875,578.57012939453125
2019-11-04,1863.5308837890625,596.316650390625
2019-11-05,1870.2413330078125,585.46685791015625
2019-11-06,1858.9017333984375,599.09210205078125
2019-11-07,1856.2264404296875,605.65252685546875
2019-11-08,1809.1700439453125,595.6016845703125
2019-11-11,1784.53759765625,592.44769287109375
2019-11-13,1850.49267578125,581.4716796875
2019-11-14,1865.95166015625,593.20465087890625
2019-11-15,1846.968505859375,592.0272216796875
2019-11-18,1828.4088134765625,593.1204833984375
2019-11-19,1791.2054443359375,599.55474853515625
2019-11-20,1790.992431640625,599.68072509765625
2019-11-21,1799.1043701171875,599.8909912109375
2019-11-22,1759.6925048828125,583.02777099609375
2019-11-25,1768.0167236328125,587.14892578125
2019-11-26,1738.415283203125,580.8409423828125
2019-11-27,1744.9132080078125,585.17242431640625
2019-11-28,1764.4920654296875,590.302978515625
2019-11-29,1744.0211181640625,585.6771240234375
2019-12-02,1716.6707763671875,582.6072998046875
2019-12-03,1742.109619140625,587.359130859375
2019-12-04,1765.4686279296875,596.1904296875
2019-12-05,1801.822509765625,601.23687744140625
2019-12-06,1803.7763671875,601.44720458984375
2019-12-09,1750.13671875,603.25543212890625
2019-12-10,1709.70556640625,600.9844970703125
2019-12-11,1734.380859375,606.4515380859375
2019-12-12,1716.5433349609375,590.51324462890625
2019-12-13,1759.310302734375,598.2509765625
2019-12-16,1806.451904296875,600.52197265625
2019-12-17,1838.8984375,613.726806640625
2019-12-18,1841.277099609375,616.0396728515625
2019-12-19,1893.34521484375,614.6939697265625
2019-12-20,1888.120849609375,615.28271484375
2019-12-23,1895.5958251953125,619.02532958984375
2019-12-24,1881.9207763671875,616.838623046875
2019-12-26,1870.3258056640625,613.095947265625
2019-12-27,1867.396240234375,619.824462890625
2019-12-30,1854.400390625,616.4180908203125
2019-12-31,1836.137939453125,614.94622802734375
2020-01-01,1841.1497802734375,619.74029541015625
2020-01-02,1832.6981201171875,617.9320068359375
2020-01-03,1869.22216796875,627.4361572265625
2020-01-06,1869.0521240234375,621.42242431640625
2020-01-07,1873.6387939453125,612.2127685546875
2020-01-08,1915.5986328125,604.054443359375
2020-01-09,1880.8592529296875,611.91839599609375
2020-01-10,1880.1793212890625,620.83380126953125
2020-01-13,1860.473388671875,650.607421875
2020-01-14,1874.5302734375,652.373779296875
2020-01-15,1891.5189208984375,645.56109619140625
2020-01-16,1901.627197265625,645.0985107421875
2020-01-17,1884.8934326171875,645.8134765625
2020-01-20,1843.4849853515625,646.318115234375
2020-01-21,1844.080078125,641.31365966796875
2020-01-22,1874.5302734375,647.7899169921875
2020-01-23,1865.208984375,659.69097900390625
2020-01-24,1858.781005859375,658.34527587890625
2020-01-27,1846.7347412109375,654.434326171875
2020-01-28,1859.0797119140625,654.3502197265625
2020-01-29,1834.26318359375,664.19061279296875
2020-01-30,1820.004150390625,656.62103271484375
2020-01-31,1769.9456787109375,652.62603759765625
2020-02-03,1789.909423828125,645.43499755859375
2020-02-04,1794.3785400390625,662.63470458984375
2020-02-05,1827.4102783203125,659.8592529296875
2020-02-06,1811.916015625,648.75714111328125
2020-02-07,1818.896728515625,653.761474609375
2020-02-10,1840.520263671875,650.3131103515625
2020-02-11,1833.2418212890625,650.607421875
2020-02-12,1848.011962890625,656.91552734375
2020-02-13,1866.0604248046875,666.33538818359375
2020-02-14,1859.4620361328125,661.4571533203125
2020-02-17,1875.680419921875,663.98040771484375
2020-02-18,1886.3218994140625,670.8773193359375
2020-02-19,1869.8062744140625,673.23211669921875
2020-02-20,1836.1361083984375,670.33050537109375
2020-02-24,1800.8489990234375,669.36328125
2020-02-25,1835.582763671875,671.50799560546875
2020-02-26,1807.872314453125,658.34527587890625
2020-02-27,1792.46337890625,654.22393798828125
2020-02-28,1702.776123046875,615.4088134765625
2020-03-02,1703.7552490234375,623.2728271484375
2020-03-03,1733.46630859375,628.2772216796875
2020-03-04,1773.4783935546875,638.15966796875
2020-03-05,1809.1064453125,634.66925048828125
2020-03-06,1801.7855224609375,621.506591796875
2020-03-09,1679.109375,592.48980712890625
2020-03-11,1663.23193359375,576.97210693359375
2020-03-12,1506.7159423828125,530.88165283203125
2020-03-13,1537.7469482421875,540.25946044921875
2020-03-16,1444.1864013671875,490.46832275390625
2020-03-17,1411.495849609375,466.750244140625
2020-03-18,1408.430908203125,449.38214111328125
2020-03-19,1403.242431640625,458.84414672851562
2020-03-20,1541.3931884765625,492.1925048828125
2020-03-23,1431.8416748046875,442.77981567382812
2020-03-24,1460.5267333984375,496.06137084960938
2020-03-25,1500.959716796875,509.8548583984375
2020-03-26,1535.8189697265625,540.80615234375
2020-03-27,1564.589599609375,548.96453857421875
2020-03-30,1525.142822265625,527.09686279296875
2020-03-31,1565.9617919921875,539.54449462890625
2020-04-01,1465.3289794921875,506.99533081054688
2020-04-03,1418.5498046875,492.61306762695312
2020-04-07,1522.31298828125,537.44189453125
2020-04-08,1462.4991455078125,531.21795654296875
2020-04-09,1514.552001953125,535.12890625
2020-04-13,1508.6353759765625,536.09625244140625
2020-04-15,1487.9683837890625,537.48394775390625
2020-04-16,1471.589111328125,524.69970703125
2020-04-17,1548.8966064453125,528.821044921875
2020-04-20,1559.5732421875,549.4691162109375
2020-04-21,1490.1119384765625,532.56378173828125
2020-04-22,1517.4246826171875,539.83892822265625
2020-04-23,1610.682861328125,571.3367919921875
2020-04-24,1559.4873046875,553.422119140625
2020-04-27,1574.966064453125,558.97314453125
2020-04-28,1594.2177734375,555.69305419921875
2020-04-29,1634.1790771484375,569.02398681640625
2020-04-30,1727.4803466796875,601.78350830078125
2020-05-04,1655.4466552734375,566.62701416015625
2020-05-05,1657.4188232421875,566.62701416015625
2020-05-06,1632.421142578125,560.066650390625
2020-05-07,1622.1739501953125,559.26763916015625
2020-05-08,1623.674560546875,567.0474853515625
2020-05-11,1659.605712890625,574.36474609375
2020-05-12,1671.782958984375,578.35980224609375
2020-05-13,1671.9114990234375,583.82672119140625
2020-05-14,1631.3492431640625,553.54840087890625
2020-05-15,1623.2457275390625,548.6280517578125
2020-05-18,1668.4384765625,558.384521484375
2020-05-19,1671.0540771484375,562.3375244140625
2020-05-20,1675.2987060546875,563.136474609375
2020-05-21,1707.542236328125,565.3653564453125
2020-05-22,1732.53955078125,582.31280517578125
2020-05-26,1666.2088623046875,572.38824462890625
2020-05-27,1719.6336669921875,593.3309326171875
2020-05-28,1718.776123046875,594.9708251953125
2020-05-29,1691.3775634765625,589.08856201171875
2020-06-01,1753.8929443359375,596.37750244140625
2020-06-02,1755.5218505859375,603.66656494140625
2020-06-03,1759.8223876953125,598.08245849609375
2020-06-04,1798.869384765625,603.3681640625
2020-06-05,1761.62841796875,599.78759765625
2020-06-08,1781.8399658203125,614.5361328125
2020-06-09,1782.09814453125,611.765380859375
2020-06-10,1813.6619873046875,610.2735595703125
2020-06-11,1778.3138427734375,600.12847900390625
2020-06-12,1754.102783203125,589.9837646484375
2020-06-15,1745.8460693359375,586.14739990234375
2020-06-16,1759.521240234375,597.7843017578125
2020-06-17,1761.2413330078125,599.8729248046875
2020-06-18,1752.898681640625,608.6112060546875
2020-06-19,1758.4891357421875,601.4925537109375
2020-06-22,1744.1689453125,599.91552734375
2020-06-23,1750.4906005859375,614.3656005859375
2020-06-24,1756.425048828125,608.82427978515625
2020-06-25,1733.9774169921875,597.1875
2020-06-26,1822.34912109375,637.8525390625
2020-06-29,1807.5557861328125,623.82855224609375
2020-06-30,1790.7843017578125,627.4091796875
2020-07-01,1799.2991943359375,623.9564208984375
2020-07-02,1855.289306640625,645.01348876953125
2020-07-03,1891.8416748046875,650.21392822265625
2020-07-06,1946.499267578125,651.32220458984375
2020-07-07,1952.2615966796875,677.02557373046875
2020-07-08,1908.3980712890625,660.44415283203125
2020-07-09,1895.885009765625,666.41180419921875
2020-07-10,1911.3658447265625,666.53948974609375
2020-07-13,1909.344482421875,679.497802734375
2020-07-14,1868.0184326171875,667.733154296875
2020-07-15,1921.2991943359375,708.39825439453125
2020-07-16,1926.341552734375,776.64202880859375
2020-07-17,1897.0341796875,769.9498291015625
2020-07-20,1903.197509765625,796.505615234375
2020-07-21,1917.9805908203125,798.59442138671875
2020-07-22,1888.5869140625,782.5244140625
2020-07-23,1871.5626220703125,774.04193115234375
2020-07-24,1859.6663818359375,786.744384765625
2020-07-27,1902.249267578125,808.56884765625
2020-07-28,1990.9920654296875,820.84503173828125
2020-07-29,1961.9425048828125,813.42822265625
2020-07-30,1964.91650390625,819.65155029296875
2020-07-31,1966.553955078125,823.5303955078125
2020-08-03,1943.06494140625,815.7725830078125
2020-08-04,1939.2293701171875,809.76226806640625
2020-08-05,1947.676513671875,805.371826171875
2020-08-06,1989.569580078125,827.66510009765625
2020-08-07,1978.57861328125,810.657470703125
2020-08-10,1967.7611083984375,811.04107666015625
2020-08-11,1965.2611083984375,808.56884765625
2020-08-12,1945.8228759765625,814.110107421875
2020-08-13,1943.323486328125,810.91314697265625
2020-08-14,1932.7205810546875,812.9591064453125
2020-08-17,1942.41845703125,816.28399658203125
2020-08-18,1956.51220703125,824.851806640625
2020-08-19,1945.177001953125,817.818603515625
2020-08-20,1941.944580078125,814.2806396484375
2020-08-21,1938.28076171875,808.8670654296875
2020-08-24,1937.8494873046875,807.67364501953125
2020-08-25,1933.1517333984375,799.7452392578125
2020-08-26,1942.50439453125,810.57208251953125
2020-08-27,1938.1085205078125,807.375244140625
2020-08-28,1929.617919921875,797.31561279296875
2020-08-31,1945.736572265625,791.64630126953125
2020-09-01,1936.3411865234375,779.32745361328125
2020-09-02,1952.546630859375,787.724853515625
2020-09-03,1982.1558837890625,797.57135009765625
2020-09-04,1972.9337158203125,783.59002685546875
2020-09-07,2005.904052734375,788.61981201171875
2020-09-08,2024.1356201171875,800.7681884765625
2020-09-09,2006.4215087890625,790.921630859375
2020-09-10,2009.43798828125,801.4075927734375
2020-09-11,2046.461181640625,806.22442626953125
2020-09-14,2147.572509765625,834.1016845703125
2020-09-15,2147.572509765625,837.55438232421875
2020-09-16,2157.57177734375,854.00787353515625
2020-09-17,2121.325439453125,861.89361572265625
2020-09-18,2111.800537109375,854.3489990234375
2020-09-21,2125.074951171875,860.95599365234375
2020-09-22,2174.76904296875,858.90997314453125
2020-09-23,2126.92822265625,869.35308837890625
2020-09-24,2010.3870849609375,831.54400634765625
2020-09-25,2088.0087890625,862.27728271484375
2020-09-28,2091.45751953125,861.38214111328125
2020-09-29,2144.987060546875,860.18853759765625
2020-09-30,2148.348876953125,859.5491943359375
2020-10-01,2175.2001953125,867.56280517578125
2020-10-05,2332.384765625,894.03363037109375
2020-10-06,2339.71142578125,900.04364013671875
2020-10-07,2358.373291015625,909.2508544921875
2020-10-08,2435.73779296875,932.39678955078125
2020-10-09,2424.747802734375,943.56475830078125
2020-10-12,2439.444580078125,965.13336181640625
2020-10-13,2436.470703125,987.0430908203125
2020-10-14,2432.18505859375,969.3106689453125
2020-10-15,2372.45458984375,944.80078125
2020-10-16,2392.104736328125,961.21185302734375
2020-10-19,2347.306640625,959.8477783203125
2020-10-20,2371.069091796875,969.7369384765625
2020-10-21,2316.0126953125,978.9866943359375
2020-10-22,2312.333251953125,962.53314208984375
2020-10-23,2325.881103515625,967.22930908203125
2020-10-26,2327.093017578125,958.56951904296875
2020-10-27,2276.8408203125,939.95721435546875
2020-10-28,2269.959228515625,927.6353759765625
2020-10-29,2279.005126953125,926.170654296875
2020-10-30,2306.87939453125,913.8916015625
2020-11-02,2254.72314453125,923.9732666015625
2020-11-03,2279.8271484375,915.5718994140625
2020-11-04,2296.751220703125,942.6285400390625
2020-11-05,2324.92919921875,951.2882080078125
2020-11-06,2343.757568359375,958.82794189453125
2020-11-09,2360.3349609375,979.33599853515625
2020-11-10,2293.678466796875,940.1297607421875
2020-11-11,2326.746337890625,967.22930908203125
2020-11-12,2312.24658203125,963.13629150390625
2020-11-13,2299.9541015625,968.6942138671875
2020-11-14,2311.640869140625,976.66455078125
2020-11-17,2307.918701171875,968.26336669921875
2020-11-18,2273.810791015625,956.93231201171875
2020-11-19,2282.684326171875,945.041259765625
2020-11-20,2302.8974609375,950.72821044921875
2020-11-23,2358.300537109375,982.17938232421875
2020-11-24,2356.396484375,982.35174560546875
2020-11-25,2338.43408203125,961.3267822265625
2020-11-26,2355.140625,959.21551513671875
2020-11-27,2319.69189453125,947.8416748046875
2020-12-01,2360.508056640625,980.4559326171875
2020-12-02,2380.2021484375,983.08404541015625
2020-12-03,2345.488525390625,970.6329345703125
2020-12-04,2361.156982421875,977.69873046875
2020-12-07,2369.943603515625,985.3243408203125
2020-12-08,2421.537353515625,993.8118896484375
2020-12-09,2433.223876953125,1012.6395263671875
2020-12-10,2410.2841796875,1006.219970703125
2020-12-11,2409.67822265625,1002.299560546875
2020-12-14,2421.8837890625,1003.4628295898438
2020-12-15,2390.59033203125,994.888916015625
2020-12-16,2436.167236328125,1004.4534301757812
2020-12-17,2456.94384765625,998.8526611328125
2020-12-18,2476.6806640625,1025.2198486328125
2020-12-21,2441.317626953125,1014.44921875
2020-12-22,2486.6357421875,1051.673095703125
2020-12-23,2518.016357421875,1079.720947265625
2020-12-24,2518.536376953125,1065.0726318359375
2020-12-28,2535.892578125,1068.734619140625
2020-12-29,2536.844482421875,1077.351318359375
2020-12-30,2518.4921875,1074.3355712890625
2020-12-31,2478.19580078125,1082.090576171875
2021-01-01,2534.896728515625,1086.0970458984375
2021-01-04,2631.1591796875,1110.0518798828125
2021-01-05,2677.516357421875,1114.8341064453125
2021-01-06,2641.591064453125,1104.75244140625
2021-01-07,2625.402587890625,1087.5621337890625
2021-01-08,2701.66845703125,1130.602783203125
2021-01-11,2749.756103515625,1185.8358154296875
2021-01-12,2748.371826171875,1182.00146484375
2021-01-13,2734.607177734375,1195.271240234375
2021-01-14,2819.386962890625,1180.924560546875
2021-01-15,2804.33984375,1158.9085693359375
2021-01-18,2794.279052734375,1130.5595703125
2021-01-19,2828.060302734375,1134.5234375
2021-01-20,2869.77880859375,1154.1693115234375
2021-01-21,2839.46533203125,1154.3848876953125
2021-01-22,2864.83447265625,1155.3758544921875
2021-01-25,2854.599853515625,1141.8043212890625
2021-01-27,2828.3642578125,1121.0380859375
2021-01-28,2772.421875,1099.66845703125
2021-01-29,2698.526611328125,1067.657470703125
2021-02-01,2722.8115234375,1086.4852294921875
2021-02-02,2778.40625,1095.4033203125
2021-02-03,2775.45751953125,1106.9498291015625
2021-02-04,2765.396484375,1102.3826904296875
2021-02-05,2738.943115234375,1096.1357421875
2021-02-08,2787.643798828125,1123.2354736328125
2021-02-09,2755.37939453125,1124.958740234375
2021-02-10,2786.94921875,1117.16064453125
2021-02-11,2780.61767578125,1113.84326171875
2021-02-12,2767.434814453125,1128.6209716796875
2021-02-15,2723.244873046875,1128.49169921875
2021-02-16,2696.3154296875,1111.904541015625
2021-02-17,2665.35205078125,1104.063232421875
2021-02-18,2651.69140625,1113.670654296875
2021-02-19,2664.267333984375,1112.6800537109375
2021-02-22,2565.91357421875,1090.190185546875
2021-02-23,2584.778076171875,1091.18115234375
2021-02-24,2556.9375,1098.03125
2021-02-25,2597.874267578125,1098.2467041015625
2021-02-26,2510.275390625,1079.936279296875
2021-03-01,2536.2080078125,1091.7410888671875
2021-03-02,2607.45849609375,1124.0540771484375
2021-03-03,2653.209228515625,1157.7021484375
2021-03-04,2645.05712890625,1146.3284912109375
2021-03-05,2608.9326171875,1134.5662841796875
2021-03-08,2607.978271484375,1150.9814453125
2021-03-09,2646.140625,1159.42578125
2021-03-10,2663.48681640625,1178.899658203125
2021-03-12,2652.212158203125,1184.67236328125
2021-03-15,2659.32373046875,1183.595703125
2021-03-16,2697.399169921875,1192.55712890625
2021-03-17,2699.91455078125,1195.1422119140625
2021-03-18,2633.608154296875,1152.1446533203125
2021-03-19,2645.489990234375,1158.477783203125
2021-03-22,2714.39892578125,1181.1829833984375
2021-03-23,2725.630859375,1181.8294677734375
2021-03-24,2706.98291015625,1166.49169921875
2021-03-25,2658.1962890625,1149.30126953125
2021-03-26,2659.8876953125,1151.3690185546875
2021-03-30,2739.4638671875,1193.6771240234375
2021-03-31,2756.20361328125,1178.8131103515625
2021-04-01,2745.057861328125,1193.59130859375
2021-04-05,2809.153076171875,1214.8743896484375
2021-04-06,2831.52978515625,1215.8653564453125
2021-04-07,2837.340576171875,1232.366455078125
2021-04-08,2877.194091796875,1240.681640625
2021-04-09,2881.443603515625,1241.7154541015625
2021-04-12,2815.788818359375,1228.5318603515625
2021-04-13,2692.19580078125,1203.8880615234375
2021-04-15,2791.8505859375,1172.523193359375
2021-04-16,2771.207275390625,1166.49169921875
2021-04-19,2742.282958984375,1174.0743408203125
2021-04-20,2727.321533203125,1164.42333984375
2021-04-22,2704.98828125,1164.2081298828125
2021-04-23,2696.922119140625,1149.30126953125
2021-04-26,2689.37646484375,1157.7021484375
2021-04-27,2716.436767578125,1161.9676513671875
2021-04-28,2709.58447265625,1168.4302978515625
2021-04-29,2701.9091796875,1168.7318115234375
2021-04-30,2632.870849609375,1167.0084228515625
2021-05-03,2634.041748046875,1165.02685546875
2021-05-04,2645.099365234375,1145.509765625
2021-05-05,2684.952880859375,1155.935791015625
2021-05-06,2698.613525390625,1173.255615234375
2021-05-07,2717.217041015625,1165.45751953125
2021-05-10,2728.14599609375,1154.255615234375
2021-05-11,2708.2841796875,1146.5867919921875
2021-05-12,2677.927734375,1143.441650390625
2021-05-14,2646.617919921875,1134.307861328125
2021-05-17,2662.446533203125,1145.509765625
2021-05-18,2678.968505859375,1154.643310546875
2021-05-19,2673.0712890625,1152.0584716796875
2021-05-20,2653.989990234375,1154.040283203125
2021-05-21,2671.76953125,1167.1376953125
2021-05-24,2672.636962890625,1161.5799560546875
2021-05-25,2714.036376953125,1173.255615234375
2021-05-26,2752.8203125,1203.9742431640625
2021-05-27,2771.559326171875,1208.28271484375
2021-05-28,2739.83447265625,1210.695556640625
2021-05-31,2753.386474609375,1213.9178466796875
2021-06-01,2748.027099609375,1208.212890625
2021-06-02,2727.50146484375,1200.7662353515625
2021-06-03,2737.785888671875,1210.3470458984375
2021-06-04,2739.965087890625,1206.8631591796875
2021-06-07,2774.34814453125,1210.3470458984375
2021-06-08,2789.121337890625,1230.6405029296875
2021-06-09,2789.20849609375,1232.6873779296875
2021-06-10,2803.63232421875,1240.526123046875
2021-06-11,2853.311279296875,1260.2100830078125
2021-06-14,2855.533935546875,1273.1875
2021-06-15,2843.6806640625,1283.7264404296875
2021-06-16,2853.790771484375,1289.5618896484375
2021-06-17,2891.616455078125,1302.3651123046875
2021-06-18,2873.79296875,1309.3328857421875
2021-06-21,2852.70166015625,1306.7200927734375
2021-06-22,2877.192138671875,1316.77978515625
2021-06-23,2842.50439453125,1309.2022705078125
2021-06-24,2940.292724609375,1358.020263671875
2021-06-25,2946.568359375,1371.0848388671875
2021-06-28,2908.17578125,1368.9947509765625
2021-06-29,2911.749755859375,1361.373779296875
2021-06-30,2916.02001953125,1376.83349609375
2021-07-01,2912.316162109375,1359.0655517578125
2021-07-02,2898.327392578125,1365.5107421875
2021-07-05,2894.4482421875,1375.221923828125
2021-07-06,2843.2890625,1360.6334228515625
2021-07-07,2854.31298828125,1362.7235107421875
2021-07-08,2839.976806640625,1359.3702392578125
2021-07-09,2796.0927734375,1361.242919921875
2021-07-12,2782.97607421875,1348.1346435546875
2021-07-13,2778.1396484375,1345.60888671875
2021-07-14,2801.672119140625,1373.436767578125
2021-07-15,2797.653564453125,1376.83349609375
2021-07-16,2790.53515625,1354.7542724609375
2021-07-19,2781.62548828125,1342.7783203125
2021-07-20,2800.14306640625,1350.0511474609375
2021-07-22,2809.357666015625,1385.0203857421875
2021-07-23,2806.301513671875,1385.2381591796875
2021-07-26,2792.93701171875,1396.952880859375
2021-07-27,2780.18408203125,1395.777099609375
2021-07-28,2793.154541015625,1398.4334716796875
2021-07-29,2791.408447265625,1408.362548828125
2021-07-30,2766.6455078125,1402.7010498046875
2021-08-02,2812.0224609375,1421.035400390625
2021-08-03,2869.2333984375,1441.633544921875
2021-08-04,2859.6689453125,1436.45166015625
2021-08-05,2868.404052734375,1440.19677734375
2021-08-06,2890.98291015625,1437.27880859375
2021-08-09,2902.250732421875,1448.6884765625
2021-08-10,2912.033447265625,1460.838623046875
2021-08-11,2921.0302734375,1461.099853515625
2021-08-12,2927.624755859375,1471.5950927734375
2021-08-13,3025.146484375,1491.279296875
2021-08-16,3033.48828125,1484.485595703125
2021-08-17,3103.451904296875,1516.9290771484375
2021-08-18,3110.00341796875,1509.7872314453125
2021-08-20,3109.08642578125,1509.3516845703125
2021-08-23,3177.12890625,1514.4034423828125
2021-08-24,3155.9912109375,1498.81298828125
2021-08-25,3195.995361328125,1511.616455078125
2021-08-26,3207.219970703125,1504.7791748046875
2021-08-27,3249.407470703125,1488.31787109375
2021-08-30,3232.94287109375,1478.955078125
2021-08-31,3307.318603515625,1486.27099609375
2021-09-01,3244.8662109375,1461.2742919921875
2021-09-02,3351.2529296875,1471.15966796875
2021-09-03,3355.8828125,1481.2193603515625
2021-09-06,3364.573486328125,1507.1307373046875
2021-09-07,3333.041748046875,1486.4453125
2021-09-08,3296.57470703125,1474.774169921875
2021-09-09,3311.64208984375,1473.3370361328125
2021-09-13,3358.765869140625,1473.598388671875
2021-09-14,3394.183837890625,1468.5904541015625
2021-09-15,3454.14697265625,1490.6258544921875
2021-09-16,3409.382080078125,1482.613037109375
2021-09-17,3343.47998046875,1473.075927734375
2021-09-20,3339.68017578125,1470.0709228515625
2021-09-21,3374.137939453125,1496.7225341796875
2021-09-22,3373.440185546875,1495.372802734375
2021-09-23,3379.641357421875,1517.713134765625
2021-09-24,3381.431396484375,1536.264892578125
2021-09-27,3351.427490234375,1499.074462890625
2021-09-28,3300.942138671875,1469.4178466796875
2021-09-29,3312.078857421875,1473.9033203125
2021-09-30,3297.7978515625,1459.0531005859375
2021-10-01,3258.185546875,1450.2998046875
2021-10-04,3295.83251953125,1462.144775390625
2021-10-05,3348.23974609375,1474.3822021484375
2021-10-06,3328.674560546875,1457.6162109375
2021-10-07,3400.298583984375,1472.814453125
2021-10-08,3437.638671875,1501.426025390625
2021-10-11,3219.2294921875,1472.77099609375
2021-10-12,3190.6240234375,1467.7193603515625
2021-10-13,3192.676513671875,1488.666259765625
2021-10-14,3160.51513671875,1494.371337890625
2021-10-18,3191.757568359375,1560.9132080078125
2021-10-19,3180.381103515625,1587.042724609375
2021-10-20,3158.240234375,1569.7969970703125
2021-10-21,3091.423583984375,1527.380859375
2021-10-22,3061.974853515625,1497.898681640625
2021-10-25,3056.81103515625,1487.229248046875
2021-10-26,3047.754150390625,1497.0264892578125
2021-10-27,3054.010986328125,1519.2135009765625
2021-10-28,2994.413818359375,1497.202392578125
2021-10-29,2973.498779296875,1465.4376220703125
2021-11-01,3042.328125,1493.8192138671875
2021-11-02,3049.154541015625,1491.9300537109375
2021-11-03,3056.19873046875,1495.9720458984375
2021-11-04,3070.5517578125,1501.419921875
2021-11-08,3065.3876953125,1526.726318359375
2021-11-09,3067.96923828125,1531.119873046875
2021-11-10,3049.24169921875,1529.0546875
2021-11-11,3052.65478515625,1523.035888671875
2021-11-12,3085.778564453125,1564.2464599609375
2021-11-15,3109.62646484375,1570.353271484375
2021-11-16,3112.33935546875,1574.878662109375
2021-11-17,3082.146484375,1570.6168212890625
2021-11-18,3041.71533203125,1563.5435791015625
2021-11-22,3026.5751953125,1545.9698486328125
2021-11-23,3031.6953125,1526.1990966796875
2021-11-24,3013.361083984375,1490.2606201171875
2021-11-25,3015.6357421875,1513.4580078125
2021-11-26,3016.468017578125,1486.4383544921875
2021-11-29,3064.7314453125,1490.568115234375
2021-11-30,3088.491943359375,1504.8909912109375
2021-12-01,3131.0673828125,1506.867919921875
2021-12-02,3188.038330078125,1536.17236328125
2021-12-03,3185.89453125,1525.012939453125
2021-12-06,3094.83544921875,1489.6455078125
2021-12-07,3136.9306640625,1504.01220703125
2021-12-08,3174.035888671875,1540.653564453125
2021-12-09,3152.026123046875,1549.528076171875
2021-12-10,3182.699951171875,1545.837890625
2021-12-13,3158.940185546875,1533.0089111328125
2021-12-14,3171.323486328125,1539.5992431640625
2021-12-15,3124.547119140625,1523.8265380859375
2021-12-16,3134.392333984375,1556.689453125
2021-12-17,3136.799072265625,1599.9652099609375
2021-12-20,3112.776123046875,1580.6781005859375
2021-12-21,3157.759033203125,1591.8372802734375
2021-12-22,3177.40576171875,1603.3482666015625
2021-12-23,3205.365478515625,1632.2569580078125
2021-12-24,3212.54248046875,1637.4412841796875
2021-12-27,3234.595703125,1639.7698974609375
2021-12-28,3243.74072265625,1658.96923828125
2021-12-29,3233.3701171875,1656.8167724609375
2021-12-30,3267.544677734375,1663.2310791015625
2021-12-31,3271.570068359375,1658.74951171875
2022-01-03,3341.056640625,1668.151611328125
2022-01-04,3399.68994140625,1668.766845703125
2022-01-05,3378.862060546875,1620.8780517578125
2022-01-06,3332.04248046875,1597.2852783203125
2022-01-07,3372.34228515625,1594.2099609375
2022-01-10,3395.402587890625,1626.2381591796875
2022-01-11,3426.95068359375,1630.499755859375
2022-01-12,3377.943603515625,1649.6990966796875
2022-01-13,3411.19873046875,1666.701904296875
2022-01-14,3472.6767578125,1695.30322265625
2022-01-17,3517.30859375,1704.221923828125
2022-01-18,3492.323486328125,1687.7464599609375
2022-01-19,3431.87646484375,1640.5609130859375
2022-01-20,3354.641845703125,1602.469482421875
2022-01-21,3360.7353515625,1569.0792236328125
2022-01-24,3306.249755859375,1526.111328125
2022-01-25,3304.978271484375,1513.2384033203125
2022-01-27,3199.20751953125,1474.9715576171875
2022-01-28,3234.975830078125,1481.6495361328125
2022-01-31,3275.477783203125,1525.5838623046875
2022-02-01,3331.935791015625,1557.0853271484375
2022-02-02,3380.634765625,1570.309326171875
2022-02-03,3352.93212890625,1527.6490478515625
2022-02-04,3344.428466796875,1529.8896484375
2022-02-07,3312.95556640625,1506.95556640625
2022-02-08,3281.78955078125,1508.976806640625
2022-02-09,3296.78125,1526.550537109375
2022-02-10,3305.372802734375,1554.9322509765625
2022-02-11,3239.271240234375,1512.535400390625
2022-02-14,3273.286376953125,1478.134765625
2022-02-15,3346.970458984375,1527.3853759765625
2022-02-16,3342.8505859375,1523.035888671875
2022-02-17,3317.514404296875,1515.5670166015625
2022-02-18,3326.01806640625,1499.88232421875
2022-02-21,3260.7060546875,1520.751220703125
2022-02-22,3144.1083984375,1523.9583740234375
2022-02-23,3124.2958984375,1531.42724609375
2022-02-24,2982.14208984375,1474.5760498046875
2022-02-25,3086.554931640625,1489.0303955078125
2022-02-28,3115.87939453125,1507.4830322265625
2022-03-02,3108.822265625,1496.23583984375
2022-03-03,3107.287841796875,1512.0960693359375
2022-03-04,3089.71044921875,1514.2490234375
2022-03-07,3055.125732421875,1528.7911376953125
2022-03-08,3155.9873046875,1562.4892578125
2022-03-09,3184.6103515625,1593.3748779296875
2022-03-10,3174.39697265625,1604.4027099609375
2022-03-11,3155.286376953125,1600.975830078125
2022-03-14,3193.72802734375,1661.341796875
2022-03-15,3150.683349609375,1616.177001953125
2022-03-16,3205.037109375,1660.199462890625
2022-03-17,3219.80908203125,1629.62109375
2022-03-21,3179.438232421875,1628.2591552734375
2022-03-22,3244.53173828125,1658.442138671875
2022-03-23,3254.5693359375,1645.26171875
2022-03-24,3287.400390625,1657.8271484375
2022-03-25,3250.229736328125,1648.908447265625
2022-03-28,3250.44921875,1646.579833984375
2022-03-29,3248.388427734375,1657.2119140625
2022-03-30,3271.35791015625,1672.9842529296875
2022-03-31,3278.721923828125,1675.53271484375
2022-04-01,3295.203125,1672.6331787109375
2022-04-04,3305.372802734375,1654.531982421875
2022-04-05,3344.340576171875,1635.33251953125
2022-04-06,3292.22265625,1606.99462890625
2022-04-07,3229.802978515625,1591.31005859375
2022-04-08,3231.118408203125,1594.473388671875
2022-04-11,3240.5419921875,1552.25244140625
2022-04-12,3235.896240234375,1531.0760498046875
2022-04-13,3210.341064453125,1536.435791015625
2022-04-18,3092.9541015625,1424.71044921875
2022-04-19,3043.729248046875,1372.515869140625
2022-04-20,3118.158447265625,1395.0982666015625
2022-04-21,3181.1474609375,1422.4259033203125
2022-04-22,3167.033203125,1393.1212158203125
2022-04-25,3110.619384765625,1371.7249755859375
2022-04-26,3108.953857421875,1389.2110595703125
2022-04-27,3122.01611328125,1364.4320068359375
2022-04-28,3142.267578125,1390.616943359375
2022-04-29,3109.303955078125,1377.392822265625
2022-05-02,3105.53466796875,1354.0635986328125
2022-05-04,3050.61083984375,1349.2747802734375
2022-05-05,3080.11083984375,1392.857666015625
2022-05-06,3009.27587890625,1355.68896484375
2022-05-09,3020.23388671875,1379.8531494140625
2022-05-10,3014.6669921875,1364.6077880859375
2022-05-11,2991.21630859375,1341.542236328125
2022-05-12,2988.278564453125,1325.7696533203125
2022-05-13,2993.75830078125,1321.9034423828125
2022-05-16,2960.357177734375,1308.45947265625
2022-05-17,3025.932373046875,1334.2489013671875
2022-05-18,3023.47705078125,1326.12109375
2022-05-19,2859.6708984375,1254.0245361328125
2022-05-20,2886.8916015625,1278.6279296875
2022-05-23,2912.09619140625,1290.2706298828125
2022-05-24,2882.50830078125,1266.1943359375
2022-05-25,2795.70654296875,1239.3502197265625
2022-05-26,2848.04345703125,1251.2127685546875
2022-05-27,2878.35986328125,1284.07568359375
2022-05-30,2978.929931640625,1341.5860595703125
2022-05-31,2969.3095703125,1335.1925048828125
2022-06-01,2961.234130859375,1312.9482421875
2022-06-02,3021.073486328125,1339.0997314453125
2022-06-03,3036.20947265625,1351.2652587890625
2022-06-06,3028.089599609375,1358.6800537109375
2022-06-07,2967.853759765625,1337.9451904296875
2022-06-08,3004.43701171875,1331.99560546875
2022-06-09,3024.692138671875,1345.315673828125
2022-06-10,2965.382568359375,1311.394287109375
2022-06-13,2841.55615234375,1264.9520263671875
2022-06-14,2833.56884765625,1279.204345703125
2022-06-15,2829.818603515625,1262.9095458984375
2022-06-16,2773.068115234375,1240.7095947265625
2022-06-17,2726.203369140625,1231.9183349609375
2022-06-20,2746.94384765625,1255.7611083984375
2022-06-21,2834.80517578125,1287.507080078125
2022-06-22,2844.51318359375,1276.273681640625
2022-06-23,2920.28271484375,1289.771484375
2022-06-24,2906.426513671875,1279.6925048828125
2022-06-27,2925.489990234375,1309.4404296875
2022-06-28,2928.53515625,1314.3690185546875
2022-06-29,2904.13134765625,1299.36181640625
2022-06-30,2883.47900390625,1298.1630859375
2022-07-01,2925.8427734375,1313.702880859375
2022-07-04,2855.192626953125,1321.3397216796875
2022-07-05,2838.64404296875,1310.6392822265625
2022-07-06,2877.87451171875,1324.5809326171875
2022-07-07,2901.79296875,1330.84130859375
2022-07-08,2882.02294921875,1344.8272705078125
2022-07-11,2748.18017578125,1308.1529541015625
2022-07-12,2722.496337890625,1277.47265625
2022-07-13,2681.942138671875,1282.6673583984375
2022-07-14,2653.624755859375,1268.814697265625
2022-07-15,2649.9521484375,1270.146728515625
2022-07-18,2710.922607421875,1323.0269775390625
2022-07-19,2720.43505859375,1317.9210205078125
2022-07-20,2800.564208984375,1345.5819091796875
2022-07-21,2811.62548828125,1361.210693359375
2022-07-22,2806.050537109375,1337.590087890625
2022-07-25,2802.289306640625,1335.1925048828125
2022-07-26,2757.292236328125,1288.616943359375
2022-07-27,2821.84619140625,1306.288330078125
2022-07-28,2885.25,1347.44677734375
2022-07-29,2921.885498046875,1376.129150390625
2022-08-01,2919.142333984375,1377.327880859375
2022-08-02,2912.947509765625,1370.7122802734375
2022-08-03,2955.158203125,1390.6922607421875
2022-08-04,2968.829833984375,1420.7066650390625
2022-08-05,2977.767333984375,1435.5806884765625
2022-08-08,2986.08544921875,1438.022705078125
2022-08-10,2968.210205078125,1422.970947265625
2022-08-11,3028.60546875,1438.5108642578125
2022-08-12,3010.066650390625,1415.55615234375
2022-08-16,3002.2353515625,1417.64306640625
2022-08-17,3009.6689453125,1426.345458984375
2022-08-18,2992.102783203125,1405.655029296875
2022-08-19,2996.085205078125,1418.2200927734375
2022-08-22,2968.4755859375,1399.172607421875
2022-08-23,2906.57666015625,1369.646728515625
2022-08-24,2880.69287109375,1365.295654296875
2022-08-25,2847.81787109375,1348.11279296875
2022-08-26,2851.357421875,1351.1318359375
2022-08-29,2772.02587890625,1298.02978515625
2022-08-30,2841.579345703125,1325.7353515625
2022-09-01,2771.273681640625,1300.2052001953125
2022-09-02,2770.123046875,1290.2598876953125
2022-09-05,2772.777587890625,1297.6302490234375
2022-09-06,2767.1591796875,1292.1246337890625
2022-09-07,2787.113525390625,1294.3892822265625
2022-09-08,2804.85595703125,1310.594970703125
2022-09-09,2847.33154296875,1342.3408203125
2022-09-12,2869.71923828125,1364.14111328125
2022-09-13,2857.685302734375,1371.9111328125
2022-09-14,2761.274169921875,1310.1510009765625
2022-09-15,2747.0712890625,1272.3223876953125
2022-09-16,2662.4296875,1222.81640625
2022-09-19,2680.216552734375,1234.5823974609375
2022-09-20,2690.39306640625,1233.028564453125
2022-09-21,2655.79296875,1222.993896484375
2022-09-22,2661.279296875,1214.735595703125
2022-09-23,2638.846435546875,1212.515380859375
2022-09-26,2649.775634765625,1225.6578369140625
2022-09-27,2670.171875,1237.4683837890625
2022-09-28,2686.278564453125,1238.4896240234375
2022-09-29,2652.341796875,1241.9970703125
2022-09-30,2658.757568359375,1255.1395263671875
2022-10-03,2641.4130859375,1237.64599609375
2022-10-04,2735.39013671875,1269.3031005859375
2022-10-06,2744.947509765625,1292.169189453125
2022-10-07,2712.1611328125,1288.6614990234375
2022-10-10,2759.636962890625,1298.8289794921875
2022-10-11,2716.27685546875,1264.3304443359375
2022-10-12,2743.8857421875,1268.681396484375
2022-10-13,2746.14208984375,1260.866943359375
2022-10-14,2742.469482421875,1309.129638671875
2022-10-17,2760.745849609375,1323.0714111328125
2022-10-18,2789.979248046875,1335.2811279296875
2022-10-19,2769.706787109375,1319.0751953125
2022-10-20,2801.158203125,1332.7947998046875
2022-10-21,2783.5029296875,1332.439697265625
2022-10-24,2805.061767578125,1347.846435546875
2022-10-25,2805.416748046875,1355.35009765625
2022-10-27,2801.24658203125,1368.052490234375
2022-10-28,2806.4365234375,1358.4468994140625
2022-10-31,2832.96435546875,1380.35107421875
2022-11-01,2892.0068359375,1412.084716796875
2022-11-02,2876.03759765625,1394.400146484375
2022-11-03,2845.02978515625,1374.1568603515625
2022-11-04,2854.478759765625,1359.120361328125
2022-11-07,2868.9404296875,1353.2403564453125
2022-11-09,2853.281005859375,1356.6068115234375
2022-11-10,2844.053955078125,1348.302978515625
2022-11-11,2941.912353515625,1409.4814453125
2022-11-14,2959.2568359375,1423.12646484375
2022-11-15,2956.684326171875,1430.9364013671875
2022-11-16,2976.868408203125,1438.8363037109375
2022-11-17,2971.234375,1425.01171875
2022-11-18,2966.310302734375,1430.397705078125
2022-11-21,2913.12255859375,1407.775634765625
2022-11-22,2941.025634765625,1422.9022216796875
2022-11-23,2935.125,1421.1964111328125
2022-11-24,2998.87109375,1463.0743408203125
2022-11-25,3007.298828125,1468.325927734375
2022-11-28,3012.267333984375,1457.328857421875
2022-11-29,3014.130615234375,1462.401123046875
2022-11-30,3008.31982421875,1467.6973876953125
2022-12-01,3083.598876953125,1487.5814208984375
2022-12-02,3051.215576171875,1470.345703125
2022-12-05,3039.4599609375,1472.00634765625
2022-12-06,3003.48388671875,1447.9029541015625
2022-12-07,2999.26953125,1441.260009765625
2022-12-08,2972.60986328125,1454.411376953125
2022-12-09,2921.329345703125,1408.76318359375
2022-12-12,2915.740234375,1388.9239501953125
2022-12-13,2956.240966796875,1411.3216552734375
2022-12-14,2985.740234375,1417.830078125
2022-12-15,2932.2861328125,1382.909423828125
2022-12-16,2874.7509765625,1366.4815673828125
2022-12-19,2840.8603515625,1353.1505126953125
2022-12-20,2878.0341796875,1353.105712890625
2022-12-21,2899.859375,1355.1256103515625
2022-12-22,2892.0068359375,1366.346923828125
2022-12-23,2864.19384765625,1343.94921875
2022-12-26,2885.97412109375,1348.7071533203125
2022-12-27,2891.830078125,1359.8834228515625
2022-12-28,2889.700927734375,1355.6641845703125
2022-12-29,2900.036376953125,1362.307373046875
2022-12-30,2889.34521484375,1353.9134521484375
2023-01-02,2893.559814453125,1368.0972900390625
2023-01-03,2937.83154296875,1366.795654296875
2023-01-04,2940.75927734375,1341.884521484375
2023-01-05,2937.609619140625,1324.289306640625
2023-01-06,2849.288818359375,1300.3209228515625
2023-01-09,2945.46142578125,1332.59326171875
2023-01-10,2915.695556640625,1319.39697265625
2023-01-11,2953.22412109375,1320.743408203125
2023-01-12,2958.237060546875,1329.136962890625
2023-01-13,2993.902587890625,1349.8291015625
2023-01-16,3025.2060546875,1369.4439697265625
2023-01-17,3065.447998046875,1382.0115966796875
2023-01-18,3075.973876953125,1387.3082275390625
2023-01-19,3060.639404296875,1381.4730224609375
2023-01-20,3051.5654296875,1369.48876953125
2023-01-23,3098.56689453125,1389.64208984375
2023-01-24,3117.984619140625,1393.143310546875
2023-01-25,3112.041259765625,1385.1536865234375
2023-01-27,3095.07421875,1363.743408203125
2023-01-30,3115.579345703125,1381.3834228515625
2023-01-31,3047.572998046875,1376.8499755859375
2023-02-01,3092.623779296875,1392.425048828125
2023-02-02,3139.8525390625,1421.735107421875
2023-02-03,3159.7236328125,1435.7840576171875
2023-02-06,3139.44384765625,1409.2569580078125
2023-02-07,3150.877197265625,1402.569091796875
2023-02-08,3194.022216796875,1427.79443359375
2023-02-09,3212.85009765625,1451.58349609375
2023-02-10,3209.855712890625,1443.9979248046875
2023-02-13,3159.814453125,1407.1025390625
2023-02-14,3175.875244140625,1430.26318359375
2023-02-15,3194.521240234375,1433.6744384765625
2023-02-16,3228.45654296875,1437.9384765625
2023-02-17,3176.827392578125,1421.7799072265625
2023-02-20,3164.260986328125,1429.544921875
2023-02-21,3131.3232421875,1417.9197998046875
2023-02-22,3086.453857421875,1402.0303955078125
2023-02-23,3097.569091796875,1392.06591796875
2023-02-24,3085.455322265625,1392.0211181640625
2023-02-27,3023.2099609375,1354.901123046875
2023-02-28,3005.970458984375,1335.3760986328125
2023-03-01,3072.07177734375,1343.006591796875
2023-03-02,3013.7734375,1321.551513671875
2023-03-03,3032.55615234375,1327.97021484375
2023-03-06,3059.505615234375,1353.2403564453125
2023-03-08,3076.33642578125,1339.9991455078125
2023-03-09,3027.74755859375,1328.95751953125
2023-03-10,3022.43896484375,1321.012939453125
2023-03-13,2977.932861328125,1288.2916259765625
2023-03-14,2917.138916015625,1274.736328125
2023-03-15,2902.57568359375,1274.4222412109375
2023-03-16,2889.964111328125,1260.462890625
2023-03-17,2884.79150390625,1275.36474609375
2023-03-20,2852.126220703125,1260.0589599609375
2023-03-21,2818.37255859375,1248.4337158203125
2023-03-22,2840.78466796875,1247.1322021484375
2023-03-23,2835.203857421875,1233.9359130859375
2023-03-24,2831.438232421875,1239.411865234375
2023-03-27,2833.071533203125,1246.8626708984375
2023-03-28,2827.264404296875,1236.673828125
2023-03-29,2848.134033203125,1242.0152587890625
2023-03-31,2908.927734375,1281.8729248046875
2023-04-03,2903.57421875,1266.5223388671875
2023-04-05,2939.6875,1277.92333984375
2023-04-06,2922.3564453125,1276.4420166015625
2023-04-10,2961.10107421875,1281.5589599609375
2023-04-11,2916.095947265625,1262.30322265625
2023-04-12,2941.365478515625,1282.1873779296875
2023-04-13,2893.45703125,1247.087158203125
2023-04-17,2848.6787109375,1129.5780029296875
2023-04-18,2840.739013671875,1130.5206298828125
2023-04-19,2803.401123046875,1106.1480712890625
2023-04-20,2817.19287109375,1098.248291015625
2023-04-21,2868.050537109375,1101.7943115234375
2023-04-24,2880.7080078125,1100.8515625
2023-04-25,2881.79736328125,1099.5947265625
2023-04-26,2901.895263671875,1101.973876953125
2023-04-27,2892.64013671875,1118.7606201171875
2023-04-28,2921.041015625,1124.5958251953125
2023-05-02,2921.1767578125,1146.7689208984375
2023-05-03,2885.3359375,1139.3182373046875
2023-05-04,2922.3564453125,1143.2679443359375
2023-05-05,2931.430419921875,1130.296142578125
2023-05-08,2949.487060546875,1136.13134765625
2023-05-09,2979.112060546875,1140.7095947265625
2023-05-10,2982.333984375,1134.021728515625
2023-05-11,2978.1142578125,1127.60302734375
2023-05-12,2970.991455078125,1117.818115234375
2023-05-15,2953.52490234375,1129.6229248046875
2023-05-16,2956.337158203125,1134.9642333984375
2023-05-17,2911.468017578125,1119.3441162109375
2023-05-18,2903.437744140625,1118.5361328125
2023-05-19,2924.307861328125,1139.093505859375
2023-05-22,2993.131103515625,1160.548828125
2023-05-23,2991.6337890625,1167.05712890625
2023-05-24,2997.3505859375,1165.80029296875
2023-05-25,2988.413330078125,1170.9171142578125
2023-05-26,3020.533447265625,1182.6768798828125
2023-05-29,3012.775390625,1179.93896484375
2023-05-30,3009.009765625,1188.4222412109375
2023-05-31,2984.783447265625,1183.4400634765625
2023-06-01,3016.08740234375,1184.517333984375
2023-06-02,2999.392333984375,1181.7879638671875
2023-06-05,2984.23876953125,1186.7918701171875
2023-06-06,2932.88232421875,1163.5927734375
2023-06-07,2971.53564453125,1172.644775390625
2023-06-08,2936.6474609375,1167.0499267578125
2023-06-09,2912.0126953125,1151.7203369140625
2023-06-12,2946.129150390625,1175.3740234375
2023-06-13,2943.2255859375,1187.1102294921875
2023-06-14,2949.894775390625,1183.0618896484375
2023-06-15,2940.068359375,1170.68896484375
2023-06-16,2902.2236328125,1175.101318359375
2023-06-19,2934.6748046875,1177.2392578125
2023-06-20,2950.489013671875,1185.791015625
2023-06-21,2978.3701171875,1182.1065673828125
2023-06-22,2960.362060546875,1165.91259765625
2023-06-23,2940.114013671875,1150.8560791015625
2023-06-26,2915.706787109375,1155.7232666015625
2023-06-27,2922.74560546875,1163.7293701171875
2023-06-28,2939.291259765625,1176.64794921875
2023-06-30,3018.63671875,1214.9947509765625
2023-07-03,2991.258544921875,1213.35693359375
2023-07-04,3024.669677734375,1223.77392578125
2023-07-05,3034.81689453125,1225.7298583984375
2023-07-06,3037.512939453125,1222.636474609375
2023-07-07,3043.317626953125,1210.1728515625
2023-07-10,2990.9384765625,1209.217529296875
2023-07-11,2991.35009765625,1226.91259765625
2023-07-12,2979.923583984375,1212.9932861328125
2023-07-13,3053.647216796875,1241.9237060546875
2023-07-14,3212.794677734375,1297.2828369140625
2023-07-17,3191.8154296875,1294.5537109375
2023-07-18,3196.523193359375,1342.089111328125
2023-07-19,3172.025146484375,1341.861572265625
2023-07-20,3174.08740234375,1318.7081298828125
2023-07-21,3087.0205078125,1211.4464111328125
2023-07-24,3111.261474609375,1215.9952392578125
2023-07-25,3115.2939453125,1214.17578125
2023-07-26,3105.350341796875,1227.1400146484375
2023-07-27,3113.232177734375,1231.052001953125
2023-07-28,3075.197509765625,1219.54345703125
2023-07-31,3135.73193359375,1233.371826171875
2023-08-01,3163.776611328125,1242.0146484375
2023-08-02,3153.32861328125,1234.41796875
2023-08-03,3116.02734375,1241.19580078125
2023-08-04,3155.986328125,1253.9781494140625
2023-08-07,3193.10400390625,1267.306396484375
2023-08-08,3180.778076171875,1264.7589111328125
2023-08-09,3173.35400390625,1268.5799560546875
2023-08-10,3154.657470703125,1263.758056640625
2023-08-11,3160.7978515625,1248.0648193359375
2023-08-14,3161.7607421875,1267.8067626953125
2023-08-16,3169.595947265625,1290.505126953125
2023-08-17,3148.837890625,1284.1824951171875
2023-08-18,3085.921142578125,1263.485107421875
2023-08-21,3117.585205078125,1278.58740234375
2023-08-22,3099.7138671875,1277.086181640625
2023-08-23,3114.46923828125,1280.9073486328125
2023-08-24,3104.845947265625,1295.1451416015625
2023-08-25,3098.93505859375,1291.9610595703125
2023-08-28,3093.665283203125,1287.9124755859375
2023-08-29,3094.214599609375,1289.7320556640625
2023-08-30,3107.77880859375,1305.65283203125
2023-08-31,3076.48095703125,1305.92578125
2023-09-01,3097.01025390625,1313.56787109375
2023-09-04,3133.028076171875,1332.9005126953125
2023-09-05,3142.97216796875,1345.455322265625
2023-09-06,3143.4765625,1344.135986328125
2023-09-07,3166.709228515625,1333.901123046875
2023-09-08,3154.47412109375,1336.9945068359375
2023-09-11,3189.988037109375,1343.226318359375
2023-09-12,3281.77490234375,1365.652099609375
2023-09-13,3269.906494140625,1363.1502685546875
2023-09-14,3262.757568359375,1370.97412109375
2023-09-15,3297.8134765625,1375.2047119140625
2023-09-18,3305.007568359375,1357.1912841796875
2023-09-20,3304.91650390625,1355.78125
2023-09-21,3285.8994140625,1366.2435302734375
2023-09-22,3302.716796875,1361.14892578125
2023-09-25,3278.429931640625,1341.134033203125
2023-09-26,3286.265869140625,1328.85205078125
2023-09-27,3289.56494140625,1334.6290283203125
2023-09-28,3241.403564453125,1309.5648193359375
2023-09-29,3233.934326171875,1305.92578125
2023-10-03,3220.415771484375,1304.606689453125
2023-10-04,3242.31982421875,1314.0228271484375
2023-10-05,3289.610595703125,1331.3994140625
2023-10-06,3318.984619140625,1345.2733154296875
2023-10-09,3334.519287109375,1342.3165283203125
2023-10-10,3325.858154296875,1360.2391357421875
2023-10-11,3308.444580078125,1359.5567626953125
2023-10-12,3246.71923828125,1333.264404296875
2023-10-13,3272.65625,1302.013916015625
2023-10-16,3229.763916015625,1304.7431640625
2023-10-17,3214.183837890625,1312.2943115234375
2023-10-18,3196.037109375,1310.5657958984375
2023-10-19,3175.27099609375,1304.288330078125
2023-10-20,3211.0146484375,1298.4656982421875
2023-10-23,3133.462646484375,1281.5440673828125
2023-10-25,3115.03955078125,1262.5604248046875
2023-10-26,3066.01806640625,1252.7918701171875
2023-10-27,3079.06591796875,1272.0521240234375
2023-10-30,3104.42626953125,1269.010986328125
2023-10-31,3095.421630859375,1261.0396728515625
2023-11-01,3060.41259765625,1247.90771484375
2023-11-02,3087.4736328125,1262.652587890625
2023-11-03,3079.019775390625,1280.069580078125
2023-11-06,3105.98876953125,1293.20166015625
2023-11-07,3096.983642578125,1294.1231689453125
2023-11-08,3107.183349609375,1281.8665771484375
2023-11-09,3075.849609375,1266.9376220703125
2023-11-10,3062.98583984375,1261.4544677734375
2023-11-13,3061.239990234375,1265.78564453125
2023-11-15,3128.087158203125,1299.836669921875
2023-11-16,3214.047119140625,1331.537841796875
2023-11-17,3218.273681640625,1324.764404296875
2023-11-20,3234.032470703125,1323.888916015625
2023-11-21,3225.39501953125,1326.1005859375
2023-11-22,3243.7265625,1343.425537109375
2023-11-23,3223.603271484375,1335.5465087890625
2023-11-24,3176.603271484375,1324.6263427734375
2023-11-28,3188.594482421875,1329.51025390625
2023-11-29,3228.65673828125,1345.0843505859375
2023-11-30,3204.628662109375,1340.9837646484375
2023-12-01,3226.72705078125,1338.357177734375
2023-12-04,3227.46240234375,1349.4617919921875
2023-12-05,3245.05859375,1339.877685546875
2023-12-06,3311.676025390625,1358.6312255859375
2023-12-07,3321.599853515625,1350.8902587890625
2023-12-08,3332.442626953125,1374.1591796875
2023-12-11,3347.32763671875,1371.717041015625
2023-12-12,3374.15869140625,1360.243896484375
2023-12-13,3301.982421875,1335.316162109375
2023-12-14,3369.7021484375,1383.6510009765625
2023-12-15,3547.732666015625,1454.563720703125
2023-12-18,3546.077880859375,1441.6160888671875
2023-12-19,3506.567138671875,1436.040771484375
2023-12-20,3473.350341796875,1415.8590087890625
2023-12-21,3480.195556640625,1415.490478515625
2023-12-22,3513.734375,1440.27978515625
2023-12-26,3487.592529296875,1422.816650390625
2023-12-27,3501.97265625,1444.150146484375
2023-12-28,3491.58984375,1440.0494384765625
2023-12-29,3485.61669921875,1421.84912109375
2024-01-01,3501.880859375,1429.6361083984375
2024-01-02,3476.244873046875,1414.015869140625
2024-01-03,3392.214599609375,1373.0994873046875
2024-01-04,3369.28857421875,1394.018310546875
2024-01-05,3434.619873046875,1412.3111572265625
2024-01-08,3379.85595703125,1403.326171875
2024-01-09,3390.51416015625,1409.316162109375
2024-01-10,3411.786376953125,1400.653564453125
2024-01-11,3432.460693359375,1376.9698486328125
2024-01-12,3567.76318359375,1486.21875
2024-01-15,3587.059814453125,1522.4815673828125
2024-01-16,3548.0078125,1503.5438232421875
2024-01-17,3569.41748046875,1511.5150146484375
2024-01-18,3585.956787109375,1513.726806640625
2024-01-19,3648.3662109375,1529.0244140625
2024-01-23,3569.903564453125,1513.312255859375
2024-01-24,3554.682861328125,1543.9534912109375
2024-01-25,3525.537353515625,1538.147705078125
2024-01-29,3516.931884765625,1526.6285400390625
2024-01-30,3516.51611328125,1521.882568359375
2024-01-31,3530.764892578125,1530.5911865234375
2024-02-01,3566.10986328125,1527.043212890625
2024-02-02,3669.878662109375,1560.4952392578125
2024-02-05,3676.355224609375,1554.8277587890625
2024-02-06,3826.896484375,1593.7628173828125
2024-02-07,3778.226806640625,1560.8638916015625
2024-02-08,3825.138427734375,1559.34326171875
2024-02-09,3824.767822265625,1538.378173828125
2024-02-12,3812.739501953125,1548.28466796875
2024-02-13,3839.38671875,1552.385498046875
2024-02-14,3793.678955078125,1535.475341796875
2024-02-15,3796.547119140625,1544.8289794921875
2024-02-16,3819.771484375,1568.14404296875
2024-02-19,3797.102294921875,1566.39306640625
2024-02-20,3729.4189453125,1553.03076171875
2024-02-21,3693.1953125,1525.660888671875
2024-02-22,3781.650634765625,1549.4365234375
2024-02-23,3749.2666015625,1545.2896728515625
2024-02-26,3702.031494140625,1529.89990234375
2024-02-27,3797.657470703125,1533.0791015625
2024-02-28,3811.12060546875,1540.129150390625
2024-02-29,3789.052490234375,1542.5711669921875
2024-03-01,3788.358642578125,1524.87744140625
2024-03-04,3775.72900390625,1508.7503662109375
2024-03-05,3712.255615234375,1480.459228515625
2024-03-06,3760.554443359375,1490.6422119140625
2024-03-07,3801.543701171875,1489.6285400390625
2024-03-11,3814.26611328125,1475.0220947265625
2024-03-12,3878.94189453125,1486.4031982421875
2024-03-13,3838.9248046875,1484.9747314453125
2024-03-14,3893.145263671875,1523.58740234375
2024-03-15,3903.924560546875,1505.801513671875
2024-03-18,3842.16259765625,1476.9112548828125
2024-03-19,3680.056396484375,1438.9437255859375
2024-03-20,3674.134765625,1432.9534912109375
2024-03-21,3676.03173828125,1432.7232666015625
2024-03-22,3618.61865234375,1390.4703369140625
2024-03-26,3587.715087890625,1375.5416259765625
2024-03-27,3553.85009765625,1367.4320068359375
2024-03-28,3586.604736328125,1380.517822265625
2024-04-01,3624.03173828125,1378.1217041015625
2024-04-02,3593.544189453125,1366.5103759765625
2024-04-03,3652.29833984375,1364.48291015625
2024-04-04,3704.11328125,1370.0582275390625
2024-04-05,3681.86083984375,1363.0545654296875
2024-04-08,3675.66162109375,1360.8428955078125
2024-04-09,3651.604736328125,1377.5687255859375
2024-04-10,3686.85693359375,1388.5814208984375
2024-04-12,3702.355224609375,1368.261474609375
2024-04-15,3646.654052734375,1352.963623046875
2024-04-16,3583.366455078125,1303.4765625
2024-04-18,3573.37353515625,1307.900146484375
2024-04-19,3540.24853515625,1300.52783203125
2024-04-22,3575.779296875,1320.3409423828125
2024-04-23,3585.124267578125,1329.234130859375
2024-04-24,3544.736572265625,1318.4979248046875
2024-04-25,3564.305908203125,1325.59375
2024-04-26,3535.761474609375,1318.0372314453125
2024-04-29,3580.96044921875,1322.18408203125
2024-04-30,3535.113525390625,1309.0982666015625
2024-05-02,3574.576416015625,1303.4765625
2024-05-03,3556.163330078125,1305.1817626953125
2024-05-06,3628.010009765625,1314.028564453125
2024-05-07,3681.5830078125,1327.897705078125
2024-05-08,3679.73291015625,1315.318603515625
2024-05-09,3664.234130859375,1326.6075439453125
2024-05-10,3602.88916015625,1313.10693359375
2024-05-13,3652.76123046875,1311.7706298828125
2024-05-14,3609.643798828125,1312.922607421875
2024-05-15,3590.3984375,1308.5452880859375
2024-05-16,3635.64599609375,1339.324951171875
2024-05-17,3573.3427734375,1330.9849853515625
2024-05-21,3560.38818359375,1321.6312255859375
2024-05-22,3571.3857421875,1340.6611328125
2024-05-23,3628.65625,1356.8802490234375
2024-05-24,3587.695068359375,1350.153076171875
2024-05-27,3585.412109375,1355.91259765625
2024-05-28,3578.74853515625,1351.9498291015625
2024-05-29,3544.963623046875,1337.1131591796875
2024-05-30,3482.008056640625,1315.4569091796875
2024-05-31,3421.288818359375,1322.459716796875
2024-06-03,3451.01904296875,1321.5198974609375
2024-06-04,3462.342529296875,1310.0050048828125
2024-06-05,3491.653564453125,1344.267333984375
2024-06-06,3569.89453125,1383.8875732421875
2024-06-07,3629.12255859375,1441.555419921875
2024-06-10,3596.26953125,1409.7369384765625
2024-06-11,3590.11865234375,1405.97705078125
2024-06-12,3571.0595703125,1396.0601806640625
2024-06-13,3614.39697265625,1404.2850341796875
2024-06-14,3571.43212890625,1399.5382080078125
2024-06-18,3555.63525390625,1408.2799072265625
2024-06-19,3543.146484375,1420.640869140625
2024-06-20,3529.67919921875,1424.44775390625
2024-06-21,3551.58056640625,1440.7093505859375
2024-06-24,3557.219482421875,1435.4925537109375
2024-06-25,3577.396728515625,1449.4041748046875
2024-06-26,3593.614013671875,1448.229248046875
2024-06-27,3666.588134765625,1478.9195556640625
2024-06-28,3638.62841796875,1472.7156982421875
2024-07-01,3707.642333984375,1495.3223876953125
2024-07-02,3744.1767578125,1523.7568359375
2024-07-03,3695.5732421875,1529.7255859375
2024-07-04,3747.485107421875,1551.580322265625
2024-07-05,3738.957275390625,1548.5721435546875
2024-07-08,3721.622314453125,1561.919921875
2024-07-09,3714.44580078125,1557.6900634765625
2024-07-10,3643.288818359375,1549.32421875
2024-07-11,3656.84912109375,1553.507080078125
2024-07-12,3899.399658203125,1609.0130615234375
2024-07-15,3885.65234375,1604.59521484375
2024-07-16,3894.27392578125,1622.454833984375
2024-07-18,4022.049072265625,1652.5343017578125
2024-07-19,4019.1064453125,1685.3394775390625
2024-07-22,4005.0478515625,1702.1651611328125
2024-07-23,4019.060302734375,1726.6517333984375
2024-07-24,4022.703125,1723.878662109375
2024-07-25,4037.88330078125,1715.324951171875
2024-07-26,4098.93017578125,1766.1309814453125
2024-07-29,4092.62451171875,1758.799072265625
2024-07-30,4077.912353515625,1764.486083984375
2024-07-31,4096.59521484375,1756.1199951171875
2024-08-01,4107.5712890625,1741.409423828125
2024-08-02,4001.031005859375,1711.89404296875
2024-08-05,3881.458740234375,1646.7532958984375
2024-08-06,3896.545654296875,1646.0013427734375
2024-08-07,3923.86962890625,1684.11767578125
2024-08-08,3897.806396484375,1638.5284423828125
2024-08-09,3950.306396484375,1664.471923828125
2024-08-12,3919.38525390625,1689.5225830078125
2024-08-13,3920.60009765625,1689.5693359375
2024-08-14,4012.427001953125,1713.821044921875
2024-08-16,4125.27294921875,1747.378173828125
2024-08-19,4194.3544921875,1752.8773193359375
2024-08-20,4225.46142578125,1759.8330078125
2024-08-21,4251.8046875,1760.302978515625
2024-08-22,4205.564453125,1767.39990234375
2024-08-23,4169.97216796875,1750.33935546875
2024-08-26,4205.9853515625,1763.546142578125
2024-08-27,4201.033203125,1786.05859375
2024-08-28,4209.34716796875,1822.7177734375
2024-08-29,4214.71826171875,1817.3128662109375
2024-08-30,4253.90673828125,1827.0416259765625
2024-09-02,4223.35986328125,1846.5933837890625
2024-09-03,4215.232421875,1824.7386474609375
2024-09-04,4184.31201171875,1807.0670166015625
2024-09-05,4181.22900390625,1817.1248779296875
2024-09-06,4163.29345703125,1787.7034912109375
2024-09-09,4156.5673828125,1780.9356689453125
2024-09-10,4211.02880859375,1797.5263671875
2024-09-11,4184.40576171875,1795.50537109375
2024-09-12,4220.23046875,1833.38671875
2024-09-13,4224.8076171875,1827.417724609375
2024-09-16,4216.07275390625,1833.1986083984375
2024-09-17,4208.9736328125,1835.360595703125
2024-09-18,4059.975830078125,1778.585693359375
2024-09-19,4013.268310546875,1780.5125732421875
2024-09-20,4002.758544921875,1791.3695068359375
2024-09-23,3987.43896484375,1782.6275634765625
2024-09-24,3990.05419921875,1784.6484375
2024-09-25,3993.277587890625,1781.5467529296875
2024-09-26,4009.859130859375,1786.1993408203125
2024-09-27,4024.99267578125,1792.3094482421875
2024-09-30,3987.43896484375,1763.029052734375
2024-10-01,4005.5615234375,1790.053466796875
2024-10-03,3954.04296875,1779.7607421875
2024-10-04,3972.258544921875,1803.025146484375
2024-10-07,3991.5029296875,1818.2059326171875
2024-10-08,3973.19287109375,1831.6007080078125
2024-10-09,3972.913330078125,1835.5484619140625
2024-10-10,3949.04541015625,1803.8240966796875
2024-10-11,3875.994384765625,1818.9578857421875
2024-10-14,3864.27001953125,1841.3294677734375
2024-10-15,3845.727294921875,1841.7054443359375
2024-10-16,3825.316162109375,1804.858154296875
2024-10-17,3838.44140625,1849.9771728515625
2024-10-18,3860.96240234375,1766.7889404296875
2024-10-21,3820.5087890625,1741.5504150390625
2024-10-22,3760.248779296875,1740.4693603515625
2024-10-23,3807.772705078125,1760.9610595703125
2024-10-24,3790.589599609375,1751.51416015625
2024-10-25,3799.626220703125,1750.292236328125
2024-10-28,3830.80908203125,1753.394287109375
2024-10-29,3816.201171875,1748.59326171875
2024-10-30,3825.0029296875,1713.2276611328125
2024-10-31,3716.189453125,1670.589599609375
2024-11-01,3730.9384765625,1674.011962890625
2024-11-04,3712.162841796875,1676.674072265625
2024-11-05,3718.9052734375,1667.68994140625
2024-11-06,3876.507080078125,1733.762451171875
2024-11-07,3887.042236328125,1714.1309814453125
2024-11-08,3883.39013671875,1739.704345703125
2024-11-11,3931.8037109375,1768.367431640625
2024-11-12,3930.58642578125,1776.638427734375
2024-11-13,3886.527099609375,1776.2581787109375
2024-11-14,3882.35986328125,1772.5980224609375
2024-11-18,3763.994873046875,1722.1165771484375
2024-11-19,3782.770263671875,1734.7607421875
2024-11-21,3813.953369140625,1743.6021728515625
2024-11-22,3974.785888671875,1808.4388427734375
2024-11-25,4040.803955078125,1796.507568359375
2024-11-26,4076.014404296875,1829.2587890625
2024-11-27,4057.14501953125,1829.591552734375
2024-11-28,3975.06689453125,1765.087646484375
2024-11-29,3999.367919921875,1766.2283935546875
2024-12-02,4004.798828125,1787.095947265625
2024-12-03,4029.23974609375,1798.789306640625
2024-12-04,4077.60595703125,1796.0799560546875
2024-12-05,4180.2861328125,1839.4310302734375
2024-12-06,4162.91552734375,1827.5950927734375
2024-12-09,4169.142578125,1828.783447265625
2024-12-10,4150.7880859375,1852.45556640625
2024-12-11,4146.0126953125,1876.79296875
2024-12-12,4171.76513671875,1889.00927734375
2024-12-13,4189.5107421875,1901.0830078125
2024-12-16,4134.54150390625,1882.402099609375
2024-12-17,4053.3525390625,1879.1220703125
2024-12-18,4071.472900390625,1881.54638671875
2024-12-19,4000.3505859375,1850.2213134765625
2024-12-20,3905.20849609375,1827.3575439453125
2024-12-23,3893.9716796875,1829.4013671875
2024-12-24,3913.823974609375,1814.9034423828125
2024-12-26,3904.085205078125,1813.3348388671875
2024-12-27,3900.105712890625,1822.2237548828125
2024-12-30,3894.439697265625,1812.00390625
2024-12-31,3834.50830078125,1787.2860107421875
2025-01-01,3851.036376953125,1789.6627197265625
2025-01-02,3910.312744140625,1861.296875
2025-01-03,3839.28369140625,1843.1387939453125
2025-01-06,3834.695556640625,1842.283203125
2025-01-07,3772.2353515625,1835.6282958984375
2025-01-08,3847.24365234375,1837.81494140625
2025-01-09,3782.11474609375,1822.7467041015625
2025-01-10,3994.497314453125,1869.9478759765625
2025-01-13,4018.329833984375,1865.4322509765625
2025-01-14,3963.969970703125,1844.374755859375
2025-01-15,3979.46826171875,1853.501220703125
2025-01-16,3938.920166015625,1833.3466796875
2025-01-17,3933.197998046875,1725.9193115234375
2025-01-20,3888.85302734375,1723.87548828125
2025-01-21,3848.846923828125,1711.896728515625
2025-01-22,3964.001953125,1764.8974609375
2025-01-23,3953.36865234375,1773.45361328125
2025-01-24,3959.94873046875,1782.96044921875
2025-01-27,3876.7890625,1732.1463623046875
2025-01-28,3853.090576171875,1739.5142822265625
2025-01-29,3909.833740234375,1788.474365234375
2025-01-30,3910.072021484375,1768.224853515625
2025-01-31,3921.849853515625,1787.095947265625
2025-02-01,3884.418212890625,1760.0489501953125
2025-02-03,3880.127197265625,1771.40966796875
2025-02-04,3916.74755859375,1805.158935546875
2025-02-05,3901.53662109375,1803.4952392578125
2025-02-06,3893.57373046875,1821.1781005859375
2025-02-07,3842.695556640625,1809.769775390625
2025-02-10,3849.89599609375,1787.5712890625
2025-02-11,3779.89697265625,1783.1507568359375
2025-02-12,3767.117919921875,1771.26708984375
2025-02-13,3728.97119140625,1752.3485107421875
2025-02-14,3752.527099609375,1764.849853515625
2025-02-17,3723.583251953125,1751.4453125
2025-02-18,3693.733154296875,1760.619384765625
2025-02-19,3608.76220703125,1721.498779296875
2025-02-20,3604.279296875,1735.14111328125
2025-02-21,3610.57373046875,1725.49169921875
2025-02-24,3505.289306640625,1677.1016845703125
2025-02-25,3461.372802734375,1680.524169921875
2025-02-27,3445.160888671875,1677.2918701171875
2025-02-28,3321.851806640625,1604.469482421875
2025-03-03,3331.19775390625,1624.3387451171875
2025-03-04,3368.390869140625,1605.0399169921875
2025-03-05,3382.69580078125,1627.0958251953125
2025-03-06,3434.71826171875,1631.231201171875
2025-03-07,3443.873046875,1602.853271484375
2025-03-10,3423.321533203125,1617.5413818359375
2025-03-11,3409.63671875,1579.6566162109375
2025-03-12,3343.738525390625,1512.3958740234375
2025-03-13,3348.363525390625,1501.9381103515625
2025-03-17,3335.63232421875,1511.63525390625
2025-03-18,3335.63232421875,1511.63525390625
2025-03-19,3335.060302734375,1508.307861328125
2025-03-20,3398.049560546875,1535.877685546875
2025-03-21,3412.306884765625,1514.011962890625
2025-03-24,3460.80078125,1514.2021484375
2025-03-25,3488.266357421875,1548.1414794921875
2025-03-26,3467.333740234375,1520.571533203125
2025-03-27,3482.019775390625,1524.469482421875
2025-03-28,3439.056884765625,1493.1920166015625
2025-04-01,3386.27197265625,1451.21923828125
2025-04-02,3379.739501953125,1473.7030029296875
2025-04-03,3245.46337890625,1422.69873046875
2025-04-04,3146.520751953125,1380.0606689453125
2025-04-07,3122.345703125,1327.8680419921875
2025-04-08,3140.369384765625,1358.3375244140625
2025-04-09,3096.16748046875,1334.47509765625
2025-04-11,3081.7666015625,1339.941650390625
2025-04-15,3097.69287109375,1355.675537109375
2025-04-16,3122.1064453125,1343.41162109375
2025-04-17,3146.043701171875,1349.49609375
2025-04-21,3167.69189453125,1379.442626953125
2025-04-22,3160.825439453125,1352.63330078125
2025-04-23,3254.856689453125,1402.1639404296875
2025-04-24,3243.9853515625,1398.8365478515625
2025-04-25,3288.23486328125,1407.2025146484375
2025-04-28,3283.94384765625,1409.0087890625
2025-04-29,3311.60009765625,1423.6494140625
2025-04-30,3293.671142578125,1426.1212158203125
2025-05-02,3272.02294921875,1432.5858154296875
2025-05-05,3294.243408203125,1434.2020263671875
2025-05-06,3299.67919921875,1436.958984375
2025-05-07,3285.469482421875,1433.916748046875
2025-05-08,3289.09326171875,1436.8638916015625
2025-05-09,3280.89208984375,1433.2513427734375
2025-05-12,3452.646728515625,1546.66796875
2025-05-13,3352.130615234375,1491.2430419921875
2025-05-14,3384.269287109375,1513.869384765625
2025-05-15,3414.0234375,1533.4534912109375
2025-05-16,3396.285400390625,1511.49267578125
2025-05-19,3355.754638671875,1482.8770751953125
2025-05-20,3336.204833984375,1483.637451171875
2025-05-21,3362.430419921875,1491.14794921875
2025-05-22,3315.891357421875,1471.18359375
2025-05-23,3351.749267578125,1487.63037109375
2025-05-26,3373.397705078125,1502.55615234375
2025-05-27,3336.585693359375,1492.6690673828125
2025-05-28,3335.63232421875,1494.2852783203125
2025-05-29,3336.013916015625,1507.4046630859375
2025-05-30,3302.921630859375,1506.5369873046875
2025-06-02,3289.951904296875,1497.9569091796875
2025-06-03,3247.418212890625,1487.5450439453125
2025-06-04,3252.90234375,1495.4503173828125
2025-06-05,3243.4736328125,1498.43896484375
2025-06-06,3256.07763671875,1507.5975341796875
2025-06-09,3292.35009765625,1516.3704833984375
2025-06-10,3331.798095703125,1538.6402587890625
2025-06-11,3340.457275390625,1572.478759765625
2025-06-12,3304.1845703125,1550.787353515625
2025-06-13,3315.249267578125,1544.424560546875
2025-06-16,3363.933837890625,1565.441162109375
2025-06-17,3382.21435546875,1580.9625244140625
2025-06-18,3320.733642578125,1574.214111328125
2025-06-19,3294.370849609375,1560.2352294921875
2025-06-20,3305.627685546875,1564.573486328125
2025-06-23,3265.121826171875,1527.071533203125
2025-06-24,3262.042724609375,1524.7576904296875
2025-06-25,3314.38330078125,1556.8609619140625
2025-06-26,3311.496826171875,1557.92138671875
2025-06-27,3310.8232421875,1550.208984375
2025-06-30,3330.93212890625,1544.2318115234375
2025-07-01,3299.85498046875,1549.05224609375
2025-07-02,3293.697509765625,1552.619140625
2025-07-03,3272.049072265625,1560.5244140625
2025-07-04,3290.329833984375,1581.733642578125
2025-07-07,3282.536376953125,1568.5262451171875
2025-07-08,3277.24462890625,1579.8055419921875
2025-07-09,3255.69287109375,1574.9853515625
2025-07-10,3253.960693359375,1557.728759765625
2025-07-11,3142.3525390625,1537.5797119140625
2025-07-14,3100.691650390625,1513.8638916015625
2025-07-15,3129.1708984375,1528.614013671875
2025-07-16,3121.255126953125,1550.1126708984375
2025-07-17,3098.181396484375,1526.589599609375
2025-07-18,3079.549072265625,1529.095947265625
2025-07-21,3048.94580078125,1527.36083984375
2025-07-22,3050.29736328125,1514.4423828125
2025-07-23,3069.122802734375,1517.9129638671875
2025-07-24,3039.0986328125,1496.70361328125
2025-07-25,3027.32080078125,1461.2261962890625
2025-07-28,2972.775390625,1461.515380859375
2025-07-29,2950.281494140625,1459.2979736328125
2025-07-30,2947.96435546875,1464.40771484375
2025-07-31,2931.74560546875,1454.76708984375
2025-08-01,2899.114990234375,1416.782958984375
2025-08-04,2968.044677734375,1427.291259765625
2025-08-05,2957.907958984375,1407.8172607421875
2025-08-06,2927.401123046875,1385.0654296875
2025-08-07,2941.5927734375,1385.2581787109375
2025-08-08,2931.359375,1371.9542236328125
2025-08-11,2935.607177734375,1376.870849609375
2025-08-12,2930.393798828125,1372.9183349609375
2025-08-13,2931.166259765625,1375.3284912109375
2025-08-14,2917.7470703125,1395.6700439453125
2025-08-18,2907.03125,1384.19775390625
2025-08-19,2911.8583984375,1388.2469482421875
2025-08-20,2991.407470703125,1442.427001953125
2025-08-21,2995.269287109375,1442.619873046875
2025-08-22,2948.350341796875,1434.0396728515625
2025-08-25,3031.954833984375,1477.0367431640625
2025-08-26,3047.980224609375,1474.6265869140625
2025-08-28,2986.67724609375,1446.1868896484375
2025-08-29,2977.988525390625,1416.782958984375
2025-09-01,3004.92333984375,1445.5120849609375
2025-09-02,3003.861572265625,1444.837158203125
2025-09-03,2990.345703125,1425.9415283203125
2025-09-04,2988.60791015625,1410.4202880859375
2025-09-05,2942.847900390625,1392.681396484375
2025-09-08,2914.561279296875,1381.402099609375
2025-09-09,2943.909423828125,1450.2359619140625
2025-09-10,3002.413330078125,1477.518798828125
2025-09-11,3016.1220703125,1455.4417724609375
2025-09-12,3025.00390625,1470.7703857421875
2025-09-15,3004.24755859375,1454.1885986328125
2025-09-16,3036.87841796875,1456.9844970703125
2025-09-17,3063.041015625,1467.685546875
2025-09-18,3066.805908203125,1485.2313232421875
2025-09-19,3059.565185546875,1484.845703125
2025-09-22,2967.465576171875,1445.6083984375
2025-09-23,2956.4599609375,1443.6802978515625
2025-09-24,2930.393798828125,1440.884521484375
2025-09-25,2855.092529296875,1431.436767578125
2025-09-26,2798.80908203125,1396.8270263671875
2025-09-29,2795.912841796875,1389.982177734375
2025-09-30,2788.479248046875,1389.982177734375
2025-10-01,2813.38671875,1393.83837890625
2025-10-03,2801.51220703125,1394.609619140625
2025-10-06,2885.019775390625,1422.9530029296875
2025-10-07,2870.828369140625,1406.0819091796875
2025-10-08,2922.4775390625,1441.2701416015625
2025-10-09,2955.783935546875,1455.0562744140625
2025-10-10,2923.539794921875,1460.4549560546875
2025-10-13,2903.169677734375,1439.5347900390625
2025-10-14,2857.89208984375,1436.353515625
2025-10-15,2877.756591796875,1421.41064453125
2025-10-16,2878.628662109375,1418.61474609375
2025-10-17,2870.391845703125,1389.307373046875
2025-10-20,2921.749267578125,1408.395751953125
2025-10-21,2913.512939453125,1419.482421875
2025-10-23,2977.95166015625,1473.566162109375
2025-10-24,2968.26171875,1470.57763671875
2025-10-27,2989.2890625,1472.633056640625
2025-10-28,2963.1259765625,1468.4241943359375
2025-10-29,2962.83544921875,1478.408203125
2025-10-30,2941.2265625,1462.1597900390625
2025-10-31,2963.222900390625,1450.9034423828125
2025-11-03,2923.300048828125,1454.0355224609375
2025-11-04,2897.524169921875,1436.808349609375
2025-11-06,2917.58251953125,1435.6336669921875
2025-11-07,2899.074951171875,1445.5198974609375
2025-11-10,2931.439453125,1481.4425048828125
2025-11-11,2952.56396484375,1497.88671875
2025-11-12,3034.735595703125,1518.8333740234375
2025-11-13,3009.4443359375,1509.14306640625
2025-11-14,3009.7353515625,1470.9691162109375
2025-11-17,3006.052978515625,1475.66748046875
2025-11-18,2991.421142578125,1454.91650390625
2025-11-19,3050.142822265625,1508.4578857421875
2025-11-20,3047.332763671875,1503.955322265625
2025-11-21,3052.953125,1512.2752685546875
2025-11-24,3043.84423828125,1515.2117919921875
2025-11-25,3022.526123046875,1498.1802978515625
2025-11-26,3064.87158203125,1524.902099609375
2025-11-27,3039.386962890625,1533.2220458984375
2025-11-28,3040.259033203125,1527.055419921875
2025-12-01,3036.2861328125,1530.872802734375
2025-12-02,3038.514892578125,1527.9364013671875
2025-12-03,3081.441650390625,1545.261474609375
2025-12-04,3129.11669921875,1563.7611083984375
2025-12-05,3137.837890625,1581.9671630859375
2025-12-08,3136.190673828125,1576.681640625
2025-12-09,3108.864501953125,1565.1314697265625
2025-12-10,3090.356689453125,1551.2322998046875
2025-12-11,3092.972900390625,1564.1527099609375
2025-12-12,3120.6865234375,1564.348388671875
2025-12-15,3130.085693359375,1572.766357421875
2025-12-16,3105.763916015625,1559.1607666015625
2025-12-17,3118.0703125,1568.0679931640625
2025-12-18,3179.11767578125,1592.3427734375
2025-12-19,3180.280517578125,1603.9906005859375
2025-12-22,3221.8505859375,1653.8125
2025-12-23,3207.41259765625,1632.9637451171875
2025-12-24,3216.1337890625,1628.16748046875
2025-12-26,3178.342529296875,1621.0220947265625
2025-12-29,3150.7255859375,1609.863525390625
2025-12-30,3146.171630859375,1587.2528076171875
2025-12-31,3106.829833984375,1581.1842041015625
2026-01-01,3127.37255859375,1595.2791748046875
2026-01-02,3149.950439453125,1605.6546630859375
2026-01-05,3116.423095703125,1572.374755859375
2026-01-06,3154.892578125,1578.0518798828125
2026-01-07,3193.458984375,1604.2843017578125
2026-01-08,3104.60107421875,1579.128662109375
2026-01-09,3108.38037109375,1579.91162109375
2026-01-12,3139.194580078125,1562.09716796875
2026-01-13,3166.71435546875,1565.1314697265625
2026-01-14,3093.55419921875,1565.91455078125
2026-01-15,3093.55419921875,1565.91455078125
2026-01-16,3163.8017578125,1654.00830078125
2026-01-19,3121.278564453125,1645.59033203125
2026-01-20,3060.798583984375,1623.7628173828125
2026-01-21,3080.826904296875,1619.358154296875
2026-01-22,3108.2548828125,1628.265380859375
2026-01-23,3120.193115234375,1635.4107666015625
2026-01-27,3115.75341796875,1647.05859375
2026-01-28,3157.290283203125,1631.2017822265625
2026-01-29,3102.335205078125,1624.35009765625
2026-01-30,3082.109375,1606.241943359375
2026-02-02,3127.1982421875,1594.8875732421875
2026-02-03,3182.153076171875,1620.9241943359375
2026-02-04,2958.979248046875,1503.2701416015625
2026-02-05,2951.480712890625,1488.00048828125
2026-02-06,2902.248291015625,1475.177978515625
2026-02-09,2908.760009765625,1465.4876708984375
2026-02-10,2944.673095703125,1466.0750732421875
2026-02-11,2870.873779296875,1440.7236328125
2026-02-12,2713.31005859375,1356.64306640625
2026-02-13,2656.1845703125,1340.1009521484375
2026-02-16,2670.39208984375,1336.6751708984375
2026-02-17,2681.04736328125,1361.73291015625
2026-02-18,2658.848388671875,1344.603515625
2026-02-19,2642.075927734375,1341.471435546875
2026-02-20,2650.264892578125,1324.5377197265625
2026-02-23,2640.497314453125,1299.3822021484375
2026-02-24,2539.269775390625,1248.4835205078125
2026-02-25,2594.126220703125,1262.7742919921875
2026-02-26,2612.27978515625,1261.7955322265625
2026-02-27,2602.11767578125,1272.5625
2026-03-02,2578.537353515625,1261.5997314453125
2026-03-04,2553.181396484375,1279.7078857421875
2026-03-05,2544.3017578125,1278.141845703125
2026-03-06,2523.385498046875,1280.686767578125
2026-03-09,2493.589111328125,1287.14697265625
2026-03-10,2479.480712890625,1268.1578369140625
2026-03-11,2431.92529296875,1249.2667236328125
2026-03-12,2409.726318359375,1238.9891357421875
2026-03-13,2378.253173828125,1221.8597412109375
2026-03-16,2376.970458984375,1223.3280029296875
2026-03-17,2359.70458984375,1206.785888671875
2026-03-18,2408.14794921875,1240.261474609375
2026-03-19,2324.482177734375,1194.9422607421875
2026-03-20,2358.619384765625,1229.2987060546875
2026-03-23,2351.910400390625,1230.1796875
2026-03-24,2366.709716796875,1251.224365234375
2026-03-25,2345.595947265625,1252.00732421875
2026-03-27,2357.830078125,1242.806396484375
2026-03-30,2327.34326171875,1224.1109619140625
2026-04-01,2375.98388671875,1248.6793212890625
2026-04-02,2417.915283203125,1273.247802734375
2026-04-06,2440.804931640625,1278.5333251953125
2026-04-07,2505.823486328125,1311.0301513671875
2026-04-08,2524.9638671875,1317.68603515625
2026-04-09,2554.365234375,1303.395263671875
2026-04-10,2490.53076171875,1265.12353515625
2026-04-13,2439.5224609375,1249.756103515625
2026-04-15,2520.72119140625,1277.6524658203125
2026-04-16,2542.427001953125,1291.2579345703125
2026-04-17,2546.965576171875,1290.7685546875
2026-04-20,2545.091064453125,1284.7977294921875
2026-04-21,2575.57763671875,1285.385009765625
2026-04-22,2504.540771484375,1241.729736328125
2026-04-23,2488.064208984375,1214.32275390625
2026-04-24,2364.8349609375,1130.144287109375
2026-04-27,2414.85693359375,1145.5118408203125
2026-04-28,2411.99560546875,1127.697265625
2026-04-29,2441.59423828125,1142.7711181640625
2026-04-30,2440.804931640625,1156.768310546875
2026-05-01,2440.804931640625,1156.768310546875
2026-05-04,2398.77490234375,1143.652099609375
2026-05-05,2394.828369140625,1153.1466064453125
2026-05-06,2402.81982421875,1142.4774169921875
2026-05-07,2369.274658203125,1138.07275390625
2026-05-08,2362.368408203125,1154.2232666015625
2026-05-11,2360.888427734375,1152.0699462890625
2026-05-12,2269.52734375,1116.1473388671875
2026-05-13,2242.395263671875,1099.3115234375
2026-05-14,2215.953857421875,1071.8067626953125
2026-05-15,2233.712890625,1095.2984619140625
2026-05-18,2252.656005859375,1118.3006591796875
2026-05-19,2295.968994140625,1171.5484619140625
2026-05-20,2296.2646484375,1168.4161376953125
2026-05-21,2296.0673828125,1156.180908203125
2026-05-22,2286.300048828125,1149.622802734375
2026-05-25,2308.199951171875,1143.75
2026-05-26,2276.199951171875,1142.966796875
2026-05-27,2284.199951171875,1135.3321533203125
2026-05-28,2284.199951171875,1135.3321533203125
2026-05-29,2258.89990234375,1136.3109130859375
2026-06-01,2297.39990234375,1177.02978515625
2026-06-02,2446.89990234375,1243.8831787109375
2026-06-03,2241.699951171875,1196.7039794921875
2026-06-04,2241,1175.855224609375
2026-06-05,2198.89990234375,1172.1357421875
2026-06-08,2151.39990234375,1162.4453125
2026-06-09,2151,1155.300048828125
2026-06-10,2153.89990234375,1145.300048828125
2026-06-11,2135.60009765625,1114.5999755859375
2026-06-12,2161.39990234375,1116.4000244140625
2026-06-15,2162,1134.9000244140625
2026-06-16,2199,1143.5999755859375
2026-06-17,2223,1157.699951171875
2026-06-18,2203.300048828125,1127.5
2026-06-19,2125,1051.4000244140625
2026-06-22,2127.800048828125,1065.4000244140625
2026-06-23,2059.60009765625,1029.300048828125
2026-06-24,2109,1056.5999755859375
2026-06-25,2094.699951171875,1041.199951171875
2026-06-26,2094.699951171875,1041.199951171875
2026-06-29,2097.89990234375,1036.699951171875
2026-06-30,2031.5,1000.4000244140625
2026-07-01,1982.5999755859375,985.29998779296875
2026-07-02,2068.10009765625,1040.9000244140625
2026-07-03,2093.5,1047.199951171875
2026-07-06,2057.60009765625,1042.199951171875
2026-07-07,2096.10009765625,1071.800048828125
2026-07-08,2057.5,1069.300048828125
2026-07-09,2049.5,1050.800048828125
2026-07-10,2069,1068
2026-07-13,2184.800048828125,1100.800048828125
