date,ticker,open,high,low,close,volume
2018-01-01,INFY.NS,408.08094545999677,410.75510030776525,405.05289929822709,406.448974609375,5431340
2018-01-01,TCS.NS,1084.1063502864761,1089.1584805969912,1064.9890694566027,1069.2733154296875,1351760
2018-01-02,INFY.NS,407.90394082067246,409.77190295024411,402.30005443195751,404.93484497070312,6112248
2018-01-02,TCS.NS,1075.0932521263255,1078.9733273932384,1059.0072506491017,1063.453125,1920290
2018-01-03,INFY.NS,404.46303446624773,405.68211616995177,400.56979779556065,401.631591796875,6846552
2018-01-03,TCS.NS,1063.7762960646417,1078.730598098985,1063.4529400695603,1066.4639892578125,1257120
2018-01-04,INFY.NS,401.51349848289709,401.51349848289709,397.03038027987981,399.311279296875,8947614
2018-01-04,TCS.NS,1071.0513717025487,1075.9014156498811,1067.0096684131054,1073.9210205078125,913082
2018-01-05,INFY.NS,399.27198046085834,403.63712737130612,395.61471207810956,397.9742431640625,11025976
2018-01-05,TCS.NS,1071.0514393012488,1091.0578718466872,1071.0514393012488,1086.8948974609375,1153706
2018-01-08,INFY.NS,403.0472326148822,408.5921209010333,401.13993064235058,407.43203735351562,5594690
2018-01-08,TCS.NS,1091.2600639205223,1102.1120784703858,1083.9244107383772,1097.080078125,1242220
2018-01-09,INFY.NS,408.98544194119643,410.91240218206951,404.62031845989725,409.51632690429688,9948236
2018-01-09,TCS.NS,1097.3229723620916,1099.7479955054332,1081.7826354533995,1094.89794921875,2149396
2018-01-10,INFY.NS,411.65957371400918,415.27750245010691,406.2523145675234,413.80279541015625,9468634
2018-01-10,TCS.NS,1095.7061133189641,1138.1440114740697,1089.0978868507548,1134.3448486328125,3365850
2018-01-11,INFY.NS,414.98249138427366,426.0526333069231,414.98249138427366,423.06390380859375,16775298
2018-01-11,TCS.NS,1135.718724452943,1140.5283123216116,1124.4827685829048,1127.83740234375,2520744
2018-01-12,INFY.NS,426.99651268972372,427.0358286085206,420.99937092725446,424.10604858398438,18016528
2018-01-12,TCS.NS,1133.6976027815858,1133.6976027815858,1107.6488487199299,1122.1181640625,3360314
2018-01-15,INFY.NS,424.71562410767524,429.8082598429778,418.85611191486214,425.16787719726562,10649250
2018-01-15,TCS.NS,1122.4419924031977,1134.9106909959135,1105.4264746523982,1109.892578125,1457214
2018-01-16,INFY.NS,425.20718272399279,446.26601777318518,425.20718272399279,441.56658935546875,22646966
2018-01-16,TCS.NS,1113.8934093294883,1156.5939644517696,1111.6907008057151,1152.22900390625,4267752
2018-01-17,INFY.NS,442.35313103695063,456.88394042974289,441.62561847034806,453.0693359375,26154088
2018-01-17,TCS.NS,1159.9690424493451,1182.1984143429736,1156.7962653547618,1167.6280517578125,4280806
2018-01-18,INFY.NS,450.27737294764182,458.1031639648977,445.20436936325359,453.305419921875,13204970
2018-01-18,TCS.NS,1170.8816802667995,1185.4318150578263,1159.180966607232,1179.4500732421875,2209478
2018-01-19,INFY.NS,450.27722836912267,451.41767811180114,446.73793137757497,449.66766357421875,5988278
2018-01-19,TCS.NS,1184.4412614056298,1205.2358030616042,1173.569021415499,1196.0611572265625,1820000
2018-01-22,INFY.NS,445.22384364238576,454.9765429093203,445.16484576681387,452.24343872070312,9650214
2018-01-22,TCS.NS,1199.586127925179,1269.9569661038558,1183.7861080031655,1262.5430908203125,4367110
2018-01-23,INFY.NS,454.20970541449412,467.18712556919394,454.20970541449412,462.900634765625,15403796
2018-01-23,TCS.NS,1261.9555028236869,1273.0560874803116,1251.8678387279456,1256.7091064453125,3239610
2018-01-24,INFY.NS,461.9962144131091,480.18426687184063,459.12543233662825,466.322021484375,20604718
2018-01-24,TCS.NS,1251.8476552087868,1320.3346802050391,1248.8699197665435,1286.12158203125,5621538
2018-01-25,INFY.NS,464.8276217984714,465.37818865028908,457.06083200953753,462.23214721679688,13548914
2018-01-25,TCS.NS,1286.2835522728299,1288.2281897083335,1248.2014565519964,1264.4268798828125,3833844
2018-01-29,INFY.NS,458.75183665922589,470.43149597815017,458.22090377718092,465.18154907226562,10823002
2018-01-29,TCS.NS,1268.6199141477407,1306.5399983132977,1264.8117441036018,1295.9459228515625,3141060
2018-01-30,INFY.NS,463.60849062252339,465.26014299605612,457.2377286000883,460.3641357421875,8628312
2018-01-30,TCS.NS,1288.3091400901064,1297.9512219894348,1273.6029499357069,1277.3099365234375,1574758
2018-01-31,INFY.NS,455.84168551862888,458.77141698366131,449.15634842627634,452.34170532226562,9213698
2018-01-31,TCS.NS,1270.8884805257783,1276.1551525840619,1255.3315810861907,1260.902099609375,3043214
2018-02-01,INFY.NS,449.17602055274017,455.35015531266293,439.87557450533177,450.11984252929688,13005454
2018-02-01,TCS.NS,1265.6219471727184,1292.3604390143955,1251.3614379721637,1271.536865234375,2400630
2018-02-02,INFY.NS,446.44294778476416,457.31646322694411,444.41767398553264,449.5889892578125,10244486
2018-02-02,TCS.NS,1264.0012510305905,1292.3602534575589,1257.2963528179728,1277.6337890625,2456490
2018-02-05,INFY.NS,448.31093643656345,454.15076666550357,446.67891772489418,447.60305786132812,9860220
2018-02-05,TCS.NS,1259.9499626574668,1291.5499938752423,1246.5199889532523,1257.195068359375,2757742
2018-02-06,INFY.NS,432.5610387195814,443.72949601813423,430.67344255947864,435.62844848632812,10552078
2018-02-06,TCS.NS,1219.4373634816291,1246.6417155986096,1209.3091461769643,1214.27197265625,2657306
2018-02-07,INFY.NS,438.87278326904294,442.33344807379444,433.97677545330419,436.13967895507812,8342056
2018-02-07,TCS.NS,1226.3245261335514,1227.9450408691093,1194.0965195484666,1197.175537109375,2180324
2018-02-08,INFY.NS,441.54702069011449,450.82783513183642,439.08917533982844,446.04977416992188,8807244
2018-02-08,TCS.NS,1207.1820775068927,1226.567522694435,1198.7756581400772,1204.93359375,2755004
2018-02-09,INFY.NS,439.65934580483258,440.5638520330013,434.94028305916351,436.17904663085938,4382690
2018-02-09,TCS.NS,1195.1295045391985,1212.9551649458849,1173.515851732747,1203.9207763671875,2102458
2018-02-12,INFY.NS,438.40085495403298,440.68170599271804,431.71551748741467,433.68179321289062,6291972
2018-02-12,TCS.NS,1206.5948434953293,1224.8459114616398,1197.3781654442648,1202.138427734375,1974562
2018-02-14,INFY.NS,434.94015546714871,439.38395745095619,428.72670547285105,431.69580078125,8345712
2018-02-14,TCS.NS,1203.2322799546196,1205.035082949307,1171.8348046359386,1179.65380859375,2847532
2018-02-15,INFY.NS,433.76049172721531,444.26038651362069,433.76049172721531,438.26324462890625,7986736
2018-02-15,TCS.NS,1187.8169285511522,1192.2936199265005,1176.9392836165139,1185.345703125,2465236
2018-02-16,INFY.NS,442.41206376678855,448.95977191149325,439.69859350806263,443.61151123046875,9889222
2018-02-16,TCS.NS,1184.1911322945757,1215.2240287630771,1184.1911322945757,1188.2626953125,2515756
2018-02-19,INFY.NS,443.74916355958345,446.73789338621049,440.56380613903639,445.06655883789062,6461840
2018-02-19,TCS.NS,1193.1044098212069,1196.4669989073077,1172.9289742130075,1184.4346923828125,1568224
2018-02-20,INFY.NS,434.05548651965546,452.0469143867216,434.05548651965546,447.11154174804688,7188594
2018-02-20,TCS.NS,1186.2167801277697,1209.3293912025752,1186.1762276962481,1193.002685546875,1889068
2018-02-21,INFY.NS,451.26029369803786,452.99062599378368,448.31088001373695,451.22097778320312,13771358
2018-02-21,TCS.NS,1204.852641799253,1240.7470808459257,1199.2011167412825,1232.52294921875,3089228
2018-02-22,INFY.NS,450.4935480056717,457.74908779850045,448.48790792849667,456.47100830078125,17859974
2018-02-22,TCS.NS,1236.4528843083817,1247.3913600214637,1224.5015867700145,1235.7236328125,3463010
2018-02-23,INFY.NS,457.55249831389494,458.53563647099401,450.96547266133132,454.4654541015625,9459828
2018-02-23,TCS.NS,1235.6426296607121,1251.442650171128,1212.1857156970632,1246.094970703125,3362500
2018-02-26,INFY.NS,452.63665766952909,454.22936015863496,446.08895011010486,447.76028442382812,5083608
2018-02-26,TCS.NS,1245.7706060545297,1251.8272596258703,1223.9746647750576,1228.228515625,1363882
2018-02-27,INFY.NS,450.25749285335354,453.6788416744601,442.66769678817906,452.32208251953125,6616026
2018-02-27,TCS.NS,1231.9962496386861,1247.208850536417,1228.3500917147308,1232.543212890625,1717800
2018-02-28,INFY.NS,451.2997818509744,467.77718885681037,449.3138713484924,461.13116455078125,17268416
2018-02-28,TCS.NS,1229.5657833506884,1241.2942411400163,1224.0762688855175,1229.5860595703125,2706864
2018-03-01,INFY.NS,459.95130748592032,459.95130748592032,454.62272792137981,456.47100830078125,6579852
2018-03-01,TCS.NS,1235.2372753642198,1240.1798251986322,1223.4885443095911,1230.6593017578125,1718124
2018-03-05,INFY.NS,456.47109086571072,460.42332584467079,449.58912309474374,454.56381225585938,8101456
2018-03-05,TCS.NS,1235.2375560878452,1261.4290901555432,1228.7352198826816,1258.2691650390625,2858168
2018-03-06,INFY.NS,457.17883995453508,458.2996076441421,449.7266253073895,452.77435302734375,6689734
2018-03-06,TCS.NS,1264.8118833449448,1266.8375269761827,1227.6007702757524,1232.7257080078125,1906764
2018-03-07,INFY.NS,454.20970860713618,456.17598440197224,447.54405286455392,449.9232177734375,6370416
2018-03-07,TCS.NS,1243.7447101654095,1251.4421529970521,1222.8805888059571,1226.5064697265625,1917772
2018-03-08,INFY.NS,451.85029128963725,458.45699882372639,451.85029128963725,454.85870361328125,6093014
2018-03-08,TCS.NS,1237.6274912901963,1237.6274912901963,1210.3218594471032,1216.9862060546875,1951826
2018-03-09,INFY.NS,457.10009391459403,458.53548474997257,454.42598781497321,457.51303100585938,4220964
2018-03-09,TCS.NS,1217.4115230653781,1240.9899893543909,1206.1489274630023,1229.2008056640625,1872436
2018-03-12,INFY.NS,462.4681298426629,468.70121535905776,460.79679518974513,466.3023681640625,7676970
2018-03-12,TCS.NS,1232.8065399757438,1249.376262977303,1229.7680749577294,1236.513427734375,2091340
2018-03-13,INFY.NS,464.11982619425521,470.72653358686449,462.1339159874276,465.53558349609375,8581052
2018-03-13,TCS.NS,1184.9606089527326,1190.9565320466656,1163.5293454607545,1169.5252685546875,88067154
2018-03-14,INFY.NS,464.04121154780142,468.20970774549255,459.75471956898605,464.3558349609375,4429710
2018-03-14,TCS.NS,1172.0168438780179,1184.2112551367429,1164.7650810045716,1169.5657958984375,3668668
2018-03-15,INFY.NS,464.04106259497229,467.34441535338351,460.89502149263348,465.02420043945312,6101500
2018-03-15,TCS.NS,1172.8478002203622,1175.9065422444114,1156.885766095055,1162.5980224609375,2348906
2018-03-16,INFY.NS,464.82770336675105,464.98501506698733,459.81369895226197,460.8558349609375,17954826
2018-03-16,TCS.NS,1162.2331804502617,1163.5295724484747,1136.3859508070932,1144.7720947265625,7197482
2018-03-19,INFY.NS,457.74901417644293,464.23772442894409,449.35302596582954,450.96536254882812,7526620
2018-03-19,TCS.NS,1146.1094201026306,1153.8068676042035,1142.46326075978,1146.919677734375,3489940
2018-03-20,INFY.NS,451.69288320379798,460.10855352739213,451.69288320379798,457.96533203125,8553766
2018-03-20,TCS.NS,1142.4629939291449,1164.0158221180473,1142.0578652078934,1160.633056640625,4024984
2018-03-21,INFY.NS,460.10862637178798,462.27153017097163,457.04121632739356,459.12548828125,7692994
2018-03-21,TCS.NS,1163.7320948585996,1168.5126329063587,1154.6166998597073,1157.351318359375,3907678
2018-03-22,INFY.NS,457.94562262111117,463.03825761666059,454.32769443949832,456.68722534179688,6813168
2018-03-22,TCS.NS,1158.6477784279812,1165.1298374749417,1143.4960049690599,1147.0611572265625,2326094
2018-03-23,INFY.NS,451.06368686225034,461.60294478073541,449.23504069293341,459.16473388671875,12008084
2018-03-23,TCS.NS,1135.1705901218229,1148.1752606426701,1133.5703515769517,1141.71337890625,3654122
2018-03-26,INFY.NS,458.8894768587453,458.8894768587453,449.88392368061568,454.30804443359375,8930722
2018-03-26,TCS.NS,1142.0575716873834,1145.4606125079279,1126.8855247575634,1141.247314453125,2964210
2018-03-27,INFY.NS,456.17609033964743,456.68734136694457,452.28285376079043,453.81655883789062,3802088
2018-03-27,TCS.NS,1144.4888984471174,1159.8837933642824,1143.6989170422592,1153.685302734375,2494574
2018-03-28,INFY.NS,452.53837828631538,452.53837828631538,442.90362680422567,445.08621215820312,12558322
2018-03-28,TCS.NS,1148.9041408528312,1164.7447084511057,1144.4882787389124,1154.2720947265625,6865654
2018-04-02,INFY.NS,448.70426979325822,452.06662160405625,440.95716006009519,447.19024658203125,8072702
2018-04-02,TCS.NS,1150.5656588235236,1180.5451865534321,1150.5656588235236,1178.7828369140625,1662988
2018-04-03,INFY.NS,446.22660633918673,449.70695287382819,443.63113191038042,448.48782348632812,4077168
2018-04-03,TCS.NS,1171.6724907561811,1186.9862730641282,1171.6724907561811,1179.4306640625,1937290
2018-04-04,INFY.NS,449.88397629998587,450.10028587512227,440.44585092306312,442.09750366210938,4813302
2018-04-04,TCS.NS,1186.8039737741713,1188.6473287111364,1171.6319272776436,1179.288818359375,2841820
2018-04-05,INFY.NS,448.13392705002559,452.75467507969989,444.02438191438392,451.27996826171875,7763544
2018-04-05,TCS.NS,1185.6295825421905,1200.7003525077207,1183.1178040326668,1198.3505859375,1809424
2018-04-06,INFY.NS,449.49072252085699,450.67048819676478,441.27167871107531,443.19863891601562,5937742
2018-04-06,TCS.NS,1196.7501771080783,1199.1809493026108,1185.6294140997679,1195.251220703125,1129018
2018-04-09,INFY.NS,442.41211143467905,442.72673480472491,435.15657200906486,437.00485229492188,7202882
2018-04-09,TCS.NS,1190.9568394812989,1200.598922483867,1180.950180205997,1184.5557861328125,1235866
2018-04-10,INFY.NS,437.29974444612435,442.21543401948458,434.70426995234635,437.85031127929688,8926058
2018-04-10,TCS.NS,1185.2851099221818,1198.0669411821905,1185.2851099221818,1190.106201171875,1184532
2018-04-11,INFY.NS,439.65931199141443,444.9682571719905,439.0694291935726,442.11715698242188,9025574
2018-04-11,TCS.NS,1195.3729216434651,1225.5144608867129,1193.3472779064623,1221.1187744140625,3124416
2018-04-12,INFY.NS,444.16209648291266,461.19006699666392,442.41212992645228,457.19851684570312,17044366
2018-04-12,TCS.NS,1219.4376416976088,1276.1556715440092,1218.6071079074648,1271.800537109375,6114360
2018-04-13,INFY.NS,461.68156132255473,466.36130736281103,452.34175120210267,460.67874145507812,21227038
2018-04-13,TCS.NS,1276.1551212352945,1312.9408187973347,1268.9033586811395,1277.4920654296875,8179118
2018-04-16,INFY.NS,433.36723657231892,448.31093438515751,433.36723657231892,445.63677978515625,24745084
2018-04-16,TCS.NS,1262.3805384765146,1296.3910598389757,1260.2536136283113,1291.407958984375,6270274
2018-04-17,INFY.NS,443.19857063707644,443.35588230391977,438.47950866046159,442.49069213867188,10397940
2018-04-17,TCS.NS,1291.4084954703576,1294.3659548409923,1275.0210588995119,1282.880615234375,3301724
2018-04-18,INFY.NS,441.56665439191352,446.246401537081,438.0273570895705,442.78573608398438,10430380
2018-04-18,TCS.NS,1282.6371446452206,1293.757904907932,1274.473842937366,1279.841796875,2433066
2018-04-19,INFY.NS,442.01881629562473,448.23226725685328,441.66487703749209,445.49911499023438,8525542
2018-04-19,TCS.NS,1288.2687181245001,1303.3800384696383,1282.5361865625682,1292.826416015625,4820952
2018-04-20,INFY.NS,447.91762188023819,469.42865967292596,447.1114296099729,463.4315185546875,24272692
2018-04-20,TCS.NS,1316.6683229965195,1386.492296550163,1312.617035848838,1378.43017578125,18465662
2018-04-23,INFY.NS,459.32207508645234,477.56912602646025,454.30807127022609,467.06918334960938,21830638
2018-04-23,TCS.NS,1387.1605369783188,1441.4072251899136,1373.2038743712933,1380.9417724609375,15185910
2018-04-24,INFY.NS,466.00740600427338,470.49052482754985,452.28279009989944,454.01312255859375,8526216
2018-04-24,TCS.NS,1381.4890703683732,1394.9190491870445,1354.142879092753,1371.6241455078125,8314336
2018-04-25,INFY.NS,453.0299883636855,460.50183713010045,450.35583381379143,456.31365966796875,11594178
2018-04-25,TCS.NS,1371.3603684119141,1411.0629728740612,1363.2780722852192,1405.8975830078125,8196574
2018-04-26,INFY.NS,461.68162448723621,464.69003649647925,456.17605145246506,462.64508056640625,11302084
2018-04-26,TCS.NS,1404.5811373611,1442.2581047030621,1404.5811373611,1433.8516845703125,12135034
2018-04-27,INFY.NS,464.04112127951777,468.60287185385118,461.76022198995918,466.08602905273438,7663370
2018-04-27,TCS.NS,1428.0788050260599,1435.7762510673349,1385.5402874295389,1398.484130859375,4501330
2018-04-30,INFY.NS,464.70966329162519,475.03261257270788,464.29677412325378,471.70962524414062,5511678
2018-04-30,TCS.NS,1398.4835965432035,1437.8013454241727,1392.6700607045432,1430.9547119140625,3458558
2018-05-02,INFY.NS,471.47369786650381,472.53546776986587,464.43441975278176,470.74618530273438,10295042
2018-05-02,TCS.NS,1430.3065819224253,1430.9952807894638,1406.3229875843374,1417.848876953125,3158046
2018-05-03,INFY.NS,470.824777418206,473.7545093892017,462.50742052771483,465.0439453125,5332230
2018-05-03,TCS.NS,1421.9202473596958,1428.4833102855223,1405.9581226643656,1410.596923828125,3761550
2018-05-04,INFY.NS,466.0074445618564,466.40069978933479,454.20978773750562,461.32769775390625,6023368
2018-05-04,TCS.NS,1414.7093088437298,1416.7349521839985,1405.7964781465471,1410.151611328125,2347244
2018-05-07,INFY.NS,464.53272012563849,467.97370323768024,462.27150265201107,465.22091674804688,4638960
2018-05-07,TCS.NS,1413.8989571310337,1413.8989571310337,1381.85324206366,1385.9248046875,3484426
2018-05-08,INFY.NS,463.2153349622356,463.2153349622356,456.58899408154144,458.358642578125,5718556
2018-05-08,TCS.NS,1391.4955696176607,1412.4812567155168,1376.1006785362929,1394.12890625,2992820
2018-05-09,INFY.NS,459.1254830755297,462.82209185499715,457.35583453262615,460.38388061523438,3783504
2018-05-09,TCS.NS,1393.7238620940884,1415.8236544925674,1393.7238620940884,1413.61572265625,2615050
2018-05-10,INFY.NS,462.46812418062387,465.22091063407998,457.29680859924559,459.32208251953125,3182862
2018-05-10,TCS.NS,1419.1455736648513,1422.4676092554373,1393.7237474929764,1398.200439453125,3858678
2018-05-11,INFY.NS,461.01307245982338,465.29951557140339,458.55522755420031,464.3360595703125,3311706
2018-05-11,TCS.NS,1399.3955396266078,1411.8735234027749,1394.6555536051801,1400.5096435546875,2627876
2018-05-14,INFY.NS,465.7517832637036,468.56356752500784,460.10858078410342,467.69842529296875,4432094
2018-05-14,TCS.NS,1400.5300341919881,1406.2018364710416,1381.8131064527881,1391.02978515625,2433894
2018-05-15,INFY.NS,467.22653644751216,475.05232524749755,467.22653644751216,469.7630615234375,5611974
2018-05-15,TCS.NS,1397.6939387587274,1416.2488519882706,1391.090321527266,1410.820068359375,1952890
2018-05-16,INFY.NS,466.89224016266809,471.11973359854824,465.81078835348944,467.95401000976562,6205004
2018-05-16,TCS.NS,1409.8277219737295,1421.5967315104297,1407.9236367003764,1415.479248046875,1648450
2018-05-17,INFY.NS,470.33318218588721,470.90338297909972,461.50462284258811,465.18154907226562,9519598
2018-05-17,TCS.NS,1423.196850431764,1431.3804304104931,1408.2273647111156,1414.62841796875,2968048
2018-05-18,INFY.NS,465.220898191787,466.61697334347343,461.28834622059696,465.29953002929688,7139660
2018-05-18,TCS.NS,1410.1718995198039,1425.1211079346049,1400.9349460280555,1418.7808837890625,1874996
2018-05-21,INFY.NS,463.86419490155981,467.34449385466303,460.10858850289117,463.84451293945312,8475320
2018-05-21,TCS.NS,1429.5774060944407,1455.2220686788326,1425.2628256601704,1440.9412841796875,3446178
2018-05-22,INFY.NS,462.07488068274716,471.11975068760091,461.64230954434203,469.48773193359375,5636804
2018-05-22,TCS.NS,1441.4480124271054,1448.3149245764689,1415.3982154675025,1421.55615234375,1857416
2018-05-23,INFY.NS,469.93994638343139,474.91463407790309,464.63100138244704,465.96807861328125,9538442
2018-05-23,TCS.NS,1428.0782710239571,1436.1808427744477,1410.252613172878,1415.9649658203125,1507298
2018-05-24,INFY.NS,471.11974197875077,482.74045264600096,471.11974197875077,480.16461181640625,9740570
2018-05-24,TCS.NS,1422.0016218682581,1464.5401319241462,1418.9024271275325,1459.962158203125,2962316
2018-05-25,INFY.NS,483.74332266253214,491.03822749447073,480.0860772681491,483.03549194335938,8901438
2018-05-25,TCS.NS,1468.5912269785395,1488.7666517542878,1447.3422509381344,1452.710205078125,3769772
2018-05-28,INFY.NS,484.09714900388155,484.72634772007012,474.26576904848184,477.56912231445312,5739794
2018-05-28,TCS.NS,1465.147840459937,1465.147840459937,1412.2785488299021,1418.7808837890625,3716798
2018-05-29,INFY.NS,477.4314534737133,482.34714304860523,474.34436201685639,478.47354125976562,3388934
2018-05-29,TCS.NS,1430.0637313328991,1435.7760854574642,1413.0888786895132,1427.470947265625,3525312
2018-05-30,INFY.NS,478.59162670862685,483.21237577504127,474.10850737514761,476.50735473632812,6323066
2018-05-30,TCS.NS,1421.617043921106,1431.3198575923975,1410.8608559483509,1423.6629638671875,3779106
2018-05-31,INFY.NS,476.50730577217649,488.42295751243739,475.93710493512668,484.41177368164062,19720340
2018-05-31,TCS.NS,1416.6771253821687,1437.1430026396722,1410.2228094205982,1422.43701171875,5049371
2018-06-01,INFY.NS,483.86117758421858,490.09426251555624,478.67018046423362,480.0859375,4998356
2018-06-01,TCS.NS,1433.0171460017207,1435.8766442976194,1402.2163042498823,1415.4107666015625,1603856
2018-06-04,INFY.NS,480.20392321211148,488.81622183821497,476.62531043275669,487.4005126953125,4270156
2018-06-04,TCS.NS,1425.6642633552656,1428.9322616666816,1399.1934570865164,1425.051513671875,1681483
2018-06-05,INFY.NS,488.42285458059399,488.42285458059399,478.5914766703566,480.10549926757812,4710862
2018-06-05,TCS.NS,1424.847443660005,1431.3017610861682,1398.0090240855116,1406.546630859375,2449568
2018-06-06,INFY.NS,481.81629040656566,488.24605184508397,479.79106436827828,486.6336669921875,4038184
2018-06-06,TCS.NS,1407.6903847710009,1417.4127004681661,1401.3177476635742,1409.9371337890625,2236512
2018-06-07,INFY.NS,486.84995209584338,494.71505633002505,486.84995209584338,492.532470703125,6676226
2018-06-07,TCS.NS,1409.3243397315418,1428.9323305451981,1408.3439800834183,1417.9437255859375,2414762
2018-06-08,INFY.NS,490.7824051352747,496.28797698775372,490.0155768291616,495.52114868164062,6459878
2018-06-08,TCS.NS,1417.4943295051655,1435.7134607798373,1417.4943295051655,1427.3800048828125,2582138
2018-06-11,INFY.NS,497.6842593896618,499.43422625612078,493.55507877888289,496.44549560546875,5171290
2018-06-11,TCS.NS,1427.3796057247569,1440.3699158937825,1424.029928192208,1429.5037841796875,2179378
2018-06-12,INFY.NS,497.76275171000287,499.92565523313539,491.74592816192074,494.91165161132812,7839820
2018-06-12,TCS.NS,1435.4683034598058,1458.3442923595637,1432.2003050455546,1455.0762939453125,4608875
2018-06-13,INFY.NS,498.1757052345543,504.93967545461805,498.1757052345543,501.32174682617188,5766928
2018-06-13,TCS.NS,1483.6711421320458,1496.4572046853534,1468.9651506351422,1490.288818359375,5370983
2018-06-14,INFY.NS,504.826993831594,504.826993831594,497.21227514979438,499.46847534179688,7598848
2018-06-14,TCS.NS,1495.1093289154792,1496.9884679645997,1457.5273457842704,1460.427734375,3819998
2018-06-15,INFY.NS,498.38053515625001,520.33828710937507,497.57474609375004,516.2086181640625,19957760
2018-06-15,TCS.NS,1470.5995545881599,1509.0802229869337,1461.2857374628186,1503.3204345703125,9183574
2018-06-18,INFY.NS,517.31657943850166,520.23756479748067,508.59390297849939,510.6285400390625,8214846
2018-06-18,TCS.NS,1526.1142055026785,1526.1142055026785,1488.6956875213855,1494.2921142578125,4674987
2018-06-19,INFY.NS,508.85577823905908,509.01694588318605,498.80357964793399,500.23382568359375,7545700
2018-06-19,TCS.NS,1488.6957936037661,1502.4622164784016,1487.7562241474548,1490.61572265625,3245034
2018-06-20,INFY.NS,503.01384391860279,504.56497809439389,498.78345115837425,500.85836791992188,5371802
2018-06-20,TCS.NS,1496.7429361043999,1500.2560734998149,1485.7951239398942,1488.9405517578125,3107695
2018-06-21,INFY.NS,501.9864953848886,506.23705298745426,497.97771388180939,502.228271484375,5798790
2018-06-21,TCS.NS,1496.7432680169202,1496.7432680169202,1484.9784538242197,1486.408203125,2910659
2018-06-22,INFY.NS,500.79795479764164,505.83413696575951,500.07272489284611,502.75198364257812,4343118
2018-06-22,TCS.NS,1492.6581874184619,1492.6581874184619,1470.2315895197555,1478.6058349609375,2949458
2018-06-25,INFY.NS,506.49888990864559,515.22156669284936,505.22976224852289,512.66314697265625,7731178
2018-06-25,TCS.NS,1480.3216109084399,1488.8592169265573,1475.5012932709651,1486.3265380859375,2083217
2018-06-26,INFY.NS,511.27313850292705,517.2762766006008,510.16517858891359,514.8387451171875,4483504
2018-06-26,TCS.NS,1489.3901435077578,1520.4361256543814,1487.756144447409,1513.0831298828125,4679712
2018-06-27,INFY.NS,517.29641495996452,521.12391301597074,509.90331013018158,511.67605590820312,6952142
2018-06-27,TCS.NS,1519.6192286627927,1540.1667881794313,1512.470482291395,1517.9852294921875,4081208
2018-06-28,INFY.NS,514.21434680020491,522.95713908301298,514.19418239961124,519.57281494140625,10996818
2018-06-28,TCS.NS,1523.7041146579904,1528.6061118097052,1492.0862729219855,1505.4849853515625,4888125
2018-06-29,INFY.NS,522.97725078030669,529.80629321417155,517.01439221831617,526.6636962890625,9966600
2018-06-29,TCS.NS,1507.2825330758978,1525.6650234793976,1505.1583541311056,1509.6109619140625,3506276
2018-07-02,INFY.NS,529.40344948564382,539.87870799905829,529.40344948564382,537.74334716796875,4830144
2018-07-02,TCS.NS,1513.0831936867226,1517.8218310541083,1504.1778784860244,1512.5521240234375,2650290
2018-07-03,INFY.NS,536.61534169621746,547.09060157185229,536.55489766833307,545.4185791015625,8127452
2018-07-03,TCS.NS,1519.578249202219,1535.8774498069013,1517.2090303296377,1531.0980224609375,3242233
2018-07-04,INFY.NS,544.73368337331192,544.97541030579134,539.4154449514084,541.97381591796875,5025722
2018-07-04,TCS.NS,1535.8772972069607,1535.8772972069607,1517.2905595838529,1524.6435546875,2700614
2018-07-05,INFY.NS,542.73935306220199,542.79979709375687,510.9106768919242,517.31671142578125,17019902
2018-07-05,TCS.NS,1530.2404520866733,1542.0869478449522,1521.3351353289952,1536.20458984375,2472571
2018-07-06,INFY.NS,519.83478717087348,524.5083549599866,511.2732764346743,517.41741943359375,11215356
2018-07-06,TCS.NS,1538.287725737021,1569.4562814125507,1537.3073660784642,1562.87939453125,3713781
2018-07-09,INFY.NS,522.55421548829202,524.9715827149148,515.32227820789706,523.299560546875,6644998
2018-07-09,TCS.NS,1571.9073873348711,1572.2342071537794,1533.0999024604396,1538.410400390625,6151747
2018-07-10,INFY.NS,527.18769084038377,529.98778920473546,521.46660603461612,524.3271484375,5974488
2018-07-10,TCS.NS,1550.6653669963821,1551.4006866425032,1528.4021260845532,1531.9560546875,5303302
2018-07-11,INFY.NS,530.83384217775392,540.72487588658578,520.27797330821147,532.002197265625,11899832
2018-07-11,TCS.NS,1552.2995786326953,1632.3655568990134,1547.5201498763467,1617.577880859375,22903802
2018-07-12,INFY.NS,534.27847475083831,534.68136931730169,517.49790622134401,521.486572265625,13272240
2018-07-12,TCS.NS,1620.9272281106444,1626.5645453724296,1601.727737253487,1610.5921630859375,6921701
2018-07-13,INFY.NS,529.80635862707868,536.49439864113492,523.09815421197118,530.7733154296875,19496158
2018-07-13,TCS.NS,1613.5741837953401,1632.2834942777777,1612.7571842086081,1618.557861328125,4148185
2018-07-16,INFY.NS,530.77328477626486,557.76721936027741,518.80728725029485,536.99798583984375,35344680
2018-07-16,TCS.NS,1625.8295430291726,1630.7315416513711,1615.5761560185072,1625.1759033203125,2582159
2018-07-17,INFY.NS,535.72896499825163,543.70629827276809,528.87975635013231,535.0037841796875,11161690
2018-07-17,TCS.NS,1628.2864239633018,1644.6593392369398,1621.7372578538466,1639.0516357421875,3315492
2018-07-18,INFY.NS,539.79813653814142,541.24854707855866,529.40343749913472,532.84820556640625,6919016
2018-07-18,TCS.NS,1641.3846609017623,1646.8695472271022,1631.6018845665799,1637.49609375,2013869
2018-07-19,INFY.NS,533.02952749043561,536.61529907628676,527.42928301157451,530.49127197265625,5118864
2018-07-19,TCS.NS,1639.0108708859113,1645.8465438911908,1612.7323585328375,1622.06494140625,1746318
2018-07-20,INFY.NS,534.23831093657111,550.81743577666725,532.34472573630956,543.14227294921875,11705738
2018-07-20,TCS.NS,1624.9304269215547,1637.2919612424612,1624.1936255525216,1634.508544921875,1934995
2018-07-23,INFY.NS,544.77396161782144,551.15983140711398,538.36792742526029,546.304931640625,7675702
2018-07-23,TCS.NS,1638.1102691767064,1645.4371092183248,1625.8305820014687,1641.9169921875,2086201
2018-07-24,INFY.NS,553.7382924028019,556.96144887874198,546.32502267184668,554.84625244140625,6172246
2018-07-24,TCS.NS,1649.5712327599344,1649.5712327599344,1624.3160306468285,1636.472900390625,2038423
2018-07-25,INFY.NS,555.59156102677571,561.55441978797251,550.13232043184678,557.50531005859375,6936922
2018-07-25,TCS.NS,1638.8471236026351,1638.9289681999905,1611.4224880208669,1622.146728515625,1535492
2018-07-26,INFY.NS,555.41038552440409,560.18467682723724,551.64328156734189,553.2750244140625,7362218
2018-07-26,TCS.NS,1616.7846751360516,1625.0121063780637,1600.5345740587431,1608.3935546875,3503036
2018-07-27,INFY.NS,553.2548061422392,559.62056004718386,551.28066208623784,553.35552978515625,6493232
2018-07-27,TCS.NS,1605.2418675455556,1608.3527620829111,1588.4187534790253,1591.2430419921875,2033977
2018-07-30,INFY.NS,551.96548156964161,553.17416510592557,543.10180230355979,544.31048583984375,6409970
2018-07-30,TCS.NS,1590.6287853426234,1600.2069012052521,1581.2553309294726,1591.9385986328125,1579251
2018-07-31,INFY.NS,543.32351809862166,551.96558736692521,538.08588843747566,549.99139404296875,7943996
2018-07-31,TCS.NS,1589.8100280871199,1593.9032567897129,1578.3489877198597,1588.33642578125,2204803
2018-08-01,INFY.NS,549.4676508874627,551.34107134955445,544.31058056261702,545.5394287109375,4675706
2018-08-01,TCS.NS,1596.3185006855804,1622.1877905521369,1596.1957837489326,1618.0535888671875,2425180
2018-08-02,INFY.NS,547.77537653632749,550.65608217474073,543.96804301589782,545.378173828125,5940742
2018-08-02,TCS.NS,1620.9187488757959,1625.0119780396237,1592.2661447290016,1595.049560546875,1509287
2018-08-03,INFY.NS,550.4344475219483,550.4344475219483,546.32494328486644,549.58837890625,3970390
2018-08-03,TCS.NS,1601.6806233655454,1622.5970650389681,1601.6806233655454,1620.468505859375,1505131
2018-08-06,INFY.NS,550.37412676233498,553.98001335851927,542.90041309134892,548.198486328125,6178930
2018-08-06,TCS.NS,1634.835545949735,1636.4318651728934,1614.5740638454506,1617.275634765625,1532249
2018-08-07,INFY.NS,553.57718044026524,555.9743836378517,548.19854736616799,551.1396484375,7351528
2018-08-07,TCS.NS,1619.4447853185652,1620.222558645685,1604.954797282368,1610.5625,1353521
2018-08-08,INFY.NS,552.69083250545407,552.97283905314828,545.23728239799811,549.04461669921875,3992358
2018-08-08,TCS.NS,1614.3695443104102,1619.5270529086829,1606.183086174962,1616.0068359375,1315062
2018-08-09,INFY.NS,553.43615884709016,559.80186380795817,553.43615884709016,555.974365234375,6409524
2018-08-09,TCS.NS,1620.9188261934755,1621.5737828638705,1609.4577839880671,1616.29345703125,2060297
2018-08-10,INFY.NS,558.33129902272367,559.62054193775543,553.19439340018494,558.19024658203125,4779520
2018-08-10,TCS.NS,1621.6963777554597,1634.4263600771094,1614.4105099905025,1631.6429443359375,2784105
2018-08-13,INFY.NS,560.02348515832966,568.02093300577178,555.47075657762036,567.5777587890625,9979746
2018-08-13,TCS.NS,1635.4905091265873,1640.770734208231,1629.1050323434602,1637.414306640625,3559575
2018-08-14,INFY.NS,569.67273823788753,573.94345988006455,565.6639570750765,567.39642333984375,6151320
2018-08-14,TCS.NS,1630.7424767633524,1657.4303105632705,1622.8834968618066,1640.1978759765625,3311765
2018-08-16,INFY.NS,570.07570717751696,578.11348413377186,568.58501679720916,575.9580078125,6626774
2018-08-16,TCS.NS,1637.5373879214083,1653.7056439939886,1633.1985247998739,1644.250244140625,2152065
2018-08-17,INFY.NS,576.5018851370744,579.22142365009438,573.31900800406095,576.2802734375,6390408
2018-08-17,TCS.NS,1648.6296162564345,1655.2197540875784,1640.5659761306824,1647.7291259765625,1213731
2018-08-20,INFY.NS,559.21770288936921,567.25543045931954,553.37573120932905,557.70684814453125,16101876
2018-08-20,TCS.NS,1656.9390246642831,1656.9390246642831,1640.3204756989121,1645.43701171875,1587032
2018-08-21,INFY.NS,560.02340809351915,562.44077532269978,553.4763718478215,557.58587646484375,8361482
2018-08-21,TCS.NS,1645.6003926740539,1656.9386136953372,1640.5657024928141,1651.740234375,1376866
2018-08-23,INFY.NS,561.232197708478,564.65680192995831,558.15004407285141,563.00494384765625,7717182
2018-08-23,TCS.NS,1655.9568392102524,1668.400215960866,1653.9102246175623,1666.026123046875,3046791
2018-08-24,INFY.NS,562.6423550314347,564.81799588611091,554.42329468125433,555.3096923828125,7053000
2018-08-24,TCS.NS,1666.0263294431722,1674.9495901592327,1662.6699010818188,1672.49365234375,1570533
2018-08-27,INFY.NS,557.20310506541762,572.09003747683073,556.55848368832926,570.25689697265625,7012950
2018-08-27,TCS.NS,1672.4937142922445,1685.5920497933096,1665.9445465417118,1678.9609375,1532702
2018-08-28,INFY.NS,570.98219680631405,579.52359167601435,568.68571730170027,574.00390625,6496890
2018-08-28,TCS.NS,1682.3171638343861,1696.2341428052787,1679.8612263689342,1693.94189453125,1987983
2018-08-29,INFY.NS,577.58972784281468,577.58972784281468,566.12739536907952,568.1217041015625,5646496
2018-08-29,TCS.NS,1696.6434537674011,1699.9999815590941,1674.6218613291369,1696.234130859375,1525867
2018-08-30,INFY.NS,569.2092997749121,572.73462621948704,562.50109733265936,570.5791015625,11507962
2018-08-30,TCS.NS,1692.9593840677835,1706.8763615963871,1690.9127697253418,1704.747802734375,2408020
2018-08-31,INFY.NS,574.16513601829092,585.92968890023974,572.55355747403553,580.6114501953125,10875864
2018-08-31,TCS.NS,1704.6661049824297,1712.6069288766546,1697.8713052056319,1701.4732666015625,2504554
2018-09-03,INFY.NS,583.79425766951363,591.40897521454008,576.1392605020045,577.8515625,10976328
2018-09-03,TCS.NS,1706.7128216016333,1710.9697398330629,1676.9139942522283,1680.597900390625,1439711
2018-09-04,INFY.NS,581.77970279527176,603.13311293941956,576.94496842301191,593.9874267578125,15370124
2018-09-04,TCS.NS,1686.2463245081478,1723.0444059498477,1683.9131044948388,1718.2552490234375,4420803
2018-09-05,INFY.NS,597.85538111383232,599.54751897164533,584.51957803194796,588.1456298828125,8658978
2018-09-05,TCS.NS,1719.1559656144793,1725.091146924339,1698.730795424518,1702.1690673828125,1681106
2018-09-06,INFY.NS,590.2807970733752,592.65788476153273,583.47186932241902,585.9295654296875,5598659
2018-09-06,TCS.NS,1698.6899131796761,1704.0111104980701,1686.6558607556287,1698.935546875,2238097
2018-09-07,INFY.NS,591.7311408657888,592.37581142009367,583.23007663156932,590.482177734375,6510605
2018-09-07,TCS.NS,1702.2099832284496,1706.0575779081885,1690.8306884857905,1702.6602783203125,1312182
2018-09-10,INFY.NS,594.47103744569802,601.92458823712161,587.74271667413791,588.91107177734375,5629871
2018-09-10,TCS.NS,1706.3849493967689,1713.7527604042934,1698.0757758174825,1703.39697265625,1530539
2018-09-11,INFY.NS,592.98021001948814,600.11142378156808,589.83761290111829,591.69091796875,6963561
2018-09-11,TCS.NS,1710.1506639670511,1710.1506639670511,1671.8380097894023,1675.153564453125,3679745
2018-09-12,INFY.NS,599.8295946349175,601.52173254886713,593.2623919478948,598.62091064453125,4636617
2018-09-12,TCS.NS,1680.1477405400535,1693.6961682590068,1670.0373852472146,1673.27099609375,2307661
2018-09-14,INFY.NS,597.81512394770562,600.31305119956914,587.46070154228948,591.2076416015625,7896514
2018-09-14,TCS.NS,1673.3121134843789,1695.8658465720439,1652.1501382978697,1690.8310546875,3642038
2018-09-17,INFY.NS,592.25496669949848,596.28391205119567,583.87474069538337,584.96258544921875,5427054
2018-09-17,TCS.NS,1694.5970840840057,1700.9825623448044,1681.9490443713971,1697.994384765625,1033857
2018-09-18,INFY.NS,588.22617706357994,588.22617706357994,577.75091637614639,579.44305419921875,7729732
2018-09-18,TCS.NS,1697.0528907098876,1701.8010767349856,1684.445824241431,1695.2109375,1456507
2018-09-19,INFY.NS,585.80870712826174,585.80870712826174,574.68882678798002,579.96673583984375,4849498
2018-09-19,TCS.NS,1696.1522119435829,1710.1511355553316,1692.0182104018593,1701.0640869140625,1301268
2018-09-21,INFY.NS,575.2126080280965,578.07319906947987,557.60613345783247,568.3231201171875,14350769
2018-09-21,TCS.NS,1700.3273551970849,1736.3477710028972,1678.3466351515217,1721.73486328125,4508530
2018-09-24,INFY.NS,569.28997409713008,588.18573749687278,569.28997409713008,578.75799560546875,8637881
2018-09-24,TCS.NS,1731.4357611247538,1809.6164302440984,1717.6415002923775,1799.751708984375,3032226
2018-09-25,INFY.NS,578.75802922846003,593.06078595495524,577.75079283927016,585.1640625,9602273
2018-09-25,TCS.NS,1805.0319065136709,1810.7624266756814,1763.1992292498039,1787.267333984375,2868778
2018-09-26,INFY.NS,589.19310696692355,589.71684046834491,573.72194359547029,578.435791015625,6599606
2018-09-26,TCS.NS,1790.3787045633323,1800.2024560287005,1747.8910594215095,1753.662353515625,1970951
2018-09-27,INFY.NS,581.77993238470037,588.87086909270522,578.11360054184081,584.0361328125,14592616
2018-09-27,TCS.NS,1753.4574834775829,1808.9617126284099,1748.4638636621164,1791.89306640625,3311802
2018-09-28,INFY.NS,580.97409602881464,591.89253140914957,576.3005278388033,588.2664794921875,7490031
2018-09-28,TCS.NS,1783.0106385702395,1792.8343886450068,1767.333650688473,1787.6768798828125,2904371
2018-10-01,INFY.NS,594.26952634464124,608.29027789302108,590.64347499745361,601.64251708984375,8252398
2018-10-01,TCS.NS,1793.5707737740083,1863.1966301278253,1793.1206785333591,1846.496337890625,3772208
2018-10-03,INFY.NS,599.34595916237151,605.91316039900653,585.2446490555194,587.01739501953125,7792464
2018-10-03,TCS.NS,1842.1984357573954,1846.0460305265788,1764.6727289051114,1770.60791015625,3902322
2018-10-04,INFY.NS,587.01748879001173,588.02472538711197,566.06696757032705,569.85418701171875,6173037
2018-10-04,TCS.NS,1765.4915662039216,1765.5323386011009,1683.4223268932619,1690.33984375,4762419
2018-10-05,INFY.NS,574.5275620152081,589.43465864533619,571.54613285289088,583.87469482421875,8543578
2018-10-05,TCS.NS,1678.2238198311422,1735.5290234351326,1654.4012480336667,1721.325439453125,3417624
2018-10-08,INFY.NS,584.23732795538285,587.1784775954718,571.50587108302227,575.69598388671875,7259306
2018-10-08,TCS.NS,1721.3256006876804,1737.3301668805759,1676.709402273998,1700.7777099609375,2010154
2018-10-09,INFY.NS,577.83138095307993,582.10210280183173,566.18776705736525,578.35516357421875,6777212
2018-10-09,TCS.NS,1703.0700261486988,1725.4188986463496,1680.8436707217068,1712.4434814453125,1867130
2018-10-10,INFY.NS,580.08752293695522,580.08752293695522,560.34569236329628,564.4149169921875,8866251
2018-10-10,TCS.NS,1719.1563899562343,1724.0272930881658,1661.0325310577139,1672.9847412109375,2749573
2018-10-11,INFY.NS,551.96552653395531,558.33128001620219,534.47989344833888,542.57806396484375,10985897
2018-10-11,TCS.NS,1625.0120091246781,1647.934092880593,1588.9915917939547,1620.8778076171875,4700256
2018-10-12,INFY.NS,545.0358618943693,551.20012007471814,533.02958253948509,546.9697265625,8909221
2018-10-12,TCS.NS,1619.28131507834,1619.28131507834,1557.8828830101522,1570.408203125,9373289
2018-10-15,INFY.NS,554.86639003734865,568.08135179422663,549.14530673441902,563.08544921875,6222176
2018-10-15,TCS.NS,1588.1728162469542,1600.9027981233155,1571.7999006155424,1595.949951171875,2638151
2018-10-16,INFY.NS,572.11024235324521,575.25283941340422,555.51100710684852,560.224853515625,11588963
2018-10-16,TCS.NS,1602.9086157887552,1614.2878133847587,1584.0797607514,1606.4288330078125,2815425
2018-10-17,INFY.NS,572.11034284392076,581.61864574784954,565.14024645921995,568.3634033203125,20360697
2018-10-17,TCS.NS,1612.7322390196668,1628.2865093452372,1571.7999486892184,1579.4952392578125,2779207
2018-10-19,INFY.NS,553.57716266300258,554.14122492122362,546.32506009536496,550.79718017578125,10421001
2018-10-19,TCS.NS,1579.1677983203399,1579.1677983203399,1530.9086668516093,1566.233154296875,3428776
2018-10-22,INFY.NS,554.94701762360569,560.06375923960468,542.94073917937476,547.8963623046875,6672840
2018-10-22,TCS.NS,1566.8879154624278,1568.5252069101418,1544.7435086591584,1557.8828125,1778496
2018-10-23,INFY.NS,544.67316161075826,549.54817591565268,526.42201850050458,529.88690185546875,9041701
2018-10-23,TCS.NS,1548.8588603950386,1557.0625619861139,1507.0199822805539,1512.4754638671875,2752811
2018-10-24,INFY.NS,534.23817152645097,537.05843336708836,521.46643400643563,523.60174560546875,7058164
2018-10-24,TCS.NS,1519.3667000298053,1537.3737862308121,1485.7724795672807,1516.454345703125,2735913
2018-10-25,INFY.NS,523.76474251866568,534.63915391119917,518.2664345684309,528.448486328125,8270469
2018-10-25,TCS.NS,1512.7629071733338,1539.7531113917128,1497.2169292852871,1520.146240234375,2507233
2018-10-26,INFY.NS,525.638135730253,528.40767319848942,513.09388004463301,516.10772705078125,5464141
2018-10-26,TCS.NS,1520.8839273058777,1520.8839273058777,1469.3646524588391,1475.9276123046875,2285970
2018-10-29,INFY.NS,516.18920250343297,529.91458563797812,514.39715180946166,525.19012451171875,7137446
2018-10-29,TCS.NS,1483.8034956889123,1540.6141303162215,1463.8275019532216,1534.91259765625,2609483
2018-10-30,INFY.NS,522.21700276892204,540.70761700851779,519.24387375857282,537.28643798828125,8793411
2018-10-30,TCS.NS,1531.6310480304278,1566.4147619189259,1513.5829049898978,1554.4373779296875,2404883
2018-10-31,INFY.NS,540.78912893540507,564.45220623082878,540.09671961626066,559.1168212890625,11947995
2018-10-31,TCS.NS,1558.7034654767097,1594.7177392602418,1538.5633359051196,1590.0006103515625,2769190
2018-11-01,INFY.NS,561.80479606265715,561.80479606265715,537.28639003671083,543.06982421875,5860244
2018-11-01,TCS.NS,1594.5125608258772,1595.0867799093028,1559.7699028502966,1588.0316162109375,2769759
2018-11-02,INFY.NS,542.45896543442598,550.4824018304912,537.69373567984564,539.445068359375,6654067
2018-11-02,TCS.NS,1586.7598627867724,1603.4954334398956,1562.8050950871905,1569.7371826171875,1818635
2018-11-05,INFY.NS,540.46328455836215,544.61754161389069,535.1686178671348,542.49969482421875,5799426
2018-11-05,TCS.NS,1566.9070080310046,1581.1404103005189,1546.192661458867,1551.1968994140625,1713366
2018-11-06,INFY.NS,544.04733873137218,549.83072349165229,538.1417494790544,542.8662109375,6975525
2018-11-06,TCS.NS,1553.7810131678291,1589.4671135230565,1551.3199027985031,1585.529296875,1398710
2018-11-07,INFY.NS,548.20162690541724,551.86716527254111,547.38706282383419,550.238037109375,758956
2018-11-07,TCS.NS,1591.5180445519709,1598.9013756864904,1589.0569341737978,1593.2818603515625,144530
2018-11-09,INFY.NS,553.0889539971688,553.0889539971688,533.94670006648619,537.2049560546875,9694143
2018-11-09,TCS.NS,1608.7461992411079,1609.5255109887971,1562.8054612719584,1566.2509765625,2570479
2018-11-12,INFY.NS,542.49971380007435,550.97120068917741,539.48581655777514,541.03350830078125,7118080
2018-11-12,TCS.NS,1565.6765334937775,1596.5224331190545,1565.6765334937775,1570.8858642578125,2552008
2018-11-13,INFY.NS,540.46325916542742,543.92515645473122,534.59838793190374,542.25531005859375,4137808
2018-11-13,TCS.NS,1571.0090198730561,1590.6979057618046,1561.164576928682,1587.3753662109375,1418432
2018-11-14,INFY.NS,542.25529271268545,542.25529271268545,521.72826891050283,532.0732421875,7323026
2018-11-14,TCS.NS,1579.21249671806,1583.2323303746373,1534.0921396689728,1542.8291015625,2422318
2018-11-15,INFY.NS,532.72489696830837,542.4996657200204,526.77858925442581,534.67987060546875,5513390
2018-11-15,TCS.NS,1529.1699201695276,1557.8828746791487,1523.9195313163436,1536.43017578125,1829123
2018-11-16,INFY.NS,537.53084107110521,539.64868773236913,524.7421754335104,530.15899658203125,8583785
2018-11-16,TCS.NS,1549.679357790834,1558.5393962937869,1534.2974160446306,1547.71044921875,1829729
2018-11-19,INFY.NS,536.79781020810856,539.24150281907112,528.85580922248027,530.85150146484375,6018930
2018-11-19,TCS.NS,1557.8828978361705,1564.7329684852918,1529.4160939991962,1560.713134765625,1740628
2018-11-20,INFY.NS,530.85142594185174,534.35404157584514,521.40245269351442,522.46142578125,5384830
2018-11-20,TCS.NS,1560.3441441085452,1560.3441441085452,1537.5378121448773,1540.8603515625,1190182
2018-11-21,INFY.NS,521.32100944324623,521.36172770369978,498.59465180101137,504.29660034179688,14359086
2018-11-21,TCS.NS,1534.9124559819304,1534.9535145440343,1475.4766823373586,1486.5106201171875,3840461
2018-11-22,INFY.NS,506.8625016444833,511.66844963046196,502.38239917916439,505.64065551757812,6632975
2018-11-22,TCS.NS,1493.0737540248417,1515.715951365001,1484.8289935127859,1486.9620361328125,3194219
2018-11-26,INFY.NS,505.84419068975473,511.54613808883408,488.61614401857918,506.21075439453125,15075209
2018-11-26,TCS.NS,1492.2532196946279,1525.8883939703176,1463.9504510967913,1514.4852294921875,4333177
2018-11-27,INFY.NS,509.50980971247083,522.13555239919071,509.34688696020118,520.42498779296875,12285851
2018-11-27,TCS.NS,1520.9662932885449,1556.9805637353265,1505.6663696085029,1550.7047119140625,3344839
2018-11-28,INFY.NS,522.094835560918,544.69898785187024,521.32098977331441,542.82550048828125,17719890
2018-11-28,TCS.NS,1549.6793181734138,1631.7163387225621,1544.3469118377191,1627.532470703125,5313249
2018-11-29,INFY.NS,546.57245114625232,549.74927067460453,536.6347602729121,538.467529296875,13399070
2018-11-29,TCS.NS,1638.2792847017956,1638.2792847017956,1593.6101674970348,1608.3768310546875,4035441
2018-11-30,INFY.NS,538.42677761174366,547.38698117260469,538.38605935714736,543.68072509765625,10445773
2018-11-30,TCS.NS,1612.8480144758987,1633.3572720353582,1607.8027170876999,1614.69384765625,5268901
2018-12-03,INFY.NS,548.32391035076864,553.08909102729001,542.45903817555165,546.0430908203125,8260890
2018-12-03,TCS.NS,1627.6146964920363,1632.5369183564276,1614.7349226706901,1626.3021240234375,1610576
2018-12-04,INFY.NS,547.83501971598116,560.62368472689741,546.81681469468276,558.17999267578125,7827923
2018-12-04,TCS.NS,1626.7938271643161,1656.6553173435532,1616.9493864553035,1649.64111328125,3270615
2018-12-05,INFY.NS,556.3472278628434,556.87671436475682,547.79430561897834,555.0439453125,5177288
2018-12-05,TCS.NS,1645.6625544062226,1655.5069964066588,1628.4347809054595,1646.27783203125,2501539
2018-12-06,INFY.NS,550.72673872000667,558.34294247860748,541.31853381071801,544.53607177734375,8039771
2018-12-06,TCS.NS,1639.099588843507,1654.6866219706474,1624.0047577865498,1634.7515869140625,2321216
2018-12-07,INFY.NS,547.38698426163603,558.58723877591797,542.17375500090009,556.18426513671875,5553948
2018-12-07,TCS.NS,1628.4756918411576,1643.9396480530529,1618.5901921714212,1636.8023681640625,1680420
2018-12-10,INFY.NS,545.67652807398508,556.99893959888595,541.8480667371141,545.1063232421875,5121196
2018-12-10,TCS.NS,1620.2312369877857,1649.7645658645251,1607.9256832891442,1620.8875732421875,2010786
2018-12-11,INFY.NS,545.10628231240923,555.45125588266558,538.10100152226983,549.4234619140625,7120933
2018-12-11,TCS.NS,1616.1292510986327,1648.944058227539,1608.7459194946289,1640.7403564453125,2942014
2018-12-12,INFY.NS,551.54129211626548,554.43303423462191,546.24662585128249,552.68170166015625,6926183
2018-12-12,TCS.NS,1641.6425902568856,1658.7883454086179,1628.393593087691,1654.5224609375,2219993
2018-12-13,INFY.NS,555.53273653736335,570.1948908741266,553.90360827772304,568.36212158203125,7521474
2018-12-13,TCS.NS,1660.4290395339483,1665.1051089260959,1619.8207206323027,1626.4656982421875,3748429
2018-12-14,INFY.NS,568.11775430858222,581.35442123228142,565.63334369092831,575.12298583984375,9560576
2018-12-14,TCS.NS,1626.7939226745075,1639.8787858279929,1620.4360543433288,1632.3314208984375,2473761
2018-12-17,INFY.NS,579.84740379506809,579.84740379506809,564.28925020106271,565.63330078125,4778465
2018-12-17,TCS.NS,1639.9200309402297,1644.7602351521643,1628.434848132244,1636.0643310546875,1227921
2018-12-18,INFY.NS,559.19823743163761,559.19823743163761,549.46418679295095,551.134033203125,8021298
2018-12-18,TCS.NS,1634.0956110417746,1642.381330994745,1621.3798714661411,1630.7730712890625,1768742
2018-12-19,INFY.NS,547.02051671238894,547.02051671238894,538.50831184149354,541.56292724609375,8295459
2018-12-19,TCS.NS,1628.2706756984055,1628.2706756984055,1607.9665149607386,1614.8575439453125,2498833
2018-12-20,INFY.NS,537.61219264765396,547.02039607558061,534.67978239275408,543.3548583984375,11705260
2018-12-20,TCS.NS,1602.8393410432091,1620.149132280279,1596.440413409199,1603.04443359375,1940277
2018-12-21,INFY.NS,537.20496832018534,537.20496832018534,524.13122581243533,526.37127685546875,12802132
2018-12-21,TCS.NS,1598.0809699998597,1599.7217102154652,1547.6692669325116,1555.2576904296875,3729956
2018-12-24,INFY.NS,535.16855060595026,536.63475586968161,527.51162908184926,528.65203857421875,8379825
2018-12-24,TCS.NS,1563.4614661438004,1590.6156979797872,1562.8051299690921,1573.880126953125,1864116
2018-12-26,INFY.NS,527.0229078246399,527.0229078246399,519.16234534043906,524.61993408203125,6178552
2018-12-26,TCS.NS,1576.5875331482002,1576.5875331482002,1534.2974081348505,1549.8433837890625,2446614
2018-12-27,INFY.NS,531.70664103958256,540.2595628793614,528.65202609680443,535.005615234375,15333902
2018-12-27,TCS.NS,1566.0869570110674,1592.9130266942377,1535.8152718626895,1566.0458984375,4968201
2018-12-28,INFY.NS,540.34111043092412,540.46331494056426,532.15475064539271,535.1279296875,4736598
2018-12-28,TCS.NS,1571.0086186061408,1575.1104687852689,1552.9604778179762,1555.462646484375,2239130
2018-12-31,INFY.NS,537.61217913241444,539.24130694796713,534.19100077634653,536.75689697265625,3373319
2018-12-31,TCS.NS,1565.2662023259679,1566.0865724529731,1547.3411350794713,1553.001708984375,1879740
2019-01-01,INFY.NS,538.38607658658634,542.74397402565126,532.84705142420182,541.72576904296875,2943390
2019-01-01,TCS.NS,1555.4218091168841,1566.9069912517134,1546.3977374395183,1561.0003662109375,1094883
2019-01-02,INFY.NS,542.49972016240156,549.01623331750557,539.28218184865909,544.984130859375,7416655
2019-01-02,TCS.NS,1562.8054207646085,1586.9652860310962,1558.7035692665386,1577.8182373046875,2100463
2019-01-03,INFY.NS,547.38703940418236,551.45985963784437,540.13739950144634,545.0655517578125,6827249
2019-01-03,TCS.NS,1574.2904462044448,1595.5790132754998,1553.042837558525,1558.662353515625,2611668
2019-01-04,INFY.NS,547.18337415423991,548.93470666395444,530.28117093324931,538.467529296875,7889310
2019-01-04,TCS.NS,1558.7030114493155,1559.6874153994174,1510.3011810937842,1539.71142578125,4280862
2019-01-07,INFY.NS,541.68511093868653,548.69034211062421,538.83413667058812,547.1427001953125,8046340
2019-01-07,TCS.NS,1551.9762310530809,1565.9225230749284,1543.1161937114784,1556.98046875,1856423
2019-01-08,INFY.NS,549.78996736681972,551.8263773135692,544.57673801632529,545.798583984375,8621545
2019-01-08,TCS.NS,1563.1338452016898,1563.9542156358104,1545.0036786362029,1553.4124755859375,1691756
2019-01-09,INFY.NS,558.95399640319329,561.88640780645426,540.87066017093457,550.72686767578125,18130292
2019-01-09,TCS.NS,1564.7738196289506,1574.290091975013,1531.3846992288293,1547.9971923828125,2414376
2019-01-10,INFY.NS,555.20688271599738,555.53272824988403,547.83508739450758,553.65924072265625,9572493
2019-01-10,TCS.NS,1550.499799560494,1562.8053535252598,1535.8151518006357,1549.310302734375,3053461
2019-01-11,INFY.NS,554.06646523584868,558.38364466769724,547.79431223782115,556.7545166015625,12281903
2019-01-11,TCS.NS,1534.0921176851725,1538.1939682672185,1505.379163610851,1511.572998046875,9209862
2019-01-14,INFY.NS,575.89687215487402,578.50348746022996,566.89594795781568,571.74261474609375,19312937
2019-01-14,TCS.NS,1517.6848595247225,1518.5052297190603,1484.870051751215,1487.5362548828125,3615370
2019-01-15,INFY.NS,576.05967084463521,594.63172010449057,576.05967084463521,591.8621826171875,19671304
2019-01-15,TCS.NS,1484.8696838341084,1533.5586227754636,1483.2289438519711,1532.287109375,7711653
2019-01-16,INFY.NS,594.55037476964446,600.98540152740577,593.409965107738,600.17083740234375,9658944
2019-01-16,TCS.NS,1534.0923785346067,1538.1942298141109,1515.223862648887,1534.2154541015625,2359280
2019-01-17,INFY.NS,599.3563490403634,601.96296451346734,593.89875876915778,597.36065673828125,6903771
2019-01-17,TCS.NS,1543.9574187726259,1560.3999897925687,1538.4491976239408,1557.358154296875,2625816
2019-01-18,INFY.NS,594.63173285314622,599.68203970571835,591.61783604459163,595.40557861328125,5902151
2019-01-18,TCS.NS,1546.4241299925338,1565.4974762481615,1542.3134863721389,1562.5789794921875,1683728
2019-01-21,INFY.NS,601.31113362930864,611.73754251979346,597.88995500602982,606.85015869140625,8129422
2019-01-21,TCS.NS,1563.6885560118367,1588.3524133621811,1558.3035736806812,1569.19677734375,2409803
2019-01-22,INFY.NS,603.79568281174272,610.10855504350127,597.89009265945253,607.1353759765625,6723375
2019-01-22,TCS.NS,1567.8817188094542,1577.0484744420301,1553.8233372581451,1563.606689453125,2457093
2019-01-23,INFY.NS,604.69162597598006,604.895266996342,593.98013813516866,595.975830078125,7212099
2019-01-23,TCS.NS,1562.8664614155041,1567.0592971847307,1537.3804749326632,1541.984375,2578169
2019-01-24,INFY.NS,596.34447345708611,602.89680960270596,590.52929512399146,599.53875732421875,7429783
2019-01-24,TCS.NS,1549.5480711297471,1566.360561352664,1541.491170469096,1563.3187255859375,1962927
2019-01-25,INFY.NS,596.26240563514091,604.3709391145029,593.19099901270715,598.1871337890625,5543112
2019-01-25,TCS.NS,1563.6888372650506,1590.8190852302171,1562.8667085388336,1579.1448974609375,2327080
2019-01-28,INFY.NS,598.71968669039541,600.03013386074394,588.8911829417159,596.22161865234375,7944693
2019-01-28,TCS.NS,1589.1747654127039,1613.0164975373641,1583.0088002080504,1607.2615966796875,2769033
2019-01-29,INFY.NS,594.21488252388872,600.2348203314026,586.84350562145596,596.18060302734375,6760819
2019-01-29,TCS.NS,1613.0163922375411,1635.255012100228,1592.1754512778373,1630.0755615234375,2557626
2019-01-30,INFY.NS,596.18056411793759,601.83192271342705,590.6110397184234,594.54248046875,5763026
2019-01-30,TCS.NS,1627.4857045960625,1635.6247975480464,1606.9736368230888,1628.965576171875,2429575
2019-01-31,INFY.NS,594.62447430412146,615.34622628937586,594.62447430412146,613.91290283203125,13825233
2019-01-31,TCS.NS,1633.5696979309744,1660.4944123785031,1631.925440560133,1655.849365234375,4094319
2019-02-01,INFY.NS,615.38705463122312,624.51939096740944,609.7766381314575,620.05560302734375,6276585
2019-02-01,TCS.NS,1652.0671516926398,1672.8258954499124,1642.6948671129101,1668.879638671875,3064163
2019-02-04,INFY.NS,620.01469559211364,624.51942587712904,613.6261790041616,619.11376953125,3945391
2019-02-04,TCS.NS,1668.8798417704611,1689.8441201954436,1663.1660883819427,1685.569091796875,1590764
2019-02-05,INFY.NS,611.82432499085098,622.43092803929835,611.82432499085098,618.2537841796875,4694366
2019-02-05,TCS.NS,1685.3634949382511,1689.4741376088321,1667.2766671876941,1680.8829345703125,1111404
2019-02-06,INFY.NS,618.82686612535281,628.16396028971656,617.8440062148411,625.1744384765625,5880482
2019-02-06,TCS.NS,1685.2813190534789,1715.6591310746101,1678.0056014493216,1705.75244140625,1789812
2019-02-07,INFY.NS,624.96988606880564,630.21177400915315,623.29086024099615,625.74798583984375,3961797
2019-02-07,TCS.NS,1705.7113531315149,1724.7846969589466,1699.3398563310477,1712.41162109375,1339945
2019-02-08,INFY.NS,622.47188765232113,632.50515163092768,618.29479366553267,623.20904541015625,5915169
2019-02-08,TCS.NS,1705.9169921243506,1717.8378578524485,1686.1859040226714,1694.7359619140625,1684474
2019-02-11,INFY.NS,628.12323842446835,629.63844590791189,621.65278756956775,624.76513671875,5500216
2019-02-11,TCS.NS,1693.5847028206108,1723.1813286951458,1684.4589962233099,1698.4351806640625,1778730
2019-02-12,INFY.NS,622.75844766075943,622.75844766075943,606.91000793550552,614.64996337890625,7310690
2019-02-12,TCS.NS,1701.8060395884786,1701.8060395884786,1659.0553564683814,1686.678955078125,2422903
2019-02-14,INFY.NS,615.10041501927549,616.73849868111108,603.83858984415565,606.13189697265625,4610535
2019-02-14,TCS.NS,1693.6262650089873,1705.9170489050837,1671.4287901557645,1680.92431640625,1724085
2019-02-15,INFY.NS,607.9747550028037,611.4147407694353,600.03003906305514,607.6881103515625,5586389
2019-02-15,TCS.NS,1684.5413147003644,1687.007700227012,1653.2592847943895,1668.6741943359375,1930065
2019-02-18,INFY.NS,608.01585552376253,612.35681845032104,602.81495841941307,606.95111083984375,5346825
2019-02-18,TCS.NS,1675.1691585104936,1678.7453977277819,1613.5506621719824,1619.8399658203125,2942184
2019-02-19,INFY.NS,605.35386614341803,606.54148693150648,590.77492989161135,593.2320556640625,9401334
2019-02-19,TCS.NS,1619.5933452712045,1620.415473872865,1555.4673143416849,1565.9906005859375,4408554
2019-02-20,INFY.NS,595.44348323436714,608.54815411710422,594.66538340263423,606.66436767578125,5210675
2019-02-20,TCS.NS,1574.3761864360965,1589.8322434485435,1546.6704942120448,1574.170654296875,4645778
2019-02-21,INFY.NS,604.45294917259901,604.45294917259901,595.52537206808211,600.726318359375,7202786
2019-02-21,TCS.NS,1574.1705946212026,1594.9293398956172,1559.6189598589638,1573.7183837890625,4683919
2019-02-22,INFY.NS,599.94823223106312,604.61678137414003,596.26254343237395,601.95489501953125,3750833
2019-02-22,TCS.NS,1576.1851541954793,1586.708442036967,1566.2374166770087,1583.1322021484375,2271955
2019-02-25,INFY.NS,602.4463077767017,620.83380990181172,602.4463077767017,618.2947998046875,6547552
2019-02-25,TCS.NS,1588.7636126552197,1636.0360099269792,1587.1193553588107,1632.0487060546875,2934880
2019-02-26,INFY.NS,613.13480797102955,616.41097590032246,606.21394321268258,608.138671875,8319610
2019-02-26,TCS.NS,1631.103212197092,1681.3763983098481,1621.4432007337273,1676.0736083984375,6453309
2019-02-27,INFY.NS,610.18622010875345,611.33289877355446,600.15295675797188,602.2005615234375,5936354
2019-02-27,TCS.NS,1677.1420993032248,1705.875449538001,1662.343786662314,1692.022705078125,4732082
2019-02-28,INFY.NS,605.02628987655885,608.05675504662122,599.78440147481012,601.4224853515625,8559921
2019-02-28,TCS.NS,1693.5844810037554,1702.9157185030281,1625.8410816921112,1630.6505126953125,8454295
2019-03-01,INFY.NS,602.40526803556315,608.87571851094151,602.40526803556315,607.64715576171875,3998826
2019-03-01,TCS.NS,1640.1877389224856,1648.3678785257866,1628.1023880275236,1640.4754638671875,4148548
2019-03-05,INFY.NS,606.50045453484961,608.13853813926517,598.10527606222001,599.9481201171875,4826505
2019-03-05,TCS.NS,1648.3675012732926,1650.0117581324182,1625.019033802216,1634.4735107421875,2449622
2019-03-06,INFY.NS,602.89665060899767,602.89665060899767,595.44339020504481,599.9481201171875,6076668
2019-03-06,TCS.NS,1635.4604802774174,1656.5891453631198,1631.9664336929047,1643.9283447265625,2635047
2019-03-07,INFY.NS,601.17674563541027,601.58626657930358,590.16062224660971,592.1263427734375,5951551
2019-03-07,TCS.NS,1648.3679424559118,1664.0295333738675,1644.4216847948123,1655.191650390625,2539884
2019-03-08,INFY.NS,592.12633185243499,592.12633185243499,582.05212681653461,583.4444580078125,7193994
2019-03-08,TCS.NS,1664.810491674149,1671.3875207770593,1652.5197086810856,1662.9195556640625,2031071
2019-03-11,INFY.NS,584.22254386733312,588.48157150188104,581.02831063418273,582.54351806640625,9932198
2019-03-11,TCS.NS,1668.0166753801573,1671.3873824449227,1647.2579289921916,1656.4246826171875,3111689
2019-03-12,INFY.NS,580.70075454975017,585.57406425102408,577.91599186606368,579.021728515625,11997387
2019-03-12,TCS.NS,1655.8081618390568,1664.6460443684045,1646.7236005844964,1654.49267578125,2658550
2019-03-13,INFY.NS,581.5197490877465,588.56348943266914,578.48928405921913,580.250244140625,11348867
2019-03-13,TCS.NS,1654.9450657355192,1657.3292590264111,1626.6638185098689,1644.66845703125,1833163
2019-03-14,INFY.NS,584.79588037022802,585.53303803069912,578.40736394408486,580.16827392578125,6415187
2019-03-14,TCS.NS,1648.3267345491979,1650.6698813993858,1628.6367942668105,1633.8984375,1905495
2019-03-15,INFY.NS,583.15786823490191,592.78161114467741,581.19214755931716,588.5225830078125,14638664
2019-03-15,TCS.NS,1643.352997110349,1700.9430494785538,1636.8581606305206,1677.101318359375,5184318
2019-03-18,INFY.NS,590.97969974031969,592.74065990129691,577.71121036069292,581.68359375,8065544
2019-03-18,TCS.NS,1679.6089125085134,1697.3669724862382,1653.300794446706,1663.001953125,2349915
2019-03-19,INFY.NS,583.81308324083136,595.03396778628257,579.39028677111185,591.55303955078125,8917337
2019-03-19,TCS.NS,1668.9212395459042,1668.9212395459042,1640.2289282132442,1663.001953125,2373993
2019-03-20,INFY.NS,595.64821790066651,607.97478841741952,595.56633370733925,605.23101806640625,13471173
2019-03-20,TCS.NS,1667.2767740798158,1681.0885744814625,1644.2571736487334,1656.6302490234375,3091165
2019-03-22,INFY.NS,610.18620446079865,611.29189100965493,599.78436252091376,608.6300048828125,8883260
2019-03-22,TCS.NS,1656.5891039017276,1657.4112324892719,1630.5276678195714,1648.9022216796875,3148149
2019-03-25,INFY.NS,608.05673114880949,608.05673114880949,598.35105456629196,602.2005615234375,7644966
2019-03-25,TCS.NS,1650.6701320213322,1650.6701320213322,1625.5129121738732,1631.3089599609375,2429205
2019-03-26,INFY.NS,602.20043014374357,602.20043014374357,588.97288624849648,596.0576171875,9406261
2019-03-26,TCS.NS,1631.1032618228849,1640.1055305089972,1609.7690632338779,1629.993408203125,2316539
2019-03-27,INFY.NS,597.90054874761665,599.78433499902599,595.56629947809699,597.65484619140625,7387487
2019-03-27,TCS.NS,1639.3242330502685,1642.6127470583933,1612.1939924832379,1617.86669921875,2266166
2019-03-28,INFY.NS,597.90048572502826,610.18611214403563,597.90048572502826,604.28900146484375,9277241
2019-03-28,TCS.NS,1627.8145344161626,1656.2601622693107,1621.8952489794631,1644.5037841796875,4054489
2019-04-01,INFY.NS,607.7290675919719,622.47182125323263,607.7290675919719,618.45849609375,6584982
2019-04-01,TCS.NS,1652.4786044238763,1677.1013176154502,1651.0398792707711,1670.2777099609375,2095740
2019-04-02,INFY.NS,621.65264896909741,627.22212251910605,618.04884550067766,621.98028564453125,7283600
2019-04-02,TCS.NS,1674.7581394712784,1714.9602478063096,1674.6759466833425,1709.4520263671875,3719663
2019-04-03,INFY.NS,619.19567605653083,621.2432808053951,611.66048058264062,616.9842529296875,6897127
2019-04-03,TCS.NS,1714.1381192119634,1717.9199910319517,1692.0229403100443,1709.4520263671875,2939886
2019-04-04,INFY.NS,615.42810907759679,617.39377966070265,610.26810506986078,612.56146240234375,7688525
2019-04-04,TCS.NS,1708.5065068237891,1709.7808463243994,1650.3410074709589,1656.1781005859375,4397518
2019-04-05,INFY.NS,615.0185162773181,623.24987648516981,612.64327502773028,621.8984375,6276040
2019-04-05,TCS.NS,1667.8113381668343,1688.9810509564757,1659.7133908791359,1683.9661865234375,3152103
2019-04-08,INFY.NS,624.96998675387988,630.66233863967295,618.70434546160868,628.40997314453125,4919911
2019-04-08,TCS.NS,1692.7630829664297,1705.9171428632062,1671.1410568680983,1702.423095703125,2194294
2019-04-09,INFY.NS,630.66233257661293,633.11945854769056,620.99764708844509,622.96331787109375,6730692
2019-04-09,TCS.NS,1701.8060482206627,1724.8256469405555,1691.6526806421496,1719.4818115234375,2690970
2019-04-10,INFY.NS,625.748022520164,627.95944568682648,615.34618021056747,616.49285888671875,7031088
2019-04-10,TCS.NS,1712.4936492923662,1714.5489705229138,1673.8536101580689,1677.34765625,3313062
2019-04-11,INFY.NS,615.71468661813049,615.71468661813049,606.13188735044776,608.3023681640625,8200995
2019-04-11,TCS.NS,1681.2529754449777,1689.4742613884739,1655.479264083616,1660.2886962890625,3422442
2019-04-12,INFY.NS,608.6299123791141,615.55082525508692,606.58230797736712,612.4384765625,7043212
2019-04-12,TCS.NS,1675.4981231045622,1676.320251722376,1650.0121359523337,1656.1781005859375,3198471
2019-04-15,INFY.NS,593.55959824777347,599.00619618493261,583.64916254386458,595.8529052734375,31574803
2019-04-15,TCS.NS,1701.8062102497472,1742.7482548712176,1677.964480734171,1737.4044189453125,9189201
2019-04-16,INFY.NS,596.18063660886389,596.18063660886389,584.87781806285864,593.0682373046875,12524411
2019-04-16,TCS.NS,1742.9123692302196,1772.4678478012966,1739.2539376547802,1752.613525390625,5771952
2019-04-18,INFY.NS,591.75779486756505,591.75779486756505,583.77213604409269,587.29400634765625,13801105
2019-04-18,TCS.NS,1767.4943581213056,1771.6872946498679,1738.1444045663955,1767.6177978515625,3413728
2019-04-22,INFY.NS,587.29402261648306,594.4196976082734,585.61499661028654,590.5701904296875,6455426
2019-04-22,TCS.NS,1765.9322783518323,1788.951879745618,1763.9592499469347,1776.9898681640625,2007135
2019-04-23,INFY.NS,592.90433899190771,597.90047363850408,588.39960939600121,596.42620849609375,5516668
2019-04-23,TCS.NS,1778.2645212434229,1780.3198431588685,1754.4639336055707,1771.7286376953125,2163524
2019-04-24,INFY.NS,596.42637539497935,604.37109253991923,592.98638910651141,603.1834716796875,8285120
2019-04-24,TCS.NS,1774.1541305660669,1804.5728992551051,1772.5921659734645,1795.0772705078125,3003071
2019-04-25,INFY.NS,603.18352590210554,604.16638635721438,595.48451065917266,596.71307373046875,8005235
2019-04-25,TCS.NS,1788.1293308544809,1812.7931836938531,1782.4155784230161,1804.5718994140625,4211526
2019-04-26,INFY.NS,598.71964840772671,605.92720736449633,597.08156455435403,604.45294189453125,6895168
2019-04-26,TCS.NS,1811.1491452106372,1844.8152682525613,1803.0510989326715,1840.3758544921875,2716958
2019-04-30,INFY.NS,604.45283611416232,617.39368629306364,604.45283611416232,615.38702392578125,9920046
2019-04-30,TCS.NS,1840.3758973921038,1863.7242678201351,1833.4289513191311,1858.29833984375,3488395
2019-05-02,INFY.NS,611.82421198208328,612.97089047457257,597.49098077768372,598.55572509765625,6351352
2019-05-02,TCS.NS,1853.8998766623638,1857.5171619893724,1817.8085136731984,1821.343505859375,2457699
2019-05-03,INFY.NS,592.08528012349313,598.71949806764178,588.23577403661818,592.6585693359375,6348116
2019-05-03,TCS.NS,1796.3505141954261,1797.2137891392854,1747.0228112884579,1752.7777099609375,3780886
2019-05-06,INFY.NS,585.61489604398059,591.18437037192427,582.05208415509583,588.399658203125,8858265
2019-05-06,TCS.NS,1734.6914591459192,1779.9085350952205,1733.4582661654838,1774.0303955078125,2891422
2019-05-07,INFY.NS,590.03789523642354,596.18071042840313,588.64551379483657,593.4368896484375,5747536
2019-05-07,TCS.NS,1775.8387647134043,1795.8165280605194,1758.3685335163852,1769.179443359375,2201698
2019-05-08,INFY.NS,590.52929577297482,594.62450586848786,586.84360668701311,589.1778564453125,6247642
2019-05-08,TCS.NS,1768.3984155723801,1782.3746001677919,1751.4624880707768,1769.91943359375,1824895
2019-05-09,INFY.NS,589.01404071262755,598.14632849772272,586.27022017485672,590.5701904296875,7396525
2019-05-09,TCS.NS,1763.4655550517402,1795.6108582759623,1756.1486920090701,1786.115234375,2264162
2019-05-10,INFY.NS,590.36529086945927,594.62431802139997,585.61485865743941,587.13006591796875,8352335
2019-05-10,TCS.NS,1788.1296211453805,1802.1058066899652,1747.7220826362945,1755.9022216796875,2039633
2019-05-13,INFY.NS,586.88441473690023,594.99294887005101,583.23966858633548,589.46441650390625,6808993
2019-05-13,TCS.NS,1753.5998806678472,1781.5522463231246,1744.2686430234176,1750.1058349609375,1701744
2019-05-14,INFY.NS,586.84357693986806,587.8673794118497,576.2779154328756,584.673095703125,10513001
2019-05-14,TCS.NS,1755.2447383196743,1775.6335698024084,1703.7384566123633,1720.1810302734375,2456110
2019-05-15,INFY.NS,585.53299794591874,593.96911841768178,583.64916182931233,586.51580810546875,6668929
2019-05-15,TCS.NS,1724.0038406652034,1746.2013150085322,1713.7272321729215,1722.6883544921875,2346876
2019-05-16,INFY.NS,589.7101466891902,603.63385848601831,588.97298900968929,600.4395751953125,6468556
2019-05-16,TCS.NS,1723.1813139078245,1746.2009116127001,1707.6020191755533,1733.6634521484375,1946529
2019-05-17,INFY.NS,600.48049429046387,602.65092498899514,589.79195918867481,592.90435791015625,8155948
2019-05-17,TCS.NS,1736.8289963258317,1755.2445970581489,1718.2488092981409,1722.7293701171875,1947908
2019-05-20,INFY.NS,589.46441933002666,594.95200962894933,578.24353617946633,591.67584228515625,11213708
2019-05-20,TCS.NS,1747.0233635164541,1768.7274793701406,1685.3637153923439,1762.6026611328125,2625116
2019-05-21,INFY.NS,591.88065051951855,591.88065051951855,579.63596408565729,580.9464111328125,8645535
2019-05-21,TCS.NS,1765.9732815522777,1766.5075848266854,1728.5664323243163,1734.4857177734375,1863157
2019-05-22,INFY.NS,581.51964080799792,588.27673522583734,579.06251556514724,581.31488037109375,5795713
2019-05-22,TCS.NS,1734.6913191134638,1744.5157155881943,1705.916818559449,1711.4661865234375,2595795
2019-05-23,INFY.NS,585.61485139782747,587.00723237124714,571.24067867976714,574.189208984375,7233736
2019-05-23,TCS.NS,1724.8257479833633,1739.0897590260354,1685.3635764375094,1688.6932373046875,2541294
2019-05-24,INFY.NS,576.44153473527069,582.95292620624252,573.69776505414427,580.8643798828125,7016424
2019-05-24,TCS.NS,1701.8064361810684,1701.8064361810684,1670.771077260375,1683.7196044921875,2274208
2019-05-27,INFY.NS,579.39021168670286,584.63204941488652,577.8340122104795,579.9635009765625,10247544
2019-05-27,TCS.NS,1689.3097875453745,1700.9428262615945,1677.2244376254037,1689.597412109375,2329820
2019-05-28,INFY.NS,583.15786604119808,600.72632579570654,581.35596376041588,596.34442138671875,23860490
2019-05-28,TCS.NS,1693.5850133269287,1724.4148375986567,1681.2530836182375,1704.8892822265625,5872979
2019-05-29,INFY.NS,594.21490744720325,600.89011902941502,592.69969990540119,596.09869384765625,10293077
2019-05-29,TCS.NS,1710.0275620400751,1745.9545432726288,1707.6434692828457,1732.67724609375,3281320
2019-05-30,INFY.NS,595.44351262967211,603.83869282837111,591.79876586240994,600.8082275390625,15089296
2019-05-30,TCS.NS,1745.3793935329979,1772.9618541437542,1738.3090057649385,1764.5350341796875,4971725
2019-05-31,INFY.NS,603.22436655807883,608.50719687427477,600.5215382538521,604.2481689453125,8290306
2019-05-31,TCS.NS,1775.7981982799063,1812.7528474946218,1769.4267001147816,1805.8470458984375,4265370
2019-06-03,INFY.NS,597.73679443354149,615.01860926401912,597.08157088331757,609.89959716796875,7744761
2019-06-03,TCS.NS,1809.5049135164275,1847.8571295573529,1796.885160162524,1843.4588623046875,3682419
2019-06-04,INFY.NS,603.83859666452372,605.64049871096461,600.4805451159699,602.241455078125,11733702
2019-06-04,TCS.NS,1843.2103196854207,1843.2103196854207,1802.6000203758049,1809.313232421875,2408658
2019-06-06,INFY.NS,603.22427919021379,609.89948978431494,600.89003008154191,602.48712158203125,7563925
2019-06-06,TCS.NS,1822.4909580848175,1822.4909580848175,1783.5382181894167,1795.22412109375,3735467
2019-06-07,INFY.NS,602.69199551344491,609.3262652652536,602.69199551344491,605.3538818359375,3218358
2019-06-07,TCS.NS,1801.7712782528361,1814.8660685810366,1775.3332249768291,1808.1943359375,2659446
2019-06-10,INFY.NS,606.17294978906591,617.63953751639053,606.17294978906591,617.14813232421875,4435148
2019-06-10,TCS.NS,1820.584867702881,1853.0317952952362,1811.3025523772721,1849.426513671875,2080593
2019-06-11,INFY.NS,618.37668400510267,621.6528518673814,614.69099516003917,618.2947998046875,5733127
2019-06-11,TCS.NS,1853.9845551364085,1876.3201801852849,1849.011865225448,1867.079345703125,3048937
2019-06-12,INFY.NS,619.97380091209095,619.97380091209095,610.18623981893825,617.393798828125,8738342
2019-06-12,TCS.NS,1860.6146898391323,1878.7649259223499,1839.066368264158,1873.792236328125,2404448
2019-06-13,INFY.NS,614.65267944039476,620.63309402830737,614.65267944039476,616.85382080078125,4808577
2019-06-13,TCS.NS,1876.3614728109389,1893.7658857654574,1858.9985394027337,1868.1566162109375,3320916
2019-06-14,INFY.NS,617.85053883045146,619.22106851623778,613.19913324227036,615.0264892578125,5556353
2019-06-14,TCS.NS,1870.7671864116819,1875.6156394995614,1851.498015037633,1868.488037109375,2131408
2019-06-17,INFY.NS,617.14450591687864,618.39042349275394,612.82531484787455,615.1094970703125,3085588
2019-06-17,TCS.NS,1869.731336544038,1874.704026268889,1857.6725234934213,1864.0955810546875,1489497
2019-06-18,INFY.NS,614.81883786728588,624.99383197653719,614.81883786728588,623.08343505859375,6202838
2019-06-18,TCS.NS,1859.7860216007798,1873.0465279936552,1849.1775760186254,1865.4632568359375,1877447
2019-06-19,INFY.NS,625.0354562375752,627.44425103191895,621.79604954125455,624.537109375,4596253
2019-06-19,TCS.NS,1868.9027955879892,1886.3072118661921,1859.0816511810019,1872.9637451171875,1652817
2019-06-20,INFY.NS,612.82543704891384,628.69015442982072,611.24730488935904,627.0289306640625,7148684
2019-06-20,TCS.NS,1848.1834150493603,1892.9376322747707,1833.2653426408901,1887.9234619140625,2199377
2019-06-21,INFY.NS,627.11192661267012,627.11192661267012,620.59164407815399,623.125,13200318
2019-06-21,TCS.NS,1893.7663642087266,1899.9822275485801,1858.1287477268993,1864.634765625,3871804
2019-06-24,INFY.NS,624.53706645704733,624.53706645704733,616.85390689174528,619.22113037109375,4758178
2019-06-24,TCS.NS,1868.1987351351218,1889.6228292888925,1865.4224370307804,1885.893310546875,1382424
2019-06-25,INFY.NS,617.97512741833759,623.7063686367112,612.41001868534761,621.380615234375,3677911
2019-06-25,TCS.NS,1881.3340210351937,1885.0220582737813,1865.1727816474465,1879.5107421875,1386077
2019-06-26,INFY.NS,617.14459609746575,624.16327627314126,612.99153690434684,613.98828125,5447130
2019-06-26,TCS.NS,1877.1901386766867,1878.6819858772574,1864.7584159039934,1868.2392578125,1762224
2019-06-27,INFY.NS,616.31392046890505,618.5565823403731,604.80996797326111,606.80340576171875,11122346
2019-06-27,TCS.NS,1868.9023003984744,1876.3613339699095,1857.5480342075812,1866.871826171875,2813464
2019-06-28,INFY.NS,610.91501500697734,614.23746240334424,605.10073206333516,608.00787353515625,5919494
2019-06-28,TCS.NS,1873.0470004694928,1874.6630846259275,1841.967680771437,1845.8629150390625,2372928
2019-07-01,INFY.NS,610.49972670638249,612.57625638905722,606.2220552814623,607.42645263671875,3224968
2019-07-01,TCS.NS,1852.3267817643075,1868.902412921035,1828.7894664574533,1856.0977783203125,2769940
2019-07-02,INFY.NS,609.66916042018579,616.02336200290438,606.42975359438242,614.65283203125,4837606
2019-07-02,TCS.NS,1860.5322427623594,1870.5605838062172,1836.9534402487036,1866.4996337890625,1771746
2019-07-03,INFY.NS,615.48339794480194,617.31075420486081,606.34666734103291,607.42645263671875,5958379
2019-07-03,TCS.NS,1866.581761205267,1872.0518003556185,1849.8404144100855,1854.52294921875,1656881
2019-07-04,INFY.NS,605.51600318034923,611.66255078890902,605.1837381812029,609.5029296875,3274064
2019-07-04,TCS.NS,1851.4982338137149,1866.4163037370124,1848.266066266043,1858.6671142578125,984140
2019-07-05,INFY.NS,610.49967306238023,611.66254986110755,592.64151936055555,596.3792724609375,4926289
2019-07-05,TCS.NS,1862.2724973132231,1864.7588424364717,1773.592854584022,1792.73779296875,4088470
2019-07-08,INFY.NS,595.09188487212737,602.15208577271915,591.64482533028718,596.04705810546875,7177092
2019-07-08,TCS.NS,1781.0518845426006,1814.0374368786729,1767.0455546599007,1802.931640625,2788062
2019-07-09,INFY.NS,596.37932509362986,597.91593678079016,588.94533868748908,594.30279541015625,5022638
2019-07-09,TCS.NS,1801.7713141673769,1802.1027458929689,1744.2124688169586,1768.0814208984375,3977224
2019-07-10,INFY.NS,588.90379991395082,600.28319236470998,586.82727029507225,595.75634765625,7573816
2019-07-10,TCS.NS,1723.8657043559103,1763.5229843076845,1716.6553450026572,1747.2373046875,6343581
2019-07-11,INFY.NS,597.58381559205134,600.94778406430021,589.40225694602714,599.28656005859375,6252688
2019-07-11,TCS.NS,1763.6475081121848,1764.4762898359218,1728.8801552692782,1742.5550537109375,2400346
2019-07-12,INFY.NS,600.11699475740136,606.84492971413647,597.70820038218983,603.6470947265625,7874441
2019-07-12,TCS.NS,1742.1819354359623,1756.8098501864417,1734.7229008084457,1746.740234375,1560725
2019-07-15,INFY.NS,633.75673798856121,649.24766673831652,626.44736504228206,647.33721923828125,31064152
2019-07-15,TCS.NS,1761.1607907325549,1784.8640239576418,1738.7836889208943,1778.3165283203125,2900415
2019-07-16,INFY.NS,645.38547825947649,654.356077084395,644.55486631834458,651.90576171875,9924322
2019-07-16,TCS.NS,1766.1053159592384,1771.5049794370066,1744.5066620481659,1749.490966796875,2735399
2019-07-17,INFY.NS,651.11666052220028,660.33643193475484,645.1777654154979,659.63043212890625,6754348
2019-07-17,TCS.NS,1751.1522897848035,1765.2744856701647,1737.9439641697122,1758.83642578125,1802969
2019-07-18,INFY.NS,655.39433260554529,663.2436254759059,653.02710888590218,658.42608642578125,6534471
2019-07-18,TCS.NS,1757.964005586289,1757.964005586289,1711.2777313421407,1716.220458984375,3072096
2019-07-19,INFY.NS,655.10361900794499,659.92115791319145,648.91555018210295,652.36260986328125,6812754
2019-07-19,TCS.NS,1725.4000969415624,1742.014445491794,1713.3546942426444,1725.3585205078125,1953177
2019-07-22,INFY.NS,652.81929839190354,657.84448921185754,649.57989237096581,651.5318603515625,7107151
2019-07-22,TCS.NS,1725.3999488553195,1759.0024253517822,1718.5881070967403,1752.73046875,1920167
2019-07-23,INFY.NS,653.69149762221309,667.81189846030406,652.48710035260092,656.224853515625,10782564
2019-07-23,TCS.NS,1767.6835427880769,1769.4281305203813,1746.5002482677623,1754.8489990234375,3538588
2019-07-24,INFY.NS,654.52209658210109,659.29811441883589,650.86738439364342,653.11004638671875,5745146
2019-07-24,TCS.NS,1752.813449926547,1761.7852370572584,1724.9844212191824,1741.8480224609375,2413196
2019-07-25,INFY.NS,654.72969718726654,664.65551751545388,654.23135042710078,659.9210205078125,9773568
2019-07-25,TCS.NS,1751.899841103399,1773.5816463355729,1738.3177333209223,1767.6834716796875,2544464
2019-07-26,INFY.NS,658.09376100197039,660.33642314440715,649.7046015651606,653.6915283203125,4941763
2019-07-26,TCS.NS,1769.2621683623897,1769.2621683623897,1740.3531588604681,1752.0247802734375,1720592
2019-07-29,INFY.NS,655.76799222217244,661.95606004615672,653.02698352128232,657.3876953125,6244316
2019-07-29,TCS.NS,1753.4783667204945,1779.3967096033232,1747.2479860846286,1769.4281005859375,1647090
2019-07-30,INFY.NS,657.76160702171728,662.6621869861516,654.9790266409392,658.42608642578125,8673253
2019-07-30,TCS.NS,1769.427893169888,1815.1173458104251,1761.4945021944802,1810.257568359375,2851672
2019-07-31,INFY.NS,656.88939506897941,664.32338164801524,649.20623506143659,659.21514892578125,7350584
2019-07-31,TCS.NS,1804.1110196919667,1837.2981485720568,1783.6752847928581,1832.3138427734375,3000677
2019-08-01,INFY.NS,653.23464242559669,654.85434553070684,634.91966287463072,638.6158447265625,10066407
2019-08-01,TCS.NS,1827.5781414045714,1842.1156948021078,1799.5414312807513,1811.00537109375,2375236
2019-08-02,INFY.NS,635.45946884267846,647.79408296476663,633.13376622967814,644.222412109375,10838336
2019-08-02,TCS.NS,1805.148867158963,1835.8854102260966,1798.918486807517,1831.9810791015625,2500816
2019-08-05,INFY.NS,641.73069148465731,652.77786958582078,638.44981525250944,645.13623046875,9976238
2019-08-05,TCS.NS,1827.4950734343104,1870.9832091711576,1823.9231509687634,1867.951171875,3039682
2019-08-06,INFY.NS,646.88053649988353,650.95055508169423,639.40502941237366,643.26739501953125,9331718
2019-08-06,TCS.NS,1854.8257730669484,1870.7339294813776,1837.0898762001004,1839.955810546875,2885467
2019-08-07,INFY.NS,646.96357105103675,650.74284471711746,641.52302303771478,644.6378173828125,5130457
2019-08-07,TCS.NS,1852.5001249132638,1859.5612240440992,1833.6013007689692,1838.751708984375,2165362
2019-08-08,INFY.NS,650.11982856987015,658.46746653996627,648.91543138990687,655.14501953125,8009009
2019-08-08,TCS.NS,1851.58602805706,1894.8664879733096,1843.2788536249107,1875.8431396484375,2073298
2019-08-09,INFY.NS,657.84461268619452,661.79001913854233,651.86419697701479,656.05877685546875,4362520
2019-08-09,TCS.NS,1877.4213880773511,1883.9839746365894,1861.9285891633201,1865.9990234375,1744550
2019-08-13,INFY.NS,651.3242151572565,652.86082659519036,631.38953342915909,635.2103271484375,7517099
2019-08-13,TCS.NS,1864.9608050752215,1865.9992019600072,1822.8434679906893,1827.12158203125,1647281
2019-08-14,INFY.NS,643.80721784665343,646.42366542508807,637.90989405264077,643.55804443359375,5940968
2019-08-14,TCS.NS,1811.8774824722675,1842.4063415339895,1800.4964938514954,1831.2330322265625,1945002
2019-08-16,INFY.NS,647.87730905050012,647.91882950792819,633.34160019359786,643.3504638671875,5128088
2019-08-16,TCS.NS,1861.9698783712095,1861.9698783712095,1780.4350475995827,1798.5863037109375,3755507
2019-08-19,INFY.NS,644.22255907886313,650.36910731936803,642.35368233369252,645.92535400390625,3881451
2019-08-19,TCS.NS,1810.9639931518725,1815.9482977201803,1792.4389539439537,1796.841796875,974884
2019-08-20,INFY.NS,652.19642010954271,662.82824141142385,651.0750637193164,658.467529296875,8435344
2019-08-20,TCS.NS,1804.3184498077912,1831.7321279126056,1799.7495034569888,1816.571533203125,1843611
2019-08-21,INFY.NS,658.67513669256107,667.60421326184871,658.67513669256107,664.0325927734375,5926896
2019-08-21,TCS.NS,1815.0757391085856,1829.2395097532853,1812.8328429423736,1816.1141357421875,1214408
2019-08-22,INFY.NS,664.40654923763486,665.5693756024915,658.13538817329481,660.91796875,5222488
2019-08-22,TCS.NS,1816.7789464737104,1857.1932666959908,1802.6567507306593,1840.8697509765625,2131601
2019-08-23,INFY.NS,661.54087597571061,672.75413693219434,661.00095794734261,666.31689453125,6895015
2019-08-23,TCS.NS,1839.9974958976948,1877.3382031011306,1839.1252020504689,1867.2034912109375,2826425
2019-08-26,INFY.NS,661.08388438699069,670.13752166449694,653.60837895040891,666.607421875,5412074
2019-08-26,TCS.NS,1866.6219760342567,1895.6970846952263,1848.3461934473614,1890.9620361328125,2345475
2019-08-27,INFY.NS,657.01398911891738,660.29491614446727,648.79091132794656,651.7396240234375,16061642
2019-08-27,TCS.NS,1885.7286939955707,1889.7577549290822,1851.6692770555626,1857.899658203125,3432106
2019-08-28,INFY.NS,654.02370103697911,668.64244730821656,653.10999770970363,666.56591796875,5881134
2019-08-28,TCS.NS,1860.8068759071118,1870.9000106494555,1840.8696593795357,1860.183837890625,1294621
2019-08-29,INFY.NS,660.75169171267464,672.54638949788716,660.75169171267464,670.26220703125,7830413
2019-08-29,TCS.NS,1846.0202734312568,1867.6189270915188,1846.0202734312568,1855.3658447265625,1670652
2019-08-30,INFY.NS,672.79564300823552,678.90062023099551,666.15074776864799,676.86566162109375,8174186
2019-08-30,TCS.NS,1861.6370812922553,1882.4050094637441,1842.5305873744855,1877.0885009765625,2583625
2019-09-03,INFY.NS,676.948642467186,683.09519029703097,674.49832742569959,676.32568359375,5647088
2019-09-03,TCS.NS,1885.7286013180296,1907.4933578281357,1858.2733491813985,1870.4434814453125,2545060
2019-09-04,INFY.NS,673.41851321612171,683.13668136298509,673.0032073183628,682.18145751953125,6199015
2019-09-04,TCS.NS,1881.5747432522091,1885.728329881905,1854.9917888221557,1865.2926025390625,2228092
2019-09-05,INFY.NS,689.49080192324664,695.63734922786739,686.62523190752279,692.771728515625,7926895
2019-09-05,TCS.NS,1862.6346709702673,1872.1463454409159,1833.6427123873718,1840.2884521484375,2055943
2019-09-06,INFY.NS,700.4550201701353,703.52829440542689,693.60247184800448,697.838623046875,6106841
2019-09-06,TCS.NS,1840.8693672674915,1855.4069186786742,1821.4306653624101,1825.5010986328125,1890550
2019-09-09,INFY.NS,695.05599983244554,697.96314136554918,687.37284006638595,688.6602783203125,4377870
2019-09-09,TCS.NS,1827.5783881675268,1829.9460140224037,1810.7979362567276,1813.3316650390625,1703945
2019-09-11,INFY.NS,683.01204841634274,688.20337197948618,676.24259290791531,681.1846923828125,7981036
2019-09-11,TCS.NS,1815.9488099221289,1823.4252688833819,1783.1770387043555,1789.3658447265625,2627440
2019-09-12,INFY.NS,678.11151123046875,680.9770814569157,673.5015750647467,678.11151123046875,4400017
2019-09-12,TCS.NS,1790.1960954551353,1798.5032699120036,1761.4118170868369,1772.4188232421875,2118859
2019-09-13,INFY.NS,679.52355290039418,690.27998679311338,679.02520605529412,688.826416015625,4832021
2019-09-13,TCS.NS,1773.5819004933876,1792.6468269644156,1757.424485334644,1779.3553466796875,2291174
2019-09-16,INFY.NS,691.11063913847454,696.01126975389127,681.55860204131147,687.49749755859375,4846496
2019-09-16,TCS.NS,1794.3078330920184,1805.4809404731905,1766.4372264697383,1786.042236328125,2597948
2019-09-17,INFY.NS,690.65375892122881,693.56090041999528,681.55854895006894,690.44610595703125,5540901
2019-09-17,TCS.NS,1790.1543551566301,1791.4835840728072,1749.1585746517067,1763.3221435546875,2796530
2019-09-18,INFY.NS,689.32465219581911,691.85800767568435,684.42402301456093,689.2830810546875,3199389
2019-09-18,TCS.NS,1766.4371807238556,1780.185592563309,1755.4301765292103,1776.530517578125,1454663
2019-09-19,INFY.NS,685.13005263189154,686.9158880972077,677.11468000247567,681.68304443359375,6601607
2019-09-19,TCS.NS,1773.5817165213616,1774.2463310290368,1737.0301495298206,1746.12646484375,1652691
2019-09-20,INFY.NS,683.51055138303627,693.56093507375783,666.1507424301243,668.642578125,22462366
2019-09-20,TCS.NS,1748.5770603347366,1768.9296376380564,1708.7857760378947,1715.8052978515625,6941979
2019-09-23,INFY.NS,670.22062121559429,670.22062121559429,616.23085908781604,634.8780517578125,17279260
2019-09-23,TCS.NS,1743.6758279955579,1743.6758279955579,1640.6668700768114,1674.5601806640625,6323401
2019-09-24,INFY.NS,635.41809793681114,663.3682084057142,635.41809793681114,659.54736328125,13717998
2019-09-24,TCS.NS,1673.8958448332085,1712.1088517127755,1672.2344097514881,1698.568115234375,4620978
2019-09-25,INFY.NS,654.27298257326834,665.3201103460766,649.24779088037144,658.384521484375,9313576
2019-09-25,TCS.NS,1715.4312189636757,1737.860585991288,1711.3192089043148,1734.9114990234375,4002232
2019-09-26,INFY.NS,654.31443065948304,661.99758963580837,646.29900669206017,649.9952392578125,18442824
2019-09-26,TCS.NS,1742.7617925924881,1750.3214013643151,1713.7698391146569,1734.20556640625,4234281
2019-09-27,INFY.NS,653.73303697956987,659.71345235266642,647.96027456598006,649.70458984375,5087642
2019-09-27,TCS.NS,1732.0459929897804,1732.2120959279289,1704.1338037765559,1708.0797119140625,2046795
2019-09-30,INFY.NS,652.11332059778522,671.13435158339882,651.32427992479973,669.18243408203125,8178091
2019-09-30,TCS.NS,1712.8148431803927,1747.829502323191,1711.2779347841129,1743.9251708984375,2620039
2019-10-01,INFY.NS,670.30363435114486,670.76046064169714,657.47067359136463,659.13189697265625,5881438
2019-10-01,TCS.NS,1741.142279786942,1741.142279786942,1694.414421050021,1711.2364501953125,3342877
2019-10-03,INFY.NS,658.30138777636353,662.70362028288969,651.32427890654537,652.52862548828125,5497672
2019-10-03,TCS.NS,1719.5852133435337,1728.8476322809913,1699.7726213840253,1711.4857177734375,2317618
2019-10-04,INFY.NS,656.18339008383532,662.49602014020854,653.73307488029297,659.04901123046875,8201713
2019-10-04,TCS.NS,1711.7761018399656,1734.4960976752179,1707.0824275385573,1727.35205078125,2163251
2019-10-07,INFY.NS,660.21174149496255,666.15063589658837,652.94388854721296,655.80950927734375,3679845
2019-10-07,TCS.NS,1727.8925204166881,1739.9379250061313,1695.4945356588751,1701.060302734375,2177916
2019-10-09,INFY.NS,660.7101443192862,661.08392975607069,646.88043803389405,650.908935546875,6335025
2019-10-09,TCS.NS,1711.2779712241336,1711.2779712241336,1674.3110441758454,1678.13232421875,2066920
2019-10-10,INFY.NS,652.3625517149693,660.08723159649253,645.05312705202152,650.41058349609375,10402917
2019-10-10,TCS.NS,1684.6949052687582,1693.8743731995833,1659.0257170522634,1665.1314697265625,2881452
2019-10-11,INFY.NS,649.12316700703673,684.25803846005135,645.05314862435216,676.78253173828125,20636344
2019-10-11,TCS.NS,1604.1151985942729,1657.2811088532235,1599.1308945074964,1650.5107421875,12593069
2019-10-14,INFY.NS,653.48388771984423,661.9976593742814,647.87725760594662,652.9439697265625,15150858
2019-10-14,TCS.NS,1657.2811096886019,1688.6406895837119,1634.8517412868011,1678.8797607421875,3510704
2019-10-15,INFY.NS,642.14598425418285,644.51325838302444,635.4180487227859,638.1590576171875,13762133
2019-10-15,TCS.NS,1688.0178113721618,1700.4785727750075,1680.2920987400232,1692.420654296875,2261310
2019-10-16,INFY.NS,635.62564861472868,644.51320457589134,632.55237496693167,640.77545166015625,10767032
2019-10-16,TCS.NS,1693.0020561188192,1707.9549692739413,1674.72627337367,1699.9801025390625,3034082
2019-10-17,INFY.NS,637.07923227846811,640.02789394436445,635.50104962524608,639.15576171875,9860495
2019-10-17,TCS.NS,1710.6826210265917,1731.0681140279016,1698.1965480376809,1725.079833984375,3818774
2019-10-18,INFY.NS,634.42131052209595,642.72742888634582,631.26499568298573,637.7852783203125,10037200
2019-10-18,TCS.NS,1730.6430809243629,1753.0670359321125,1720.0256387101031,1747.503662109375,3087901
2019-10-22,INFY.NS,574.03580374059175,574.03580374059175,530.22103060065126,534.54022216796875,90152532
2019-10-22,TCS.NS,1766.7426231182164,1793.498581112555,1732.8093146918497,1742.4498291015625,5552505
2019-10-23,INFY.NS,529.87233932771267,552.28680088234751,517.34041743514229,547.19830322265625,60516887
2019-10-23,TCS.NS,1749.7546411011506,1770.0128056956842,1743.3841751748116,1758.3336181640625,2348134
2019-10-24,INFY.NS,546.69360148647775,549.38502640688171,531.55439406069831,534.3719482421875,25666433
2019-10-24,TCS.NS,1770.1401972262249,1782.8811295479106,1750.8589611204627,1768.44140625,2798671
2019-10-25,INFY.NS,544.17054923788157,548.79641944005834,534.91880883352815,536.13836669921875,16549337
2019-10-25,TCS.NS,1778.6342236920791,1809.2124624948083,1762.5382200189222,1804.9229736328125,3954245
2019-10-27,INFY.NS,547.618719164661,548.79623353292402,542.95080744522045,545.726318359375,2945281
2019-10-27,TCS.NS,1808.3630418027797,1808.3630418027797,1791.2052939655605,1797.0660400390625,224405
2019-10-29,INFY.NS,547.53470941113005,549.84764405149974,544.17044084331974,547.2403564453125,16709764
2019-10-29,TCS.NS,1801.992062190368,1870.1135212522458,1801.992062190368,1864.2952880859375,5064173
2019-10-30,INFY.NS,555.44071437223272,564.69245215573062,551.90822240614693,555.60888671875,22879467
2019-10-30,TCS.NS,1889.904590847176,1919.6334271076933,1849.0062890546833,1913.517822265625,5195136
2019-10-31,INFY.NS,562.16930613941486,584.92016238299959,560.23481061792336,576.6356201171875,27405901
2019-10-31,TCS.NS,1911.1397844303751,1940.8261142741392,1900.0976434536663,1927.830322265625,4879261
2019-11-01,INFY.NS,580.33628870417556,583.70055704448953,574.11237174073017,578.570068359375,9713519
2019-11-01,TCS.NS,1923.0313865311218,1932.3747369073774,1864.4230978073376,1869.4344482421875,4172620
2019-11-04,INFY.NS,573.43949468199514,616.08160365956121,570.36963080243856,596.3165283203125,29381982
2019-11-04,TCS.NS,1874.6157801567008,1893.4723178936765,1852.446475702674,1863.5311279296875,2646411
2019-11-05,INFY.NS,596.10631638921586,596.10631638921586,581.59790868873756,585.466796875,12897805
2019-11-05,TCS.NS,1866.1216823942223,1878.0132179215409,1842.338611339585,1870.2413330078125,2693475
2019-11-06,INFY.NS,585.21449450727107,606.82992985712565,582.01844970357718,599.09210205078125,21372589
2019-11-06,TCS.NS,1868.669902687343,1877.8434145931024,1850.832599070782,1858.90185546875,2540719
2019-11-07,INFY.NS,603.04499573576049,609.22681720839603,598.9237471975689,605.65228271484375,13733737
2019-11-07,TCS.NS,1872.4924035832537,1872.4924035832537,1847.6050736420959,1856.2265625,1915598
2019-11-08,INFY.NS,607.25050554500694,609.14290670494631,593.37289703878446,595.60174560546875,8585630
2019-11-08,TCS.NS,1859.8363628918071,1859.8363628918071,1804.1159383444469,1809.1697998046875,2788759
2019-11-11,INFY.NS,587.82182376567812,594.80267051237286,587.06484283274517,592.44769287109375,6951494
2019-11-11,TCS.NS,1813.4594345052478,1816.8570165839462,1776.0860316395658,1784.5374755859375,2983768
2019-11-13,INFY.NS,585.80325698295712,588.74699194267043,578.44391958367373,581.47174072265625,9973690
2019-11-13,TCS.NS,1799.0195938923832,1854.9098569333994,1799.0195938923832,1850.4930419921875,3823365
2019-11-14,INFY.NS,585.67702935564887,596.98939163093007,585.67702935564887,593.20458984375,10539902
2019-11-14,TCS.NS,1858.0526069523842,1868.6700504206835,1823.3972299974666,1865.9520263671875,2995915
2019-11-15,INFY.NS,596.35868695205193,599.63886956074327,590.68148336101024,592.0272216796875,7362623
2019-11-15,TCS.NS,1865.2729020573292,1878.4385350181165,1842.1268699165905,1846.9683837890625,2724180
2019-11-18,INFY.NS,592.95232074233706,597.15765635043874,588.15822788216849,593.12054443359375,7490916
2019-11-18,TCS.NS,1850.3225570725663,1858.2644857265186,1825.1380704855933,1828.4083251953125,1611089
2019-11-19,INFY.NS,597.07358051596736,600.5219352404855,592.95233101476504,599.5546875,6495885
2019-11-19,TCS.NS,1828.748313689669,1830.1497331643022,1787.977334099746,1791.205078125,2975313
2019-11-20,INFY.NS,599.51256246163621,601.3629201752608,592.95224996301931,599.6807861328125,6142171
2019-11-20,TCS.NS,1802.3748594996111,1813.4595129854604,1779.0589929499047,1790.9930419921875,2894129
2019-11-21,INFY.NS,601.78351426951895,606.78787381654024,597.5781787400324,599.89111328125,9692973
2019-11-21,TCS.NS,1793.923340700238,1806.3245982580265,1790.0160383540981,1799.104736328125,2052574
2019-11-22,INFY.NS,598.62949402367042,598.83976079361207,576.21503581403408,583.0277099609375,14415826
2019-11-22,TCS.NS,1781.1823747127958,1789.6763297662665,1750.1794387676277,1759.692626953125,3742049
2019-11-25,INFY.NS,583.15379641049742,593.07842829086223,583.02766715858854,587.14886474609375,7334511
2019-11-25,TCS.NS,1762.1133447515829,1770.9469743448467,1743.1292737917977,1768.0166015625,2737010
2019-11-26,INFY.NS,592.95232964995375,594.84473070202807,576.97205409910384,580.8409423828125,27253106
2019-11-26,TCS.NS,1775.1089809269968,1781.9464476962712,1728.562073596592,1738.4150390625,6561580
2019-11-27,INFY.NS,583.91088459262994,586.77053351341033,580.42043529238322,585.1724853515625,3861635
2019-11-27,TCS.NS,1742.9593130263515,1759.6923604733222,1738.3301496976192,1744.9129638671875,2907521
2019-11-28,INFY.NS,587.99010457146551,591.5646404485899,583.74272514911092,590.30303955078125,4837683
2019-11-28,TCS.NS,1755.7427632523354,1778.9736024926788,1749.7544843436688,1764.4915771484375,2924429
2019-11-29,INFY.NS,589.50395941614033,590.68142257230545,581.63995111705583,585.67706298828125,4262379
2019-11-29,TCS.NS,1770.989422316849,1770.989422316849,1737.6931638608646,1744.0211181640625,2064271
2019-12-02,INFY.NS,591.35436848590075,592.11134955186697,580.58871785189206,582.6072998046875,9383736
2019-12-02,TCS.NS,1749.754315570942,1756.2946178974828,1712.3809224228248,1716.67041015625,3809860
2019-12-03,INFY.NS,582.60725409625149,588.49472443955335,579.11680471599834,587.3592529296875,5239013
2019-12-03,TCS.NS,1722.3190308305213,1751.4533348585676,1707.2847735527259,1742.1099853515625,4664774
2019-12-04,INFY.NS,586.22374446326683,597.57814984383231,583.1538291413242,596.19036865234375,7427886
2019-12-04,TCS.NS,1743.8090416837376,1768.4415123163865,1737.4385751408111,1765.4686279296875,3334301
2019-12-05,INFY.NS,594.1718833260984,602.11997795909963,591.94303490121899,601.23681640625,4814422
2019-12-05,TCS.NS,1769.2908640906817,1806.4944292555053,1756.8473027000828,1801.82275390625,3902721
2019-12-06,INFY.NS,602.16195927120759,605.56827052598464,596.82115275119043,601.447021484375,5226096
2019-12-06,TCS.NS,1804.1156761589034,1807.5132574699371,1784.5795836204595,1803.7760009765625,1829461
2019-12-09,INFY.NS,602.20403722987101,607.54479272451158,600.7321698204405,603.25537109375,6435865
2019-12-09,TCS.NS,1807.4710345910385,1807.4710345910385,1744.2335838249737,1750.1368408203125,2244747
2019-12-10,INFY.NS,599.68085330831389,604.3067224432308,597.15765196199561,600.9844970703125,4457939
2019-12-10,TCS.NS,1749.7545815711517,1750.4766506336791,1701.5513910351503,1709.70556640625,4520045
2019-12-11,INFY.NS,602.70877850873296,607.8393196000186,599.68095690395614,606.4515380859375,6043554
2019-12-11,TCS.NS,1720.3654690223104,1739.5617843823056,1704.5242240279256,1734.3804931640625,4943024
2019-12-12,INFY.NS,604.30676687003609,606.15712492696809,588.36853359379563,590.51324462890625,11112042
2019-12-12,TCS.NS,1742.1950166050156,1769.8426714331872,1685.2005013768171,1716.543212890625,7137306
2019-12-13,INFY.NS,589.04134228346186,599.59677580262041,589.04134228346186,598.25103759765625,10302412
2019-12-13,TCS.NS,1718.3269728094826,1764.5340017345777,1704.7366457877565,1759.310302734375,5711133
2019-12-16,INFY.NS,599.09214816870644,605.73659949246746,597.32592760652562,600.52197265625,5616324
2019-12-16,TCS.NS,1780.3326313991417,1814.3084449754613,1766.9971660448182,1806.4515380859375,5574177
2019-12-17,INFY.NS,605.31607361234092,615.03038949746997,601.36304750863724,613.72674560546875,10525565
2019-12-17,TCS.NS,1806.23958718982,1842.3388970678202,1799.8691207407612,1838.8988037109375,6059673
2019-12-18,INFY.NS,614.81999333192277,620.11870530574527,607.88119039760227,616.03955078125,12215295
2019-12-18,TCS.NS,1846.5854542305171,1871.6001053168939,1828.74815223473,1841.2767333984375,8251081
2019-12-19,INFY.NS,616.9228184388395,618.98344343675535,609.43729949446606,614.6939697265625,7199210
2019-12-19,TCS.NS,1851.5122447595547,1899.6729253359376,1841.1071504893266,1893.344970703125,6251505
2019-12-20,INFY.NS,614.82019912871283,618.18446834419137,612.50726404307125,615.28277587890625,7794167
2019-12-20,TCS.NS,1885.6582955866656,1908.3371173970284,1875.6778969501145,1888.1214599609375,5548338
2019-12-23,INFY.NS,615.78724208169456,620.1187064539813,615.3667085697449,619.02532958984375,4975608
2019-12-23,TCS.NS,1877.1642267736843,1904.3023740076253,1877.1642267736843,1895.5960693359375,2247329
2019-12-24,INFY.NS,619.82446227377818,619.82446227377818,612.54921070678972,616.83868408203125,2890759
2019-12-24,TCS.NS,1901.7963016487536,1905.6610921952697,1878.1405567969389,1881.9205322265625,1805896
2019-12-26,INFY.NS,615.66106938414816,617.80578005564496,611.07724377822262,613.0958251953125,3821806
2019-12-26,TCS.NS,1882.5998940114591,1893.3023590707232,1864.5927528872353,1870.326171875,1880367
2019-12-27,INFY.NS,613.76876898315902,620.2870395684547,613.01178799422598,619.824462890625,3399094
2019-12-27,TCS.NS,1875.465130699909,1891.0939238403016,1848.2844766317944,1867.3958740234375,2720261
2019-12-30,INFY.NS,619.10958704398433,620.66559226948368,611.66616235700792,616.418212890625,5368416
2019-12-30,TCS.NS,1874.6158001213769,1889.90491856369,1849.2189585465333,1854.400146484375,2288830
2019-12-31,INFY.NS,613.72673138482128,620.4973119154746,610.15219587056743,614.9462890625,6927885
2019-12-31,TCS.NS,1859.3264746497275,1866.1216376452496,1832.5280091117538,1836.137939453125,1909289
2020-01-01,INFY.NS,618.18434175050015,622.38967740866678,616.12371701106565,619.74029541015625,2112415
2020-01-01,TCS.NS,1841.4896997124511,1854.9950070890422,1829.5981610611714,1841.1500244140625,1354908
2020-01-02,INFY.NS,621.4644989125743,623.06249559711966,614.73596213218491,617.9320068359375,5658200
2020-01-02,TCS.NS,1851.6395579353712,1851.6395579353712,1825.5206480145703,1832.697998046875,2380752
2020-01-03,INFY.NS,617.25920417310613,629.11823049754946,617.25920417310613,627.43609619140625,7882938
2020-01-03,TCS.NS,1838.0922652243844,1888.2066107180253,1838.0922652243844,1869.2225341796875,4655761
2020-01-06,INFY.NS,627.52022260224851,633.99645036301433,619.44599794900057,621.4224853515625,6519403
2020-01-06,TCS.NS,1872.9166700414055,1890.7114604207063,1858.3919272025273,1869.0518798828125,3023209
2020-01-07,INFY.NS,620.70752581311581,624.57641397673103,609.85773958414359,612.2127685546875,7899363
2020-01-07,TCS.NS,1869.0945677011657,1881.1134295981005,1854.9097060714332,1873.638916015625,2429317
2020-01-08,INFY.NS,609.73152346032316,613.13783449614846,595.72773757068489,604.0543212890625,8639443
2020-01-08,TCS.NS,1872.9169990075241,1919.6337495496618,1870.4113238619245,1915.59912109375,5197454
2020-01-09,INFY.NS,606.9981736921635,615.24062151247904,600.77425623527313,611.91839599609375,13521186
2020-01-09,TCS.NS,1910.0781310467348,1912.7961551729452,1877.1640554144674,1880.8590087890625,3734173
2020-01-10,INFY.NS,622.76830687223446,624.82893207155246,614.39967677786649,620.8338623046875,9341405
2020-01-10,TCS.NS,1892.4536582821027,1897.5500325862736,1875.4657439348666,1880.179931640625,1915807
2020-01-13,INFY.NS,639.21109327297177,653.92976976280988,635.00575713301794,650.6075439453125,36952038
2020-01-13,TCS.NS,1883.8318869214825,1884.7660975454858,1855.6743017585457,1860.4735107421875,2843893
2020-01-14,INFY.NS,647.57962551293394,653.46709522748949,645.26669098221578,652.37371826171875,11414418
2020-01-14,TCS.NS,1864.4229172598989,1893.9819188803635,1864.4229172598989,1874.5306396484375,2948452
2020-01-15,INFY.NS,650.85974756036978,650.85974756036978,641.01930366757358,645.56103515625,6047430
2020-01-15,TCS.NS,1879.7121627512147,1895.0012811106913,1863.7434865458179,1891.5186767578125,2620681
2020-01-16,INFY.NS,648.21053082599383,649.72444158800261,639.42136791880773,645.09857177734375,5740586
2020-01-16,TCS.NS,1891.5612892435663,1910.2905017107182,1881.4110543749402,1901.626708984375,3117214
2020-01-17,INFY.NS,648.21042653648828,650.06078442998489,641.1033992493434,645.8133544921875,3762957
2020-01-17,TCS.NS,1903.2826369881777,1914.1549389795516,1879.7119159454812,1884.893310546875,3281059
2020-01-20,INFY.NS,648.96744617558329,651.32247545843848,641.69224552610387,646.318115234375,3887680
2020-01-20,TCS.NS,1864.338336112075,1904.5147898246489,1831.4667675734145,1843.48583984375,5817599
2020-01-21,INFY.NS,646.31801914804782,648.0421964251409,639.84179225233731,641.31365966796875,4448374
2020-01-21,TCS.NS,1843.1457821669178,1857.2458308625814,1833.038058345345,1844.0802001953125,1902980
2020-01-22,INFY.NS,646.31811040389437,654.35029202492728,644.25748546413149,647.78997802734375,9733935
2020-01-22,TCS.NS,1852.5313815689474,1877.163848357347,1846.3307536271377,1874.5306396484375,1773686
2020-01-23,INFY.NS,653.59324234724932,660.65822673158607,653.25684629802493,659.69097900390625,12528017
2020-01-23,TCS.NS,1881.2565310047064,1888.0245178056796,1859.0368830317057,1865.208984375,2069866
2020-01-24,INFY.NS,652.45780614891282,661.49927751997416,650.64949134083577,658.34527587890625,7540490
2020-01-24,TCS.NS,1865.2090345222618,1865.2090345222618,1847.3738310400095,1858.781494140625,1319430
2020-01-27,INFY.NS,655.23347244735294,660.06960944190678,651.32254028734451,654.4344482421875,3741610
2020-01-27,TCS.NS,1864.1446465594408,1867.3371124590983,1843.116979402263,1846.735107421875,1549101
2020-01-28,INFY.NS,656.873421087976,657.54626451742035,649.30381700373562,654.3502197265625,5121009
2020-01-28,TCS.NS,1850.779055724993,1862.5273728082846,1832.0499208464512,1859.0794677734375,1743024
2020-01-29,INFY.NS,661.58345670779465,666.7980837544111,659.60696926871822,664.1907958984375,6832757
2020-01-29,TCS.NS,1860.1433558422534,1861.8033964448073,1830.3470091811648,1834.26318359375,2306761
2020-01-30,INFY.NS,664.19063589408188,664.19063589408188,654.35014149414098,656.62103271484375,3859680
2020-01-30,TCS.NS,1838.860411432064,1843.1170327548234,1809.0640621727482,1820.003662109375,2098567
2020-01-31,INFY.NS,656.49492578950969,660.19564162623601,648.96736484971166,652.62603759765625,6092028
2020-01-31,TCS.NS,1821.3230968054377,1825.537318301137,1763.6034764105029,1769.94580078125,3287223
2020-02-03,INFY.NS,657.71455829207196,665.24212008933046,642.99588211545904,645.43499755859375,6416745
2020-02-03,TCS.NS,1832.0496038012782,1868.401104092527,1781.9917013110075,1789.9090576171875,4728073
2020-02-04,INFY.NS,647.70576333078952,664.35893323960545,647.70576333078952,662.63470458984375,5771311
2020-02-04,TCS.NS,1812.469425462486,1819.0245809705073,1776.3733584635934,1794.3787841796875,3509339
2020-02-05,INFY.NS,656.87341391638927,661.07874947283221,651.32239151574959,659.85919189453125,6310409
2020-02-05,TCS.NS,1800.5504730917582,1836.0506465245821,1791.4413467822649,1827.4097900390625,2439322
2020-02-06,INFY.NS,659.69089019678847,661.7515146427088,647.6215991108578,648.75701904296875,7341622
2020-02-06,TCS.NS,1826.0901119007924,1850.9487329278074,1800.9760520867724,1811.9156494140625,2640065
2020-02-07,INFY.NS,652.62599358037687,655.06505724650447,648.46270137852457,653.76141357421875,2853344
2020-02-07,TCS.NS,1820.9826756202986,1831.1985672086312,1803.956189639744,1818.89697265625,2083442
2020-02-10,INFY.NS,650.98595378363098,654.35022227863681,647.41141850768724,650.3131103515625,3827682
2020-02-10,TCS.NS,1822.6002108151999,1844.8198594024605,1803.9562907585666,1840.5206298828125,2383032
2020-02-11,INFY.NS,655.19137060479602,655.27545679372724,646.94892203742063,650.6075439453125,4312817
2020-02-11,TCS.NS,1841.4143731762294,1851.4600410062299,1828.3040627179348,1833.2415771484375,1335820
2020-02-12,INFY.NS,652.49992453668756,658.76588545364314,651.91116722881236,656.91552734375,2948825
2020-02-12,TCS.NS,1831.2835258983955,1860.1433324500822,1830.3469861636963,1848.011962890625,1620407
2020-02-13,INFY.NS,660.23765190801021,667.80725556045866,657.88267437195827,666.33538818359375,4387430
2020-02-13,TCS.NS,1849.8852616572199,1870.3596544729824,1848.2252206922369,1866.0604248046875,1645948
2020-02-14,INFY.NS,668.22791739233787,672.18094365894967,659.9013312421273,661.45733642578125,5321680
2020-02-14,TCS.NS,1862.6973538093125,1883.1291346554842,1848.2248423766075,1859.4622802734375,1500115
2020-02-17,INFY.NS,664.6952330885714,667.34461464555113,658.80776414831007,663.9803466796875,2929629
2020-02-17,TCS.NS,1870.3167913748648,1887.3858843558521,1864.57035262006,1875.68017578125,1774724
2020-02-18,INFY.NS,660.23773791390693,672.0547215548595,659.10231775199816,670.87725830078125,5083346
2020-02-18,TCS.NS,1872.8704485235667,1890.7908627444326,1861.0371264413504,1886.3214111328125,2486223
2020-02-19,INFY.NS,672.85368726835407,676.9328422135535,669.61559943224006,673.232177734375,3985192
2020-02-19,TCS.NS,1886.3215138252051,1898.4528831457553,1864.8255787133528,1869.805908203125,1760463
2020-02-20,INFY.NS,675.58717495524604,677.98419575175387,667.68112336681554,670.33050537109375,4564569
2020-02-20,TCS.NS,1876.7446061936419,1885.1726344655751,1831.4115827054081,1836.136474609375,2317278
2020-02-24,INFY.NS,672.93775533224277,682.61002682638127,666.2513130627193,669.36322021484375,6627536
2020-02-24,TCS.NS,1835.455374209675,1854.9932272784447,1793.4850404571789,1800.84912109375,3092877
2020-02-25,INFY.NS,672.01267641445372,677.90014667090077,668.98485510214766,671.508056640625,6996695
2020-02-25,TCS.NS,1800.9766345867504,1853.0350346474243,1797.1456750709667,1835.5828857421875,2674567
2020-02-26,INFY.NS,667.76523771382813,674.07324099596394,656.45287489426551,658.34527587890625,8760569
2020-02-26,TCS.NS,1833.7522416536813,1842.1802677052151,1798.8053432978004,1807.8720703125,2686842
2020-02-27,INFY.NS,654.35017961763913,656.66311405716158,649.4720008848509,654.2239990234375,5223386
2020-02-27,TCS.NS,1804.7648510124557,1804.7648510124557,1776.0326567981538,1792.4632568359375,2349001
2020-02-28,INFY.NS,630.80033129318372,636.51957736330939,607.29249534672522,615.4088134765625,14123957
2020-02-28,TCS.NS,1760.5387017782907,1761.8156882641067,1694.13540451586,1702.7763671875,4298076
2020-03-02,INFY.NS,619.86651531627876,644.17337749551928,617.13304696515536,623.2728271484375,9821523
2020-03-02,TCS.NS,1732.4450826946595,1748.577637842089,1690.4747499335333,1703.7554931640625,2667076
2020-03-03,INFY.NS,635.00563615137639,638.36990442237709,623.44096396981161,628.277099609375,7826587
2020-03-03,TCS.NS,1719.6751402082064,1753.7281132816363,1712.8645455935205,1733.466552734375,2757585
2020-03-04,INFY.NS,634.08051303026116,640.47260251492992,627.05757188015355,638.15966796875,11013444
2020-03-04,TCS.NS,1750.3229005950811,1783.0562809758669,1723.9318451872759,1773.4788818359375,3237002
2020-03-05,INFY.NS,642.36503544018672,650.60748323847645,632.27222964603652,634.66925048828125,7755293
2020-03-05,TCS.NS,1775.6068763349078,1828.4315855238933,1774.2022745151698,1809.1065673828125,3937056
2020-03-06,INFY.NS,623.23070801358256,625.75390926060118,613.22198919987795,621.50653076171875,9216022
2020-03-06,TCS.NS,1786.0782655027772,1807.9146492436928,1763.6033885782931,1801.78515625,2595027
2020-03-09,INFY.NS,609.35313167226798,610.48855175642552,586.22378574958009,592.48974609375,10308654
2020-03-09,TCS.NS,1766.4977022113148,1770.6691076239867,1647.312315074166,1679.1092529296875,4940975
2020-03-11,INFY.NS,580.8830285510021,585.34067403226436,562.71594790850406,576.9720458984375,16165009
2020-03-11,TCS.NS,1645.6099277650142,1691.8368803928918,1634.5427114893055,1663.2322998046875,6796449
2020-03-12,INFY.NS,561.83285244296792,563.51498673171932,527.76963309575206,530.881591796875,13965574
2020-03-12,TCS.NS,1620.9209602216379,1624.6668067543274,1496.9255939246068,1506.7158203125,8728786
2020-03-13,INFY.NS,497.91175020158181,560.99178612239029,479.40827299814464,540.25946044921875,16903113
2020-03-13,TCS.NS,1436.9500278329067,1549.409925249422,1282.136754712458,1537.746826171875,8029720
2020-03-16,INFY.NS,523.1436954762919,523.26987606533419,487.8188800261243,490.46826171875,19140152
2020-03-16,TCS.NS,1494.0742315431439,1568.3522809460721,1426.6918885784364,1444.1866455078125,7844271
2020-03-17,INFY.NS,494.63162283671534,497.91180560344401,462.58698155725375,466.75027465820312,16059887
2020-03-17,TCS.NS,1472.7912061665977,1473.6425305632258,1381.8272151711731,1411.495849609375,5713248
2020-03-18,INFY.NS,477.72617752560524,486.13684966514052,444.08348896746401,449.3822021484375,15390183
2020-03-18,TCS.NS,1427.5005928402754,1458.7867600988843,1385.7430953796049,1408.430908203125,7258778
2020-03-19,INFY.NS,428.31344971314985,469.31547361794333,428.31344971314985,458.84417724609375,16583991
2020-03-19,TCS.NS,1337.5117640842986,1445.3479566848243,1326.4066075933426,1403.2425537109375,5135111
2020-03-20,INFY.NS,462.16631148872062,519.31682378596759,460.90471100240023,492.19241333007812,21354894
2020-03-20,TCS.NS,1397.7971946476366,1602.7502802432102,1395.2245617740521,1541.3929443359375,8547498
2020-03-23,INFY.NS,454.17620279369305,471.7965675949356,433.90650761028235,442.77975463867188,17146150
2020-03-23,TCS.NS,1389.222357181678,1500.7031636221832,1387.2928816855924,1431.84228515625,7003490
2020-03-24,INFY.NS,439.03700409063879,505.60748223709646,439.03700409063879,496.06134033203125,20027097
2020-03-24,TCS.NS,1417.5640178065612,1517.8538080539959,1400.2415556067735,1460.5269775390625,6350865
2020-03-25,INFY.NS,502.11706128918286,534.07761125398849,475.79167119036754,509.85488891601562,18339548
2020-03-25,TCS.NS,1457.8250813302238,1552.1549395339443,1440.6741980204565,1500.9595947265625,2765520
2020-03-26,INFY.NS,517.25638999167722,547.40863219146877,514.81727428548902,540.8062744140625,14843813
2020-03-26,TCS.NS,1570.6784172181449,1571.0643750348593,1477.1632563528901,1535.8192138671875,4556067
2020-03-27,INFY.NS,559.35163514341059,567.63617644310375,540.17531653979768,548.9644775390625,13495283
2020-03-27,TCS.NS,1560.7306501995411,1586.4569795984346,1501.0455869302484,1564.589599609375,4331250
2020-03-30,INFY.NS,525.75118525374592,558.04819235335765,522.38691581981459,527.096923828125,14624804
2020-03-30,TCS.NS,1514.4232740898228,1633.6219349609923,1512.3223323712095,1525.142578125,8513547
2020-03-31,INFY.NS,546.69362616000092,556.78643156603175,532.98424241707505,539.5445556640625,15175521
2020-03-31,TCS.NS,1575.6518398346238,1590.7445978320939,1526.4287785127369,1565.9615478515625,3927593
2020-04-01,INFY.NS,533.53096031164375,536.18034253805206,499.59391916486732,506.99530029296875,13083824
2020-04-01,TCS.NS,1565.7900650493316,1573.3793107161839,1459.5403116713148,1465.3287353515625,4941878
2020-04-03,INFY.NS,507.58402202392654,509.68668988649461,489.62725901146126,492.613037109375,10221655
2020-04-03,TCS.NS,1492.1270224952673,1492.1270224952673,1414.9480385730983,1418.5496826171875,5735369
2020-04-07,INFY.NS,517.25628346904341,541.85749695110769,515.49006303496583,537.44189453125,15145605
2020-04-07,TCS.NS,1466.4007747531741,1531.4454899369334,1462.1130531895685,1522.3126220703125,5427577
2020-04-08,INFY.NS,529.87233060569179,551.44572459993333,526.80241482307758,531.218017578125,11806896
2020-04-08,TCS.NS,1509.2782372916101,1548.7252821299135,1458.6831145642209,1462.4991455078125,6285615
2020-04-09,INFY.NS,544.00227738348349,549.04868079396977,531.63857876085819,535.1290283203125,11931114
2020-04-09,TCS.NS,1501.0886135925118,1525.4000820566873,1484.5808832273499,1514.5521240234375,5307397
2020-04-13,INFY.NS,529.03132767642603,548.12356550815389,526.55016889336173,536.0963134765625,8330276
2020-04-13,TCS.NS,1510.135712489564,1532.4318672452305,1497.2725462843719,1508.635009765625,2990438
2020-04-15,INFY.NS,547.87115777629538,549.46915454804912,534.5822558420756,537.48394775390625,11963447
2020-04-15,TCS.NS,1530.7167057035113,1553.870403772976,1481.6652094434473,1487.9681396484375,4761399
2020-04-16,INFY.NS,521.419576034334,533.99353985917082,507.58401151806868,524.69970703125,17783287
2020-04-16,TCS.NS,1466.3580067370287,1513.4801343842425,1436.429790884263,1471.589111328125,6245533
2020-04-17,INFY.NS,541.6472582473906,543.32939258977387,526.50804916594177,528.82098388671875,8878320
2020-04-17,TCS.NS,1543.5798731988004,1588.129261555782,1503.2752876208317,1548.8966064453125,9895823
2020-04-20,INFY.NS,538.28305383566214,555.94546653964471,537.44198656404387,549.46923828125,13322913
2020-04-20,TCS.NS,1569.3062279720191,1569.3062279720191,1545.7237573330954,1559.5731201171875,3244282
2020-04-21,INFY.NS,528.02199815017252,543.74996566049595,528.02199815017252,532.56378173828125,11660575
2020-04-21,TCS.NS,1513.5655071796086,1538.9487944658599,1481.5790667703366,1490.1116943359375,5122541
2020-04-22,INFY.NS,532.56372819577894,542.48831027180302,528.23221185121577,539.83892822265625,8266728
2020-04-22,TCS.NS,1490.1119168105436,1535.0043412742389,1474.2473468029607,1517.4246826171875,3829836
2020-04-23,INFY.NS,544.21249803184458,574.99558702557397,536.6849366494273,571.3369140625,14451289
2020-04-23,TCS.NS,1526.4292348990916,1629.3345765776821,1510.0072365200713,1610.6829833984375,5934366
2020-04-24,INFY.NS,562.29542826880959,567.72032160889421,550.73075505085069,553.42218017578125,7319940
2020-04-24,TCS.NS,1578.481951671356,1588.1293262719785,1550.2688243616619,1559.4874267578125,2987102
2020-04-27,INFY.NS,555.98748816953366,572.76678985740034,555.98748816953366,558.9732666015625,7183306
2020-04-27,TCS.NS,1571.2784426780529,1607.8955419477293,1565.0183274957899,1574.9658203125,3374741
2020-04-28,INFY.NS,566.03816946636687,569.40243793273464,549.25887022342533,555.69305419921875,7296571
2020-04-28,TCS.NS,1599.320365074306,1601.8929983693317,1571.5359045518851,1594.218017578125,2678505
2020-04-29,INFY.NS,560.15073838962996,573.60781318577722,553.42220099155634,569.02398681640625,8639056
2020-04-29,TCS.NS,1607.038383302634,1640.0967654504395,1586.5002345238574,1634.1796875,4241510
2020-04-30,INFY.NS,588.74690857573376,605.56824882075466,587.14886071859416,601.783447265625,16253821
2020-04-30,TCS.NS,1697.9375028102017,1742.5298008638031,1665.522290429732,1727.4798583984375,5915544
2020-05-04,INFY.NS,580.16817629317359,589.75636343589269,563.80940808394587,566.62701416015625,9122740
2020-05-04,TCS.NS,1685.9320296396047,1685.9320296396047,1641.0396081791857,1655.4462890625,3729348
2020-05-05,INFY.NS,573.39759522666498,576.6356835913997,563.51505508157754,566.62701416015625,6393053
2020-05-05,TCS.NS,1676.5851652701094,1695.3654100198269,1652.4881867011666,1657.4190673828125,2905528
2020-05-06,INFY.NS,569.31826519619619,573.14510972792618,558.51052359039363,560.0665283203125,7934250
2020-05-06,TCS.NS,1663.4645546737941,1675.3843372700589,1623.8459433080814,1632.42138671875,3517431
2020-05-07,INFY.NS,559.77213676064889,567.17351616217638,557.16484957039518,559.26751708984375,4779548
2020-05-07,TCS.NS,1637.9094998663236,1658.8764146808169,1615.0559249137257,1622.173583984375,3166754
2020-05-08,INFY.NS,565.40733327611861,572.68258390717608,562.25333178889593,567.04742431640625,8400321
2020-05-08,TCS.NS,1662.8642970944757,1663.2073357848401,1617.5430972540112,1623.674560546875,2686530
2020-05-11,INFY.NS,574.02835971754905,587.52747790990736,570.24355734578501,574.36480712890625,7370186
2020-05-11,TCS.NS,1637.0521329725575,1673.4120336562294,1637.0521329725575,1659.6055908203125,2449841
2020-05-12,INFY.NS,570.66401787500558,581.17735645044786,568.14081661689943,578.35980224609375,7356039
2020-05-12,TCS.NS,1657.9763927697661,1677.7856478186013,1638.1242186278982,1671.7828369140625,3256595
2020-05-13,INFY.NS,584.37344507281432,588.66291833508808,575.0796633398852,583.8267822265625,8287101
2020-05-13,TCS.NS,1709.9430737174696,1709.9430737174696,1651.3299506773833,1671.9110107421875,2656665
2020-05-14,INFY.NS,554.26322635450003,564.98683202372592,548.88037630823931,553.54833984375,16888262
2020-05-14,TCS.NS,1637.9099676971025,1649.1437795236973,1621.702355981128,1631.3497314453125,2263146
2020-05-15,INFY.NS,559.14139036782217,559.14139036782217,543.91809659439264,548.6280517578125,9255353
2020-05-15,TCS.NS,1643.0548576071008,1644.2554405477551,1599.4915658567204,1623.24560546875,3173682
2020-05-18,INFY.NS,554.97815833673565,563.97758743206248,549.21686868607003,558.384521484375,10435442
2020-05-18,TCS.NS,1635.3371617710861,1674.7412848612455,1605.4088414401817,1668.4383544921875,3727694
2020-05-19,INFY.NS,558.46863572453731,567.55215146035198,550.89903072224695,562.3375244140625,5902208
2020-05-19,TCS.NS,1631.9071505770628,1686.318306132054,1631.9071505770628,1671.0540771484375,3198693
2020-05-20,INFY.NS,562.25330346920896,566.0381050632426,554.80988086813909,563.13641357421875,5794636
2020-05-20,TCS.NS,1672.211445329139,1683.2737881343803,1656.5183422006914,1675.298583984375,2778505
2020-05-21,INFY.NS,560.57126335598014,571.4630933685396,559.64611001183948,565.3653564453125,7213225
2020-05-21,TCS.NS,1668.781393595232,1713.3737021599557,1664.6223242133185,1707.5423583984375,3400908
2020-05-22,INFY.NS,567.72043005918295,585.25666280936355,566.45882910349587,582.31292724609375,11867731
2020-05-22,TCS.NS,1695.4508804362295,1742.5300852706775,1681.8588236895257,1732.5396728515625,3663418
2020-05-26,INFY.NS,582.85960317416902,588.28449719359003,571.08466169590292,572.3883056640625,7099606
2020-05-26,TCS.NS,1727.95180936726,1735.6697082676596,1650.7728203632632,1666.2086181640625,4575317
2020-05-27,INFY.NS,577.01408787192122,596.48481224940497,567.72030645539883,593.330810546875,8774636
2020-05-27,TCS.NS,1679.9295616024381,1723.6643281372642,1664.708147759435,1719.6339111328125,3482160
2020-05-28,INFY.NS,594.63449985772274,597.1577014129889,580.33635771121453,594.970947265625,9440091
2020-05-28,TCS.NS,1705.227002021898,1727.0943837425712,1690.477280537493,1718.7762451171875,3475681
2020-05-29,INFY.NS,590.36739719241814,597.44327039106622,575.405750096254,589.088623046875,28290128
2020-05-29,TCS.NS,1699.6527646526306,1717.3610749884056,1682.844917684032,1691.37744140625,7237735
2020-06-01,INFY.NS,595.69550011093725,602.4303967037439,589.51475968044815,596.37750244140625,12276438
2020-06-01,TCS.NS,1706.5133716605167,1766.5414802113892,1698.8812054943344,1753.8927001953125,3747773
2020-06-02,INFY.NS,597.1874037086551,606.69297705786585,594.67247133060255,603.66650390625,7059304
2020-06-02,TCS.NS,1766.7128638423767,1784.5498285565518,1749.4334285838615,1755.52197265625,2443886
2020-06-03,INFY.NS,605.88318449587189,606.90621419186436,593.35118779523054,598.0826416015625,11378568
2020-06-03,TCS.NS,1764.7248222105809,1774.9595138539348,1737.3316622580003,1759.8223876953125,3699799
2020-06-04,INFY.NS,598.46613680705809,604.81739040350737,594.62981541726924,603.36810302734375,10782424
2020-06-04,TCS.NS,1760.3385418289904,1806.1370161675241,1760.3385418289904,1798.8695068359375,4048593
2020-06-05,INFY.NS,602.72878814653961,606.73562359465541,597.27266514909093,599.78759765625,7718679
2020-06-05,TCS.NS,1798.9122010180326,1804.4165335261428,1754.7908205241492,1761.6282958984375,3573289
2020-06-08,INFY.NS,603.28296333034223,618.7560973850326,600.17125914214978,614.5361328125,10719105
2020-06-08,TCS.NS,1787.4301443614386,1801.8362335797974,1773.5401781505823,1781.8397216796875,2957841
2020-06-09,INFY.NS,613.81150104472522,621.99563357860995,609.5915365683536,611.76544189453125,10078029
2020-06-09,TCS.NS,1774.4001167933777,1802.2661377237994,1771.9488476475581,1782.09765625,2909439
2020-06-10,INFY.NS,609.54881985620307,613.34252571514241,604.60423843748356,610.2734375,7263049
2020-06-10,TCS.NS,1786.3980902596627,1833.6586210729104,1783.3448174459099,1813.662109375,5168397
2020-06-11,INFY.NS,606.9914056570949,608.18494889732813,596.97434243171449,600.128662109375,8825715
2020-06-11,TCS.NS,1806.1365418780333,1810.436866977743,1773.2821001116142,1778.3133544921875,2269513
2020-06-12,INFY.NS,576.13031823242068,592.62653450600692,575.87457383207914,589.98370361328125,9795316
2020-06-12,TCS.NS,1729.7631394676087,1762.4456180354255,1729.5911684178873,1754.10302734375,2842642
2020-06-15,INFY.NS,590.79362278257645,600.5123265681375,584.18662339359389,586.14739990234375,7857344
2020-06-15,TCS.NS,1753.758748439288,1770.8740651614557,1720.9472434270783,1745.84619140625,2399022
2020-06-16,INFY.NS,598.4662431286489,606.99140328717658,596.03659329684774,597.78424072265625,10131760
2020-06-16,TCS.NS,1776.0348179632026,1783.7323602878132,1746.7925982001282,1759.5216064453125,2146528
2020-06-17,INFY.NS,596.67605040482749,605.54218679120004,595.05624897103746,599.87298583984375,7291916
2020-06-17,TCS.NS,1759.6935397397335,1770.745462433149,1742.9653122590876,1761.24169921875,2703527
2020-06-18,INFY.NS,603.75191489330041,610.91301894248477,601.87636905894726,608.61126708984375,6670195
2020-06-18,TCS.NS,1758.8332743874846,1771.0461578181796,1741.8039420092923,1752.8988037109375,1944389
2020-06-19,INFY.NS,604.43380516380523,606.90612221833237,597.61367760201335,601.49261474609375,22438862
2020-06-19,TCS.NS,1756.2534750724549,1797.5366125864009,1747.6528214237162,1758.4896240234375,5681758
2020-06-22,INFY.NS,602.8139892310129,604.17804592989478,596.76114698214246,599.91546630859375,7804096
2020-06-22,TCS.NS,1763.1331756171655,1765.0683217855258,1736.6001924842162,1744.168701171875,3196138
2020-06-23,INFY.NS,593.09543644163693,617.64788869098584,590.02634738956124,614.36572265625,12157390
2020-06-23,TCS.NS,1743.3520180136024,1757.9731252194392,1728.7309108077657,1750.4906005859375,4205944
2020-06-24,INFY.NS,611.16869862177657,619.60857521354342,604.77482906735747,608.82427978515625,10220838
2020-06-24,TCS.NS,1749.372191686379,1775.3891576640158,1747.3080147103076,1756.4246826171875,2560937
2020-06-25,INFY.NS,600.89592404743337,601.53531109240123,591.21988758029977,597.1875,14945284
2020-06-25,TCS.NS,1750.2327933745748,1771.7344247428127,1728.0861130652897,1733.9775390625,3043931
2020-06-26,INFY.NS,605.45692814440224,640.75106250352178,605.28641452235343,637.8525390625,26030458
2020-06-26,TCS.NS,1741.631689713221,1833.6586481326358,1737.2883193064747,1822.348876953125,6300722
2020-06-29,INFY.NS,626.94019496646558,634.86858219320675,622.4218192045339,623.8284912109375,8954428
2020-06-29,TCS.NS,1813.0174061069486,1829.8747676876778,1798.6543595435019,1807.555908203125,3076341
2020-06-30,INFY.NS,624.72361184462579,629.96660519736486,617.4346116478082,627.4090576171875,10411290
2020-06-30,TCS.NS,1806.1366695096879,1816.3713599795121,1784.6780877411165,1790.784423828125,3071725
2020-07-01,INFY.NS,628.51742172547938,632.8226171237593,622.12355171809918,623.95648193359375,5477468
2020-07-01,TCS.NS,1788.6773065970146,1818.134535615281,1788.5053355762147,1799.2991943359375,2503466
2020-07-02,INFY.NS,628.60261769472481,652.55834721556812,626.94025321163997,645.0135498046875,17263756
2020-07-02,TCS.NS,1807.8570392836505,1862.0411465504774,1804.4167785048044,1855.28955078125,3758699
2020-07-03,INFY.NS,643.64948455423257,651.32212741646845,641.51819487027808,650.2138671875,7796572
2020-07-03,TCS.NS,1860.8796985974091,1896.443473115728,1857.9555613597511,1891.842041015625,4185208
2020-07-06,INFY.NS,652.34517303502184,660.69981839644345,649.19085381792479,651.3221435546875,8810958
2020-07-06,TCS.NS,1896.4438781834046,1952.2620289745637,1896.4438781834046,1946.4996337890625,5190366
2020-07-07,INFY.NS,655.92586275112137,679.41266927370714,652.64364477323977,677.025634765625,19362533
2020-07-07,TCS.NS,1956.6482571677793,1980.4720203256174,1919.7943807288473,1952.2618408203125,5630055
2020-07-08,INFY.NS,669.13970272464906,669.13970272464906,658.31274116460042,660.44403076171875,8476642
2020-07-08,TCS.NS,1952.347849738145,1956.1320523283996,1898.6798694893826,1908.3984375,2793358
2020-07-09,INFY.NS,664.9624556105299,673.4876152978444,660.69987576687265,666.4117431640625,6854166
2020-07-09,TCS.NS,1917.0851649094066,1930.4161743558382,1884.4457353891564,1895.8846435546875,3443998
2020-07-10,INFY.NS,659.42118443414154,673.40246888646209,659.42118443414154,666.5396728515625,5206452
2020-07-10,TCS.NS,1896.6579200798308,1935.0168945525938,1871.5010244161488,1911.3651123046875,9610320
2020-07-13,INFY.NS,671.78260441736643,686.57373612510605,670.12018781954259,679.49786376953125,10804688
2020-07-13,TCS.NS,1909.34423828125,1930.802817342249,1900.7435885592622,1909.34423828125,2963503
2020-07-14,INFY.NS,676.00263166112268,687.46898326949304,666.11341397714921,667.73321533203125,8961822
2020-07-14,TCS.NS,1900.7438288719127,1925.6857162191009,1862.0409002297245,1868.018310546875,2976738
2020-07-15,INFY.NS,681.16023757398932,723.31716130737868,677.57966021134223,708.39813232421875,30060599
2020-07-15,TCS.NS,1879.2428145779249,1943.747716680142,1875.8886436593675,1921.2999267578125,5569321
2020-07-16,INFY.NS,767.34958415985534,814.5789885034153,762.36238667627333,776.64202880859375,90432109
2020-07-16,TCS.NS,1934.3154894458273,2011.0329932607465,1913.7139068701774,1926.342041015625,8582118
2020-07-17,INFY.NS,776.64205873945161,784.22947178420338,760.57215330997747,769.9498291015625,31682878
2020-07-17,TCS.NS,1928.2811045084948,1934.2287805533795,1887.8105172477335,1897.0338134765625,4509135
2020-07-20,INFY.NS,774.5107148612932,805.62754600321637,773.01881199832428,796.505615234375,18421053
2020-07-20,TCS.NS,1897.2495887127611,1919.5751584853101,1888.4572883194262,1903.197265625,2952646
2020-07-21,INFY.NS,805.62761732823753,809.63445292163885,792.15787497959775,798.5943603515625,12877784
2020-07-21,TCS.NS,1922.2475431501991,1929.7037106518862,1897.3789201280601,1917.980712890625,2665286
2020-07-22,INFY.NS,800.46986446624146,800.51247985720215,775.78951722050476,782.5244140625,14354201
2020-07-22,TCS.NS,1923.1094649164359,1923.1094649164359,1882.7680857770731,1888.5865478515625,2861534
2020-07-23,INFY.NS,780.60631491631261,780.73416109930736,767.81857460992478,774.04193115234375,13051307
2020-07-23,TCS.NS,1888.5867689555628,1888.5867689555628,1864.4940652642149,1871.5623779296875,2265766
2020-07-24,INFY.NS,770.0350916608719,789.21670202607493,770.0350916608719,786.744384765625,18209580
2020-07-24,TCS.NS,1857.1670483132298,1864.4940011610656,1831.8244955833902,1859.666748046875,3665100
2020-07-27,INFY.NS,785.63608608799655,812.27721029770726,783.16382098140275,808.56878662109375,16827870
2020-07-27,TCS.NS,1866.21774012167,1909.3174569836021,1864.924748615812,1902.2491455078125,4248480
2020-07-28,INFY.NS,806.48009760046909,824.85180611903399,802.38803140199718,820.844970703125,15818463
2020-07-28,TCS.NS,1909.3174902037222,1999.8268971885486,1909.3174902037222,1990.991455078125,8092319
2020-07-29,INFY.NS,812.66087640827345,818.41535940408346,804.43407620088476,813.42816162109375,11152710
2020-07-29,TCS.NS,1975.6913971605438,2018.7911222294911,1936.0827919117567,1961.942626953125,6090431
2020-07-30,INFY.NS,820.12042370440508,829.19974026877435,817.34974659729562,819.65155029296875,12492320
2020-07-30,TCS.NS,1970.4334294687214,2032.583326121751,1958.6672870144821,1964.916748046875,7098496
2020-07-31,INFY.NS,826.30107230429326,840.96435683389541,812.70343269641455,823.5303955078125,12704346
2020-07-31,TCS.NS,1985.3028263583947,2012.5850823705387,1945.9097142845185,1966.554443359375,4723290
2020-08-03,INFY.NS,818.41530056736099,823.01890744642981,807.71623595100766,815.77252197265625,8479792
2020-08-03,TCS.NS,1974.3552617970929,1985.9061143737849,1922.8510903865717,1943.0648193359375,4012337
2020-08-04,INFY.NS,818.79896851016736,827.53725714628649,801.83388000325056,809.76226806640625,11133170
2020-08-04,TCS.NS,1948.0642023664232,1956.4255059576083,1917.9806819828461,1939.228759765625,2927928
2020-08-05,INFY.NS,811.5952436899812,819.22527240657132,799.91576391506396,805.37188720703125,9614176
2020-08-05,TCS.NS,1948.1077551034521,1982.5875383796194,1942.0737930301227,1947.6767578125,3800641
2020-08-06,INFY.NS,812.87396898457132,830.69157338659909,803.49629341159778,827.66510009765625,10976491
2020-08-06,TCS.NS,1961.0371171267798,1999.3958651321168,1952.7189559519479,1989.5692138671875,4748047
2020-08-07,INFY.NS,826.47163181337214,826.47163181337214,809.03766951873945,810.657470703125,8010948
2020-08-07,TCS.NS,1989.4830020015413,2006.7228893672393,1971.3811202675586,1978.578857421875,3165491
2020-08-10,INFY.NS,808.95239320668816,815.68723788704074,805.8833046142795,811.041015625,5716319
2020-08-10,TCS.NS,1998.1031490910125,2004.1371102832632,1961.9425237498833,1967.760986328125,2929353
2020-08-11,INFY.NS,809.80494519111346,820.12036767173527,806.5653428604561,808.56878662109375,6802442
2020-08-11,TCS.NS,1967.9334976714601,1992.9313388595779,1961.5548223750243,1965.26123046875,2774423
2020-08-12,INFY.NS,808.18505064042017,817.3922116967243,803.24046896513084,814.11004638671875,6908726
2020-08-12,TCS.NS,1972.5454411894525,1979.4843294107334,1936.5140245623102,1945.8236083984375,3415751
2020-08-13,INFY.NS,813.98218344653503,825.66166186305702,808.39821462224461,810.91314697265625,5097703
2020-08-13,TCS.NS,1959.3134035474761,1982.5872539195755,1939.9185282373933,1943.3233642578125,2695682
2020-08-14,INFY.NS,814.87732831694223,820.97283801066862,811.63777819980885,812.95916748046875,4663873
2020-08-14,TCS.NS,1962.7611688501747,1966.4677867087619,1924.9197004107248,1932.7205810546875,2270405
2020-08-17,INFY.NS,813.3856040846274,829.02930600680509,813.3856040846274,816.2841796875,9008210
2020-08-17,TCS.NS,1950.6936889851554,1956.7276509042433,1929.35932362838,1942.41845703125,2625630
2020-08-18,INFY.NS,821.74021541179172,826.25853992715986,817.30712168534706,824.85186767578125,6141761
2020-08-18,TCS.NS,1950.5211433689688,1973.105356562018,1938.0222234606467,1956.511962890625,3493374
2020-08-19,INFY.NS,827.70769697214553,828.26180107961568,816.24134786493687,817.8184814453125,6622744
2020-08-19,TCS.NS,1962.2009019030554,1969.3123552148145,1941.6422526953813,1945.176513671875,2843005
2020-08-20,INFY.NS,817.47763577181365,823.10422071370135,810.998482772952,814.28070068359375,5656501
2020-08-20,TCS.NS,1945.5210396466109,1962.3730694743626,1930.9102790680263,1941.94384765625,2895164
2020-08-21,INFY.NS,821.01560270876644,821.35662995509074,806.94908734984938,808.86724853515625,6513773
2020-08-21,TCS.NS,1948.1077821205163,1957.5897226529612,1931.7730266564749,1938.2811279296875,1975294
2020-08-24,INFY.NS,807.33261782059014,811.59519764012862,800.68300370879911,807.67364501953125,5798574
2020-08-24,TCS.NS,1940.0047174860426,1948.06423900966,1922.2475483312842,1937.8497314453125,2167966
2020-08-25,INFY.NS,807.75884882916728,808.7392629683003,795.90885651317728,799.74517822265625,6233918
2020-08-25,TCS.NS,1935.1775044976569,1939.4874766680302,1925.3077103170738,1933.1517333984375,1663419
2020-08-26,INFY.NS,802.4306871744709,813.51339520450347,800.00103738126586,810.57220458984375,5153601
2020-08-26,TCS.NS,1932.591337411769,1948.0209521352517,1910.5673396260054,1942.5042724609375,2618149
2020-08-27,INFY.NS,818.41533642935599,819.22523701271996,805.79811039942581,807.375244140625,6154280
2020-08-27,TCS.NS,1953.2792171212036,1971.6828808614778,1932.375853919443,1938.1080322265625,3579393
2020-08-28,INFY.NS,811.12625862702635,812.02138991000277,795.43994534714716,797.31549072265625,7593610
2020-08-28,TCS.NS,1955.3479595821857,1965.3040367208835,1926.6437152014164,1929.6175537109375,2941136
2020-08-31,INFY.NS,797.3156147008101,810.31648411988238,779.71113791996538,791.6463623046875,12808355
2020-08-31,TCS.NS,1930.867534472256,1962.0716909308517,1920.523601251869,1945.7369384765625,6018154
2020-09-01,INFY.NS,789.64287549188998,797.10238983526813,777.57975434036416,779.32745361328125,6907773
2020-09-01,TCS.NS,1955.8656452252733,1963.6235962199967,1931.9884381422023,1936.341552734375,3610908
2020-09-02,INFY.NS,780.05220883852473,789.77091290956582,778.77343472567475,787.724853515625,5678118
2020-09-02,TCS.NS,1936.9015158782217,1955.6498950372566,1932.2897614231763,1952.546630859375,2084137
2020-09-03,INFY.NS,789.85603009802094,809.37866622628769,787.72474021648281,797.5712890625,8827948
2020-09-03,TCS.NS,1955.0031838613013,2003.2748674134323,1955.0031838613013,1982.156005859375,4654146
2020-09-04,INFY.NS,780.05206498233588,792.4135457935314,779.58319163411693,783.59002685546875,8650342
2020-09-04,TCS.NS,1961.0374176326743,2003.4906452451619,1950.6503421881671,1972.9329833984375,5231303
2020-09-07,INFY.NS,783.37687051909381,790.75110173232417,778.38962135281292,788.61981201171875,6700385
2020-09-07,TCS.NS,1973.1050045968163,2020.0836951824547,1968.234820852851,2005.9039306640625,4620401
2020-09-08,INFY.NS,792.79730634064913,811.59527472351101,789.04621492980755,800.768310546875,12891964
2020-09-08,TCS.NS,2013.575822266718,2060.5545181323905,2005.9041561118333,2024.13525390625,7453998
2020-09-09,INFY.NS,797.10243268271267,806.48010836133278,789.42978894565988,790.92169189453125,5528947
2020-09-09,TCS.NS,2004.1371855036693,2033.4449981088842,1999.8272130617261,2006.42138671875,3866535
2020-09-10,INFY.NS,797.35814208985096,803.0700092502301,788.40672478929105,801.4075927734375,5171884
2020-09-10,TCS.NS,2012.7572397021906,2024.3941659274496,2003.5339402650809,2009.4384765625,2308813
2020-09-11,INFY.NS,797.01726348036766,813.42819718593989,793.6924301240407,806.22442626953125,6671903
2020-09-11,TCS.NS,2009.2659935145825,2054.1328483428242,2008.5763558401682,2046.461181640625,4145424
2020-09-14,INFY.NS,815.85776145210764,844.88591904692805,808.4408623049452,834.10162353515625,21871587
2020-09-14,TCS.NS,2055.081624456298,2159.9431943078798,2053.1421364039415,2147.573486328125,7512131
2020-09-15,INFY.NS,835.03938878241627,847.4008702906807,828.34715926200977,837.5543212890625,11608203
2020-09-15,TCS.NS,2147.573486328125,2187.7425230583253,2124.4721969961702,2147.573486328125,7318770
2020-09-16,INFY.NS,840.58074699841688,857.33270663382234,837.17068311607034,854.00787353515625,10059251
2020-09-16,TCS.NS,2145.4604723195148,2161.5367907952459,2135.4183238331098,2157.571533203125,3074003
2020-09-17,INFY.NS,848.25336067660044,870.41877512644123,848.25336067660044,861.89361572265625,15628241
2020-09-17,TCS.NS,2137.7462316410897,2151.3226442009072,2112.4036790419095,2121.3251953125,4828176
2020-09-18,INFY.NS,861.89368384356248,868.54329829738708,851.74872253786054,854.34893798828125,12897633
2020-09-18,TCS.NS,2142.0561371986855,2155.3307671092248,2100.1631241391178,2111.800048828125,4183256
2020-09-21,INFY.NS,853.36845887654465,878.94393716455295,852.94220090507781,860.95587158203125,14140637
2020-09-21,TCS.NS,2124.8163107483369,2159.2098049865785,2113.7395979310108,2125.074951171875,4598809
2020-09-22,INFY.NS,860.18856392001396,871.69752884857712,845.01379093941182,858.9097900390625,12625762
2020-09-22,TCS.NS,2142.0559119249338,2202.3955150777488,2118.782064994562,2174.7685546875,7499613
2020-09-23,INFY.NS,869.69417661112811,884.0590497105984,859.42131767577757,869.3531494140625,13486204
2020-09-23,TCS.NS,2163.6058812616416,2172.0966100345754,2076.5444493861733,2126.927978515625,7502280
2020-09-24,INFY.NS,855.07348647646438,860.18858210842723,826.94046050066845,831.5440673828125,14427432
2020-09-24,TCS.NS,2111.8861887536514,2111.8861887536514,1984.8283038624666,2010.3863525390625,8424708
2020-09-25,INFY.NS,831.88506776652503,865.21847319910762,831.20306540160254,862.27728271484375,13311078
2020-09-25,TCS.NS,2041.2029348478256,2103.2665375965771,2027.4973067532917,2088.00927734375,8228267
2020-09-28,INFY.NS,865.13324139340637,866.28416923343013,851.23724075916027,861.3822021484375,8554526
2020-09-28,TCS.NS,2103.2665578265519,2106.7145357902018,2039.4789654990252,2091.457275390625,4347166
2020-09-29,INFY.NS,867.86124222814976,876.38640177852449,856.0112496397511,860.1885986328125,8708463
2020-09-29,TCS.NS,2098.827183877881,2164.5111161592336,2091.4570895459028,2144.98681640625,6995811
2020-09-30,INFY.NS,860.18858128932402,872.93370496685054,856.77851753792925,859.5491943359375,8048817
2020-09-30,TCS.NS,2145.5040092723084,2159.2959193359311,2120.5061722819923,2148.3486328125,3917166
2020-10-01,INFY.NS,870.07774660444784,875.10761145835545,862.53300135702989,867.5628662109375,5563358
2020-10-01,TCS.NS,2163.6059245450706,2189.4657563125415,2148.3486658918328,2175.19970703125,2610337
2020-10-05,INFY.NS,867.90392351505352,899.31917006346237,867.90392351505352,894.03350830078125,14212509
2020-10-05,TCS.NS,2258.4251224650607,2351.6067928039161,2243.8143608043283,2332.38427734375,17412105
2020-10-06,INFY.NS,899.404314218639,903.66689390687895,879.24229147988638,900.043701171875,9090819
2020-10-06,TCS.NS,2358.416415949489,2358.416415949489,2284.3711894085686,2339.711181640625,9846367
2020-10-07,INFY.NS,890.79404424405766,913.89720845792544,882.78037253561729,909.25103759765625,9284008
2020-10-07,TCS.NS,2363.5891327236432,2387.7249809060872,2329.9713441838098,2358.3740234375,9656101
2020-10-08,INFY.NS,929.24240004285912,958.22794279648963,927.87839531488976,932.39666748046875,21482613
2020-10-08,TCS.NS,2413.5840927825975,2486.8536098849263,2413.5840927825975,2435.7373046875,19839329
2020-10-09,INFY.NS,933.59031896735621,949.10617374062645,927.92106633994797,943.5648193359375,10567867
2020-10-09,TCS.NS,2422.2047167280443,2439.3153929452974,2396.3448798946488,2424.74755859375,7739245
2020-10-12,INFY.NS,957.37530524317947,971.86807477936293,948.08286160954526,965.1331787109375,14633537
2020-10-12,TCS.NS,2426.9454161950644,2460.1322030973943,2414.2309978363792,2439.4443359375,4623203
2020-10-13,INFY.NS,968.07448962710123,994.07622505399615,968.07448962710123,987.04296875,17523825
2020-10-13,TCS.NS,2452.3747059934708,2460.908368594391,2424.1012402284637,2436.470947265625,4209878
2020-10-14,INFY.NS,990.62350606121515,993.09582306011509,964.28074313312936,969.31060791015625,16649573
2020-10-14,TCS.NS,2460.2329121988801,2460.2329121988801,2413.0972464913962,2432.185302734375,4395936
2020-10-15,INFY.NS,1005.9687993458155,1011.0838949357095,931.37365532652836,944.80078125,44288251
2020-10-15,TCS.NS,2433.397655409141,2447.8976236510844,2360.6813967629764,2372.45458984375,6629355
2020-10-16,INFY.NS,949.57486745845324,968.4154490877811,935.12476377281678,961.21173095703125,18365685
2020-10-16,TCS.NS,2380.6779404103481,2399.3329503437703,2364.4033104207351,2392.104736328125,5273773
2020-10-19,INFY.NS,967.60571457968797,971.0157787720392,950.81119005911785,959.84783935546875,12902123
2020-10-19,TCS.NS,2401.3674195915205,2401.3674195915205,2343.0213743240615,2347.306396484375,3331194
2020-10-20,INFY.NS,953.88004180410405,975.87488913389348,946.29262963598899,969.73681640625,10448776
2020-10-20,TCS.NS,2358.9489884252921,2389.1607643261837,2352.8459772137489,2371.068359375,3406273
2020-10-21,INFY.NS,972.84874227737839,984.10191286927761,967.60574758939435,978.98681640625,19811433
2020-10-21,TCS.NS,2371.0688744144013,2379.7255698302988,2305.3213149996782,2316.01220703125,4570143
2020-10-22,INFY.NS,973.57318163841148,987.21343637239977,958.05743350525381,962.53314208984375,11271335
2020-10-22,TCS.NS,2303.5470333231883,2325.7513762202097,2283.7232820615059,2312.33349609375,5262294
2020-10-23,INFY.NS,976.2768267591174,978.00017508525889,965.2043348006257,967.229248046875,9069862
2020-10-23,TCS.NS,2326.7470173396605,2339.0394845750616,2311.4247062123227,2325.88134765625,3499091
2020-10-26,INFY.NS,967.01396913429869,973.34725411037152,950.55601128023272,958.56951904296875,6309368
2020-10-26,TCS.NS,2328.6084280040163,2345.9218239427737,2311.7711927226073,2327.093505859375,2672752
2020-10-27,INFY.NS,952.75311616045917,956.19981294343609,928.15238098286443,939.957275390625,10172479
2020-10-27,TCS.NS,2337.0915091801853,2353.0197453269852,2271.6036882938483,2276.8408203125,3537502
2020-10-28,INFY.NS,943.96393531401964,951.93442039083811,922.03437250091804,927.63525390625,7608392
2020-10-28,TCS.NS,2294.0246436605416,2299.17533596879,2255.9351778790078,2269.958984375,3569445
2020-10-29,INFY.NS,921.99131169627492,932.33140117324251,913.46071684081073,926.17041015625,6935616
2020-10-29,TCS.NS,2257.6657289851173,2298.3521895918275,2250.9567913318829,2279.00439453125,3105968
2020-10-30,INFY.NS,923.71470811486768,933.71010742690487,906.78278967635481,913.8916015625,8800386
2020-10-30,TCS.NS,2281.9921215421514,2315.103989610664,2269.4399101174863,2306.880126953125,3427003
2020-11-02,INFY.NS,917.68300300468502,930.56498994006495,905.70571084868936,923.9732666015625,7183119
2020-11-02,TCS.NS,2302.6819042555603,2306.8804877544021,2250.7850366899661,2254.723876953125,2571196
2020-11-03,INFY.NS,923.71480111805397,930.09121164035287,911.22052442382653,915.572021484375,7204782
2020-11-03,TCS.NS,2254.2034895718325,2307.0093316854582,2251.6498066894565,2279.827392578125,2879269
2020-11-04,INFY.NS,920.26795570184834,961.62831326148194,919.23398883678885,942.62835693359375,15702690
2020-11-04,TCS.NS,2259.397421733564,2356.2226409922528,2259.397421733564,2296.7509765625,4893928
2020-11-05,INFY.NS,956.37222896605408,967.66014010664344,946.97995901798856,951.288330078125,9568890
2020-11-05,TCS.NS,2324.3230285873706,2345.9647700081096,2308.7409747644388,2324.928955078125,2816502
2020-11-06,INFY.NS,954.73492877302851,966.02283875314447,940.68959848700251,958.827880859375,8807127
2020-11-06,TCS.NS,2336.442457718706,2348.7782506132935,2321.1201467081401,2343.75732421875,3884421
2020-11-09,INFY.NS,973.08879901789282,987.47871730963516,966.06613265276133,979.3359375,10160320
2020-11-09,TCS.NS,2364.2294962026485,2375.396545570557,2333.0654015814603,2360.333984375,3646592
2020-11-10,INFY.NS,959.77555956759204,959.77555956759204,928.88456784280663,940.12945556640625,15622869
2020-11-10,TCS.NS,2334.8839681976215,2348.6913558436745,2283.9394398007889,2293.67822265625,4760020
2020-11-11,INFY.NS,944.39488272550102,970.54667253773027,936.6398152578646,967.229248046875,12514800
2020-11-11,TCS.NS,2309.5631998299459,2331.0751742333059,2288.3109685792956,2326.746826171875,3242441
2020-11-12,INFY.NS,972.05459801519748,984.03188986576686,959.68959486689823,963.13629150390625,9180976
2020-11-12,TCS.NS,2325.1887899233507,2348.5618715793189,2304.1962999175275,2312.2470703125,2437505
2020-11-13,INFY.NS,965.0752846588166,976.27705135574934,962.49026157490903,968.69427490234375,6363212
2020-11-13,TCS.NS,2299.0017805719995,2306.9225719794517,2281.9048079027734,2299.9541015625,2548093
2020-11-14,INFY.NS,979.7235361739331,982.00699377278318,974.63963750862274,976.66455078125,1136144
2020-11-14,TCS.NS,2318.2198312031728,2327.7855224207824,2302.7244301140959,2311.640869140625,298819
2020-11-17,INFY.NS,986.40140403406713,986.61682255427547,958.74168707627894,968.26312255859375,12813968
2020-11-17,TCS.NS,2332.9797962315688,2332.9797962315688,2294.06798624063,2307.918701171875,2827273
2020-11-18,INFY.NS,972.39938364140266,976.01837338961298,949.09105328434589,956.932373046875,9839468
2020-11-18,TCS.NS,2303.5466239690491,2306.3167242016079,2256.8437950005155,2273.810791015625,2893762
2020-11-19,INFY.NS,947.84170115540235,960.50827090599444,942.49936273192009,945.041259765625,10092343
2020-11-19,TCS.NS,2282.7709776791262,2316.6618615810162,2277.4471936116729,2282.684326171875,4167501
2020-11-20,INFY.NS,953.0116681231907,955.59669073111979,940.17270146684166,950.72821044921875,8063554
2020-11-20,TCS.NS,2298.3526957199747,2316.5317565900759,2274.5901084230777,2302.8974609375,2711471
2020-11-23,INFY.NS,952.15005545827319,986.44473301387609,949.52190689641827,982.17938232421875,10546363
2020-11-23,TCS.NS,2328.6513516836631,2363.2781375823047,2307.0096104970116,2358.300537109375,3706418
2020-11-24,INFY.NS,986.6167457590459,995.1473395322663,976.57822246173953,982.35150146484375,8515426
2020-11-24,TCS.NS,2367.0868889335388,2374.5317320920717,2341.6362870248099,2356.39599609375,3120516
2020-11-25,INFY.NS,979.72350421061321,985.32438616080583,957.53539494638869,961.3267822265625,8958701
2020-11-25,TCS.NS,2362.4123554332427,2365.831708108873,2327.092993229563,2338.433349609375,3302249
2020-11-26,INFY.NS,965.03187640827377,965.03187640827377,946.37671609420488,959.215576171875,10962256
2020-11-26,TCS.NS,2325.188615541615,2364.100422963058,2319.9945977853795,2355.140869140625,2341099
2020-11-27,INFY.NS,963.35181130149158,965.93683405095885,940.08660655628557,947.8416748046875,25306145
2020-11-27,TCS.NS,2341.6369539988077,2352.6309188705427,2310.51616503078,2319.692138671875,6086808
2020-12-01,INFY.NS,952.19302369595778,982.5239104968241,952.19302369595778,980.45587158203125,8933802
2020-12-01,TCS.NS,2319.129004878067,2368.3855236911018,2271.9066829464437,2360.508056640625,3605017
2020-12-02,INFY.NS,977.1385941510465,988.72807067616657,965.93682896236601,983.08416748046875,6741637
2020-12-02,TCS.NS,2353.756379883534,2384.6607520175285,2339.429501245585,2380.20263671875,2509032
2020-12-03,INFY.NS,988.3403828052343,988.3403828052343,967.40165607378276,970.6329345703125,16212632
2020-12-03,TCS.NS,2401.280640557241,2401.280640557241,2338.0003243041824,2345.48828125,2852548
2020-12-04,INFY.NS,969.38349221892543,979.72358280259402,960.76675006586834,977.69866943359375,10564055
2020-12-04,TCS.NS,2346.6575029935425,2370.9395807404094,2336.4425580992556,2361.157470703125,2686527
2020-12-07,INFY.NS,988.59880573705493,993.5103063746003,978.86184565615429,985.32440185546875,7792141
2020-12-07,TCS.NS,2350.2929460150199,2375.3973642229153,2342.6316855755986,2369.943603515625,1996400
2020-12-08,INFY.NS,986.61681013073019,1005.5736396703599,986.61681013073019,993.811767578125,12308330
2020-12-08,TCS.NS,2371.9349267887969,2428.6796166676804,2365.3990784258808,2421.537841796875,4277818
2020-12-09,INFY.NS,1006.4787610170082,1016.3448901959212,996.95721742830085,1012.6396484375,10039346
2020-12-09,TCS.NS,2436.8598910956334,2458.5016308034101,2417.9449260529914,2433.22412109375,3659996
2020-12-10,INFY.NS,997.30184592934108,1009.5807045821114,990.92543513584485,1006.2201538085938,9488782
2020-12-10,TCS.NS,2439.4572062081147,2447.5079766594476,2406.7781751455327,2410.2841796875,2127801
2020-12-11,INFY.NS,999.28351777126898,1009.8390266167494,995.44910969317232,1002.2993774414062,10574009
2020-12-11,TCS.NS,2417.5554450535742,2430.540489028881,2393.186930397962,2409.677978515625,1795408
2020-12-14,INFY.NS,1007.6418675412746,1010.3991830086525,989.37431071915694,1003.4627685546875,6728187
2020-12-14,TCS.NS,2425.6066996300583,2427.3380391729779,2386.0023075857775,2421.88427734375,2483658
2020-12-15,INFY.NS,996.09528081828773,1002.7301294556891,992.64858434486803,994.888916015625,6905926
2020-12-15,TCS.NS,2411.7556687736142,2419.2869525341393,2384.9199093579709,2390.590087890625,2365509
2020-12-16,INFY.NS,999.54205148085532,1007.2109727403913,994.02731567709702,1004.4535522460938,7788404
2020-12-16,TCS.NS,2405.6964333103178,2441.0158042871826,2389.6382158567185,2436.16796875,2565149
2020-12-17,INFY.NS,1004.6258798256601,1007.2109021915287,996.26757773178781,998.85260009765625,6658153
2020-12-17,TCS.NS,2433.3971890710122,2470.3612378632961,2428.2031715916719,2456.943359375,2863460
2020-12-18,INFY.NS,1019.2313934611827,1029.7007569220882,1012.9842549777642,1025.2200927734375,15995676
2020-12-18,TCS.NS,2482.7401063739735,2508.71019116868,2463.8684691541348,2476.680419921875,6076692
2020-12-21,INFY.NS,1023.6689687179414,1042.4103829179542,992.69182272335081,1014.4490966796875,10858352
2020-12-21,TCS.NS,2476.680804052588,2498.7553795518334,2410.8899123685628,2441.318115234375,2705195
2020-12-22,INFY.NS,1018.4988838142667,1054.5599273184389,1013.4149851000539,1051.67333984375,10901851
2020-12-22,TCS.NS,2453.3077059195498,2496.288118064248,2440.0195926991205,2486.635986328125,2881737
2020-12-23,INFY.NS,1066.7525872904259,1084.7184721056449,1060.3331570095011,1079.7208251953125,15878346
2020-12-23,TCS.NS,2489.7085220083845,2526.8889804972873,2480.5323418234675,2518.015869140625,2790988
2020-12-24,INFY.NS,1077.0065537760643,1077.0065537760643,1056.4125203121318,1065.0723876953125,7313885
2020-12-24,TCS.NS,2518.2335521131777,2528.924659122405,2495.8992280825337,2518.53662109375,1807144
2020-12-28,INFY.NS,1067.1404376231014,1075.3694688214343,1065.0293777750744,1068.734619140625,4607051
2020-12-28,TCS.NS,2519.0989140433953,2553.4659600518648,2512.1735562041008,2535.892822265625,2108994
2020-12-29,INFY.NS,1064.1679018844891,1080.9274271722056,1064.1679018844891,1077.3515625,6878105
2020-12-29,TCS.NS,2527.7554391582066,2555.4568686284338,2527.7554391582066,2536.844970703125,1994151
2020-12-30,INFY.NS,1079.6779099346707,1079.9364543014929,1066.8820674740116,1074.3355712890625,5194690
2020-12-30,TCS.NS,2540.2206102586583,2551.734057394362,2512.1730017380114,2518.492431640625,2637968
2020-12-31,INFY.NS,1071.0609827602664,1084.3307858845285,1067.6142861142157,1082.0904541015625,7430470
2020-12-31,TCS.NS,2510.4417480596676,2514.7700959011495,2462.8299218033635,2478.195556640625,4040956
2021-01-01,INFY.NS,1083.899961941162,1090.4486646110649,1082.0904672170202,1086.09716796875,4253550
2021-01-01,TCS.NS,2493.1284150089641,2545.0685903216508,2492.2627454204194,2534.89697265625,2681440
2021-01-04,INFY.NS,1093.4647704083179,1111.5599320935621,1086.7006476724725,1110.052001953125,7208454
2021-01-04,TCS.NS,2553.7253203660493,2640.9415325785508,2545.8909682159028,2631.159423828125,5113293
2021-01-05,INFY.NS,1104.6664299105278,1119.3148927096533,1098.6778357224719,1114.834228515625,8145280
2021-01-05,TCS.NS,2631.2894404803978,2695.9115925593705,2631.2894404803978,2677.51611328125,5801309
2021-01-06,INFY.NS,1120.1764302130741,1121.8997785672482,1092.6459823290795,1104.75244140625,7161715
2021-01-06,TCS.NS,2683.5755484623342,2695.2620871411218,2629.2114595986577,2641.590576171875,3726716
2021-01-07,INFY.NS,1116.729659647104,1118.1514429822316,1081.8318577831321,1087.56201171875,10954918
2021-01-07,TCS.NS,2661.9337997185553,2666.9980509975235,2597.2250024733644,2625.402587890625,3717827
2021-01-08,INFY.NS,1101.435011419496,1134.6525928560131,1101.435011419496,1130.6026611328125,13186251
2021-01-08,TCS.NS,2674.9191063650233,2707.8145516860168,2648.949017953712,2701.668212890625,5879039
2021-01-11,INFY.NS,1156.452988712158,1191.9970514885169,1154.6434938259667,1185.8360595703125,20528626
2021-01-11,TCS.NS,2796.1130001916113,2796.1130001916113,2723.8729093751917,2749.75634765625,9508039
2021-01-12,INFY.NS,1187.3871733045153,1187.3871733045153,1171.8770360625115,1182.001708984375,8309868
2021-01-12,TCS.NS,2749.7562825059354,2778.79954116313,2726.8593628236322,2748.371337890625,3611458
2021-01-13,INFY.NS,1183.8109327130701,1200.1397199012399,1171.8767675510776,1195.271240234375,14442997
2021-01-13,TCS.NS,2748.5014636690353,2750.2328031737084,2706.3000632426206,2734.607421875,3572801
2021-01-14,INFY.NS,1171.8768597797336,1192.5570396581995,1136.074256291206,1180.9244384765625,27521697
2021-01-14,TCS.NS,2736.3850160876559,2833.0908573852071,2706.3757644928123,2819.38720703125,6931542
2021-01-15,INFY.NS,1171.8769303937345,1175.7113385699836,1154.6434461232384,1158.90869140625,15018441
2021-01-15,TCS.NS,2805.7708322730891,2839.5961993391325,2784.087904666651,2804.33984375,4131692
2021-01-18,INFY.NS,1152.9199716346211,1154.6433198732379,1125.3463998167526,1130.5595703125,8861765
2021-01-18,TCS.NS,2818.7802698758924,2824.6346596671733,2764.4861405941256,2794.278564453125,4160906
2021-01-19,INFY.NS,1137.4099028583078,1146.8883187154604,1130.5165095076513,1134.5233154296875,5585744
2021-01-19,TCS.NS,2804.0351817225546,2843.9317540576112,2803.1678649326623,2828.059814453125,2975735
2021-01-20,INFY.NS,1137.8838758064071,1161.8814805840243,1137.8838758064071,1154.16943359375,8225838
2021-01-20,TCS.NS,2836.1271046780216,2886.3880915995269,2833.6119696205205,2869.779052734375,3453446
2021-01-21,INFY.NS,1163.260297069055,1172.7818400930789,1150.3351826571766,1154.385009765625,6142421
2021-01-21,TCS.NS,2866.4826599272615,2870.0819407468534,2829.2748456516392,2839.4658203125,2778546
2021-01-22,INFY.NS,1143.4416876065104,1168.4302399355149,1143.0539762822382,1155.3758544921875,9646591
2021-01-22,TCS.NS,2811.7545101722335,2883.8286276401386,2811.7545101722335,2864.83447265625,3052459
2021-01-25,INFY.NS,1158.9516568021336,1161.4505327125012,1131.3780857852798,1141.8043212890625,6542611
2021-01-25,TCS.NS,2869.9084013829615,2896.6652141947725,2843.6286552467732,2854.600341796875,2272887
2021-01-27,INFY.NS,1137.0653281460511,1143.9157015979749,1107.3375662888109,1121.0382080078125,8133665
2021-01-27,TCS.NS,2862.1457198448093,2867.7398714023216,2798.831587254303,2828.36376953125,2786662
2021-01-28,INFY.NS,1113.1106572941733,1117.117357757531,1096.523430677832,1099.66845703125,4660690
2021-01-28,TCS.NS,2801.4340763040354,2840.4633436209647,2761.3640708747866,2772.42236328125,3083938
2021-01-29,INFY.NS,1108.3285780131775,1112.5508031568647,1060.7210725241762,1067.6575927734375,12183519
2021-01-29,TCS.NS,2784.1307498578026,2790.0285473235554,2688.6824794865702,2698.526611328125,5445659
2021-02-01,INFY.NS,1077.5666787014361,1101.176466884617,1069.3376482785413,1086.4849853515625,8880279
2021-02-01,TCS.NS,2688.6822760296504,2745.0578721399497,2640.1993480737056,2722.811279296875,3985846
2021-02-02,INFY.NS,1102.9430924287119,1115.3512232555049,1088.811613019999,1095.4034423828125,6892490
2021-02-02,TCS.NS,2752.8642937214217,2796.2301458594407,2732.0486846951731,2778.40673828125,2881837
2021-02-03,INFY.NS,1100.9181094452731,1123.6232045430509,1096.911303208055,1106.9498291015625,8182968
2021-02-03,TCS.NS,2786.6902116780552,2806.6385076222182,2743.0207052056908,2775.45849609375,2505866
2021-02-04,INFY.NS,1107.2512925274571,1114.4893764883388,1096.0926542603552,1102.3828125,5032240
2021-02-04,TCS.NS,2789.3342688870257,2808.2418176926972,2754.5981883003465,2765.396240234375,2057261
2021-02-05,INFY.NS,1108.4576020295785,1110.4825151618702,1087.4327325969195,1096.1356201171875,5477481
2021-02-05,TCS.NS,2774.5035995511762,2780.4882137372515,2713.8348193960819,2738.943603515625,2366135
2021-02-08,INFY.NS,1107.6819710990551,1128.7929849395271,1099.0652307560053,1123.2352294921875,6921922
2021-02-08,TCS.NS,2766.3072302797259,2797.9642968748694,2736.5148103056554,2787.643310546875,2526592
2021-02-09,INFY.NS,1126.1218571153954,1147.7498551201086,1118.3236647495469,1124.9586181640625,7965949
2021-02-09,TCS.NS,2771.0779175109137,2815.1376650902857,2744.191089516285,2755.37939453125,2658751
2021-02-10,INFY.NS,1116.5575146413062,1123.9247662320911,1106.0450258741864,1117.16064453125,5951207
2021-02-10,TCS.NS,2762.4043520441965,2792.2399689811728,2738.3797160414965,2786.949462890625,2127983
2021-02-11,INFY.NS,1110.6980078831743,1116.7297270881256,1105.5710886329,1113.8431396484375,4673317
2021-02-11,TCS.NS,2788.4237718492914,2792.1532767862918,2762.4476736180686,2780.617919921875,1165882
2021-02-12,INFY.NS,1124.4848932169059,1140.6412853608269,1121.5121591363622,1128.6209716796875,5797875
2021-02-12,TCS.NS,2761.7106818341476,2814.8772549896066,2759.8026268300505,2767.43505859375,2777404
2021-02-15,INFY.NS,1137.4098836079422,1144.6479675405958,1126.2942659811706,1128.4915771484375,4363513
2021-02-15,TCS.NS,2783.2199975335957,2783.2199975335957,2716.0463443987987,2723.2451171875,2630853
2021-02-16,INFY.NS,1132.2397849125675,1137.1944110642016,1108.1129097393925,1111.904296875,6896421
2021-02-16,TCS.NS,2732.0478621792895,2747.3559186764055,2688.6820230970784,2696.314453125,3435770
2021-02-17,INFY.NS,1111.9043239367195,1115.4371668503802,1098.6345212315448,1104.0631103515625,4575741
2021-02-17,TCS.NS,2693.1064424364804,2717.1744922343023,2641.4576661965511,2665.352294921875,3678426
2021-02-18,INFY.NS,1099.4963983849259,1125.3466271870793,1098.6347240915209,1113.6708984375,6437551
2021-02-18,TCS.NS,2658.3265405809161,2686.8611844905117,2628.8377632955162,2651.691650390625,4189909
2021-02-19,INFY.NS,1116.8159046715325,1119.7456179756161,1100.1856557955718,1112.679931640625,5389696
2021-02-19,TCS.NS,2652.2551540267127,2677.5373576665384,2615.9578560524451,2664.267578125,3725028
2021-02-22,INFY.NS,1115.8679945367455,1127.5437210322782,1085.7094000898064,1090.1900634765625,7371303
2021-02-22,TCS.NS,2685.2135640669753,2685.2135640669753,2552.6440693978784,2565.9140625,5366696
2021-02-23,INFY.NS,1095.3173533010224,1112.4215678345515,1083.5986033677766,1091.1812744140625,6612942
2021-02-23,TCS.NS,2575.9314851380354,2626.2358710430881,2574.1968511413097,2584.778076171875,3832829
2021-02-24,INFY.NS,1085.7526365780805,1100.013281724026,1078.8161170740752,1098.031494140625,4537258
2021-02-24,TCS.NS,2577.6662929597965,2604.856767390992,2533.5631359200152,2556.9375,3774549
2021-02-25,INFY.NS,1110.2241360693142,1119.9610970869585,1096.0496368490949,1098.2469482421875,8788221
2021-02-25,TCS.NS,2579.400618270045,2627.8835512447272,2574.5869668313449,2597.87451171875,4224073
2021-02-26,INFY.NS,1093.4645216914641,1098.0314368662373,1072.5689230697005,1079.936279296875,15132388
2021-02-26,TCS.NS,2567.258319300639,2577.969768946647,2497.8729593195408,2510.275634765625,5553153
2021-03-01,INFY.NS,1088.5530584727862,1106.820509431112,1084.8478173404203,1091.7412109375,5756286
2021-03-01,TCS.NS,2537.7692205642184,2571.5945792798725,2516.7801941721673,2536.2080078125,3265871
2021-03-02,INFY.NS,1104.8818247785234,1128.7932855994275,1102.2536761999449,1124.0540771484375,10461434
2021-03-02,TCS.NS,2567.2587499928945,2623.634364435306,2556.8509442496802,2607.458984375,3306469
2021-03-03,INFY.NS,1136.7205420391444,1160.6751264405077,1127.0698332473528,1157.702392578125,9056399
2021-03-03,TCS.NS,2632.3065641910812,2657.4587521191015,2599.2617084557046,2653.208984375,3509857
2021-03-04,INFY.NS,1150.3350531237788,1175.1943326730441,1142.4938389671688,1146.3282470703125,12041941
2021-03-04,TCS.NS,2621.8995608318601,2672.5942023496182,2615.8717494109728,2645.056884765625,3916760
2021-03-05,INFY.NS,1144.7342041454772,1154.6434577003683,1124.5279857096573,1134.56640625,6486176
2021-03-05,TCS.NS,2615.9148053058102,2656.7653076598276,2599.0021243430324,2608.932861328125,3203686
2021-03-08,INFY.NS,1141.5459116696643,1159.899507241126,1134.9971042360769,1150.981201171875,5119392
2021-03-08,TCS.NS,2615.8280208114875,2630.572409522958,2598.481681150934,2607.978759765625,2003125
2021-03-09,INFY.NS,1145.5958680350614,1163.6479007526516,1136.3328702303399,1159.42578125,6518173
2021-03-09,TCS.NS,2607.9786789296363,2659.9742881010461,2595.0991491792706,2646.140625,1942397
2021-03-10,INFY.NS,1169.2055806586063,1183.94018639556,1167.5683788689837,1178.8994140625,7925984
2021-03-10,TCS.NS,2666.9994922332839,2682.7846176102144,2653.989738612634,2663.48681640625,3053778
2021-03-12,INFY.NS,1183.0786532905622,1199.1919184391575,1180.5367565245792,1184.6727294921875,9462061
2021-03-12,TCS.NS,2666.9997109065821,2703.4270240311598,2637.8145792568857,2652.2119140625,2938317
2021-03-15,INFY.NS,1180.4936969291621,1189.0242928563487,1170.5844432688077,1183.595703125,6658635
2021-03-15,TCS.NS,2637.5105521560322,2687.8149296716683,2637.5105521560322,2659.323486328125,3097083
2021-03-16,INFY.NS,1194.3236031436679,1211.5139618801932,1189.5412691149409,1192.55712890625,9352771
2021-03-16,TCS.NS,2653.9903938882612,2724.2430807853034,2653.9903938882612,2697.399658203125,4894756
2021-03-17,INFY.NS,1199.6657567646491,1206.3437309897711,1190.8335973056169,1195.1419677734375,7626744
2021-03-17,TCS.NS,2693.0189355940715,2736.3847799675668,2675.9328352603716,2699.9140625,3838390
2021-03-18,INFY.NS,1200.9585220891945,1200.9585220891945,1131.809161445135,1152.1446533203125,10961755
2021-03-18,TCS.NS,2711.1896200659207,2728.9696191316498,2590.7193696316908,2633.608154296875,3656306
2021-03-19,INFY.NS,1146.0266336557611,1167.7407804300419,1135.6865437280399,1158.477783203125,12767112
2021-03-19,TCS.NS,2627.9699885197397,2687.8148496444464,2606.2870678223821,2645.48974609375,5776626
2021-03-22,INFY.NS,1163.346265133308,1185.6636469671121,1151.2828268647472,1181.1829833984375,4862758
2021-03-22,TCS.NS,2644.189171980529,2722.8981860522467,2618.1262549990556,2714.3984375,2821646
2021-03-23,INFY.NS,1182.6047683710906,1191.9108922351161,1171.5322754263343,1181.829345703125,7165335
2021-03-23,TCS.NS,2723.3750183536631,2748.5272080136174,2708.5006184778117,2725.630126953125,3305973
2021-03-24,INFY.NS,1170.0242982818368,1180.8813722284217,1160.028898540296,1166.491455078125,6134303
2021-03-24,TCS.NS,2698.3963456428687,2734.0431555752925,2698.352937447627,2706.98291015625,2207104
2021-03-25,INFY.NS,1160.4596635790633,1165.4142899503865,1143.9585825402114,1149.301025390625,8749994
2021-03-25,TCS.NS,2699.2638651940638,2715.4394539337568,2645.3167913398088,2658.196533203125,3179786
2021-03-26,INFY.NS,1158.6932492202639,1169.0333395716661,1147.7500290056321,1151.3690185546875,4922071
2021-03-26,TCS.NS,2680.5733237996446,2704.2945295321547,2639.2891597621729,2659.887939453125,3697370
2021-03-30,INFY.NS,1160.5891749583507,1206.3440607988207,1151.3261759200741,1193.677490234375,10546381
2021-03-30,TCS.NS,2673.93803231726,2765.3965580858217,2654.7702439160366,2739.4638671875,4694008
2021-03-31,INFY.NS,1190.8336667241899,1196.0037115869577,1174.7204023091629,1178.8133544921875,8220987
2021-03-31,TCS.NS,2736.3850913081378,2779.7509406157151,2716.4368006266518,2756.203369140625,3530069
2021-04-01,INFY.NS,1189.1104006694657,1199.1058003917483,1181.3553328390126,1193.591064453125,5675155
2021-04-01,TCS.NS,2767.6951622222459,2788.4239523165975,2727.7117667296111,2745.05810546875,4285076
2021-04-05,INFY.NS,1198.5887273838971,1227.88564811075,1195.1420308277966,1214.8743896484375,9479572
2021-04-05,TCS.NS,2750.2618558095128,2830.0550096204479,2732.915518024527,2809.152587890625,5317862
2021-04-06,INFY.NS,1226.1625667145531,1228.7475896942744,1211.9018145358145,1215.8656005859375,5793571
2021-04-06,TCS.NS,2840.462702839493,2840.462702839493,2801.4334443271946,2831.529296875,2291562
2021-04-07,INFY.NS,1215.1759757090142,1236.4592852394153,1212.0308440098686,1232.3663330078125,5879234
2021-04-07,TCS.NS,2826.5861739415063,2842.6749470447644,2805.5971443641874,2837.3408203125,2491268
2021-04-08,INFY.NS,1232.1940491134949,1250.8923363163185,1224.4389816715218,1240.6815185546875,5654434
2021-04-08,TCS.NS,2836.1260664478145,2892.5016610408138,2832.700207279695,2877.193603515625,2578118
2021-04-09,INFY.NS,1253.7360117447722,1253.7360117447722,1232.23728165855,1241.7156982421875,6052712
2021-04-09,TCS.NS,2908.9809154011305,2909.2845610184704,2869.0843375512641,2881.443603515625,2911129
2021-04-12,INFY.NS,1270.1077622934201,1273.1667477568681,1219.2689848339141,1228.531982421875,20384532
2021-04-12,TCS.NS,2881.4436915230553,2895.1907496618546,2786.8627372733504,2815.787841796875,3791828
2021-04-13,INFY.NS,1234.7790588105163,1236.7178256509376,1184.8019580352127,1203.8880615234375,14855206
2021-04-13,TCS.NS,2787.5572776210893,2787.5572776210893,2665.3089695409717,2692.19580078125,8654596
2021-04-15,INFY.NS,1148.0086039057906,1177.3916737330917,1137.4099689394636,1172.523193359375,25342491
2021-04-15,TCS.NS,2740.9815594108586,2807.7215505195786,2677.7974404373754,2791.849609375,6062760
2021-04-16,INFY.NS,1176.1852898848683,1181.2260629474069,1160.3304634750934,1166.491455078125,10879878
2021-04-16,TCS.NS,2800.5670215950781,2816.1787299842731,2760.3235913352023,2771.208251953125,3224657
2021-04-19,INFY.NS,1154.6434235411007,1188.8518470750621,1148.0515948995885,1174.07421875,12508028
2021-04-19,TCS.NS,2748.5271097010491,2765.8734467771051,2719.1251530560462,2742.282470703125,2679106
2021-04-20,INFY.NS,1188.2486510929871,1188.2486510929871,1156.7113982865865,1164.42333984375,8560766
2021-04-20,TCS.NS,2797.0968884735703,2797.4005340751078,2711.5361644754539,2727.3212890625,3141893
2021-04-22,INFY.NS,1168.0423986977801,1176.0128843300108,1159.0809667878193,1164.2078857421875,6622446
2021-04-22,TCS.NS,2730.3138951067372,2730.3138951067372,2693.2360936404689,2704.98828125,1988980
2021-04-23,INFY.NS,1157.2283855108089,1161.8814469660617,1146.8882956923953,1149.301025390625,7316262
2021-04-23,TCS.NS,2693.0194365615953,2705.1618752449649,2680.9204060801317,2696.92236328125,1615309
2021-04-26,INFY.NS,1147.9654322200197,1164.3803675075339,1138.2715976450711,1157.702392578125,7088606
2021-04-26,TCS.NS,2690.4606110408986,2734.6503676872076,2678.3181736328361,2689.37646484375,2490260
2021-04-27,INFY.NS,1159.8133440367769,1165.8450627650514,1154.7725715651129,1161.967529296875,3636115
2021-04-27,TCS.NS,2693.8865262125341,2719.9928518770071,2691.2845752857352,2716.436767578125,1471417
2021-04-28,INFY.NS,1170.1536463734674,1171.446157764896,1158.607190239735,1168.4302978515625,4879234
2021-04-28,TCS.NS,2732.0052231473028,2732.9159483738831,2699.0905843667165,2709.585205078125,1639037
2021-04-29,INFY.NS,1178.7700910224162,1179.6317650655612,1164.4663229431724,1168.7315673828125,5412357
2021-04-29,TCS.NS,2728.2320877985858,2738.4230612333586,2693.4525958882341,2701.908935546875,1621395
2021-04-30,INFY.NS,1160.0718873604987,1183.8540715748959,1159.7271966822093,1167.00830078125,8354677
2021-04-30,TCS.NS,2687.8152187602691,2716.480086208157,2619.2971799470838,2632.87060546875,3072305
2021-05-03,INFY.NS,1155.3327768515082,1172.7385531266991,1152.920047085616,1165.026611328125,4560337
2021-05-03,TCS.NS,2623.547127572062,2649.6534541597639,2605.420286839912,2634.041748046875,1545831
2021-05-04,INFY.NS,1166.706806746648,1167.5253551205797,1140.9427284558226,1145.5096435546875,4887060
2021-05-04,TCS.NS,2656.4183819994828,2680.0093605584989,2632.3069285744477,2645.099853515625,1990777
2021-05-05,INFY.NS,1155.5913444106986,1158.0040744447103,1144.131139711262,1155.93603515625,3939788
2021-05-05,TCS.NS,2662.6631210268588,2688.1621554674107,2647.3982575233513,2684.953125,1939289
2021-05-06,INFY.NS,1158.951723413913,1175.9266619728828,1152.403020957983,1173.2554931640625,4810090
2021-05-06,TCS.NS,2693.4525440741136,2718.1710749084759,2666.1320626256079,2698.613037109375,1791671
2021-05-07,INFY.NS,1176.4439891628188,1183.1219651314254,1161.9678185375751,1165.4576416015625,4991435
2021-05-07,TCS.NS,2717.304345701702,2740.5918934335382,2698.9172664013508,2717.217529296875,1912540
2021-05-10,INFY.NS,1163.1310416212618,1165.7591903300936,1150.3783249956527,1154.255859375,7195348
2021-05-10,TCS.NS,2728.53551392094,2744.3640470832393,2710.3652675169637,2728.145263671875,2137153
2021-05-11,INFY.NS,1151.9721330831351,1155.5049758799562,1141.804336560745,1146.586669921875,6420988
2021-05-11,TCS.NS,2710.3659001404985,2713.0546678123724,2681.0071320112424,2708.284423828125,2415625
2021-05-12,INFY.NS,1146.0267953074956,1146.0267953074956,1132.6708439336114,1143.4417724609375,5241898
2021-05-12,TCS.NS,2706.0289638256604,2706.0289638256604,2663.1835899306775,2677.927978515625,1978558
2021-05-14,INFY.NS,1143.3123140362059,1143.3123140362059,1129.913344241812,1134.307861328125,4824609
2021-05-14,TCS.NS,2687.3813245742999,2687.3813245742999,2636.6432876249387,2646.617431640625,2043935
2021-05-17,INFY.NS,1137.6684297752622,1150.2918720076307,1137.6684297752622,1145.5096435546875,5017129
2021-05-17,TCS.NS,2649.6533636569552,2667.173124235765,2633.1743411006596,2662.4462890625,2890462
2021-05-18,INFY.NS,1152.9199623221782,1158.6069904267122,1145.5957323672167,1154.643310546875,5620150
2021-05-18,TCS.NS,2688.682412872553,2709.4980186496305,2669.6014409102313,2678.968505859375,2098538
2021-05-19,INFY.NS,1156.3667204007338,1169.6795440720994,1148.8270715158558,1152.058349609375,4435878
2021-05-19,TCS.NS,2674.8056789549196,2704.2944575166794,2660.1481060746196,2673.071044921875,1986041
2021-05-20,INFY.NS,1161.8814972847088,1162.4846271429701,1150.3350421171274,1154.040283203125,4490092
2021-05-20,TCS.NS,2660.1477808571331,2678.9685154652675,2647.1380271998105,2653.98974609375,2329027
2021-05-21,INFY.NS,1161.10597595688,1169.7227178934802,1160.1150295972031,1167.1376953125,4969733
2021-05-21,TCS.NS,2654.8570954295415,2678.4480733334908,2649.7400102940805,2671.769775390625,1685566
2021-05-24,INFY.NS,1168.9904560421035,1174.4620667909901,1159.0380758379829,1161.580078125,4225371
2021-05-24,TCS.NS,2672.636962890625,2693.0189095490477,2664.3974525393478,2672.636962890625,1652260
2021-05-25,INFY.NS,1170.1534872833411,1178.7702287213629,1167.0945019989106,1173.2554931640625,4099340
2021-05-25,TCS.NS,2694.8623097051623,2726.4563455159036,2686.2339546935409,2714.03662109375,1841613
2021-05-26,INFY.NS,1178.6840076135552,1206.3437248389694,1173.6432352288718,1203.97412109375,6850024
2021-05-26,TCS.NS,2719.2652762387206,2758.4854484921639,2705.1460567840918,2752.8203125,1923753
2021-05-27,INFY.NS,1209.9629375542268,1220.3461543215981,1199.1920094490051,1208.28271484375,15365391
2021-05-27,TCS.NS,2755.8273912259992,2804.4604516371242,2755.6967424202639,2771.55908203125,5959785
2021-05-28,INFY.NS,1214.745138951032,1218.4072541065857,1202.983265708581,1210.6953125,4261312
2021-05-28,TCS.NS,2779.8392154711028,2787.2474717280411,2732.905648071262,2739.834716796875,1763701
2021-05-31,INFY.NS,1220.6681286347393,1220.6681286347393,1204.5551351422366,1213.9180908203125,4429904
2021-05-31,TCS.NS,2745.4120355694236,2763.148353991799,2726.7607500282993,2753.38671875,1652799
2021-06-01,INFY.NS,1219.3617496463814,1220.2327223247005,1200.7665042282556,1208.2132568359375,4791325
2021-06-01,TCS.NS,2761.6237582519175,2762.800236009924,2729.7245926498572,2748.02734375,1377441
2021-06-02,INFY.NS,1202.5951340462432,1212.3499823394552,1188.8773188289856,1200.76611328125,9272276
2021-06-02,TCS.NS,2746.1527174741473,2753.6479998169602,2714.9072313199008,2727.501220703125,2240078
2021-06-03,INFY.NS,1208.9968739609324,1218.4904952234331,1199.3726918827983,1210.346923828125,5115645
2021-06-03,TCS.NS,2749.3779160985709,2749.3779160985709,2721.5750418670996,2737.7861328125,1281706
2021-06-04,INFY.NS,1214.09216769656,1216.6616005621086,1199.8953786410771,1206.8631591796875,4194328
2021-06-04,TCS.NS,2726.2382691351891,2751.3828472358141,2723.6235904883201,2739.96533203125,1836060
2021-06-07,INFY.NS,1211.5227154080026,1212.3936878849313,1199.5904350020305,1210.346923828125,5154576
2021-06-07,TCS.NS,2741.0548555584369,2780.6671955726056,2731.1191615450098,2774.348388671875,2559821
2021-06-08,INFY.NS,1215.8776827694026,1238.3052259866749,1215.485787648902,1230.640625,7360630
2021-06-08,TCS.NS,2787.247081931434,2816.0085433772556,2777.8341974470977,2789.120849609375,2574057
2021-06-09,INFY.NS,1231.0327527874454,1241.1360141650894,1223.3681510141139,1232.6876220703125,5394317
2021-06-09,TCS.NS,2790.7339696056461,2806.4220431387193,2776.9632847255471,2789.208740234375,1710925
2021-06-10,INFY.NS,1240.2649108243102,1244.6197735729911,1235.9100480756292,1240.5262451171875,3496575
2021-06-10,TCS.NS,2797.70592135876,2809.9077540375833,2782.8894102487602,2803.632568359375,1874324
2021-06-11,INFY.NS,1245.5777030430665,1264.3036110722962,1245.011549675881,1260.2100830078125,6140828
2021-06-11,TCS.NS,2799.0569447568123,2883.9903751710076,2798.5775444769129,2853.3115234375,3452954
2021-06-14,INFY.NS,1281.2006492490314,1286.426484664051,1265.9150381321408,1273.187744140625,7132294
2021-06-14,TCS.NS,2857.8432386756117,2883.7285099917262,2850.3043350683261,2855.53369140625,1847360
2021-06-15,INFY.NS,1275.1037910703569,1285.5554614889663,1274.2328185354727,1283.7264404296875,5403104
2021-06-15,TCS.NS,2874.4036289723967,2874.4036289723967,2833.9197271488588,2843.68115234375,1304985
2021-06-16,INFY.NS,1282.6810640692133,1297.2698523733502,1278.1520499296114,1289.561767578125,7661710
2021-06-16,TCS.NS,2843.1139249899015,2871.5266329719457,2835.1826495566793,2853.79052734375,1635552
2021-06-17,INFY.NS,1284.7716463341542,1308.7669837182775,1284.7716463341542,1302.3653564453125,7677951
2021-06-17,TCS.NS,2846.0774724007588,2907.5660360652819,2841.2838952768252,2891.616455078125,2273413
2021-06-18,INFY.NS,1314.2973860242691,1320.2200410273454,1295.4844029554913,1309.3328857421875,13533974
2021-06-18,TCS.NS,2920.5086749244424,2926.696832554393,2854.3573932744603,2873.793212890625,3380431
2021-06-21,INFY.NS,1300.3618294777948,1311.5103190367672,1292.6972296160168,1306.719970703125,5454052
2021-06-21,TCS.NS,2845.6416991220308,2863.9444481822334,2834.0499154939534,2852.701416015625,1130569
2021-06-22,INFY.NS,1314.907051074631,1325.1409772519048,1308.2876817899016,1316.7796630859375,6427862
2021-06-22,TCS.NS,2879.632303446715,2899.7217904931717,2863.0726745830689,2877.19189453125,1708688
2021-06-23,INFY.NS,1328.2331212813588,1328.2331212813588,1305.2830161546719,1309.202392578125,5529809
2021-06-23,TCS.NS,2901.4216594077234,2901.4216594077234,2838.1463527645992,2842.504150390625,1467104
2021-06-24,INFY.NS,1321.2653858939264,1366.3382162960427,1316.2137024706592,1358.0203857421875,10785137
2021-06-24,TCS.NS,2862.200921302282,2948.485297431675,2857.4073448506492,2940.292724609375,4155204
2021-06-25,INFY.NS,1369.168863834137,1374.3946991922826,1343.9106596031002,1371.0849609375,9780240
2021-06-25,TCS.NS,2941.7314054001672,2962.9973735546168,2919.7245265063507,2946.568603515625,2722861
2021-06-28,INFY.NS,1369.9526773998857,1376.2672280750623,1359.2396730368041,1368.99462890625,5019178
2021-06-28,TCS.NS,2955.8939057802668,2955.8939057802668,2904.9076774187315,2908.176025390625,1355238
2021-06-29,INFY.NS,1359.5881210099008,1370.605944791992,1358.0203279260079,1361.3736572265625,5913567
2021-06-29,TCS.NS,2912.7517199861272,2933.9306574546695,2899.2425483344859,2911.74951171875,1497322
2021-06-30,INFY.NS,1369.2123646290893,1385.7172510180376,1369.2123646290893,1376.8333740234375,6058722
2021-06-30,TCS.NS,2916.2376652341122,2947.6138026962844,2909.7009699294931,2916.019775390625,1693146
2021-07-01,INFY.NS,1373.3930072922922,1373.3930072922922,1357.8897601108913,1359.0655517578125,4814317
2021-07-01,TCS.NS,2926.6968943179054,2930.1831324290642,2904.3414775433343,2912.316162109375,990310
2021-07-02,INFY.NS,1357.8024290454264,1366.9476395727174,1343.5620510597628,1365.5106201171875,5166064
2021-07-02,TCS.NS,2903.1648347340215,2910.7473601936704,2871.9629605702348,2898.32763671875,1682274
2021-07-05,INFY.NS,1366.6864575080867,1380.4913497415259,1359.6316018427842,1375.221923828125,4058338
2021-07-05,TCS.NS,2912.7514776352191,2940.6413780793623,2877.8891020800397,2894.44873046875,1972858
2021-07-06,INFY.NS,1370.649608264355,1382.0158438042245,1356.1914836281308,1360.6334228515625,4089574
2021-07-06,TCS.NS,2887.4763499858295,2900.5497412474615,2837.8847042465959,2843.288330078125,2159420
2021-07-07,INFY.NS,1363.9866068041097,1367.9059832858584,1345.347772938037,1362.7236328125,4797120
2021-07-07,TCS.NS,2854.3570970900601,2861.0680620594303,2825.2470976100608,2854.3134765625,2640710
2021-07-08,INFY.NS,1365.6847894641999,1372.6525690022825,1349.1363130612535,1359.3702392578125,3326813
2021-07-08,TCS.NS,2874.4036561229286,2874.4036561229286,2816.7934795391784,2839.97705078125,2485811
2021-07-09,INFY.NS,1355.2333100346107,1367.3398499422146,1350.8784472131626,1361.2430419921875,3436594
2021-07-09,TCS.NS,2832.5688504512204,2860.4587591325862,2789.862427782879,2796.093994140625,6365067
2021-07-12,INFY.NS,1367.9060290680072,1374.3947322658926,1335.8541955721248,1348.1348876953125,4588982
2021-07-12,TCS.NS,2819.4948183101715,2820.3663777594174,2778.8366551160825,2782.9765625,1892226
2021-07-13,INFY.NS,1355.5815853790407,1355.5815853790407,1338.0750598435359,1345.60888671875,4456160
2021-07-13,TCS.NS,2801.1923556653715,2801.1923556653715,2767.2015336768995,2778.1396484375,1809339
2021-07-14,INFY.NS,1353.4911121062801,1378.5751598006777,1339.6426296566619,1373.4364013671875,5657716
2021-07-14,TCS.NS,2777.6603661467552,2808.1649512785834,2775.9172469963651,2801.671875,2044279
2021-07-15,INFY.NS,1356.8880824588236,1390.812418891996,1355.2332134406452,1376.8333740234375,10021355
2021-07-15,TCS.NS,2819.1845191129291,2822.8967306148838,2789.8361264102618,2797.653564453125,2232968
2021-07-16,INFY.NS,1370.6929898779226,1371.4768864021955,1349.6589824626813,1354.754150390625,6265593
2021-07-16,TCS.NS,2806.4313780915813,2812.4146737671153,2788.0886893458846,2790.534423828125,1256526
2021-07-19,INFY.NS,1345.3912379284575,1352.5332765373414,1339.1638693330044,1342.7783203125,5669162
2021-07-19,TCS.NS,2777.6077240001282,2794.9023053084866,2774.1138778064173,2781.625732421875,1597058
2021-07-20,INFY.NS,1339.8170980665798,1356.7138802520703,1339.5557637771587,1350.051025390625,5069939
2021-07-20,TCS.NS,2781.6254817571275,2808.1786251375279,2756.7753323457591,2800.142822265625,1811945
2021-07-22,INFY.NS,1359.9364422808278,1387.3284840624563,1359.9364422808278,1385.0203857421875,7854575
2021-07-22,TCS.NS,2786.3428413326988,2816.8702852990564,2786.3428413326988,2809.358642578125,2859334
2021-07-23,INFY.NS,1383.5836403476194,1392.2497756537243,1380.5352360843801,1385.2384033203125,4179719
2021-07-23,TCS.NS,2821.281296557388,2831.3698218617578,2800.8858805232189,2806.301513671875,1776193
2021-07-26,INFY.NS,1388.4173074229864,1403.7029180573702,1388.4173074229864,1396.952880859375,4586710
2021-07-26,TCS.NS,2795.0767055313113,2816.258146190416,2787.0846183754047,2792.936767578125,1259611
2021-07-27,INFY.NS,1397.9109398244527,1401.6561643095713,1391.7270559963727,1395.777099609375,5892859
2021-07-27,TCS.NS,2795.0773787613339,2803.8119955699631,2761.1433071608176,2780.184814453125,1121367
2021-07-28,INFY.NS,1397.998229479666,1400.1756611828987,1380.9271861903014,1398.4337158203125,4686788
2021-07-28,TCS.NS,2784.5950645543444,2798.9634625610452,2736.0305232989072,2793.155029296875,1660654
2021-07-29,INFY.NS,1393.6430921434951,1410.9754663584183,1393.6430921434951,1408.362548828125,4660873
2021-07-29,TCS.NS,2795.2953084901396,2817.3064967675937,2786.604408769665,2791.408447265625,1731997
2021-07-30,INFY.NS,1402.265929702053,1413.9369841697644,1398.9127063515282,1402.701416015625,6234257
2021-07-30,TCS.NS,2811.6727376362114,2815.603314622655,2762.1912259836249,2766.645751953125,2999943
2021-08-02,INFY.NS,1417.4642058801662,1423.8223478971256,1410.2786824850591,1421.0352783203125,5553389
2021-08-02,TCS.NS,2777.6076735719776,2816.8260110853839,2766.2526736485702,2812.02197265625,2608669
2021-08-03,INFY.NS,1434.4916134182358,1444.6384636417272,1424.5625063054636,1441.633544921875,5513668
2021-08-03,TCS.NS,2820.4072292353371,2873.6883815993369,2811.6288983685017,2869.233642578125,3804735
2021-08-04,INFY.NS,1453.7400755825431,1463.1466204446519,1427.5674176021148,1436.4512939453125,6740391
2021-08-04,TCS.NS,2882.4226577298195,2886.96461441979,2848.5323123167254,2859.6689453125,2929598
2021-08-05,INFY.NS,1436.6692958051754,1451.0403436262031,1434.5354554748603,1440.19677734375,5420536
2021-08-05,TCS.NS,2860.5861274565818,2895.5245839751351,2849.6678597945338,2868.403564453125,2534521
2021-08-06,INFY.NS,1443.2014642520089,1446.3805352109291,1431.8788215028985,1437.27880859375,3754855
2021-08-06,TCS.NS,2858.4469521256069,2903.3865111605928,2851.852274049138,2890.9833984375,2292362
2021-08-09,INFY.NS,1446.6854412607183,1452.3031718189327,1433.9692629808042,1448.688720703125,5018477
2021-08-09,TCS.NS,2903.2993321199051,2914.7417659757734,2891.1582994845103,2902.251220703125,1510489
2021-08-10,INFY.NS,1452.7822488331904,1463.2339196881055,1446.7290319910098,1460.8387451171875,6846517
2021-08-10,TCS.NS,2896.0492711087568,2926.0088324064609,2896.0492711087568,2912.033447265625,2040777
2021-08-11,INFY.NS,1458.7045574448221,1466.7174606639699,1452.7819028429346,1461.0997314453125,4899639
2021-08-11,TCS.NS,2926.0966379889155,2934.8312548187332,2906.0944507476256,2921.030517578125,1929707
2021-08-12,INFY.NS,1462.493594127551,1477.6049467665491,1458.0080641834384,1471.59521484375,5659579
2021-08-12,TCS.NS,2905.1326363734897,2941.8180154257107,2905.1326363734897,2927.624267578125,1310205
2021-08-13,INFY.NS,1478.0404344197511,1500.2502347012501,1473.0759333553731,1491.2791748046875,5612790
2021-08-13,TCS.NS,2935.4857463855783,3039.6460306246559,2932.6469965006559,3025.146484375,4363584
2021-08-16,INFY.NS,1487.3596189425141,1498.0290315167445,1472.0305249977998,1484.4854736328125,4564109
2021-08-16,TCS.NS,3022.1769967008554,3052.1804865769095,3001.6506500469623,3033.48828125,2083489
2021-08-17,INFY.NS,1484.0501084300226,1523.2438721030503,1468.9387563667328,1516.9293212890625,9510390
2021-08-17,TCS.NS,3041.4801031890761,3110.2214744587654,3024.7969047280226,3103.4521484375,4336019
2021-08-18,INFY.NS,1505.9114463640587,1528.9922175200145,1504.1695013711565,1509.7872314453125,6686090
2021-08-18,TCS.NS,3121.6204986858806,3140.0941242989843,3089.0840574813919,3110.00341796875,2631309
2021-08-20,INFY.NS,1494.6758198585792,1519.8469452589354,1494.6758198585792,1509.3516845703125,6206972
2021-08-20,TCS.NS,3062.3559918055994,3122.6248347703986,3057.1152228521387,3109.086181640625,2836148
2021-08-23,INFY.NS,1511.7904030093007,1526.9453446318312,1508.5242563803019,1514.4033203125,6189051
2021-08-23,TCS.NS,3126.9925396626172,3208.2244687655843,3111.1827993446677,3177.129150390625,3744176
2021-08-24,INFY.NS,1524.2018576309072,1530.2986650614309,1491.7145412231635,1498.81298828125,7602939
2021-08-24,TCS.NS,3194.248869248207,3203.289281535624,3139.5700912462094,3155.9912109375,2511141
2021-08-25,INFY.NS,1496.3308442633111,1521.5019722788666,1496.3308442633111,1511.616455078125,6153253
2021-08-25,TCS.NS,3153.1962331483587,3229.8424850759952,3150.6195641945837,3195.995849609375,2123263
2021-08-26,INFY.NS,1510.2663441886914,1520.7180143906892,1498.0727289530273,1504.7791748046875,5302248
2021-08-26,TCS.NS,3196.8688790309616,3220.9765001390165,3186.2999102794588,3207.219482421875,1902533
2021-08-27,INFY.NS,1502.4277064883427,1504.7792899357576,1485.1824068076487,1488.3179931640625,6698514
2021-08-27,TCS.NS,3202.1098599043662,3257.574665170031,3189.0953688496652,3249.40771484375,3944728
2021-08-30,INFY.NS,1483.3096963013163,1496.896845466197,1472.2918733754789,1478.954833984375,6559667
2021-08-30,TCS.NS,3244.9102303515215,3267.0525698468582,3220.9774649609785,3232.94384765625,2033114
2021-08-31,INFY.NS,1480.7840546962734,1493.7179762587919,1468.3291042613178,1486.2711181640625,12255438
2021-08-31,TCS.NS,3240.0185843520367,3322.7355738468605,3234.8215301437049,3307.31884765625,3207480
2021-09-01,INFY.NS,1488.9275478953632,1488.9275478953632,1457.267717526702,1461.274169921875,7801974
2021-09-01,TCS.NS,3315.660068603454,3333.74068017422,3237.921990071919,3244.865966796875,2643336
2021-09-02,INFY.NS,1460.9258620402402,1475.6889113283519,1448.1226074122255,1471.1597900390625,6830050
2021-09-02,TCS.NS,3261.5057238385352,3370.8193614475267,3251.0241842868313,3351.25390625,3403717
2021-09-03,INFY.NS,1477.2130299720811,1485.8355731262429,1467.0661785417021,1481.219482421875,5339139
2021-09-03,TCS.NS,3340.9904942715712,3368.853832964031,3323.1282478732569,3355.883056640625,1746812
2021-09-06,INFY.NS,1485.1388033981718,1508.5243941333167,1480.0871202894011,1507.130859375,4876026
2021-09-06,TCS.NS,3362.56521433957,3386.9349219098394,3331.3826766127986,3364.57421875,1723693
2021-09-07,INFY.NS,1506.7825001249921,1511.0502868517522,1484.137213995946,1486.4453125,3520341
2021-09-07,TCS.NS,3375.0560743537749,3380.2531289202202,3326.3605836329616,3333.04248046875,1585039
2021-09-08,INFY.NS,1481.3934169692038,1481.3934169692038,1465.8029894116851,1474.7740478515625,4584896
2021-09-08,TCS.NS,3327.8883877901417,3332.2556953856665,3280.72146575847,3296.57470703125,4147175
2021-09-09,INFY.NS,1468.3727788082772,1476.2115324816259,1465.1066314443817,1473.3372802734375,3331674
2021-09-09,TCS.NS,3310.1570038026562,3326.7527723021658,3288.5825474027815,3311.641845703125,1441148
2021-09-13,INFY.NS,1465.8467121859994,1481.9597033775865,1459.0530841826737,1473.598388671875,4662374
2021-09-13,TCS.NS,3290.3295846609585,3364.9231140500738,3290.3295846609585,3358.765380859375,1691473
2021-09-14,INFY.NS,1477.1256761332663,1477.1256761332663,1462.0143254707277,1468.5902099609375,4945167
2021-09-14,TCS.NS,3362.7834244861092,3403.4431043763866,3340.9906003438159,3394.184326171875,1991188
2021-09-15,INFY.NS,1474.7741973936459,1493.8049254065334,1472.1176887194929,1490.6258544921875,4062344
2021-09-15,TCS.NS,3390.8647341159681,3476.3765236062077,3376.8019196637183,3454.14697265625,2461369
2021-09-16,INFY.NS,1493.8919662104811,1497.4194473085083,1473.2063696575788,1482.6129150390625,3246568
2021-09-16,TCS.NS,3432.704441110121,3477.9060835598534,3399.6003283638029,3409.383056640625,2946666
2021-09-17,INFY.NS,1478.0403062981004,1496.3307284738578,1467.1095590889208,1473.0758056640625,7454864
2021-09-17,TCS.NS,3423.9686293798904,3445.8051640060376,3323.520570099613,3343.479248046875,6477148
2021-09-20,INFY.NS,1467.5885506094764,1487.3595823241576,1461.4481524246728,1470.07080078125,5660743
2021-09-20,TCS.NS,3327.0149835362313,3381.1695986528621,3326.0105880709493,3339.68017578125,2002008
2021-09-21,INFY.NS,1480.6532560868934,1503.9517705576725,1467.2838494209095,1496.72265625,4672222
2021-09-21,TCS.NS,3369.8150793138666,3381.6505274389201,3338.0646627206675,3374.138671875,1568129
2021-09-22,INFY.NS,1495.4598787260009,1514.5341989673232,1492.0195796575874,1495.372802734375,4553892
2021-09-22,TCS.NS,3373.745249967666,3403.7487396255815,3364.9669187066097,3373.439453125,1744067
2021-09-23,INFY.NS,1508.5244539217945,1519.8470970516926,1499.030831879671,1517.7132568359375,3826090
2021-09-23,TCS.NS,3380.2962094458712,3388.1573634213269,3349.7250550968779,3379.64111328125,2003869
2021-09-24,INFY.NS,1531.1697244858785,1557.2989006716446,1526.3357843635558,1536.264892578125,8280446
2021-09-24,TCS.NS,3397.7648378350168,3445.2810525818686,3367.1936889084809,3381.43115234375,2320754
2021-09-27,INFY.NS,1540.5327360352849,1540.7504791781873,1496.4179540192567,1499.074462890625,5045337
2021-09-27,TCS.NS,3406.5000155572484,3409.9938617270504,3321.6868144863188,3351.42822265625,1673362
2021-09-28,INFY.NS,1489.3630166815442,1489.3630166815442,1458.878978328413,1469.417724609375,6557197
2021-09-28,TCS.NS,3362.8267262073114,3362.8267262073114,3276.5724043338118,3300.94189453125,2253075
2021-09-29,INFY.NS,1445.1611060324121,1481.872617800693,1441.4594729447897,1473.9031982421875,7792548
2021-09-29,TCS.NS,3284.0401426210105,3324.3940157698921,3251.1541936810431,3312.078125,2489161
2021-09-30,INFY.NS,1483.2663028944044,1483.2663028944044,1454.6112837647613,1459.05322265625,6914031
2021-09-30,TCS.NS,3323.5212519802417,3323.5212519802417,3275.5682974017677,3297.7978515625,2252412
2021-10-01,INFY.NS,1450.2563356034423,1462.3192838563787,1446.9031126334762,1450.2999267578125,5733906
2021-10-01,TCS.NS,3303.2127704849677,3327.8880559391096,3253.643834218683,3258.185791015625,1578374
2021-10-04,INFY.NS,1456.7015632635075,1470.2016375418839,1450.517679535455,1462.1451416015625,2947154
2021-10-04,TCS.NS,3253.4691522191451,3304.872229032876,3238.3145112256348,3295.83203125,1356860
2021-10-05,INFY.NS,1455.3950807569224,1483.2226102398492,1448.4273005977032,1474.38232421875,4373310
2021-10-05,TCS.NS,3278.9749292362872,3354.0926287339748,3268.1440904216533,3348.240478515625,1877966
2021-10-06,INFY.NS,1482.4822902737767,1488.4920218659429,1454.524093924005,1457.6160888671875,4271698
2021-10-06,TCS.NS,3350.5985309151906,3369.3342386536387,3314.7866070967539,3328.674560546875,1678154
2021-10-07,INFY.NS,1469.3306850115271,1484.3113702738483,1460.3161404249604,1472.8145751953125,5476108
2021-10-07,TCS.NS,3345.3572139483199,3405.6260514842033,3336.6663155328461,3400.2978515625,1647233
2021-10-08,INFY.NS,1485.2259570483295,1508.0889867346034,1479.2598162798897,1501.426025390625,4738376
2021-10-08,TCS.NS,3428.3363921862592,3485.0239583147718,3406.4998546564102,3437.638671875,2934339
2021-10-11,INFY.NS,1464.975834271688,1506.7825168192749,1449.0369940224639,1472.77099609375,8840633
2021-10-11,TCS.NS,3279.84762938638,3282.0312829345735,3196.8687945550337,3219.2294921875,11845402
2021-10-12,INFY.NS,1460.6209130640477,1471.0725832827529,1447.5563252906663,1467.7193603515625,7439300
2021-10-12,TCS.NS,3237.0481705945313,3237.9216320544865,3171.1892618128682,3190.623779296875,5752877
2021-10-13,INFY.NS,1477.1258733243719,1492.5421514566985,1463.2774946507823,1488.666259765625,7104171
2021-10-13,TCS.NS,3188.1345564053886,3210.3641094985078,3183.7672487938744,3192.676513671875,3545655
2021-10-14,INFY.NS,1527.6859172658185,1553.4666845714335,1479.0856043938277,1494.3712158203125,19655776
2021-10-14,TCS.NS,3172.3735370879522,3211.7547258242166,3157.6711838950891,3160.515380859375,6442299
2021-10-18,INFY.NS,1515.4922131177411,1566.8795927579404,1515.4922131177411,1560.9134521484375,13438109
2021-10-18,TCS.NS,3153.5141032909023,3196.6146240950188,3151.7638283343899,3191.757568359375,3590107
2021-10-19,INFY.NS,1579.9441552193859,1597.7990919239051,1552.3343687944996,1587.0426025390625,10324260
2021-10-19,TCS.NS,3210.879486705096,3229.3449734131709,3172.5484214832622,3180.380859375,3135441
2021-10-20,INFY.NS,1593.3569656178327,1609.5570313577834,1562.5681118501532,1569.797119140625,5876115
2021-10-20,TCS.NS,3160.9963434888055,3176.7488169613412,3131.5042553298772,3158.23974609375,2933693
2021-10-21,INFY.NS,1579.9441517799685,1579.9441517799685,1521.4583257794832,1527.3809814453125,8779629
2021-10-21,TCS.NS,3154.0830236717397,3157.0146059860849,3072.8264245683222,3091.423095703125,4871211
2021-10-22,INFY.NS,1524.1146865515605,1535.6985561548709,1486.7499477946783,1497.8984375,7369809
2021-10-22,TCS.NS,3115.4899217027919,3116.8902273549793,3049.8546003186038,3061.975341796875,2691670
2021-10-25,INFY.NS,1499.8582271507623,1506.564672832556,1469.5047506520364,1487.2291259765625,5905209
2021-10-25,TCS.NS,3065.6071878322427,3075.7150704206852,3019.2248923840243,3056.81201171875,2595594
2021-10-26,INFY.NS,1502.6063879603894,1517.1486674004602,1490.1728822340883,1497.026611328125,5871709
2021-10-26,TCS.NS,3058.1674669622207,3088.3597055114255,3041.1022886518003,3047.75341796875,3878763
2021-10-27,INFY.NS,1501.7714975896099,1523.7827607577628,1494.785943644436,1519.2135009765625,5090259
2021-10-27,TCS.NS,3048.1035647364606,3072.8261962908118,3048.1035647364606,3054.0107421875,2510813
2021-10-28,INFY.NS,1510.7780094844702,1515.5229644100459,1486.7897990608278,1497.2022705078125,5329972
2021-10-28,TCS.NS,3078.7338948809274,3078.7338948809274,2988.5947274071541,2994.414306640625,2424942
2021-10-29,INFY.NS,1492.8967290645846,1504.8469109760645,1459.5504324355952,1465.4376220703125,5875091
2021-10-29,TCS.NS,2975.5116385074566,3028.8512324763401,2963.1721128893782,2973.498779296875,3960501
2021-11-01,INFY.NS,1474.0049226994552,1500.102016130917,1472.6868855107523,1493.8194580078125,3636806
2021-11-01,TCS.NS,3008.6791285838494,3051.6046685891351,2986.8006896062961,3042.328125,2020718
2021-11-02,INFY.NS,1489.3819492239559,1499.4429230262488,1481.7812470277015,1491.93017578125,3471772
2021-11-02,TCS.NS,3057.7304430162308,3074.8832235799418,3036.5083585161897,3049.154052734375,3087414
2021-11-03,INFY.NS,1501.6836622957965,1509.108562016102,1492.8967479464941,1495.97216796875,3530713
2021-11-03,TCS.NS,3066.6568251407275,3080.3964413402841,3033.2704145388475,3056.198974609375,1537639
2021-11-04,INFY.NS,1506.9557204877669,1508.7131032521841,1498.1688066656807,1501.419921875,483407
2021-11-04,TCS.NS,3074.3141592757156,3074.5767432503239,3067.3568590599543,3070.551025390625,328991
2021-11-08,INFY.NS,1520.1360112691098,1529.8016159650406,1496.4113451972798,1526.7261962890625,5245903
2021-11-08,TCS.NS,3104.9881594149242,3104.9881594149242,3046.5289258580847,3065.38818359375,2526082
2021-11-09,INFY.NS,1524.3098926867096,1537.7099364183555,1516.621343004618,1531.1197509765625,4016134
2021-11-09,TCS.NS,3069.9820970967548,3093.6108076502364,3059.4804479618747,3067.96923828125,1782692
2021-11-10,INFY.NS,1516.6211841497086,1538.5444891849152,1513.0624414790395,1529.0546875,4780368
2021-11-10,TCS.NS,3061.2310404939344,3080.2214819189048,3045.6535499293364,3049.24169921875,1516489
2021-11-11,INFY.NS,1522.7282608636551,1528.703405453859,1501.6836441561402,1523.035888671875,4731349
2021-11-11,TCS.NS,3045.4784563498015,3071.7763805792019,3006.9724069017007,3052.654541015625,1284514
2021-11-12,INFY.NS,1531.559061749532,1566.5748914793885,1527.20958236198,1564.246337890625,5069009
2021-11-12,TCS.NS,3068.2317724364716,3092.8668051695226,3050.4664402070175,3085.7783203125,1747259
2021-11-15,INFY.NS,1565.9158372510615,1581.6444339073435,1560.1164957791602,1570.353271484375,4354074
2021-11-15,TCS.NS,3087.4851985153273,3123.8910051396083,3087.4851985153273,3109.626220703125,1809157
2021-11-16,INFY.NS,1572.8576289550256,1589.508788323187,1561.4346405883132,1574.878662109375,6034233
2021-11-16,TCS.NS,3123.3656849646741,3129.0978782245816,3099.7369728621115,3112.3388671875,2013204
2021-11-17,INFY.NS,1575.0983554327267,1583.4019464869741,1564.6857762457305,1570.616943359375,4732492
2021-11-17,TCS.NS,3107.262853860318,3117.9832867203618,3068.5816109012585,3082.146240234375,1632914
2021-11-18,INFY.NS,1565.4765351549879,1572.3742410091222,1545.6181314955329,1563.54345703125,4326924
2021-11-18,TCS.NS,3076.239216377488,3081.2276705966469,3020.6244042630829,3041.715087890625,2136598
2021-11-22,INFY.NS,1567.5852667781633,1568.8154560408393,1538.7202792543192,1545.969482421875,6621839
2021-11-22,TCS.NS,3044.0779438712275,3076.9393970215579,3010.7353360608108,3026.5751953125,3167936
2021-11-23,INFY.NS,1524.6175312167047,1535.2936539110958,1502.5623970170118,1526.19921875,8436160
2021-11-23,TCS.NS,3014.8489143573643,3046.3100671183884,2982.2938396390264,3031.6953125,2153461
2021-11-24,INFY.NS,1528.9231671027419,1529.3625128404151,1483.2312103847289,1490.2607421875,7333061
2021-11-24,TCS.NS,3038.6527191958662,3056.8994235417035,2996.4711297847798,3013.361328125,2161746
2021-11-25,INFY.NS,1493.7754205362603,1516.7970929361409,1491.0953687886788,1513.4581298828125,4476260
2021-11-25,TCS.NS,3013.885955466033,3030.6011672046279,3005.2659792716213,3015.63623046875,1849619
2021-11-26,INFY.NS,1496.0159895167601,1509.8992483843338,1479.7162221928609,1486.438232421875,4494181
2021-11-26,TCS.NS,2997.3456910315958,3054.2296238540935,2985.8813052616533,3016.467529296875,1941251
2021-11-29,INFY.NS,1485.8671377589419,1504.3196569150259,1466.6677523751573,1490.568115234375,3942776
2021-11-29,TCS.NS,3016.7300692229596,3088.6665407777991,2981.1120166304045,3064.7314453125,2981745
2021-11-30,INFY.NS,1497.7733686584895,1520.0481727071376,1493.8192576227959,1504.8907470703125,14808963
2021-11-30,TCS.NS,3055.1050445653591,3118.7712983585789,3055.1050445653591,3088.491455078125,5588446
2021-12-01,INFY.NS,1506.9557676104166,1530.5925879833801,1505.1983847910458,1506.867919921875,5193264
2021-12-01,TCS.NS,3093.6114503848571,3141.7440189198405,3093.6114503848571,3131.0673828125,2102118
2021-12-02,INFY.NS,1506.9558718875126,1538.1494190898488,1503.7486265678017,1536.17236328125,5559574
2021-12-02,TCS.NS,3141.0434888119357,3192.5016168142788,3127.8290406863075,3188.038330078125,3152938
2021-12-03,INFY.NS,1556.2501059879801,1569.913798309404,1522.3766214700738,1525.0126953125,6754012
2021-12-03,TCS.NS,3191.14486759598,3208.2100476344785,3177.492851759142,3185.89404296875,2486263
2021-12-06,INFY.NS,1520.1361797156055,1523.6069679725288,1486.3065595311832,1489.6456298828125,3991449
2021-12-06,TCS.NS,3185.8942816030581,3201.2529875194459,3082.2342870539883,3094.836181640625,1849642
2021-12-07,INFY.NS,1494.7422121792963,1515.6551145047893,1488.5035234684299,1504.012451171875,4202122
2021-12-07,TCS.NS,3117.6773946078056,3148.7447763645991,3084.2471842937912,3136.930419921875,1484458
2021-12-08,INFY.NS,1522.7720950332034,1546.3210658935589,1522.4205970441287,1540.6534423828125,3029169
2021-12-08,TCS.NS,3151.3699144885136,3191.1448683174553,3151.3699144885136,3174.035888671875,1428660
2021-12-09,INFY.NS,1545.6180646900336,1554.7564760644466,1530.6803119329384,1549.5281982421875,2082171
2021-12-09,TCS.NS,3159.2457618800754,3180.9054108015525,3120.7397193530055,3152.02587890625,1567957
2021-12-10,INFY.NS,1546.4967870719056,1549.7918796579963,1534.1951080838337,1545.8377685546875,1823469
2021-12-10,TCS.NS,3137.3677880992591,3187.2506232238497,3128.7040127244727,3182.699951171875,1510718
2021-12-13,INFY.NS,1552.6914955202064,1556.4698037309122,1527.8684664398838,1533.0087890625,4040584
2021-12-13,TCS.NS,3194.2518244349085,3204.7534742686671,3151.9826411227077,3158.93994140625,1883864
2021-12-14,INFY.NS,1520.9271704705898,1549.1331467554546,1502.8700168647522,1539.599365234375,4768144
2021-12-14,TCS.NS,3154.871100583201,3181.1252290207867,3130.1046633590831,3171.32373046875,1747007
2021-12-15,INFY.NS,1533.3164478312353,1535.9085444800232,1512.4035502224383,1523.8265380859375,3053149
2021-12-15,TCS.NS,3167.9973610781176,3170.6227732558068,3113.870027885459,3124.546875,1603233
2021-12-16,INFY.NS,1548.8252090590486,1561.9616008149214,1544.7392731469356,1556.689453125,4481031
2021-12-16,TCS.NS,3134.7427918327685,3157.8901379467729,3124.2411409388565,3134.392822265625,2072320
2021-12-17,INFY.NS,1599.2185877520203,1618.5498014501218,1587.5759249565729,1599.9654541015625,18887243
2021-12-17,TCS.NS,3152.683222618019,3195.4337800931366,3127.4792168578501,3136.799560546875,4333992
2021-12-20,INFY.NS,1583.1381278143033,1607.697614867699,1570.4850584603494,1580.6778564453125,5773891
2021-12-20,TCS.NS,3140.8683653072517,3155.7457022284616,3071.8636906541719,3112.7763671875,2312310
2021-12-21,INFY.NS,1582.5231731112169,1615.0347541246067,1582.5231731112169,1591.8372802734375,5353584
2021-12-21,TCS.NS,3135.3111408414302,3186.5504819413068,3121.0901570926853,3157.758544921875,2340989
2021-12-22,INFY.NS,1603.6116727640501,1607.258263225774,1592.4962060182195,1603.3480224609375,4156428
2021-12-22,TCS.NS,3171.498339379777,3182.7001422501903,3155.9646485618987,3177.405517578125,1224328
2021-12-23,INFY.NS,1609.1037040908079,1635.7719679184652,1605.3692654601534,1632.2572021484375,4112933
2021-12-23,TCS.NS,3192.5022182089433,3212.1928157719099,3176.7497401585706,3205.36669921875,1792861
2021-12-24,INFY.NS,1645.7451196749826,1648.2054986567352,1629.0939594879846,1637.4415283203125,3780347
2021-12-24,TCS.NS,3224.8817608213244,3242.3845112192694,3189.7012752527799,3212.542236328125,2209923
2021-12-27,INFY.NS,1634.3660458305121,1647.1070714566104,1621.2296519691486,1639.77001953125,2647733
2021-12-27,TCS.NS,3212.6299095475556,3238.0088982091952,3196.9650330431937,3234.595947265625,1534135
2021-12-28,INFY.NS,1652.5547486394014,1665.910921270975,1650.5338229288552,1658.96923828125,3340933
2021-12-28,TCS.NS,3246.7601484623697,3259.8872110572311,3232.6267631978826,3243.740966796875,1456218
2021-12-29,INFY.NS,1655.0152900742216,1664.0658546078334,1648.7766024427483,1656.816650390625,3236635
2021-12-29,TCS.NS,3231.2265612408928,3255.4678282113414,3224.8818141167822,3233.37060546875,1456923
2021-12-30,INFY.NS,1655.893905461335,1678.1248402781916,1646.9751665027095,1663.23095703125,4584738
2021-12-30,TCS.NS,3221.6875576762241,3273.0142871714934,3220.5060365751592,3267.544677734375,1966475
2021-12-31,INFY.NS,1660.7268115874554,1668.0638636147924,1644.6028452130947,1658.749755859375,4619420
2021-12-31,TCS.NS,3275.4643871575781,3290.51670809093,3265.4003068003849,3271.570068359375,1207141
2022-01-03,INFY.NS,1658.7496564451544,1681.8592826976471,1658.7496564451544,1668.151611328125,3329616
2022-01-03,TCS.NS,3281.7653475899988,3351.776341671919,3277.389660459879,3341.055908203125,2346158
2022-01-04,INFY.NS,1668.1515753213837,1675.3569088558613,1650.1823798513894,1668.7667236328125,3921999
2022-01-04,TCS.NS,3352.7396286772564,3403.5411936720793,3335.7618316314156,3399.690673828125,2488606
2022-01-05,INFY.NS,1669.5135974739028,1672.0618238908942,1616.7921154484111,1620.8780517578125,6995719
2022-01-05,TCS.NS,3382.4064101245121,3386.7820975890972,3336.3740925344277,3378.862060546875,1733031
2022-01-06,INFY.NS,1606.2477649878608,1606.2477649878608,1581.6444075372808,1597.28515625,6449205
2022-01-06,TCS.NS,3336.0241546900461,3356.1523172183438,3301.0186546408327,3332.042236328125,1810293
2022-01-07,INFY.NS,1595.2203703081527,1613.2775227404143,1587.6197749785931,1594.2099609375,4834389
2022-01-07,TCS.NS,3343.0254215425102,3382.3190118461575,3322.3720900200678,3372.342529296875,2460591
2022-01-10,INFY.NS,1594.8247012270151,1643.0648747991986,1593.0673186361314,1626.2379150390625,7857560
2022-01-10,TCS.NS,3481.2967543270247,3481.2967543270247,3378.9056733174061,3395.402099609375,3937092
2022-01-11,INFY.NS,1629.9725624667992,1643.1529335918676,1625.7109305887875,1630.499755859375,5142287
2022-01-11,TCS.NS,3374.5297949577812,3434.9142752098783,3374.5297949577812,3426.950439453125,1906106
2022-01-12,INFY.NS,1642.1862281862043,1659.8479022527206,1634.3658539915618,1649.698974609375,5362535
2022-01-12,TCS.NS,3434.9141548309158,3438.4147042880682,3357.5082976909471,3377.942626953125,3203744
2022-01-13,INFY.NS,1673.9070083339629,1680.4971934061439,1639.9455664762318,1666.7017822265625,14277630
2022-01-13,TCS.NS,3428.7888361107916,3433.1645237525868,3375.405446880889,3411.198486328125,6684507
2022-01-14,INFY.NS,1653.6970874523536,1698.5103454013811,1652.8183961200198,1695.3031005859375,7688506
2022-01-14,TCS.NS,3393.6520131101706,3480.4218100891489,3378.0745230015314,3472.6767578125,3348123
2022-01-17,INFY.NS,1703.3872099257401,1716.8751010955164,1696.3137014437718,1704.221923828125,5262464
2022-01-17,TCS.NS,3494.1614934822069,3538.1809529669908,3467.5573986405761,3517.308837890625,3442604
2022-01-18,INFY.NS,1688.9327940218743,1709.0548494342218,1679.574708740925,1687.74658203125,3690315
2022-01-18,TCS.NS,3530.2610590136323,3537.0433749914018,3483.0474311642265,3492.323974609375,2389041
2022-01-19,INFY.NS,1683.572566076713,1683.572566076713,1636.8701010507093,1640.5606689453125,5747770
2022-01-19,TCS.NS,3517.2213810726757,3517.2213810726757,3428.2388361626868,3431.876953125,3102539
2022-01-20,INFY.NS,1620.3068375307487,1623.8216029050018,1595.2641342391942,1602.4693603515625,5533463
2022-01-20,TCS.NS,3427.8006047003137,3436.5673581650203,3341.0097453997178,3354.64208984375,6176776
2022-01-21,INFY.NS,1577.2512194384997,1588.6742087714806,1560.5560811826049,1569.079345703125,8252758
2022-01-21,TCS.NS,3337.5029671349207,3376.5588957269547,3306.0304085344169,3360.73486328125,3112358
2022-01-24,INFY.NS,1550.89050775429,1554.0977532029251,1518.3789220393276,1526.1114501953125,7116712
2022-01-24,TCS.NS,3366.4326888903997,3374.8925187587852,3278.8529240812959,3306.2490234375,3258414
2022-01-25,INFY.NS,1517.1485371127924,1528.923023226851,1494.2147132168161,1513.2384033203125,9137653
2022-01-25,TCS.NS,3304.627931076689,3339.6071940379275,3263.1611417150457,3304.978515625,3330501
2022-01-27,INFY.NS,1495.5329605483666,1502.2988423181387,1463.0213744494893,1474.9715576171875,11231734
2022-01-27,TCS.NS,3270.8754797512975,3272.9794148169553,3178.0356529262563,3199.207275390625,5718297
2022-01-28,INFY.NS,1477.0802616309584,1517.9833897106614,1475.7622245146904,1481.6494140625,10998502
2022-01-28,TCS.NS,3196.3579979284718,3269.8234275221562,3196.3579979284718,3234.9755859375,3143862
2022-01-31,INFY.NS,1509.5917228141841,1537.2705000369122,1507.263169309688,1525.5838623046875,8788872
2022-01-31,TCS.NS,3286.6556372062146,3294.5457147561892,3262.459313773471,3275.47802734375,2739393
2022-02-01,INFY.NS,1551.8568050061044,1564.0706364850143,1524.2658745729877,1557.0850830078125,5119935
2022-02-01,TCS.NS,3305.0660216803485,3338.3796844983467,3275.6096447337136,3331.93603515625,2105169
2022-02-02,INFY.NS,1571.978861227617,1575.3179313391013,1557.0411079347889,1570.309326171875,4253717
2022-02-02,TCS.NS,3355.8253000742261,3387.4733640624768,3331.9358981149344,3380.63525390625,1984212
2022-02-03,INFY.NS,1563.191948829261,1563.191948829261,1523.6508371388077,1527.64892578125,3832922
2022-02-03,TCS.NS,3376.0762690799093,3403.6915384842241,3345.4365129758144,3352.93212890625,1960538
2022-02-04,INFY.NS,1521.8933349019508,1541.1805660739483,1502.6939514077194,1529.889404296875,4700077
2022-02-04,TCS.NS,3344.779021164677,3353.0196826481765,3304.1889155328072,3344.42822265625,2307366
2022-02-07,INFY.NS,1513.2823459720125,1521.8935649371356,1489.733479878767,1506.955810546875,4310209
2022-02-07,TCS.NS,3323.4759136764228,3359.244307123296,3292.9236952248752,3312.955810546875,1919149
2022-02-08,INFY.NS,1502.5621948686542,1515.742564999081,1490.2605160802557,1508.9766845703125,6053401
2022-02-08,TCS.NS,3323.958452984582,3331.1032714460657,3262.1089644796893,3281.790283203125,2946443
2022-02-09,INFY.NS,1524.5297479012381,1531.5592798800335,1515.7428329277438,1526.55078125,3867244
2022-02-09,TCS.NS,3287.532283037312,3312.0353141804735,3284.1133350757727,3296.78125,1638721
2022-02-10,INFY.NS,1542.6745490801131,1558.7106668309207,1536.6115570808061,1554.9322509765625,4334630
2022-02-10,TCS.NS,3322.4238491116962,3322.4238491116962,3294.5455338263955,3305.37255859375,2112459
2022-02-11,INFY.NS,1528.9230162412698,1534.1511870988509,1505.1983487478708,1512.535400390625,7551371
2022-02-11,TCS.NS,3289.7239447382358,3289.7239447382358,3234.9317404621156,3239.271240234375,3851488
2022-02-14,INFY.NS,1484.9886020779093,1510.0752867515978,1474.6639771818056,1478.134765625,7459637
2022-02-14,TCS.NS,3264.738792841898,3325.4485569139447,3252.4653387334697,3273.286376953125,5951745
2022-02-15,INFY.NS,1492.896618085269,1534.8541304534688,1485.3837640652739,1527.38525390625,4669915
2022-02-15,TCS.NS,3319.0923882775924,3362.0494741269322,3285.7787298638182,3346.970703125,3931683
2022-02-16,INFY.NS,1527.3853683173847,1542.4988179107663,1517.3682646277543,1523.035888671875,5350642
2022-02-16,TCS.NS,3369.939766396913,3378.7942723116603,3336.6261058550081,3342.8505859375,3256906
2022-02-17,INFY.NS,1532.4376022413151,1536.8310586697592,1511.6126616753379,1515.5667724609375,3937950
2022-02-17,TCS.NS,3353.2830437101529,3362.0497967656042,3312.9559796550766,3317.5146484375,3134372
2022-02-18,INFY.NS,1502.5623760399344,1513.5460191396417,1496.8508816280867,1499.88232421875,5602215
2022-02-18,TCS.NS,3304.1889388122663,3345.348798016269,3294.1949268123303,3326.01806640625,3688883
2022-02-21,INFY.NS,1494.6541280390445,1526.5506699725988,1486.3065594227182,1520.751220703125,5120890
2022-02-21,TCS.NS,3340.1329231984273,3355.7377864859232,3248.5642300919581,3260.7060546875,7465922
2022-02-22,INFY.NS,1493.6874988759109,1538.5886069583632,1485.9111016124141,1523.9583740234375,8878515
2022-02-22,TCS.NS,3199.8650364665668,3215.5574396627126,3129.7310082700392,3144.1083984375,5408531
2022-02-23,INFY.NS,1537.7099108964103,1544.9591147620647,1523.123655479762,1531.42724609375,5478811
2022-02-23,TCS.NS,3165.6746879993425,3176.1070390487121,3117.1506217770543,3124.295654296875,2426203
2022-02-24,INFY.NS,1485.0764924641971,1506.9119549303691,1467.8541604033635,1474.576171875,13592379
2022-02-24,TCS.NS,3045.5698751137397,3054.2052120995781,2972.8935811505858,2982.142333984375,5039136
2022-02-25,INFY.NS,1506.9558447051804,1518.5106587861058,1473.5655694289139,1489.030517578125,9737281
2022-02-25,TCS.NS,3040.310544517326,3094.664423917578,3035.0504916721402,3086.55517578125,2549723
2022-02-28,INFY.NS,1478.1347163040493,1518.4228051512885,1463.0212662482625,1507.4830322265625,15076542
2022-02-28,TCS.NS,3059.5968815228298,3124.2516866839496,3029.7021673541517,3115.87939453125,3288942
2022-03-02,INFY.NS,1502.5621301885437,1506.428393379465,1485.8669954086708,1496.235595703125,6771489
2022-03-02,TCS.NS,3114.3887506600677,3131.4400410557255,3073.6233525163116,3108.82177734375,2761341
2022-03-03,INFY.NS,1511.5250204995646,1523.563157969651,1498.6522763017938,1512.09619140625,7344147
2022-03-03,TCS.NS,3123.4631630997274,3137.2708012182052,3094.7520425676544,3107.288330078125,1928039
2022-03-04,INFY.NS,1489.6014451161038,1525.4081160427997,1477.0800939331489,1514.248779296875,9074499
2022-03-04,TCS.NS,3069.6780919340599,3122.0155565069108,3057.0101785992542,3089.710205078125,2370257
2022-03-07,INFY.NS,1491.1392344591268,1538.5885677889987,1490.2605431011661,1528.7911376953125,9742588
2022-03-07,TCS.NS,3024.5293660217944,3110.4435335203848,3008.3547517838224,3055.125244140625,3054130
2022-03-08,INFY.NS,1509.9872022162124,1581.644529208251,1509.9872022162124,1562.489013671875,10984500
2022-03-08,TCS.NS,3033.296400672888,3163.9210144590907,3033.296400672888,3155.987060546875,3300992
2022-03-09,INFY.NS,1573.7362690166242,1609.4111177607781,1573.7362690166242,1593.375,10193515
2022-03-09,TCS.NS,3160.4142732135551,3203.371360422283,3153.4447477891599,3184.610595703125,2719654
2022-03-10,INFY.NS,1620.9661453613448,1620.9661453613448,1590.6073111176956,1604.40283203125,6547182
2022-03-10,TCS.NS,3229.671385952422,3229.671385952422,3169.1807981047791,3174.39697265625,2005441
2022-03-11,INFY.NS,1593.9462984422166,1609.2355512027455,1591.3102240787509,1600.975830078125,4758657
2022-03-11,TCS.NS,3158.8803430924918,3190.9667453797583,3149.763005387988,3155.285888671875,1623423
2022-03-14,INFY.NS,1609.367286068122,1665.1202128221414,1609.367286068122,1661.341796875,10289724
2022-03-14,TCS.NS,3138.4972450911851,3198.4180811794126,3138.4972450911851,3193.727783203125,1765688
2022-03-15,INFY.NS,1659.2768725454414,1659.2768725454414,1608.0052511537049,1616.1771240234375,7140443
2022-03-15,TCS.NS,3207.7554957286429,3207.7554957286429,3143.2320965094573,3150.683837890625,3651133
2022-03-16,INFY.NS,1638.7594929307566,1664.1975665515567,1624.7004302568198,1660.1995849609375,5233979
2022-03-16,TCS.NS,3191.5366386244518,3215.6452109530255,3170.2772612074368,3205.037353515625,3090475
2022-03-17,INFY.NS,1689.9872589454178,1689.9872589454178,1610.6853579171534,1629.62109375,17731459
2022-03-17,TCS.NS,3240.7181184565948,3252.465482294645,3208.8947610929595,3219.809326171875,3600452
2022-03-21,INFY.NS,1635.2448316509428,1658.0029622596096,1617.7588498815589,1628.25927734375,8362085
2022-03-21,TCS.NS,3240.1916240383766,3255.9279014839958,3169.1809309790942,3179.43798828125,2413831
2022-03-22,INFY.NS,1625.5790594765181,1660.7267148165508,1615.9134542580089,1658.442138671875,5709382
2022-03-22,TCS.NS,3191.0976957655312,3253.3416343367817,3177.9475678983654,3244.531005859375,2907611
2022-03-23,INFY.NS,1666.8775046856965,1669.5135787574188,1631.7298503960667,1645.26171875,6192824
2022-03-23,TCS.NS,3250.7118063342141,3269.8233694691248,3234.9316519345334,3254.569091796875,1596195
2022-03-24,INFY.NS,1630.9831884689734,1664.7688324815458,1630.9831884689734,1657.8271484375,3784303
2022-03-24,TCS.NS,3243.698048867318,3294.7204996944488,3239.3146731256052,3287.400390625,1879046
2022-03-25,INFY.NS,1662.4841869657494,1664.2415698272353,1632.6086783204876,1648.908447265625,3438588
2022-03-25,TCS.NS,3296.2110645371786,3313.3939844123242,3219.1513985347415,3250.2294921875,1690133
2022-03-28,INFY.NS,1639.6381504800765,1652.7306737771728,1627.9076417562392,1646.579833984375,4008555
2022-03-28,TCS.NS,3239.3149977753619,3255.0951520270414,3209.683331985244,3250.44873046875,1760990
2022-03-29,INFY.NS,1646.5798912876753,1660.1996084457126,1634.8493821555994,1657.2120361328125,3917785
2022-03-29,TCS.NS,3239.0960722012105,3262.9854741817189,3235.8085398185717,3248.388916015625,2689063
2022-03-30,INFY.NS,1678.3005006424887,1686.2087228968251,1665.1201302185948,1672.984375,7795839
2022-03-30,TCS.NS,3277.0116896090785,3277.0116896090785,3249.1333772121002,3271.357177734375,1583455
2022-03-31,INFY.NS,1669.5138216935436,1680.9368109998677,1664.4173681750951,1675.5328369140625,5399145
2022-03-31,TCS.NS,3278.7658004019236,3291.6090086329168,3261.4075857110292,3278.721923828125,2168110
2022-04-01,INFY.NS,1657.9588459097863,1678.5642235880214,1650.4460988003643,1672.633056640625,6171518
2022-04-01,TCS.NS,3285.779109421766,3298.9292392620346,3268.289479540621,3295.203369140625,1387014
2022-04-04,INFY.NS,1660.506882018338,1663.3626287396291,1645.7888027624538,1654.53173828125,7364074
2022-04-04,TCS.NS,3298.0522347671367,3313.8323890004722,3276.2231070238381,3305.37255859375,1472994
2022-04-05,INFY.NS,1655.2790019404306,1660.3753480101589,1631.8618532673324,1635.3326416015625,5472024
2022-04-05,TCS.NS,3306.8190764268047,3362.5757085032351,3306.8190764268047,3344.3408203125,2314947
2022-04-06,INFY.NS,1629.9724288024402,1632.1691571431443,1601.1074398580135,1606.99462890625,5407453
2022-04-06,TCS.NS,3339.5192456312348,3339.5192456312348,3271.0069428753104,3292.22265625,2051729
2022-04-07,INFY.NS,1600.1409496978658,1606.379636923527,1588.2786162958694,1591.31005859375,5797544
2022-04-07,TCS.NS,3283.5873379536151,3283.5873379536151,3225.2884304715926,3229.80322265625,2494829
2022-04-08,INFY.NS,1601.8542952289317,1615.034665184189,1588.6739252736745,1594.4732666015625,5131446
2022-04-08,TCS.NS,3234.931542719195,3248.0816709416308,3193.2894700148154,3231.117919921875,2296773
2022-04-11,INFY.NS,1593.946057575753,1593.946057575753,1548.7374319787987,1552.252197265625,8248407
2022-04-11,TCS.NS,3234.9316004658776,3254.5253774798889,3205.2123957654703,3240.542236328125,2291660
2022-04-12,INFY.NS,1544.3001542999059,1544.3001542999059,1518.1590848316712,1531.0758056640625,6456184
2022-04-12,TCS.NS,3228.7953283956222,3277.8891482137474,3198.4186129959849,3235.896484375,4483476
2022-04-13,INFY.NS,1542.0594523193558,1544.3001583273306,1521.8935272961232,1536.4359130859375,6257693
2022-04-13,TCS.NS,3249.8355765754336,3252.3341869773744,3204.7306718731329,3210.34130859375,1621672
2022-04-18,INFY.NS,1410.7391117521547,1449.8408809660887,1397.1193943855035,1424.7103271484375,30523965
2022-04-18,TCS.NS,3164.7978439809913,3164.7978439809913,3088.0887549648314,3092.954345703125,3820792
2022-04-19,INFY.NS,1438.1101989357824,1438.1101989357824,1361.9715730908893,1372.515869140625,17044923
2022-04-19,TCS.NS,3112.1974330460894,3124.0764266180722,3015.0178867422333,3043.72900390625,3170014
2022-04-20,INFY.NS,1383.9390500304542,1402.6552210404843,1373.3947525064125,1395.098388671875,10678747
2022-04-20,TCS.NS,3068.3634924930943,3128.9855027391018,3050.8299868217055,3118.15869140625,2640370
2022-04-21,INFY.NS,1401.5127612789481,1429.8065810155888,1396.4602858072528,1422.4256591796875,7766514
2022-04-21,TCS.NS,3138.4975378373742,3194.6047563908915,3127.4513435718295,3181.147705078125,2280996
2022-04-22,INFY.NS,1409.7283809520709,1415.3080493150037,1390.4411496132832,1393.12109375,8134245
2022-04-22,TCS.NS,3139.4625354869836,3170.9350984878361,3131.0463655651938,3167.033935546875,1581465
2022-04-25,INFY.NS,1382.0059741881291,1382.0059741881291,1365.5743794932316,1371.7252197265625,7000570
2022-04-25,TCS.NS,3119.2103562360066,3142.0039113968096,3097.3812294063582,3110.618896484375,1960694
2022-04-26,INFY.NS,1385.8719894508067,1398.8766646653621,1376.5140121457584,1389.2110595703125,5345435
2022-04-26,TCS.NS,3134.2460591470021,3145.4236708124395,3084.2755599368124,3108.9541015625,1943469
2022-04-27,INFY.NS,1381.9617331829834,1381.9617331829834,1362.2790267372043,1364.431884765625,8819356
2022-04-27,TCS.NS,3108.6906911959031,3128.3720093644906,3073.8867237258132,3122.01611328125,1727648
2022-04-28,INFY.NS,1379.5454535287045,1407.4878820528004,1368.5178339093395,1390.616943359375,9245177
2022-04-28,TCS.NS,3145.5107454091408,3159.8881336605136,3101.7208601962661,3142.26708984375,1703660
2022-04-29,INFY.NS,1397.1194023690618,1403.5338928445431,1371.4616549914167,1377.392822265625,9831395
2022-04-29,TCS.NS,3153.4012565873468,3176.4139846900484,3100.6693195191265,3109.304443359375,2051115
2022-05-02,INFY.NS,1362.7624202077359,1364.3879777337729,1345.2764410950936,1354.0633544921875,7072627
2022-05-02,TCS.NS,3085.8094726335012,3110.4002589578581,3062.0078225417942,3105.53466796875,1324161
2022-05-04,INFY.NS,1359.5553049527848,1379.5455348365631,1344.5297030639988,1349.274658203125,6220959
2022-05-04,TCS.NS,3102.1155131222386,3108.2083635802619,3037.9429247118774,3050.61083984375,2305825
2022-05-05,INFY.NS,1370.8027740485338,1396.5923491853584,1368.5180902445354,1392.85791015625,6144870
2022-05-05,TCS.NS,3078.9713332066099,3097.2937609261862,3055.5202694917002,3080.11083984375,1612262
2022-05-06,INFY.NS,1361.9716296199067,1372.3841009487683,1348.8352364842315,1355.68896484375,6171472
2022-05-06,TCS.NS,3032.4197764142496,3046.0082431775977,3002.1744794248621,3009.275634765625,2010812
2022-05-09,INFY.NS,1353.1848843470543,1394.3076886723288,1337.500262821824,1379.8531494140625,6832202
2022-05-09,TCS.NS,2978.9421574317576,3029.7893160930412,2934.1003091562093,3020.233642578125,2481830
2022-05-10,INFY.NS,1369.0013676905587,1378.7987994444961,1358.5010470884199,1364.60791015625,6212545
2022-05-10,TCS.NS,3010.5027847828064,3037.5044250764922,2999.9826818656852,3014.6669921875,1622685
2022-05-11,INFY.NS,1361.9278360516032,1361.9278360516032,1328.2300387627954,1341.542236328125,7846080
2022-05-11,TCS.NS,3011.3793501680648,3023.1705889511081,2965.0469796480074,2991.2158203125,1841769
2022-05-12,INFY.NS,1330.3386832943772,1342.2010163356415,1321.8154202362452,1325.76953125,7034979
2022-05-12,TCS.NS,2961.4090415081691,3024.2666151245353,2936.9498872577319,2988.279052734375,2807195
2022-05-13,INFY.NS,1334.9958431960715,1343.7387794348365,1316.3675217689756,1321.9033203125,6723761
2022-05-13,TCS.NS,3011.3798049391489,3015.6754285094962,2965.0474274220915,2993.758544921875,2187823
2022-05-16,INFY.NS,1326.8240224148346,1328.4495800627174,1299.2770683025562,1308.4593505859375,6145331
2022-05-16,TCS.NS,2993.8458842806135,3006.9960126156675,2951.4148891323207,2960.35693359375,1195813
2022-05-17,INFY.NS,1313.5557834414769,1340.0043728900273,1301.2541039526504,1334.2489013671875,6516378
2022-05-17,TCS.NS,2954.3955871632793,3039.4330862596703,2937.2126666815007,3025.932373046875,1754076
2022-05-18,INFY.NS,1337.3683872175263,1361.7080974834491,1322.6942829038983,1326.12109375,6594126
2022-05-18,TCS.NS,3037.6793895210244,3063.979643975752,3018.4364128180523,3023.477294921875,1866781
2022-05-19,INFY.NS,1301.3420497086145,1304.593165199384,1245.6769672791786,1254.0245361328125,16561140
2022-05-19,TCS.NS,2978.0659382901526,2985.0793405587192,2831.6611659338218,2859.6708984375,4642963
2022-05-20,INFY.NS,1276.7384777715263,1288.8204833251109,1271.2026795948527,1278.627685546875,10488908
2022-05-20,TCS.NS,2901.795571631586,2905.2145200759633,2866.7724322365875,2886.89208984375,3065125
2022-05-23,INFY.NS,1278.5839899389152,1307.4929619615978,1274.1466621873956,1290.2706298828125,5887569
2022-05-23,TCS.NS,2897.2365878081046,2927.1310872588047,2864.0982185065759,2912.09619140625,2293690
2022-05-24,INFY.NS,1290.446197671662,1291.2810188777573,1261.1418602736273,1266.1943359375,5693167
2022-05-24,TCS.NS,2906.3099488564503,2914.813870239504,2871.6376129969626,2882.50830078125,1711510
2022-05-25,INFY.NS,1260.9221361098096,1267.5123214901744,1229.5089191300704,1239.3502197265625,9630092
2022-05-25,TCS.NS,2906.2053064590518,2906.2053064590518,2783.7030890856627,2795.7060546875,3548046
2022-05-26,INFY.NS,1245.9843537049899,1256.5286500692071,1236.3627261774936,1251.2125244140625,13040065
2022-05-26,TCS.NS,2816.3144857680904,2860.884802763167,2807.0915622767334,2848.043212890625,2813186
2022-05-27,INFY.NS,1268.7863108351823,1289.0401890208304,1263.030946945637,1284.0755615234375,8284860
2022-05-27,TCS.NS,2871.2111184877385,2893.8933964469211,2850.0291844295866,2878.360107421875,3103153
2022-05-30,INFY.NS,1306.6140992805463,1344.3978291185176,1304.8567164973847,1341.5860595703125,10904213
2022-05-30,TCS.NS,2909.8682437006983,2988.947551799698,2900.4688464824417,2978.93017578125,2094624
2022-05-31,INFY.NS,1341.49726302402,1347.9796856356543,1321.4729921530693,1335.1925048828125,16033857
2022-05-31,TCS.NS,2960.3075643045477,2986.1230462528661,2934.5804266036826,2969.31005859375,4840965
2022-06-01,INFY.NS,1343.5397009415731,1345.0936959690998,1307.2205954757619,1312.9482421875,8738508
2022-06-01,TCS.NS,2990.1828151396589,2990.1828151396589,2947.86312211105,2961.234130859375,1493835
2022-06-02,INFY.NS,1317.7875591247721,1344.2942481189275,1310.3283625821873,1339.0994873046875,7205840
2022-06-02,TCS.NS,2961.0575251087539,3029.016222406332,2953.3791179893624,3021.072998046875,2657939
2022-06-03,INFY.NS,1354.1069147899177,1380.8356080966064,1347.9797125984878,1351.2652587890625,9395707
2022-06-03,TCS.NS,3053.1993941968394,3068.9977170114703,3028.3106631264545,3036.209716796875,1913622
2022-06-06,INFY.NS,1346.2037716099271,1364.4964924732922,1325.7798357609638,1358.68017578125,6624883
2022-06-06,TCS.NS,3016.6602249414027,3047.5505432190357,2980.60672441929,3028.089599609375,1084210
2022-06-07,INFY.NS,1349.6223740023979,1349.6223740023979,1334.304423990545,1337.9451904296875,4904592
2022-06-07,TCS.NS,3001.7013060344452,3017.411286495706,2961.9410001104284,2967.854248046875,2308256
2022-06-08,INFY.NS,1349.9331029298305,1349.9331029298305,1324.8916289062499,1331.99560546875,4697608
2022-06-08,TCS.NS,2983.2543476041842,3013.0856111661406,2953.5556003995584,3004.436279296875,2185707
2022-06-09,INFY.NS,1318.6756398418161,1347.0471026731207,1315.5676501182832,1345.3155517578125,4361061
2022-06-09,TCS.NS,2987.534925978468,3033.4291109565715,2959.3806948448623,3024.691650390625,1279197
2022-06-10,INFY.NS,1319.6522273798557,1326.6229816608895,1308.5522656590808,1311.3939208984375,6516436
2022-06-10,TCS.NS,2984.8876864443419,2994.5960733606303,2958.4102675817367,2965.382568359375,1527582
2022-06-13,INFY.NS,1281.9126277011962,1281.9126277011962,1253.5854977400272,1264.951904296875,6987685
2022-06-13,TCS.NS,2903.6902298710247,2906.3379717219709,2817.5944475896667,2841.556640625,3030921
2022-06-14,INFY.NS,1252.0759892436106,1286.6191002718645,1245.9932304081092,1279.204345703125,6090247
2022-06-14,TCS.NS,2815.4320179906135,2858.5901216693624,2801.9284921763433,2833.569091796875,2611493
2022-06-15,INFY.NS,1278.893618751976,1284.3992668383937,1259.9348988081592,1262.90966796875,4651958
2022-06-15,TCS.NS,2840.5855550576584,2854.265553846968,2825.140395134244,2829.818115234375,1404536
2022-06-16,INFY.NS,1276.9397967579901,1282.0457799508679,1236.0919312149667,1240.70947265625,6641772
2022-06-16,TCS.NS,2859.561765247056,2863.8423682765397,2765.1697926649158,2773.06884765625,2032028
2022-06-17,INFY.NS,1235.2484462558373,1240.4875425840521,1214.0252932515164,1231.91845703125,9692047
2022-06-17,TCS.NS,2728.9392110453464,2752.548242059403,2668.7914294364296,2726.203125,5240434
2022-06-20,INFY.NS,1234.360640156729,1263.0428867444693,1227.2122188224364,1255.7613525390625,4595194
2022-06-20,TCS.NS,2730.7046930632023,2770.2001794932535,2708.6401755045144,2746.944091796875,1502769
2022-06-21,INFY.NS,1264.507932381181,1292.9238409740165,1263.3979359517734,1287.507080078125,6270787
2022-06-21,TCS.NS,2762.4774890399144,2857.5755559549466,2758.4175317802415,2834.804931640625,2964461
2022-06-22,INFY.NS,1275.2083725421651,1296.1206407453685,1274.2759321593971,1276.27392578125,6253366
2022-06-22,TCS.NS,2824.1696570831255,2868.87249504478,2809.2541307030879,2844.51318359375,3336315
2022-06-23,INFY.NS,1278.5381645462396,1294.6996671000559,1272.4997413953224,1289.771240234375,6254281
2022-06-23,TCS.NS,2844.513322405252,2928.4026580396958,2844.513322405252,2920.282958984375,3692578
2022-06-24,INFY.NS,1294.6996764471719,1303.1356482758742,1268.8589844199196,1279.6925048828125,6114340
2022-06-24,TCS.NS,2946.9368805574036,2952.2323646195014,2892.6581689209015,2906.426513671875,2132118
2022-06-27,INFY.NS,1303.6241140424631,1317.7876236462766,1301.0489009150212,1309.4404296875,4511097
2022-06-27,TCS.NS,2956.6448830305876,2968.0300860921525,2918.2526285792947,2925.48974609375,2037686
2022-06-28,INFY.NS,1304.4678285372947,1321.5617738738115,1290.2598739718783,1314.3690185546875,4412178
2022-06-28,TCS.NS,2918.6942240026628,2938.9935790531804,2888.3335356818407,2928.534912109375,1400046
2022-06-29,INFY.NS,1300.6494910925776,1311.5719003108716,1293.811955824604,1299.3619384765625,5060038
2022-06-29,TCS.NS,2886.9212693413092,2941.6412689436206,2886.9212693413092,2904.131591796875,2133994
2022-06-30,INFY.NS,1300.9604210390532,1316.0119311432934,1292.0360052722617,1298.1632080078125,9165177
2022-06-30,TCS.NS,2887.8040514295203,2922.1363544822384,2872.8001795241712,2883.4794921875,2719603
2022-07-01,INFY.NS,1291.147733707834,1318.6756427483724,1280.8025462113708,1313.702880859375,4651635
2022-07-01,TCS.NS,2877.2129806718635,2941.6413695028591,2870.1965074487266,2925.84326171875,1502879
2022-07-04,INFY.NS,1314.457986831665,1325.1139542979579,1298.2520363100114,1321.3399658203125,4800224
2022-07-04,TCS.NS,2923.1069161667269,2928.3582275862204,2846.3665769061995,2855.1923828125,2622535
2022-07-05,INFY.NS,1330.9301027704544,1340.8311837611111,1307.1317370251647,1310.6392822265625,7379669
2022-07-05,TCS.NS,2872.7996222094107,2887.8034912040525,2830.391584691567,2838.643798828125,2170627
2022-07-06,INFY.NS,1316.1890521567711,1331.9954414208587,1305.3555325924415,1324.5806884765625,5209162
2022-07-06,TCS.NS,2840.5852427202931,2884.7142662206861,2826.2433100826656,2877.874267578125,2182144
2022-07-07,INFY.NS,1334.7040605575694,1344.3831420553722,1328.1771952712536,1330.8411865234375,3323472
2022-07-07,TCS.NS,2886.921641023554,2929.6384632490503,2881.6703286416773,2901.793212890625,1989921
2022-07-08,INFY.NS,1345.3155901958139,1347.0471411605954,1331.9511906435466,1344.8271484375,3652582
2022-07-08,TCS.NS,2912.5166473113127,2916.9295513223906,2868.3876072005355,2882.0234375,2136916
2022-07-11,INFY.NS,1327.5556691245349,1331.9068766093092,1302.1589736556825,1308.1529541015625,4702638
2022-07-11,TCS.NS,2829.6861331120735,2846.3228661315457,2741.2957588231257,2748.179931640625,6974600
2022-07-12,INFY.NS,1298.0742548130895,1304.1125702899615,1275.1638853794875,1277.47265625,4710356
2022-07-12,TCS.NS,2749.1502289566492,2767.949238860167,2718.568897309372,2722.496337890625,3734815
2022-07-13,INFY.NS,1287.5957856267937,1296.475756562151,1277.4725970808702,1282.6673583984375,5264025
2022-07-13,TCS.NS,2739.5302807486632,2744.8257645387698,2678.6322171624333,2681.94189453125,3863530
2022-07-14,INFY.NS,1288.4839796434712,1290.2155308812712,1255.6280821611772,1268.8148193359375,6157606
2022-07-14,TCS.NS,2704.28611921634,2705.171029595665,2625.5290954564402,2653.625,4764908
2022-07-15,INFY.NS,1284.0439058847987,1284.0439058847987,1252.6532276522264,1270.146728515625,5620018
2022-07-15,TCS.NS,2671.1459504290419,2680.3046421381719,2613.1400387676972,2649.952392578125,4574806
2022-07-18,INFY.NS,1287.5958695188904,1326.3125236399783,1285.8643184329112,1323.0269775390625,5835171
2022-07-18,TCS.NS,2675.0842233754029,2722.825097749123,2667.3855458616686,2710.923095703125,3202795
2022-07-19,INFY.NS,1306.7323988881258,1320.3186917980886,1305.4447378345067,1317.921142578125,3418540
2022-07-19,TCS.NS,2681.3230352635555,2724.5950711915248,2681.3230352635555,2720.43603515625,1865074
2022-07-20,INFY.NS,1333.1057497387085,1354.9061235932559,1331.9957532776436,1345.5821533203125,5079392
2022-07-20,TCS.NS,2750.1248005008201,2806.8917207059267,2741.4969234226296,2800.564697265625,3402251
2022-07-21,INFY.NS,1347.0917602580191,1363.475265334351,1334.7485774263982,1361.2109375,5008061
2022-07-21,TCS.NS,2802.5108691484493,2817.5543439749486,2782.2022213411851,2811.62548828125,2420640
2022-07-22,INFY.NS,1362.1876887519136,1367.515671889144,1325.0250280493503,1337.5902099609375,7020642
2022-07-22,TCS.NS,2818.4385455470474,2829.0574662838026,2781.7147779991033,2806.0498046875,2075886
2022-07-25,INFY.NS,1314.3245716730378,1347.2249097310889,1314.3245716730378,1335.1925048828125,7859626
2022-07-25,TCS.NS,2800.7407138288713,2819.7219939415763,2786.6707284133759,2802.289306640625,1797504
2022-07-26,INFY.NS,1329.0209351127858,1329.0209351127858,1283.1558613643324,1288.6170654296875,7268273
2022-07-26,TCS.NS,2800.4756592080407,2804.1922393604004,2740.1248183185944,2757.2919921875,2639367
2022-07-27,INFY.NS,1288.4838223752331,1308.019759034265,1283.1558396500427,1306.2882080078125,4517285
2022-07-27,TCS.NS,2756.495720256356,2826.492214850678,2752.0711685384485,2821.846435546875,1389808
2022-07-28,INFY.NS,1328.7990796128186,1353.7073369309664,1322.982654384117,1347.447021484375,6636841
2022-07-28,TCS.NS,2845.8712512938969,2888.3469416117159,2833.1727032922854,2885.249755859375,2106333
2022-07-29,INFY.NS,1361.1219644216355,1381.4570107879367,1356.8595350883038,1376.1290283203125,7009465
2022-07-29,TCS.NS,2911.3551509392305,2935.5132475278792,2898.0814952358601,2921.885498046875,2430257
2022-08-01,INFY.NS,1388.8273994069982,1388.8273994069982,1365.6506978612158,1377.327880859375,2983249
2022-08-01,TCS.NS,2944.0965166592227,2944.0965166592227,2894.5415407250725,2919.14208984375,1306913
2022-08-02,INFY.NS,1373.332059019602,1373.7316143846531,1357.1704455762219,1370.71240234375,4374635
2022-08-02,TCS.NS,2911.3548721658553,2931.6192315155813,2895.1166818265719,2912.94775390625,1269114
2022-08-03,INFY.NS,1375.5074110110838,1394.1553487975477,1367.4266596498978,1390.692138671875,6011955
2022-08-03,TCS.NS,2902.5055561274144,2963.5643620337532,2899.8951141558682,2955.15771484375,2895824
2022-08-04,INFY.NS,1409.6953575514096,1424.2140880582285,1398.5509508931095,1420.70654296875,7402209
2022-08-04,TCS.NS,2964.4498148906173,2997.9878323495136,2926.7084730673241,2968.830078125,2150567
2022-08-05,INFY.NS,1428.2547116101568,1443.6169980608536,1422.8379503946153,1435.5806884765625,5361971
2022-08-05,TCS.NS,2974.3600991817661,2988.3417234475628,2968.8736991905753,2977.76708984375,1106933
2022-08-08,INFY.NS,1435.8913682028474,1440.3313538806547,1417.2434283560572,1438.0225830078125,3763409
2022-08-08,TCS.NS,2977.7230902866331,2990.02325675371,2952.0606921831227,2986.08544921875,1068836
2022-08-10,INFY.NS,1439.6208933320956,1439.6208933320956,1410.2282102223699,1422.970947265625,4423829
2022-08-10,TCS.NS,2995.4216880141566,2995.4216880141566,2951.1761682502843,2968.210693359375,1878359
2022-08-11,INFY.NS,1447.4351556783663,1448.6339299865831,1435.0031972860368,1438.5107421875,3462090
2022-08-11,TCS.NS,3008.6954722881665,3034.0923585074934,2986.6170001926866,3028.60595703125,1449248
2022-08-12,INFY.NS,1432.6058852060069,1433.2274398690179,1412.0487289334715,1415.5562744140625,3562286
2022-08-12,TCS.NS,3025.5082917951081,3025.5082917951081,2992.1029282340478,3010.066650390625,1472354
2022-08-16,INFY.NS,1428.787474466892,1428.787474466892,1412.8923031334775,1417.64306640625,3004430
2022-08-16,TCS.NS,3018.4290089899623,3021.8360000345442,2997.6336171074458,3002.235107421875,839942
2022-08-17,INFY.NS,1417.6429220050966,1431.4513202213034,1407.4753986046935,1426.3453369140625,4067324
2022-08-17,TCS.NS,2995.5098924698354,3024.5790657094599,2983.1211484785972,3009.66845703125,1622326
2022-08-18,INFY.NS,1415.5562190867397,1419.1969856808453,1397.7074982537147,1405.655029296875,4635706
2022-08-18,TCS.NS,2999.845992664048,3001.6158133086874,2975.0685036390942,2992.10302734375,1430659
2022-08-19,INFY.NS,1407.741913599355,1425.1466359156411,1407.5642491319722,1418.22021484375,4739884
2022-08-19,TCS.NS,2997.1910987802739,3027.7205032408347,2983.2537619613222,2996.0849609375,1398410
2022-08-22,INFY.NS,1408.3634783046587,1419.9074412415821,1397.7075125167294,1399.1727294921875,3950555
2022-08-22,TCS.NS,2977.7230993177191,2994.6249721231397,2962.1485919354714,2968.475830078125,1536532
2022-08-23,INFY.NS,1374.6196130361659,1380.391594615452,1361.2996555455054,1369.6468505859375,5551574
2022-08-23,TCS.NS,2937.8581118135689,2957.2818510423613,2893.6568824597389,2906.57666015625,1849256
2022-08-24,INFY.NS,1363.0756613630588,1372.8436302718494,1359.5236726689532,1365.295654296875,2888426
2022-08-24,TCS.NS,2913.1245007279931,2927.2830645225399,2876.1352096062324,2880.692626953125,1691923
2022-08-25,INFY.NS,1374.6194842114278,1375.2410388101719,1344.2055841247086,1348.11279296875,4331088
2022-08-25,TCS.NS,2898.9662192727565,2900.868690050921,2844.7654619679774,2847.818359375,1946930
2022-08-26,INFY.NS,1363.2088193983936,1371.9111262565179,1347.4912051170422,1351.132080078125,3079136
2022-08-26,TCS.NS,2862.0656562032632,2882.1530784169363,2846.5797247103874,2851.358154296875,1457962
2022-08-29,INFY.NS,1304.0680862700244,1304.0680862700244,1287.5956979473981,1298.0296630859375,8079050
2022-08-29,TCS.NS,2765.3445191987325,2781.0073873469664,2726.4084683684146,2772.025634765625,2539173
2022-08-30,INFY.NS,1308.108629152098,1328.5325643697543,1301.8038708297447,1325.7353515625,6725875
2022-08-30,TCS.NS,2791.8917236314205,2855.1628038975523,2780.4764682941245,2841.579345703125,3431525
2022-09-01,INFY.NS,1296.5202209856338,1303.668532666685,1288.5282470130728,1300.205322265625,8140604
2022-09-01,TCS.NS,2822.8639979144714,2822.8639979144714,2761.8051841664778,2771.273681640625,3546935
2022-09-02,INFY.NS,1312.4600652811532,1312.4600652811532,1285.8201451468942,1290.2601318359375,5175653
2022-09-02,TCS.NS,2798.9712083448303,2798.9712083448303,2761.1855826958235,2770.123046875,2052900
2022-09-05,INFY.NS,1288.4838352280558,1302.6917893036236,1284.3546268952266,1297.6302490234375,3669352
2022-09-05,TCS.NS,2764.1502000356518,2785.6535653067531,2754.0623082010966,2772.778076171875,2147912
2022-09-06,INFY.NS,1297.6302811685841,1305.3558130293177,1283.5554395953404,1292.1246337890625,3428442
2022-09-06,TCS.NS,2774.6361399478797,2779.3704962895417,2748.8410921025852,2767.15869140625,1936453
2022-09-07,INFY.NS,1278.7158670634933,1301.5817931585523,1276.984316019413,1294.3890380859375,3600574
2022-09-07,TCS.NS,2744.9919497778506,2797.9979941769711,2744.9919497778506,2787.11376953125,1291534
2022-09-08,INFY.NS,1309.7957516157421,1315.212512366536,1299.6725627710948,1310.594970703125,4061475
2022-09-08,TCS.NS,2805.1655178979468,2817.1118063811082,2796.4049927606457,2804.855712890625,1346113
2022-09-09,INFY.NS,1321.3396674929586,1349.755574320764,1314.2356907860071,1342.3408203125,4816910
2022-09-09,TCS.NS,2827.2881686504807,2861.3572123102754,2803.8380476898428,2847.331298828125,1561185
2022-09-12,INFY.NS,1354.9059088371373,1372.754627422371,1350.7767009768484,1364.1409912109375,5494819
2022-09-12,TCS.NS,2867.0207070213914,2893.4796538091186,2853.8356303709602,2869.7197265625,1785928
2022-09-13,INFY.NS,1378.0826553311847,1379.0594304149024,1368.6699082004991,1371.9110107421875,4947158
2022-09-13,TCS.NS,2887.8603690881314,2887.8603690881314,2853.8356125133419,2857.68505859375,1972678
2022-09-14,INFY.NS,1329.3315936480085,1331.0631445490401,1307.1316672343812,1310.15087890625,14332197
2022-09-14,TCS.NS,2774.1939474498322,2779.8572872732138,2755.433891236994,2761.274169921875,5090269
2022-09-15,INFY.NS,1309.7958248853374,1309.9733809599834,1268.9923983100107,1272.3223876953125,12784100
2022-09-15,TCS.NS,2769.7693972781708,2776.6274524950736,2743.2220867611272,2747.071533203125,2138023
2022-09-16,INFY.NS,1265.3959486362396,1265.3959486362396,1215.0908880161001,1222.8165283203125,20464045
2022-09-16,TCS.NS,2721.9844459852957,2738.222638573925,2654.7312542119271,2662.429931640625,5322221
2022-09-19,INFY.NS,1236.0918269349809,1248.5237849644993,1225.9686394313301,1234.582275390625,6595241
2022-09-19,TCS.NS,2686.5876194233983,2691.8970811218637,2643.9349869875709,2680.21630859375,2072220
2022-09-20,INFY.NS,1250.2554997650657,1255.2283703476603,1229.964787284812,1233.0284423828125,7219797
2022-09-20,TCS.NS,2698.9766538674121,2725.4796764894973,2681.2784463010685,2690.39306640625,1544295
2022-09-21,INFY.NS,1225.3473548787024,1233.2505516184503,1215.1353871043787,1222.994140625,7917054
2022-09-21,TCS.NS,2679.5083636387303,2691.3660751321318,2653.0937050108059,2655.792724609375,2253818
2022-09-22,INFY.NS,1213.3149439431238,1228.9436728727633,1207.6761834426979,1214.7357177734375,9168498
2022-09-22,TCS.NS,2645.8821859492091,2681.2343144225215,2636.4136875558343,2661.279541015625,2017983
2022-09-23,INFY.NS,1214.3359402029328,1238.5783025146602,1209.4519565311844,1212.5155029296875,10426200
2022-09-23,TCS.NS,2658.2699247786049,2674.640761532401,2636.1471724086095,2638.84619140625,2652374
2022-09-26,INFY.NS,1207.6762588299221,1242.7077069492407,1203.2362725842238,1225.658203125,9414587
2022-09-26,TCS.NS,2619.20191173189,2677.6059931788486,2589.336188264695,2649.775390625,2925489
2022-09-27,INFY.NS,1237.3796194234526,1248.9680259096867,1223.6601064369345,1237.468505859375,8561254
2022-09-27,TCS.NS,2663.0485491439686,2676.8532340572719,2633.4926362163442,2670.172119140625,2227447
2022-09-28,INFY.NS,1224.5481116517592,1248.3908142635471,1222.7721172911329,1238.4896240234375,7022098
2022-09-28,TCS.NS,2637.0329005369299,2698.9323376614889,2637.0329005369299,2686.278076171875,2739767
2022-09-29,INFY.NS,1247.5470517617227,1251.9425937102772,1236.9798654027875,1241.9970703125,6119965
2022-09-29,TCS.NS,2702.5159210262555,2704.1530914163895,2645.881664658973,2652.341552734375,2493902
2022-09-30,INFY.NS,1233.3837161802428,1260.3345189806721,1221.8841953463611,1255.1396484375,8120130
2022-09-30,TCS.NS,2646.6338531113602,2672.1633836724513,2610.5737611666641,2658.757080078125,2817353
2022-10-03,INFY.NS,1253.8519436659194,1253.8519436659194,1230.7640183576234,1237.64599609375,4943169
2022-10-03,TCS.NS,2650.3064780958839,2673.0486307094293,2631.7233608871984,2641.4130859375,1763331
2022-10-04,INFY.NS,1260.6894635130921,1271.8338706895042,1255.6279233059583,1269.3031005859375,6631341
2022-10-04,TCS.NS,2681.2339138379339,2741.4521028168406,2675.0838304762133,2735.390380859375,2145875
2022-10-06,INFY.NS,1283.1558746803535,1296.2982757871803,1282.3566555701389,1292.1690673828125,6180672
2022-10-06,TCS.NS,2752.955991328854,2764.4598254295529,2736.54086176896,2744.947509765625,1790816
2022-10-07,INFY.NS,1284.3546126015165,1294.5665794796807,1278.8490738177404,1288.661376953125,3994466
2022-10-07,TCS.NS,2740.9212072120899,2747.6466122290967,2706.1444036015023,2712.16162109375,1939879
2022-10-10,INFY.NS,1266.5946414154234,1300.9157509967636,1266.5946414154234,1298.8289794921875,5274677
2022-10-10,TCS.NS,2663.5801456146091,2767.1146562581002,2659.1555938777074,2759.63720703125,3064063
2022-10-11,INFY.NS,1298.8289881372887,1313.9249389319289,1261.0446679361762,1264.330322265625,12824774
2022-10-11,TCS.NS,2743.2220883096206,2783.0430541076635,2701.9411068493428,2716.276611328125,4730645
2022-10-12,INFY.NS,1276.0519384547556,1279.6927051868731,1255.2284480932105,1268.6815185546875,5481467
2022-10-12,TCS.NS,2729.8593410684016,2751.982095675402,2709.6392729831186,2743.88525390625,1665247
2022-10-13,INFY.NS,1270.7239342833766,1276.8954711779975,1256.5159797421229,1260.8671875,4821514
2022-10-13,TCS.NS,2743.8857693820296,2752.0711901243612,2701.0561948337768,2746.142333984375,2054781
2022-10-14,INFY.NS,1318.6757298301836,1326.6677039503666,1302.913780870934,1309.1297607421875,14990688
2022-10-14,TCS.NS,2783.0427033213336,2787.4672545189828,2717.5593455961257,2742.469482421875,2245977
2022-10-17,INFY.NS,1311.4828704785755,1327.5555954732513,1310.2396529236003,1323.0711669921875,4286396
2022-10-17,TCS.NS,2726.0562272670231,2775.5176496549793,2724.9916301054623,2760.745849609375,1517005
2022-10-18,INFY.NS,1340.8755527341007,1341.7191065769207,1329.5535902855181,1335.2811279296875,4692004
2022-10-18,TCS.NS,2794.6816983654062,2799.4283078906092,2775.6512901206852,2789.9794921875,1793722
2022-10-19,INFY.NS,1335.5477078030499,1336.3912617326525,1315.3902159447794,1319.0753173828125,3553171
2022-10-19,TCS.NS,2802.6659498503886,2802.6659498503886,2760.9675327427694,2769.70654296875,1194289
2022-10-20,INFY.NS,1309.7957743941563,1335.5476913144482,1309.0853333267751,1332.794921875,4583939
2022-10-20,TCS.NS,2754.7575733042404,2803.5536011727536,2754.7575733042404,2801.158203125,1587601
2022-10-21,INFY.NS,1332.2621411983666,1337.3236814941895,1324.3145018239411,1332.439697265625,3594485
2022-10-21,TCS.NS,2801.6014594822955,2803.9080505555708,2774.2756439098298,2783.50244140625,1021913
2022-10-24,INFY.NS,1348.4235332441654,1351.3539668962553,1341.7635553058506,1347.8463134765625,982837
2022-10-24,TCS.NS,2812.514136923427,2819.5229335978725,2799.1173239462828,2805.0615234375,260949
2022-10-25,INFY.NS,1356.9481830638767,1361.2106119886887,1350.6878693032677,1355.349853515625,3914341
2022-10-25,TCS.NS,2821.7409048142667,2825.0679063527209,2795.7014861326338,2805.41650390625,2069643
2022-10-27,INFY.NS,1374.2018346729999,1377.8823898027329,1357.7738493894442,1368.052490234375,6760137
2022-10-27,TCS.NS,2804.1741424071779,2815.9739505486477,2780.7965428165121,2801.246337890625,2438421
2022-10-28,INFY.NS,1369.8927175186891,1371.6431919026134,1352.8363861734367,1358.447021484375,3053981
2022-10-28,TCS.NS,2794.6816049676954,2819.9668194888318,2790.2456024201279,2806.43701171875,1355739
2022-10-31,INFY.NS,1373.70805956196,1388.2059642832278,1373.70805956196,1380.35107421875,4542336
2022-10-31,TCS.NS,2838.1548099256052,2838.1548099256052,2819.3461999260289,2832.964599609375,1919414
2022-11-01,INFY.NS,1394.1758534859791,1413.8803645750556,1388.8344619146062,1412.0849609375,4542692
2022-11-01,TCS.NS,2851.9054248471602,2894.5798468230623,2842.1018180038704,2892.0068359375,2991060
2022-11-02,INFY.NS,1411.1870015279026,1411.8602777690894,1386.9490568451713,1394.4000244140625,2938906
2022-11-02,TCS.NS,2901.1456594790648,2901.1456594790648,2858.6044384654506,2876.037841796875,1405955
2022-11-03,INFY.NS,1381.3383511548413,1385.9615363587588,1365.9876755540829,1374.15673828125,3174027
2022-11-03,TCS.NS,2863.9274421109408,2863.9274421109408,2834.6054240597227,2845.030029296875,1422652
2022-11-04,INFY.NS,1364.9104934069014,1364.9104934069014,1347.5849165055247,1359.120361328125,4509682
2022-11-04,TCS.NS,2854.1237221012757,2856.8297266750774,2809.0094945626156,2854.478515625,1464013
2022-11-07,INFY.NS,1365.7633606565107,1371.5984215884221,1338.5629558638961,1353.2403564453125,4898592
2022-11-07,TCS.NS,2864.7706303436671,2877.0140414864732,2834.6946177682898,2868.9404296875,1474498
2022-11-09,INFY.NS,1372.5858226539308,1372.5858226539308,1347.5399247059643,1356.606689453125,3334755
2022-11-09,TCS.NS,2883.2245139833467,2883.2245139833467,2840.5056757133734,2853.281494140625,1162267
2022-11-10,INFY.NS,1333.0870997451718,1357.3250470132657,1333.0870997451718,1348.3031005859375,3435763
2022-11-10,TCS.NS,2812.4258294262249,2861.2218611670587,2812.4258294262249,2844.054443359375,1573092
2022-11-11,INFY.NS,1388.430263614367,1412.5335307351531,1388.430263614367,1409.4813232421875,7214098
2022-11-11,TCS.NS,2900.7907417153419,2964.6691755192865,2887.8819315637929,2941.912353515625,3265394
2022-11-14,INFY.NS,1414.0148924987643,1428.6025455140079,1408.000225198226,1423.1265869140625,4908813
2022-11-14,TCS.NS,2949.0542749751721,2971.2342860685476,2935.746268319147,2959.257080078125,1342074
2022-11-15,INFY.NS,1416.4386189277827,1434.3926530988931,1411.8603621306952,1430.9365234375,3497614
2022-11-15,TCS.NS,2946.3927142420735,2963.2051195621743,2920.663901019243,2956.684326171875,1400708
2022-11-16,INFY.NS,1433.7642672771042,1444.4020103215976,1430.4876342122222,1438.8363037109375,4497697
2022-11-16,TCS.NS,2962.2735431457149,2988.0023566063769,2946.7919383664444,2976.8681640625,1748235
2022-11-17,INFY.NS,1433.8092525969751,1438.8364702781969,1421.0170021122965,1425.0118408203125,3469515
2022-11-17,TCS.NS,2963.2498142519221,2980.9938251157064,2943.5096021659624,2971.234619140625,1417986
2022-11-18,INFY.NS,1428.8716685979427,1434.5272328106976,1414.3289457404594,1430.3978271484375,3126064
2022-11-18,TCS.NS,2972.1219982429789,2983.4338058482322,2946.3931809447563,2966.310791015625,1164540
2022-11-21,INFY.NS,1420.2537091834579,1425.4154934915452,1404.0502607137878,1407.775634765625,3071764
2022-11-21,TCS.NS,2947.7233747305418,2957.6599760443651,2903.806954249229,2913.12255859375,1304194
2022-11-22,INFY.NS,1408.4939437323687,1425.5502757469735,1402.2100319375143,1422.902099609375,3399329
2022-11-22,TCS.NS,2910.017775031512,2944.5741927896725,2888.0595616376004,2941.025390625,1149739
2022-11-23,INFY.NS,1426.3583182139566,1429.141171694554,1417.7404034167669,1421.196533203125,3245067
2022-11-23,TCS.NS,2954.3769587869997,2954.3769587869997,2919.7761475579628,2935.124755859375,1150011
2022-11-24,INFY.NS,1426.4479469523692,1468.6399252448559,1422.6327148727294,1463.07421875,5282215
2022-11-24,TCS.NS,2942.1783421080422,3010.226569828701,2935.1251422109576,2998.870361328125,1296591
2022-11-25,INFY.NS,1464.5105734438889,1475.8215929330347,1448.7110454604212,1468.3258056640625,4563255
2022-11-25,TCS.NS,3001.3990319508653,3019.4536472052473,2970.3470171361205,3007.298828125,1588981
2022-11-28,INFY.NS,1461.4582630298628,1484.34965474194,1454.2766499437209,1457.328857421875,3825766
2022-11-28,TCS.NS,2986.3172048438537,3031.5644352202753,2985.9180078961676,3012.267822265625,2195437
2022-11-29,INFY.NS,1455.3538334700106,1471.1085408527335,1449.8330561316118,1462.40087890625,3131710
2022-11-29,TCS.NS,3001.3992017991964,3042.2104235794986,3001.3992017991964,3014.130615234375,1576028
2022-11-30,INFY.NS,1454.2319828051793,1477.3927330102415,1448.1276763327539,1467.697509765625,11868134
2022-11-30,TCS.NS,3001.3991290916215,3029.7007368695226,2994.3015254756792,3008.3193359375,3410702
2022-12-01,INFY.NS,1486.7735894799405,1501.4959200466101,1483.2726403329877,1487.58154296875,5407928
2022-12-01,TCS.NS,3038.661769149795,3087.4577975594998,3034.2257665670945,3083.598388671875,2180856
2022-12-02,INFY.NS,1486.5939592971272,1491.8006727944214,1466.799593723397,1470.3455810546875,4283343
2022-12-02,TCS.NS,3068.0281992766704,3077.6097915939044,3028.015369256716,3051.215576171875,2411749
2022-12-05,INFY.NS,1470.4351258171025,1476.5843594633493,1457.2389569825962,1472.006103515625,3824966
2022-12-05,TCS.NS,3045.7594154734948,3051.2156120851228,3022.692201723914,3039.460205078125,1475065
2022-12-06,INFY.NS,1458.7652446927341,1459.6629463817758,1443.100394052047,1447.903076171875,4822398
2022-12-06,TCS.NS,3016.5259341575629,3023.534731073787,2988.0911164070485,3003.484130859375,1166999
2022-12-07,INFY.NS,1443.5042639072717,1457.6879939155688,1433.3601913539392,1441.260009765625,4898087
2022-12-07,TCS.NS,2988.3571670902229,3010.8919707336049,2975.6701579800529,2999.269775390625,1167505
2022-12-08,INFY.NS,1441.260146588349,1457.7778805554876,1434.9762343951891,1454.4114990234375,4206837
2022-12-08,TCS.NS,2980.9933755483976,2999.2697906224844,2962.7613638151129,2972.609375,1285619
2022-12-09,INFY.NS,1461.4583510232733,1461.4583510232733,1401.4020860579217,1408.7633056640625,8880658
2022-12-09,TCS.NS,2993.5031905316173,2993.5031905316173,2906.779344645206,2921.329345703125,1797896
2022-12-12,INFY.NS,1391.4375586504791,1405.7558561467295,1373.5284545512598,1388.9239501953125,8037679
2022-12-12,TCS.NS,2888.280936706034,2924.212553335306,2871.069335381073,2915.73974609375,1527610
2022-12-13,INFY.NS,1388.924053738368,1416.1244596167126,1383.4930240961316,1411.32177734375,6135067
2022-12-13,TCS.NS,2907.5335278353573,2960.1001591337144,2899.1939295105562,2956.240966796875,1378016
2022-12-14,INFY.NS,1420.1642028852773,1425.9992644015567,1412.0848869396593,1417.8302001953125,4976020
2022-12-14,TCS.NS,2971.0567801098541,2996.0757883833653,2964.0477669009356,2985.739990234375,1213311
2022-12-15,INFY.NS,1408.7632757795202,1409.3916231159728,1378.1964900565588,1382.909423828125,6443866
2022-12-15,TCS.NS,2979.9289991466248,2985.2077986532413,2926.8299640701421,2932.286376953125,1415694
2022-12-16,INFY.NS,1368.9949315397396,1390.9886206038207,1357.3697397246681,1366.4813232421875,9630453
2022-12-16,TCS.NS,2905.581682698335,2920.6640914329523,2861.3990537907071,2874.75146484375,2703680
2022-12-19,INFY.NS,1353.689233868756,1361.7237298285659,1342.1089696118938,1353.150634765625,6222740
2022-12-19,TCS.NS,2862.9957142629496,2879.4089217974597,2834.1617010266477,2840.860107421875,2120965
2022-12-20,INFY.NS,1347.4502703396117,1360.9157960258838,1330.7978597411641,1353.1058349609375,7396259
2022-12-20,TCS.NS,2838.0652701055446,2882.5140967421403,2806.7914560365512,2878.03369140625,1529971
2022-12-21,INFY.NS,1360.0179181471094,1365.4041277239296,1348.6619710394373,1355.12548828125,6236361
2022-12-21,TCS.NS,2882.5143184024537,2912.7235376358708,2874.5295141963525,2899.859130859375,1432566
2022-12-22,INFY.NS,1365.8531440573202,1373.4386796309227,1357.100552434212,1366.346923828125,6302640
2022-12-22,TCS.NS,2922.437850193357,2922.437850193357,2879.0538412437108,2892.0068359375,1384101
2022-12-23,INFY.NS,1354.3625367517841,1355.4398445619386,1340.2686636264464,1343.94921875,6283822
2022-12-23,TCS.NS,2854.1237919639257,2898.3508201741924,2854.1237919639257,2864.193603515625,1360281
2022-12-26,INFY.NS,1347.0014980506858,1355.439916556154,1343.2760138103065,1348.7071533203125,4115459
2022-12-26,TCS.NS,2864.1935243545195,2902.9197355304514,2861.2657196872278,2885.97412109375,870157
2022-12-27,INFY.NS,1355.484662525693,1365.8082322618604,1344.3083199922382,1359.8834228515625,4860076
2022-12-27,TCS.NS,2900.4353900642955,2904.5165983841339,2866.9879796226655,2891.82958984375,835883
2022-12-28,INFY.NS,1351.1308690136332,1368.9502266632046,1345.206059437163,1355.664306640625,5029860
2022-12-28,TCS.NS,2883.2238333697437,2897.6852428596253,2862.1084210411123,2889.700439453125,910795
2022-12-29,INFY.NS,1350.1434701575076,1365.673754704515,1347.4503648313955,1362.307373046875,4624745
2022-12-29,TCS.NS,2866.6338503909797,2902.4766668035973,2863.8834419813575,2900.036865234375,1037927
2022-12-30,INFY.NS,1371.6879869113943,1373.8424925770119,1350.1880783318293,1353.9134521484375,5060544
2022-12-30,TCS.NS,2915.3851233420419,2926.8743260119631,2880.0300982680355,2889.345703125,1163131
2023-01-02,INFY.NS,1359.1201524308974,1370.3414218532132,1350.1880658038176,1368.09716796875,3801140
2023-01-02,TCS.NS,2893.1613498986708,2898.3515603961241,2870.2715295690082,2893.560546875,709547
2023-01-03,INFY.NS,1364.3717941574034,1375.8624188015881,1360.1077114345351,1366.795654296875,4551130
2023-01-03,TCS.NS,2885.176344972348,2945.5059856421267,2879.2321442855205,2937.831787109375,1245178
2023-01-04,INFY.NS,1365.4041375693505,1365.4041375693505,1338.5628377347775,1341.8843994140625,7059590
2023-01-04,TCS.NS,2933.7058325903895,2952.026652767493,2915.5182224485047,2940.759033203125,1231668
2023-01-05,INFY.NS,1351.8490596942972,1351.8490596942972,1318.948269310685,1324.28955078125,9868404
2023-01-05,TCS.NS,2954.5547729323498,2960.8539825071912,2911.7473529923486,2937.609375,1826057
2023-01-06,INFY.NS,1319.6215095559523,1324.1100180918568,1298.5255194372007,1300.3209228515625,6443714
2023-01-06,TCS.NS,2927.7614086546291,2929.1366126366033,2839.0413659681253,2849.28857421875,2488376
2023-01-09,INFY.NS,1300.051455589557,1336.9918995481128,1300.051455589557,1332.5931396484375,11498717
2023-01-09,TCS.NS,2864.770578993368,2951.7162329857342,2857.8059680277906,2945.46142578125,2885060
2023-01-10,INFY.NS,1330.3940638155937,1332.0997191472895,1305.3033424100618,1319.397216796875,7158624
2023-01-10,TCS.NS,2914.4533185787127,2925.9869237968323,2865.7461031828561,2915.6953125,3864655
2023-01-11,INFY.NS,1319.6214032298747,1341.1662424662809,1314.2351934207732,1320.7435302734375,6173092
2023-01-11,TCS.NS,2918.9785546870203,2971.6781796058563,2902.165931337438,2953.224365234375,2720512
2023-01-12,INFY.NS,1330.3488381302957,1333.0868718348268,1306.1558239189717,1329.136962890625,6591385
2023-01-12,TCS.NS,2953.4902075035998,2972.1214163824147,2941.5574051372632,2958.23681640625,2250391
2023-01-13,INFY.NS,1331.7402710494264,1363.9677791342692,1317.8258967984887,1349.8289794921875,11610426
2023-01-13,TCS.NS,2965.8223193412623,2997.8503424610212,2932.1975086811703,2993.90234375,1742837
2023-01-16,INFY.NS,1355.5294722785563,1371.6881017494266,1348.6172135046606,1369.44384765625,6073063
2023-01-16,TCS.NS,3009.7363793873715,3042.4015918257028,2992.5418188116687,3025.20703125,1843607
2023-01-17,INFY.NS,1370.7906900513053,1384.4357139908211,1368.0975845698686,1382.011962890625,5922644
2023-01-17,TCS.NS,3021.5317728971813,3068.5334225583842,3013.3654708082699,3065.4482421875,1688475
2023-01-18,INFY.NS,1386.7245774992048,1393.0982370846807,1382.1013922396473,1387.30810546875,5843098
2023-01-18,TCS.NS,3066.8997208586838,3093.1679448728542,3059.8676283034602,3075.973388671875,2421189
2023-01-19,INFY.NS,1382.3707240663339,1391.0335664749514,1370.0273269921345,1381.4730224609375,6165284
2023-01-19,TCS.NS,3066.9003919886036,3073.2519608477514,3049.6604193709163,3060.6396484375,1585044
2023-01-20,INFY.NS,1380.6652340912512,1386.9491460799632,1368.0974101138277,1369.4888916015625,6496429
2023-01-20,TCS.NS,3053.2893380290952,3080.1926755327436,3044.7601785626211,3051.5654296875,1529349
2023-01-23,INFY.NS,1377.9720899793838,1394.4000746897525,1371.777926420586,1389.6422119140625,4855020
2023-01-23,TCS.NS,3074.1592998856831,3102.2876760062427,3044.7606986148958,3098.5673828125,1067916
2023-01-24,INFY.NS,1400.4145497993616,1408.3143680159328,1391.2131080458721,1393.1431884765625,5200802
2023-01-24,TCS.NS,3107.7313298640829,3132.1848211327379,3100.7446497194815,3117.984619140625,1387863
2023-01-25,INFY.NS,1388.744493228618,1396.8238083152746,1381.3384543991831,1385.1536865234375,4158617
2023-01-25,TCS.NS,3108.0035218398821,3116.8049354311311,3089.583931628239,3112.041259765625,874110
2023-01-27,INFY.NS,1387.8469227136595,1392.2905025981806,1353.1956566504216,1363.74365234375,6209955
2023-01-27,TCS.NS,3108.6388205382309,3126.7861574940875,3068.986933594706,3095.07373046875,1785879
2023-01-30,INFY.NS,1372.4062845546568,1386.0513053859913,1364.5064664421677,1381.38330078125,6964719
2023-01-30,TCS.NS,3103.1946093031756,3138.0828201816939,3071.9358658039591,3115.580078125,1953798
2023-01-31,INFY.NS,1390.4501781904221,1390.4501781904221,1358.2226654027863,1376.8499755859375,9448126
2023-01-31,TCS.NS,3129.5087704033554,3129.5087704033554,3040.5868047612767,3047.573486328125,2820375
2023-02-01,INFY.NS,1384.4354819888624,1395.9710362007636,1371.7330909295972,1392.425048828125,6194199
2023-02-01,TCS.NS,3051.4750873207331,3102.2876370947329,3044.2161516387332,3092.624267578125,2205161
2023-02-02,INFY.NS,1393.2329580209157,1424.6075867927441,1393.2329580209157,1421.7349853515625,6916834
2023-02-02,TCS.NS,3109.5463294312503,3147.6557387794014,3103.2855865055308,3139.852294921875,1813847
2023-02-03,INFY.NS,1434.0784025458154,1440.4969913344742,1412.0847118651441,1435.7840576171875,7040194
2023-02-03,TCS.NS,3179.4134491945561,3179.4134491945561,3133.0469144504245,3159.7236328125,1804469
2023-02-06,INFY.NS,1434.5271579136611,1434.5271579136611,1401.8507977317506,1409.2568359375,4570612
2023-02-06,TCS.NS,3151.4215357600465,3151.4215357600465,3118.4842916293296,3139.4443359375,1138714
2023-02-07,INFY.NS,1408.4939008206854,1414.8227413400621,1396.0158258630909,1402.569091796875,4336238
2023-02-07,TCS.NS,3147.5651749297117,3169.4328073868965,3140.7599226951279,3150.877197265625,1455647
2023-02-08,INFY.NS,1405.3517728324057,1439.0155808689533,1405.3517728324057,1427.7943115234375,7983338
2023-02-08,TCS.NS,3155.867395499648,3211.9879036539678,3155.867395499648,3194.022216796875,1986946
2023-02-09,INFY.NS,1432.9113793663391,1454.0522977867906,1423.79979497045,1451.5836181640625,6904911
2023-02-09,TCS.NS,3189.3943328983523,3218.9745794749601,3180.5929191581054,3212.849853515625,1655427
2023-02-10,INFY.NS,1447.9478465069383,1450.955234729636,1433.1357691390035,1443.998046875,4786762
2023-02-10,TCS.NS,3193.9318658877742,3214.2116071122059,3183.1794782405641,3209.856201171875,1187821
2023-02-13,INFY.NS,1433.6295447624907,1433.6295447624907,1405.8007934239577,1407.1024169921875,4001199
2023-02-13,TCS.NS,3220.2451782155104,3220.2451782155104,3151.6481508979105,3159.814453125,1087939
2023-02-14,INFY.NS,1422.5877904936112,1432.7318631825669,1416.7079103135172,1430.26318359375,5043736
2023-02-14,TCS.NS,3180.320764752124,3198.3320850826603,3171.2470963790797,3175.874755859375,1579818
2023-02-15,INFY.NS,1421.9595093920875,1435.4250350492096,1414.7778957082892,1433.674560546875,3465747
2023-02-15,TCS.NS,3163.988190351818,3199.3754973273617,3139.6253019393812,3194.52099609375,1429449
2023-02-16,INFY.NS,1436.3226917714796,1449.2944372484508,1434.3926112378667,1437.9385986328125,4290289
2023-02-16,TCS.NS,3200.4644301176259,3243.8366114938117,3200.2830010457828,3228.456787109375,1618931
2023-02-17,INFY.NS,1430.9364201598676,1431.8341218036317,1414.3289397502331,1421.7799072265625,2857734
2023-02-17,TCS.NS,3199.5120558409485,3211.0809850815513,3166.710827427652,3176.827880859375,1061369
2023-02-20,INFY.NS,1422.8122811217777,1439.0158408168427,1420.6129557658476,1429.5450439453125,2417716
2023-02-20,TCS.NS,3177.5987465959242,3195.7460838123488,3153.1452540018149,3164.260498046875,1296082
2023-02-21,INFY.NS,1435.1555046277849,1437.8037900984118,1414.777722133191,1417.919677734375,2723288
2023-02-21,TCS.NS,3170.3397725806381,3183.8594500299678,3125.6519552367354,3131.322998046875,1139541
2023-02-22,INFY.NS,1403.1075935891906,1413.8800127338295,1396.1953351377999,1402.0303955078125,3656244
2023-02-22,TCS.NS,3098.6124850134906,3127.6936378456253,3080.5105600481284,3086.453857421875,1218430
2023-02-23,INFY.NS,1409.256926645148,1409.256926645148,1389.7768444892642,1392.06591796875,4766854
2023-02-23,TCS.NS,3104.1023336676694,3132.5935672666674,3092.3065633263427,3097.5693359375,1441570
2023-02-24,INFY.NS,1400.4146068720393,1408.4939219116857,1386.9490818059621,1392.0211181640625,2790986
2023-02-24,TCS.NS,3105.4630497902713,3115.8523559367027,3068.9869466587502,3085.45556640625,977592
2023-02-27,INFY.NS,1382.4603948856802,1382.4603948856802,1348.3477357910986,1354.9010009765625,4920268
2023-02-27,TCS.NS,3075.9739934571471,3075.9739934571471,3008.8288384377288,3023.210693359375,1128022
2023-02-28,INFY.NS,1360.556563512157,1368.0972790929927,1329.7654634659286,1335.3760986328125,9679811
2023-02-28,TCS.NS,3020.170662055617,3077.7884589733071,2994.2198806605948,3005.970458984375,4116217
2023-03-01,INFY.NS,1339.7299588712954,1347.3154939495362,1329.9449890099597,1343.006591796875,5125043
2023-03-01,TCS.NS,3015.1801620398064,3075.0663765130616,3007.921226952139,3072.072021484375,1669307
2023-03-02,INFY.NS,1333.0869580251103,1336.3186620674148,1317.1976825605259,1321.551513671875,4644499
2023-03-02,TCS.NS,3049.6598390301442,3057.7353150042663,3010.6430663201481,3013.7734375,1556538
2023-03-03,INFY.NS,1334.6576808531074,1337.395714211395,1322.3142854525827,1327.9698486328125,4615015
2023-03-03,TCS.NS,3043.3085385632116,3046.9380061106931,3022.5299254639276,3032.55615234375,1043190
2023-03-06,INFY.NS,1341.6600924158531,1364.8656589746784,1340.4032881447426,1353.2403564453125,6561742
2023-03-06,TCS.NS,3050.4766492061635,3089.5388380017994,3047.8453738435569,3059.505126953125,1334132
2023-03-08,INFY.NS,1338.0691747181111,1342.9616046452634,1329.5858287787105,1339.9991455078125,4137080
2023-03-08,TCS.NS,3052.3817877310116,3081.4175241184648,3022.3026681771698,3076.336181640625,1844590
2023-03-09,INFY.NS,1342.0639414577045,1345.0712200119858,1323.7508062262864,1328.95751953125,5104656
2023-03-09,TCS.NS,3071.4364465429467,3071.4364465429467,3022.3026256757871,3027.746826171875,1648500
2023-03-10,INFY.NS,1310.6445624191515,1323.481741349912,1308.5349852112563,1321.0130615234375,3699580
2023-03-10,TCS.NS,3006.0162647586799,3028.1107414289127,2985.2376475544602,3022.439697265625,1024404
2023-03-13,INFY.NS,1314.4145977317767,1327.0722775616289,1281.9178446623562,1288.29150390625,8798403
2023-03-13,TCS.NS,3024.2539875608381,3057.6451349988492,2968.9046046501835,2977.932861328125,1901233
2023-03-14,INFY.NS,1293.5880625550176,1300.1861476889799,1266.657013369278,1274.736328125,7402784
2023-03-14,TCS.NS,2976.1636701703733,2998.3033356920723,2912.1034732938451,2917.139404296875,2670334
2023-03-15,INFY.NS,1290.8950455008883,1295.2488768323813,1271.9086326160925,1274.4222412109375,7556182
2023-03-15,TCS.NS,2948.9424655723469,2958.3338017266042,2896.3151846482865,2902.575927734375,1780522
2023-03-16,INFY.NS,1272.7615924925153,1272.7615924925153,1255.6154013001644,1260.4630126953125,7323117
2023-03-16,TCS.NS,2910.8328161793565,2921.5397891723192,2878.1676100127552,2889.96337890625,1901060
2023-03-17,INFY.NS,1283.7134156369266,1295.2937893448818,1267.016186133299,1275.36474609375,9090018
2023-03-17,TCS.NS,2858.6595359477537,2922.9917631919138,2852.7616508553369,2884.791748046875,6739966
2023-03-20,INFY.NS,1274.4670058884406,1274.4670058884406,1243.1821248798633,1260.0589599609375,8221829
2023-03-20,TCS.NS,2876.0352039233617,2876.0352039233617,2808.3457708538554,2852.126220703125,2289468
2023-03-21,INFY.NS,1255.8846837960104,1261.2708940195814,1247.8053684606537,1248.4337158203125,8536755
2023-03-21,TCS.NS,2852.126811732659,2864.33085390423,2810.5239450592389,2818.372802734375,1815297
2023-03-22,INFY.NS,1259.4756016658325,1263.2908342439364,1240.7585414050936,1247.1322021484375,8356487
2023-03-22,TCS.NS,2840.103898631804,2852.3079395141376,2818.3725050009734,2840.784423828125,1123939
2023-03-23,INFY.NS,1242.3742213827816,1242.3742213827816,1229.8513265260631,1233.9359130859375,7607718
2023-03-23,TCS.NS,2826.3567868867931,2854.8936502715574,2813.744476842171,2835.20361328125,1372218
2023-03-24,INFY.NS,1246.0100734862119,1255.839864166571,1236.5842047746808,1239.4119873046875,7559127
2023-03-24,TCS.NS,2857.2073621424779,2876.35289113198,2818.2814132037633,2831.438232421875,1329577
2023-03-27,INFY.NS,1244.4390420940674,1252.9672086584631,1233.5319439925304,1246.86279296875,4170193
2023-03-27,TCS.NS,2844.5950477838628,2860.7008092186838,2818.2814093833103,2833.071533203125,1524217
2023-03-28,INFY.NS,1249.6905026499728,1254.9869645456447,1235.1028501650894,1236.673828125,6633366
2023-03-28,TCS.NS,2837.3365103975439,2857.7976798415111,2822.0472883688126,2827.2646484375,1303530
2023-03-29,INFY.NS,1237.930550460286,1247.7155201650944,1224.958805711683,1242.01513671875,8813966
2023-03-29,TCS.NS,2839.1509456298058,2858.2056499628916,2816.5575991020501,2848.1337890625,1740616
2023-03-31,INFY.NS,1260.3732558849269,1283.6685724437241,1251.3064901344951,1281.8731689453125,8711975
2023-03-31,TCS.NS,2894.4550323145741,2915.3698839100211,2860.0205023605313,2908.927490234375,2382581
2023-04-03,INFY.NS,1288.2018554237902,1288.2018554237902,1261.4054833442367,1266.5223388671875,5242764
2023-04-03,TCS.NS,2926.2124875934796,2926.2124875934796,2879.7553522109988,2903.57373046875,1521830
2023-04-05,INFY.NS,1256.7823002469104,1281.4690954303319,1256.7823002469104,1277.9232177734375,7506334
2023-04-05,TCS.NS,2890.4171900754327,2961.9631570208894,2890.4171900754327,2939.687255859375,2655065
2023-04-06,INFY.NS,1271.1455548730469,1282.277077411361,1266.073518560293,1276.4420166015625,6948465
2023-04-06,TCS.NS,2926.2584116403386,2955.6118210617306,2917.1847421468806,2922.356689453125,1703464
2023-04-10,INFY.NS,1278.2822049918059,1287.304150296638,1270.2478191560269,1281.558837890625,4993788
2023-04-10,TCS.NS,2921.7211981908126,2968.9042734410991,2917.1843640321313,2961.100830078125,2203187
2023-04-11,INFY.NS,1282.725811562525,1286.7205397666187,1246.9074965485827,1262.3031005859375,6942255
2023-04-11,TCS.NS,2961.6454758816367,2969.766365096571,2896.4510773934976,2916.095703125,2348779
2023-04-12,INFY.NS,1268.4975478145029,1285.0601018714028,1256.7824957177534,1282.1875,5831169
2023-04-12,TCS.NS,2928.9350839632298,2958.8781931293734,2902.6668552270489,2941.365966796875,2417727
2023-04-13,INFY.NS,1265.5348481010121,1266.7019040302373,1241.5213299689306,1247.0870361328125,11267238
2023-04-13,TCS.NS,2912.6479983585382,2930.7953379121741,2885.4269890280848,2893.457275390625,4174070
2023-04-17,INFY.NS,1122.3965111961891,1132.1365530010617,1064.0458990402255,1129.578125,53171705
2023-04-17,TCS.NS,2843.7787740020203,2870.3644477381677,2785.8433071135864,2848.678466796875,5505048
2023-04-18,INFY.NS,1140.0362461201344,1140.0362461201344,1124.9099941788811,1130.5206298828125,12430884
2023-04-18,TCS.NS,2862.6970030263255,2864.4211329587547,2822.4554160887333,2840.73876953125,2617302
2023-04-19,INFY.NS,1126.0320630409092,1126.0320630409092,1103.6344503031144,1106.14794921875,11307230
2023-04-19,TCS.NS,2840.7389384450512,2849.1320823181222,2786.9774493121377,2803.40087890625,3298034
2023-04-20,INFY.NS,1104.801570530291,1111.220160369727,1096.4530094711436,1098.2484130859375,8621249
2023-04-20,TCS.NS,2803.7640392848743,2824.6334803539849,2792.8756352488163,2817.193115234375,2419999
2023-04-21,INFY.NS,1102.4675878912869,1107.0907742004015,1095.1962250350616,1101.7943115234375,8691352
2023-04-21,TCS.NS,2821.9108451311909,2871.3169247867468,2813.5631145888788,2868.050537109375,1929184
2023-04-24,INFY.NS,1102.3777336910266,1104.1731371660935,1093.4007163156925,1100.8516845703125,8313774
2023-04-24,TCS.NS,2859.2037024187671,2886.2884693393776,2836.564722823472,2880.708251953125,1640676
2023-04-25,INFY.NS,1100.5371253306166,1109.1102186074058,1090.7073376025885,1099.5946044921875,6808576
2023-04-25,TCS.NS,2888.1486870984286,2895.5890509725477,2855.9371638838529,2881.797119140625,2024090
2023-04-26,INFY.NS,1102.3776768107684,1106.8661852668383,1095.6898430443146,1101.9737548828125,5680192
2023-04-26,TCS.NS,2886.3342533089885,2911.196019002823,2886.3342533089885,2901.8955078125,2000029
2023-04-27,INFY.NS,1104.1729691026203,1120.1521014316629,1100.0435636550399,1118.7606201171875,8020704
2023-04-27,TCS.NS,2889.9634487870621,2902.8480138926443,2876.942645737427,2892.64013671875,2434446
2023-04-28,INFY.NS,1127.2441237833038,1130.2065836020131,1117.5938292847163,1124.595947265625,10118277
2023-04-28,TCS.NS,2903.9368175198279,2928.2997063828375,2900.1713336512958,2921.040771484375,2931312
2023-05-02,INFY.NS,1126.2117608061656,1148.8338008021124,1126.2117608061656,1146.76904296875,8886401
2023-05-02,TCS.NS,2935.3312786814436,2935.3312786814436,2912.6471111491296,2921.17626953125,2321159
2023-05-03,INFY.NS,1136.4902112432417,1142.3252715695298,1132.9891531309258,1139.3179931640625,5549783
2023-05-03,TCS.NS,2918.0917245239298,2918.0917245239298,2879.210967258462,2885.335693359375,2468285
2023-05-04,INFY.NS,1139.13855083866,1145.2878952710685,1133.3484185926052,1143.26806640625,4505401
2023-05-04,TCS.NS,2885.562915352124,2925.7593155131717,2883.6121650210844,2922.356689453125,1953253
2023-05-05,INFY.NS,1148.1603035984033,1148.1603035984033,1125.9421898266594,1130.2960205078125,5373791
2023-05-05,TCS.NS,2921.7216376669535,2943.4984449042227,2912.6933806381967,2931.430419921875,1710027
2023-05-08,INFY.NS,1133.3034433741707,1140.3504892363796,1126.7951061867552,1136.1312255859375,5260842
2023-05-08,TCS.NS,2944.4052296383375,2953.342881118002,2931.9743489368711,2949.486572265625,928235
2023-05-09,INFY.NS,1136.4903186239899,1141.8765286648618,1131.7324559214633,1140.70947265625,4969897
2023-05-09,TCS.NS,2951.3018403250803,2992.4962113866309,2945.3131298244402,2979.112548828125,1107375
2023-05-10,INFY.NS,1145.8264050289897,1145.8264050289897,1130.3410516063245,1134.0216064453125,6515734
2023-05-10,TCS.NS,2985.2367814172649,3000.2083336644946,2963.5053907937304,2982.333251953125,1559987
2023-05-11,INFY.NS,1140.305527683217,1145.3775639523772,1124.8651030446258,1127.60302734375,6888461
2023-05-11,TCS.NS,3002.4771483059035,3003.1122608469991,2968.9045721537977,2978.1142578125,1719623
2023-05-12,INFY.NS,1125.1342831512181,1127.513214317715,1112.2972159671344,1117.8179931640625,8292212
2023-05-12,TCS.NS,2975.3918070815257,2985.2368256484924,2958.0158211592961,2970.9912109375,1027479
2023-05-15,INFY.NS,1122.037510439261,1139.0938447715528,1118.2222777596694,1129.623046875,5534710
2023-05-15,TCS.NS,2979.7928855290588,2987.0518206947813,2947.4453443068564,2953.524658203125,1150390
2023-05-16,INFY.NS,1135.5925807167341,1143.6269666049225,1133.5727520158546,1134.9642333984375,5236469
2023-05-16,TCS.NS,2954.5678371838712,2980.7000462781807,2949.3504778943434,2956.337158203125,986306
2023-05-17,INFY.NS,1131.6425839600431,1131.9567575948706,1115.3492784510368,1119.3441162109375,10465667
2023-05-17,TCS.NS,2954.3413497168876,2976.1635689712307,2901.9863214823895,2911.46826171875,1588815
2023-05-18,INFY.NS,1129.8472737459822,1130.7899043107132,1115.3493701951222,1118.5362548828125,6948732
2023-05-18,TCS.NS,2927.1198847100572,2929.8419851105737,2899.0369265497516,2903.437744140625,1369364
2023-05-19,INFY.NS,1127.5584254909388,1143.0437820321574,1124.6408945483902,1139.0938720703125,11094136
2023-05-19,TCS.NS,2912.6473771198916,2934.8778633315542,2906.3412222750712,2924.30712890625,1152449
2023-05-22,INFY.NS,1142.7293613064382,1163.0623271928262,1140.3056104941186,1160.548828125,7625947
2023-05-22,TCS.NS,2930.7952817882579,3001.9781755192334,2919.0449239573231,2993.13134765625,1333243
2023-05-23,INFY.NS,1166.2939948016151,1179.714700851119,1164.3640238293533,1167.05712890625,7436031
2023-05-23,TCS.NS,2999.7544329140701,3019.6710884888066,2985.3273904039174,2991.633544921875,1687418
2023-05-24,INFY.NS,1163.6905941162486,1171.5005539763395,1159.2020862466075,1165.8001708984375,4824077
2023-05-24,TCS.NS,2972.5340122132757,3009.9174847895656,2972.5340122132757,2997.3505859375,1016555
2023-05-25,INFY.NS,1162.0748961534305,1173.2961678428223,1157.3619620438858,1170.917236328125,4334121
2023-05-25,TCS.NS,2988.8662810626047,2999.7546828151094,2964.4582024107794,2988.41259765625,1374917
2023-05-26,INFY.NS,1172.3984828423311,1188.0633345112276,1172.3984828423311,1182.6771240234375,5521606
2023-05-26,TCS.NS,2988.4129906226353,3029.3805189934887,2986.144573292574,3020.53369140625,1791115
2023-05-29,INFY.NS,1196.3669615854992,1196.3669615854992,1175.8545005172648,1179.9390869140625,4419365
2023-05-29,TCS.NS,3049.4785798568992,3059.6410443587624,3005.1990328933043,3012.775634765625,1210372
2023-05-30,INFY.NS,1180.4777252219669,1190.7115464294097,1175.2261922392356,1188.42236328125,6274719
2023-05-30,TCS.NS,3007.9207257076869,3018.7637138829746,2995.535258388335,3009.009521484375,1344224
2023-05-31,INFY.NS,1184.8315574211917,1194.9307014660071,1179.7147016049091,1183.440185546875,17800782
2023-05-31,TCS.NS,3002.4773475796569,3019.4450658614342,2962.6892167540159,2984.78369140625,5815424
2023-06-01,INFY.NS,1187.2553678657034,1193.4943505359809,1183.2605297506059,1184.517333984375,4277841
2023-06-01,TCS.NS,3007.0137338649783,3030.6052719097852,2992.0421808750048,3016.08740234375,1177314
2023-06-02,INFY.NS,1190.8857617337856,1194.4338775054596,1179.104315999841,1181.7880859375,10909311
2023-06-02,TCS.NS,3018.1293732382414,3026.8853758575733,2991.9971602900687,2999.392333984375,2030661
2023-06-05,INFY.NS,1186.3371083269453,1191.2952979847407,1180.2417090177628,1186.7919921875,5002553
2023-06-05,TCS.NS,3007.9211331260885,3018.8095354179477,2980.7455400443455,2984.23876953125,1861468
2023-06-06,INFY.NS,1172.3265202842344,1172.3265202842344,1158.1341677763389,1163.5927734375,10008100
2023-06-06,TCS.NS,2976.1631892319806,2984.1934742519929,2922.2656883784921,2932.8818359375,2022849
2023-06-07,INFY.NS,1174.0550816558036,1177.2392682391398,1166.7769408938925,1172.6448974609375,5397578
2023-06-07,TCS.NS,2951.6643988850446,2975.1199208523531,2940.7759965528526,2971.53564453125,1567196
2023-06-08,INFY.NS,1170.1429253728747,1175.4196213460507,1165.5031332892086,1167.0498046875,5034942
2023-06-08,TCS.NS,2958.9231158996049,2967.0894170474421,2933.5168456618899,2936.647216796875,1759366
2023-06-09,INFY.NS,1166.7767889359425,1166.7767889359425,1149.9460906160089,1151.7200927734375,5339073
2023-06-09,TCS.NS,2944.4054031355558,2948.9422373468583,2908.4283964499673,2912.012451171875,1775689
2023-06-12,INFY.NS,1158.5890989066725,1178.7858962557063,1158.1342150829948,1175.374267578125,4785588
2023-06-12,TCS.NS,2917.184238315665,2952.9344013353739,2913.5547711451322,2946.129150390625,2324605
2023-06-13,INFY.NS,1182.6069242988215,1188.6113682418479,1180.0141088524708,1187.1102294921875,4846587
2023-06-13,TCS.NS,2958.0164448888486,2962.5532799270218,2938.9617377285217,2943.226318359375,1371928
2023-06-14,INFY.NS,1188.4749628140476,1188.7933592845616,1176.5114958499232,1183.0618896484375,3457981
2023-06-14,TCS.NS,2943.2257846244988,2954.2504246831013,2927.0294193904156,2949.89501953125,1658544
2023-06-15,INFY.NS,1177.1937141878004,1177.1937141878004,1166.9134071805377,1170.68896484375,6161155
2023-06-15,TCS.NS,2966.5776965411455,2968.542954682689,2934.3093897698986,2940.068359375,2273810
2023-06-16,INFY.NS,1170.8709985269152,1184.0626298234502,1165.4579252792078,1175.1014404296875,8536287
2023-06-16,TCS.NS,2922.4261553213955,2924.6199424279303,2884.9474339050121,2902.22412109375,4156189
2023-06-19,INFY.NS,1177.2392578125,1182.2429795419966,1170.9164175038359,1177.2392578125,4451787
2023-06-19,TCS.NS,2916.0269473340959,2938.788322324805,2902.3152218764121,2934.6748046875,1468186
2023-06-20,INFY.NS,1177.2392998592454,1187.2467436756685,1174.6009515510648,1185.7911376953125,4009180
2023-06-20,TCS.NS,2937.9656824973704,2954.8768104146702,2926.127937589783,2950.489013671875,1528452
2023-06-21,INFY.NS,1182.6522836320391,1186.154977548267,1178.1489786763307,1182.1064453125,4041529
2023-06-21,TCS.NS,2970.8741736125958,2981.2949968294429,2947.06142983265,2978.369873046875,1645987
2023-06-22,INFY.NS,1173.0543732215287,1173.0543732215287,1158.5890460770524,1165.9127197265625,6676607
2023-06-22,TCS.NS,2980.0155372495947,2987.0084292259189,2952.6835821739442,2960.362060546875,1529603
2023-06-23,INFY.NS,1161.2728742885731,1163.9112226889422,1149.3549402655231,1150.8560791015625,7239467
2023-06-23,TCS.NS,2959.2649249571587,2970.3255840143474,2933.5324504051714,2940.1142578125,1119505
2023-06-26,INFY.NS,1155.6321899905513,1159.0438181837924,1148.3540498449702,1155.72314453125,3403244
2023-06-26,TCS.NS,2929.7385414678183,2937.8740756056604,2900.4868618026171,2915.706787109375,1978803
2023-06-27,INFY.NS,1164.5026504473749,1166.3221858386987,1159.2259533902843,1163.7293701171875,3240024
2023-06-27,TCS.NS,2926.9963953304227,2933.9892862063707,2908.9883734477671,2922.745849609375,863542
2023-06-28,INFY.NS,1173.6001280966725,1179.6955262002027,1165.7761494538163,1176.6478271484375,5662358
2023-06-28,TCS.NS,2932.4813906976683,2953.460288680506,2919.1352202864086,2939.29150390625,1575872
2023-06-30,INFY.NS,1190.1579290222737,1218.0878609550978,1186.7463005247835,1214.99462890625,12821692
2023-06-30,TCS.NS,2943.4507485426602,3025.721111079567,2938.0575584898529,3018.63671875,2672406
2023-07-03,INFY.NS,1209.9909598221436,1224.5472420455681,1208.5807755595015,1213.3570556640625,7732412
2023-07-03,TCS.NS,3029.652116561972,3033.7656350496386,2988.0141236800587,2991.25927734375,1687264
2023-07-04,INFY.NS,1223.0006455219911,1224.5472060405089,1211.2646211133026,1223.77392578125,5797775
2023-07-04,TCS.NS,3007.4387624925753,3030.2916406270174,2995.8295450348064,3024.669921875,1656681
2023-07-05,INFY.NS,1235.3280854218515,1235.4190399833903,1219.9985214389094,1225.7301025390625,5414936
2023-07-05,TCS.NS,3034.8619124955922,3043.0889478005502,3021.1501869873291,3034.816162109375,1453008
2023-07-06,INFY.NS,1221.4084327344483,1225.8662047537898,1216.4956658978861,1222.6365966796875,5963897
2023-07-06,TCS.NS,3022.5675345934569,3042.5865673791382,3018.4082659703854,3037.51318359375,1848238
2023-07-07,INFY.NS,1213.6300129632032,1224.3653153711821,1205.7605007879629,1210.1728515625,6295647
2023-07-07,TCS.NS,3018.407748906473,3068.5925734517741,3018.407748906473,3043.3173828125,1789326
2023-07-10,INFY.NS,1215.9499539497926,1220.8171884937269,1200.2564625432983,1209.2176513671875,3940315
2023-07-10,TCS.NS,3039.204288501629,3039.204288501629,2984.7686876958783,2990.93896484375,1407431
2023-07-11,INFY.NS,1213.1295959174749,1229.0051076173486,1207.2616391546826,1226.91259765625,6126128
2023-07-11,TCS.NS,3012.0089419005876,3012.0089419005876,2980.7462533596922,2991.349853515625,1110172
2023-07-12,INFY.NS,1229.0960058756348,1229.9148189122855,1207.26158386156,1212.9931640625,8102770
2023-07-12,TCS.NS,2999.1657505618991,3006.6614493921061,2970.9654349670614,2979.923583984375,1515240
2023-07-13,INFY.NS,1214.4487694545699,1252.5680534152623,1210.7641663190607,1241.9237060546875,9977644
2023-07-13,TCS.NS,3001.9539636829727,3078.2368235153599,2991.6701688926455,3053.647216796875,4585146
2023-07-14,INFY.NS,1256.0706748916025,1300.9676843031073,1256.0706748916025,1297.2830810546875,12833381
2023-07-14,TCS.NS,3075.9974367196014,3222.1188306720537,3064.1139399358403,3212.794677734375,6306101
2023-07-17,INFY.NS,1297.2828913021769,1327.3052180870611,1286.6841890241146,1294.5535888671875,11569884
2023-07-17,TCS.NS,3208.5442703375184,3245.0173766201583,3178.4242198986522,3191.81591796875,2743228
2023-07-18,INFY.NS,1304.6066121862784,1344.5908499157708,1300.0577746263541,1342.0889892578125,16743977
2023-07-18,TCS.NS,3177.464048629703,3221.3415728915629,3167.4087826530267,3196.5234375,2600090
2023-07-19,INFY.NS,1351.91479385142,1363.5598647617583,1328.8976267613086,1341.86181640625,13687062
2023-07-19,TCS.NS,3199.4033415826343,3214.8062726533203,3149.721088994992,3172.025634765625,2405370
2023-07-20,INFY.NS,1338.2680093081667,1338.2680093081667,1310.7020092897064,1318.7080078125,8347221
2023-07-20,TCS.NS,3164.7389834644387,3188.3843008173062,3149.1127482930447,3174.087158203125,1715404
2023-07-21,INFY.NS,1201.0751601871634,1228.1862795203028,1187.2467368696261,1211.446533203125,45548305
2023-07-21,TCS.NS,3119.7851016890736,3148.058749845472,3078.5429555507294,3087.0205078125,3770223
2023-07-24,INFY.NS,1219.9984834822862,1228.0954382086932,1213.8575515184493,1215.9954833984375,8859789
2023-07-24,TCS.NS,3098.659951717726,3128.4000771632996,3090.5032611034767,3111.26171875,1680132
2023-07-25,INFY.NS,1216.3592456372851,1221.681363730559,1204.7597090764209,1214.17578125,6801982
2023-07-25,TCS.NS,3113.782310935107,3122.3057333138704,3097.926950811684,3115.29443359375,1272980
2023-07-26,INFY.NS,1221.8177748170349,1228.1861474333559,1218.5426339683336,1227.139892578125,5528885
2023-07-26,TCS.NS,3116.3938717512042,3135.1819590175519,3102.3256291018097,3105.35009765625,1066803
2023-07-27,INFY.NS,1236.0101907567564,1240.7410487249037,1225.5024420215238,1231.052001953125,9191861
2023-07-27,TCS.NS,3111.44506274488,3126.750437306845,3102.3718797194615,3113.232177734375,1701769
2023-07-28,INFY.NS,1231.6888321728816,1240.7865080925476,1215.4495028674003,1219.54345703125,6122735
2023-07-28,TCS.NS,3102.3255191935691,3110.298955097925,3052.8349496111605,3075.197265625,2599831
2023-07-31,INFY.NS,1227.0489861059361,1235.0094521881804,1212.9475890459607,1233.371826171875,7902180
2023-07-31,TCS.NS,3083.4460131575438,3140.4976478889985,3080.2382907228434,3135.73193359375,2743678
2023-08-01,INFY.NS,1239.1034366209878,1245.4718096432689,1234.55459874793,1242.0146484375,6064652
2023-08-01,TCS.NS,3129.8205341354496,3171.062678801949,3129.8205341354496,3163.776611328125,1956167
2023-08-02,INFY.NS,1245.7447635687552,1248.1555587567932,1226.7760211098619,1234.4180908203125,7419145
2023-08-02,TCS.NS,3148.1046527985704,3158.5984431218321,3128.5376797292315,3153.32861328125,1914899
2023-08-03,INFY.NS,1228.1862023598769,1243.2428998554956,1227.2764348025732,1241.1959228515625,6503741
2023-08-03,TCS.NS,3134.4030555367062,3146.5465761466071,3086.7454652186043,3116.02734375,2026351
2023-08-04,INFY.NS,1245.380890015176,1260.8469392172133,1239.1034713632262,1253.9781494140625,5712345
2023-08-04,TCS.NS,3117.2193920451509,3181.1447290815786,3117.2193920451509,3155.987060546875,2248493
2023-08-07,INFY.NS,1262.6664818373094,1269.1258096249944,1252.7499927266074,1267.3062744140625,3729093
2023-08-07,TCS.NS,3165.5179892112346,3196.7245913979227,3153.8785837580563,3193.1044921875,1853889
2023-08-08,INFY.NS,1267.1696952534337,1267.8065991644844,1259.482203966465,1264.7587890625,4161877
2023-08-08,TCS.NS,3193.1043619475422,3198.5115758637803,3167.946698425561,3180.777587890625,1634225
2023-08-09,INFY.NS,1259.1183508602219,1270.0355619948482,1257.7536994683937,1268.5799560546875,4090828
2023-08-09,TCS.NS,3175.5537398295282,3177.4784629540836,3139.0316598474765,3173.354248046875,1794589
2023-08-10,INFY.NS,1266.0325977609016,1269.8536883982119,1260.5739920409878,1263.7581787109375,3873025
2023-08-10,TCS.NS,3161.8976686170399,3175.5533110759743,3143.6136964143225,3154.657470703125,1096701
2023-08-11,INFY.NS,1266.3964133030261,1270.8087636526227,1243.6977576448737,1248.0645751953125,5783517
2023-08-11,TCS.NS,3150.9916746844083,3177.1573459356628,3128.9041248990802,3160.798095703125,1679974
2023-08-14,INFY.NS,1248.0647379072082,1269.1258813755687,1242.3786900515829,1267.8067626953125,4304135
2023-08-14,TCS.NS,3153.3744607157764,3166.4803430657439,3126.1546889138212,3161.760498046875,1190425
2023-08-16,INFY.NS,1283.5002048304689,1291.8244897226739,1278.5874374632606,1290.50537109375,7735313
2023-08-16,TCS.NS,3161.8977472619245,3176.5616208724146,3148.3336194216304,3169.59619140625,1328445
2023-08-17,INFY.NS,1291.8701096855618,1291.8701096855618,1279.1333621252818,1284.1826171875,5618346
2023-08-17,TCS.NS,3166.4798734185129,3171.7955717916252,3128.1704629055844,3148.83740234375,1843241
2023-08-18,INFY.NS,1277.0408006474313,1281.589638878783,1261.0744450887594,1263.4853515625,5134103
2023-08-18,TCS.NS,3125.2380760753504,3125.2380760753504,3076.205748488831,3085.920654296875,2526749
2023-08-21,INFY.NS,1264.3496379582555,1280.0431304963236,1261.9842641926284,1278.5875244140625,3032722
2023-08-21,TCS.NS,3093.1610227918177,3125.0091251746371,3090.4115463271137,3117.58544921875,1375579
2023-08-22,INFY.NS,1277.9505385325194,1279.1788136708769,1270.6269757839684,1277.0863037109375,2890714
2023-08-22,TCS.NS,3116.0735871619199,3126.1550017086201,3084.0422284209553,3099.714111328125,1222012
2023-08-23,INFY.NS,1288.2309000421885,1288.7767383819312,1278.8148277508842,1280.9072265625,2559125
2023-08-23,TCS.NS,3105.0751943785403,3117.9060836115095,3094.0772893217095,3114.46923828125,1330046
2023-08-24,INFY.NS,1293.2345299499723,1296.4642490688886,1286.8206245103911,1295.14501953125,5171963
2023-08-24,TCS.NS,3123.4051569072394,3128.0334868815348,3096.0021319156044,3104.84619140625,1152881
2023-08-25,INFY.NS,1285.5016097963642,1294.14440193583,1284.0460038576823,1291.9609375,4307172
2023-08-25,TCS.NS,3093.1608694129627,3103.0590289456754,3070.4776897039346,3098.934814453125,1158046
2023-08-28,INFY.NS,1291.9610192819164,1296.2369938760085,1284.0460851385783,1287.91259765625,3133464
2023-08-28,TCS.NS,3110.5745195028617,3110.5745195028617,3079.5055234969382,3093.665283203125,1037485
2023-08-29,INFY.NS,1295.5090576919449,1295.8729869417455,1287.5941240229549,1289.7320556640625,3074444
2023-08-29,TCS.NS,3098.705544985246,3106.4957275474662,3083.9958025730525,3094.214599609375,944517
2023-08-30,INFY.NS,1298.2383261733323,1307.0176054605395,1295.5090234553786,1305.6529541015625,3070887
2023-08-30,TCS.NS,3114.2401225804178,3123.496782192859,3100.5386105821626,3107.77880859375,1188200
2023-08-31,INFY.NS,1305.653039664003,1314.5232740786394,1299.7395500542452,1305.9259033203125,9792735
2023-08-31,TCS.NS,3116.9896187870163,3132.0199996616384,3064.4287075753277,3076.480712890625,3417652
2023-09-01,INFY.NS,1301.8319683222358,1315.5240158136371,1299.3301072963106,1313.5679931640625,3582133
2023-09-01,TCS.NS,3084.9126021777151,3105.9919218004388,3076.4809190792193,3097.01025390625,1277950
2023-09-04,INFY.NS,1312.7945503532342,1337.358273748617,1305.2434354057439,1332.900390625,4609014
2023-09-04,TCS.NS,3095.9106306048429,3146.1803169351269,3088.6245624148501,3133.028564453125,1828332
2023-09-05,INFY.NS,1332.8095304482017,1346.5015772139598,1325.0765058688094,1345.455322265625,5496840
2023-09-05,TCS.NS,3134.4028776179434,3159.1481634938746,3120.7928808850024,3142.97216796875,1501842
2023-09-06,INFY.NS,1348.1846408885549,1349.094408496813,1331.2629855860807,1344.1361083984375,5075786
2023-09-06,TCS.NS,3147.2340256547322,3156.307208388253,3114.3320471532961,3143.476318359375,1314818
2023-09-07,INFY.NS,1337.9041224349601,1340.4515159698167,1330.1256765994524,1333.901123046875,4411743
2023-09-07,TCS.NS,3144.301284541943,3171.0628103293898,3136.5111013373767,3166.70947265625,1885092
2023-09-08,INFY.NS,1331.4449464210497,1341.6798324116455,1328.4426687748935,1336.9945068359375,3125838
2023-09-08,TCS.NS,3166.7093803300918,3175.6451784512751,3148.1962843578217,3154.47412109375,1518917
2023-09-11,INFY.NS,1336.9943110540305,1344.6819131501657,1332.3545189621761,1343.2261962890625,4182226
2023-09-11,TCS.NS,3172.8957923205735,3194.6166113129034,3157.3154259226967,3189.98828125,1783604
2023-09-12,INFY.NS,1348.7304447397828,1368.2904478169532,1343.8176775697427,1365.652099609375,6793161
2023-09-12,TCS.NS,3200.3901223682592,3290.11460130347,3192.1416942178257,3281.774658203125,4476016
2023-09-13,INFY.NS,1369.2003679503241,1369.2003679503241,1354.3256884896966,1363.150390625,4804686
2023-09-13,TCS.NS,3272.8853378884464,3289.1530742046721,3248.964802311003,3269.90673828125,1754929
2023-09-14,INFY.NS,1369.200240762729,1376.0690305788348,1363.8781225031132,1370.9742431640625,6444213
2023-09-14,TCS.NS,3271.9224888622016,3297.2634045513405,3249.5143029833789,3262.757568359375,2604721
2023-09-15,INFY.NS,1381.0272468920564,1381.3911761511094,1372.8393383136449,1375.2047119140625,8657816
2023-09-15,TCS.NS,3269.9063376433924,3306.1077745876632,3264.9571461891155,3297.8134765625,2952897
2023-09-18,INFY.NS,1369.1092169496771,1369.1092169496771,1353.7341230453653,1357.1912841796875,3991916
2023-09-18,TCS.NS,3281.0875035527256,3317.0598175589498,3276.6882968344953,3305.0078125,1395753
2023-09-20,INFY.NS,1342.9989700048607,1360.1936009225781,1342.9989700048607,1355.78125,4169337
2023-09-20,TCS.NS,3281.0415966927326,3322.2837396679206,3281.0415966927326,3304.916259765625,1649396
2023-09-21,INFY.NS,1352.4148651318997,1368.7906794487903,1342.8167739850383,1366.2432861328125,6779195
2023-09-21,TCS.NS,3288.8780136079395,3303.9542650181074,3233.3843680953905,3285.8994140625,2004073
2023-09-22,INFY.NS,1357.282291448548,1370.9742270619945,1351.1867819544711,1361.1488037109375,5455613
2023-09-22,TCS.NS,3284.7075730917886,3330.3030534939417,3267.3400931464826,3302.716552734375,1989083
2023-09-25,INFY.NS,1355.4172178322781,1355.4172178322781,1338.7685376167728,1341.1339111328125,4217863
2023-09-25,TCS.NS,3301.6628521719144,3317.701464222715,3261.4745833320112,3278.4296875,1238778
2023-09-26,INFY.NS,1345.6827511739159,1346.3650768655104,1327.3509120486192,1328.85205078125,3996528
2023-09-26,TCS.NS,3269.6772525104129,3294.7431767877106,3240.7160131182441,3286.265625,1726062
2023-09-27,INFY.NS,1324.6215850268404,1336.994401796738,1319.2085123948889,1334.6290283203125,3863586
2023-09-27,TCS.NS,3290.2069294635417,3312.202741805359,3258.7712029077657,3289.5654296875,1541134
2023-09-28,INFY.NS,1335.447772053514,1339.723634998435,1305.5163982722486,1309.5648193359375,5814602
2023-09-28,TCS.NS,3299.3714435922811,3301.9376661323308,3232.7883843776322,3241.4033203125,1755753
2023-09-29,INFY.NS,1302.8782039633304,1316.251854791077,1288.2309672949007,1305.9259033203125,6068968
2023-09-29,TCS.NS,3241.8157797626336,3270.4561576083979,3212.8088945816239,3233.93408203125,2243791
2023-10-03,INFY.NS,1306.4718796302209,1307.3361144764153,1292.1430391270869,1304.6068115234375,4181867
2023-10-03,TCS.NS,3239.0664965379606,3239.0664965379606,3189.4844057080491,3220.416015625,1948148
2023-10-04,INFY.NS,1296.4188460811952,1319.1175035605104,1290.2323819022101,1314.0228271484375,4510406
2023-10-04,TCS.NS,3195.166592505886,3251.7141127945902,3186.9181632456966,3242.320068359375,1788138
2023-10-05,INFY.NS,1320.9826189619423,1342.4986459516133,1319.3449927806503,1331.3994140625,7384621
2023-10-05,TCS.NS,3257.2132397422988,3321.3676929730136,3254.6470168624746,3289.611328125,2990768
2023-10-06,INFY.NS,1336.9033765605509,1350.5498894209854,1331.2628623338139,1345.273193359375,3598672
2023-10-06,TCS.NS,3291.1238311566699,3331.4036227690149,3276.5058238028569,3318.985107421875,2075691
2023-10-09,INFY.NS,1332.7185470073355,1356.4634585781648,1330.2621079137662,1342.3165283203125,3567552
2023-10-09,TCS.NS,3340.6597397336841,3371.7746033230796,3327.7829803387071,3334.519287109375,4233074
2023-10-10,INFY.NS,1350.004007288522,1361.9219392552532,1336.5394039477924,1360.2388916015625,5688951
2023-10-10,TCS.NS,3336.0774205452512,3343.3634886605696,3300.6092177598912,3325.8583984375,1848148
2023-10-11,INFY.NS,1361.9221363121189,1381.2546983673178,1347.7752053035967,1359.5567626953125,7220129
2023-10-11,TCS.NS,3345.1962478400392,3345.1962478400392,3303.9541023187239,3308.44482421875,2426417
2023-10-12,INFY.NS,1357.2824151740776,1368.6545111001026,1320.9826627670805,1333.2645263671875,11081662
2023-10-12,TCS.NS,3276.4588703805612,3288.9688965662976,3242.6404053874544,3246.71875,4241281
2023-10-13,INFY.NS,1278.2233513513881,1308.2456791767233,1273.6745138020951,1302.0137939453125,17973439
2023-10-13,TCS.NS,3235.217212916928,3278.2923429472667,3230.6347522754027,3272.656005859375,2890357
2023-10-16,INFY.NS,1302.8782180442538,1313.3405459284356,1300.967728206962,1304.7432861328125,4850745
2023-10-16,TCS.NS,3268.2114546466391,3276.1390233290335,3225.2280564240782,3229.7646484375,1671104
2023-10-17,INFY.NS,1310.2929889857869,1322.2109241818564,1308.2915443778238,1312.29443359375,3923764
2023-10-17,TCS.NS,3235.2172879726013,3239.0206408921194,3210.7928616878189,3214.183837890625,1672065
2023-10-18,INFY.NS,1311.8850367248974,1322.8022492357841,1308.5643623750436,1310.56591796875,4264837
2023-10-18,TCS.NS,3217.8037969791744,3228.5267099114812,3193.0585100186395,3196.037109375,1408245
2023-10-19,INFY.NS,1297.4195403384058,1309.746935628435,1297.4195403384058,1304.288330078125,6795691
2023-10-19,TCS.NS,3187.9971019140276,3194.7508387714738,3171.8250136242077,3175.270751953125,1514545
2023-10-20,INFY.NS,1300.9675589324422,1308.7005828841384,1296.6461631947295,1298.4656982421875,3928622
2023-10-20,TCS.NS,3170.4469293525376,3215.5632226086977,3164.6122799929731,3211.014892578125,1481211
2023-10-23,INFY.NS,1296.9644592238205,1303.1053895336449,1278.4507137601356,1281.5439453125,2636516
2023-10-23,TCS.NS,3191.2135626827485,3196.6807567158576,3125.3310816509666,3133.462890625,1106272
2023-10-25,INFY.NS,1289.2388086550927,1292.5103316871437,1254.4966784655405,1262.5601806640625,6940777
2023-10-25,TCS.NS,3115.4070064850189,3147.1078003867246,3103.1860758536272,3115.03955078125,1518537
2023-10-26,INFY.NS,1248.7372916684367,1266.2004921783227,1246.9402147404589,1252.7919921875,6357656
2023-10-26,TCS.NS,3094.7782950444712,3099.9697841521352,3059.815493562458,3066.017822265625,1984471
2023-10-27,INFY.NS,1256.6623976967833,1276.3373223697179,1256.6623976967833,1272.0521240234375,4634358
2023-10-27,TCS.NS,3078.1927983487076,3089.2191606114488,3066.2475725640707,3079.065673828125,1108851
2023-10-30,INFY.NS,1272.0521334622172,1272.0521334622172,1256.1555132642061,1269.0111083984375,2667696
2023-10-30,TCS.NS,3078.1929142674794,3108.3776718312001,3063.2613814743909,3104.426513671875,910972
2023-10-31,INFY.NS,1271.6834287710847,1272.7893480503349,1256.0633173275878,1261.0396728515625,3451595
2023-10-31,TCS.NS,3123.2170073341836,3123.2170073341836,3078.2386842955907,3095.42138671875,999811
2023-11-01,INFY.NS,1265.3249033766447,1269.379603358429,1245.6038569027073,1247.90771484375,3090672
2023-11-01,TCS.NS,3082.7872593283469,3098.0404842339485,3042.3572624846965,3060.412841796875,1563475
2023-11-02,INFY.NS,1262.5142118386507,1268.3199791238953,1254.819348447591,1262.6524658203125,3758060
2023-11-02,TCS.NS,3071.944946483588,3102.0377313803074,3071.944946483588,3087.473876953125,1245384
2023-11-03,INFY.NS,1271.7756915818663,1282.7880874213406,1269.6560973022642,1280.069580078125,3349045
2023-11-03,TCS.NS,3107.5965214859639,3113.017726690146,3072.9554105687821,3079.019775390625,1402598
2023-11-06,INFY.NS,1284.5391312922866,1296.8417109189295,1281.6823697767961,1293.20166015625,2736381
2023-11-06,TCS.NS,3101.1642479753718,3117.0606310610042,3086.4624322812665,3105.98828125,1099852
2023-11-07,INFY.NS,1290.1604881630135,1295.5976155760281,1285.4145181543718,1294.1231689453125,2272209
2023-11-07,TCS.NS,3103.9208626386717,3127.9490531184615,3092.8945007820512,3096.9833984375,1191144
2023-11-08,INFY.NS,1294.7683051059266,1294.7683051059266,1277.6736323081873,1281.86669921875,3550635
2023-11-08,TCS.NS,3097.9027372234059,3125.9280779087899,3096.1569860610271,3107.183349609375,992899
2023-11-09,INFY.NS,1286.3821608724284,1287.8566074771882,1262.5602919196745,1266.9376220703125,5498051
2023-11-09,TCS.NS,3115.0395198974807,3116.3258391798499,3070.8880799042799,3075.849853515625,2112352
2023-11-10,INFY.NS,1262.4681428598753,1265.4171487849635,1254.2203756878132,1261.4544677734375,2943649
2023-11-10,TCS.NS,3067.1669585876061,3075.850175482346,3052.7868317530128,3062.986083984375,1338557
2023-11-13,INFY.NS,1271.5914215374528,1273.9874114709824,1263.2975323492624,1265.7857666015625,3462092
2023-11-13,TCS.NS,3083.7059138596292,3083.7059138596292,3057.0588722917119,3061.23974609375,1030990
2023-11-15,INFY.NS,1289.2389232333946,1303.0620710879341,1283.7096640915788,1299.836669921875,8551860
2023-11-15,TCS.NS,3108.6075388652434,3136.0814708075791,3083.7522335870945,3128.08740234375,2059802
2023-11-16,INFY.NS,1304.9973516506468,1339.3709592887674,1299.9288638617754,1331.537841796875,6673907
2023-11-16,TCS.NS,3151.748122462739,3242.991322415879,3137.1840447327354,3214.047119140625,3951984
2023-11-17,INFY.NS,1327.9899276991723,1337.1592379171582,1322.4606682729127,1324.7645263671875,4901251
2023-11-17,TCS.NS,3214.0470437970821,3238.5346683247321,3209.1770219858477,3218.273681640625,2021292
2023-11-20,INFY.NS,1328.8653942384274,1338.0808269307881,1321.1705304389211,1323.8890380859375,3584210
2023-11-20,TCS.NS,3207.9825974720807,3247.1720409386421,3207.9825974720807,3234.032470703125,1475621
2023-11-21,INFY.NS,1328.8653376978914,1336.2376835381015,1324.0272357402534,1326.1007080078125,3793135
2023-11-21,TCS.NS,3234.0327169139341,3251.9045707288346,3216.9417626324625,3225.395263671875,1807236
2023-11-22,INFY.NS,1323.5202369954038,1344.4853438157159,1323.5202369954038,1343.4256591796875,3108786
2023-11-22,TCS.NS,3216.0224278940882,3246.023233095817,3198.6559965162287,3243.72607421875,1798051
2023-11-23,INFY.NS,1352.733312304696,1352.733312304696,1334.1180718038254,1335.5465087890625,3186928
2023-11-23,TCS.NS,3243.5880637659893,3256.4521524041547,3216.0221595413491,3223.602783203125,2729804
2023-11-24,INFY.NS,1332.1369430585005,1338.679877895318,1321.3548191084903,1324.6263427734375,2973195
2023-11-24,TCS.NS,3210.7387159026921,3220.203054615763,3172.8355973419175,3176.60302734375,1989733
2023-11-28,INFY.NS,1330.7084271755414,1331.6299704076575,1315.088314388403,1329.5103759765625,3755373
2023-11-28,TCS.NS,3176.6030052720557,3198.7934684334177,3154.458305818865,3188.593994140625,1689195
2023-11-29,INFY.NS,1337.2512338613426,1346.0980255458026,1336.0532952698873,1345.0843505859375,3875778
2023-11-29,TCS.NS,3198.5637157178271,3232.5616638596139,3193.7856705750914,3228.656494140625,1441634
2023-11-30,INFY.NS,1339.2326879569457,1346.0521303013406,1335.8230230312827,1340.983642578125,10120867
2023-11-30,TCS.NS,3215.5168157957996,3231.3212230585782,3198.5638291631694,3204.62841796875,3266235
2023-12-01,INFY.NS,1345.3608832594507,1345.3608832594507,1332.6896647955414,1338.357177734375,3489187
2023-12-01,TCS.NS,3216.0221369745987,3231.5968278858527,3206.8794903372941,3226.726806640625,1172141
2023-12-04,INFY.NS,1345.8677509348179,1356.4194883018783,1335.5926340241119,1349.4617919921875,5511948
2023-12-04,TCS.NS,3257.0495189763487,3259.9440736924166,3214.1846250728522,3227.462158203125,1625213
2023-12-05,INFY.NS,1350.7980624197951,1351.8117374373267,1328.8652893459846,1339.877685546875,5123039
2023-12-05,TCS.NS,3250.9389861375748,3250.9389861375748,3218.595036568669,3245.058349609375,1377656
2023-12-06,INFY.NS,1342.4580969426866,1361.1193473034825,1337.2053455420607,1358.6312255859375,5269178
2023-12-06,TCS.NS,3245.9777638281844,3319.7165704709282,3239.1320502880085,3311.676513671875,1896572
2023-12-07,INFY.NS,1357.2948166644478,1357.2948166644478,1347.1118322726165,1350.89013671875,4424453
2023-12-07,TCS.NS,3312.5031938395168,3335.9802030894248,3300.2822634036261,3321.599853515625,1967653
2023-12-08,INFY.NS,1355.0371580856024,1377.4305905862009,1351.2127312666094,1374.1591796875,6323433
2023-12-08,TCS.NS,3338.2315125927948,3349.2578759704752,3309.7927285809142,3332.442626953125,1641155
2023-12-11,INFY.NS,1373.0992336100205,1380.4715784884636,1365.7268887315774,1371.7169189453125,3862018
2023-12-11,TCS.NS,3328.9506101651909,3356.6084922927048,3321.6916779737553,3347.327880859375,1102503
2023-12-12,INFY.NS,1361.5802113283032,1373.0995024562922,1352.5030324180634,1360.2440185546875,6103494
2023-12-12,TCS.NS,3343.6987161670122,3398.3251133631525,3336.3937952739866,3374.1591796875,2236866
2023-12-13,INFY.NS,1360.1978297263199,1360.2439518858023,1320.7097241735976,1335.316162109375,8549258
2023-12-13,TCS.NS,3347.92535555113,3353.851980623107,3273.9108512219532,3301.982177734375,3850968
2023-12-14,INFY.NS,1348.5863495012065,1392.4517835867966,1346.6971409326011,1383.6510009765625,12489858
2023-12-14,TCS.NS,3335.4747249461025,3379.5801758544808,3333.2695421334529,3369.702392578125,3290396
2023-12-15,INFY.NS,1403.5564479809898,1463.917528966799,1401.6672393803897,1454.5638427734375,18395389
2023-12-15,TCS.NS,3369.1971763947013,3579.8466603923298,3369.1971763947013,3547.732421875,8531230
2023-12-18,INFY.NS,1444.9336219034078,1468.0183241638513,1437.88390638634,1441.6160888671875,6467243
2023-12-18,TCS.NS,3545.0670215641144,3610.2143477788059,3519.3846097187575,3546.07763671875,2521612
2023-12-19,INFY.NS,1446.9149134299466,1450.4628321473872,1422.1715017334877,1436.040771484375,4221721
2023-12-19,TCS.NS,3533.0304545633385,3542.3110664264318,3482.4929578140577,3506.567138671875,2004435
2023-12-20,INFY.NS,1442.2611198785871,1459.2635456213156,1409.9609881911038,1415.85888671875,6592367
2023-12-20,TCS.NS,3516.7204109839868,3582.4651407823453,3460.945440121915,3473.35009765625,2586083
2023-12-21,INFY.NS,1401.8977151314416,1425.3049369492605,1401.8977151314416,1415.490478515625,5319038
2023-12-21,TCS.NS,3451.4813139761241,3497.8379366079334,3439.6280635557396,3480.19580078125,1517562
2023-12-22,INFY.NS,1414.5228268659648,1443.1367909949929,1403.5104295564331,1440.280029296875,6741060
2023-12-22,TCS.NS,3491.6811635803479,3533.902894889367,3456.7643519445446,3513.73388671875,2413058
2023-12-26,INFY.NS,1414.5688833319446,1426.5489455360587,1403.5103643743007,1422.816650390625,6878067
2023-12-26,TCS.NS,3509.9212037300508,3522.9230339059286,3482.6307754103036,3487.5927734375,1285231
2023-12-27,INFY.NS,1422.8627642542663,1446.8228885227966,1422.8627642542663,1444.150390625,4225849
2023-12-27,TCS.NS,3490.7628093596209,3508.4049455776526,3462.2780378170705,3501.972900390625,1293976
2023-12-28,INFY.NS,1445.8552154390939,1445.8552154390939,1432.9997322913293,1440.049560546875,5702253
2023-12-28,TCS.NS,3513.7343014406606,3526.5983914563949,3484.4226432090072,3491.589599609375,1682889
2023-12-29,INFY.NS,1420.1441666341309,1437.1004712006081,1419.1765012951132,1421.8489990234375,4388990
2023-12-29,TCS.NS,3484.3308681569797,3512.4481848321616,3459.8890059840728,3485.6171875,1574996
2024-01-01,INFY.NS,1418.254950581332,1434.8427277811138,1414.7991636647109,1429.635986328125,2808451
2024-01-01,TCS.NS,3482.4927493227851,3521.0850172572332,3466.8720694445565,3501.880859375,825907
2024-01-02,INFY.NS,1424.7057474638627,1427.6086309615123,1403.5102544550214,1414.015869140625,5396313
2024-01-02,TCS.NS,3501.8810572245479,3501.8810572245479,3461.5887997647392,3476.24462890625,1344068
2024-01-03,INFY.NS,1400.6995390215577,1400.6995390215577,1371.2562788380874,1373.099365234375,7550363
2024-01-03,TCS.NS,3461.3593326758987,3465.8159110637007,3387.8962295073957,3392.21484375,1803075
2024-01-04,INFY.NS,1386.8764724125788,1400.5153575424802,1375.7719437193209,1394.0184326171875,7056038
2024-01-04,TCS.NS,3401.4030536919613,3417.2534494983192,3354.7707297978932,3369.288818359375,3598144
2024-01-05,INFY.NS,1388.5351762892633,1418.8999788505123,1388.0744047026401,1412.31103515625,8895403
2024-01-05,TCS.NS,3376.8236872126063,3443.6710132655903,3376.6859474071248,3434.6201171875,1963127
2024-01-08,INFY.NS,1408.9934505703893,1415.4903752195028,1394.52526712299,1403.3260498046875,4440136
2024-01-08,TCS.NS,3434.6203399913543,3436.3203274728653,3374.4347710497209,3379.856201171875,1067805
2024-01-09,INFY.NS,1420.9275847658068,1431.1566925228285,1406.1367703448866,1409.316162109375,4412074
2024-01-09,TCS.NS,3408.9376626935145,3447.8976104439284,3383.9446198779528,3390.514404296875,1370944
2024-01-10,INFY.NS,1405.3074127004143,1414.9836173666822,1386.9226688317367,1400.6536865234375,4096845
2024-01-10,TCS.NS,3390.6067697119529,3426.6721669236586,3388.7690424654966,3411.78662109375,1292227
2024-01-11,INFY.NS,1405.2614178549768,1405.3535496874879,1369.9662640360852,1376.969970703125,11296088
2024-01-11,TCS.NS,3421.8480181412583,3466.8723341694326,3406.2273370702587,3432.4609375,1777909
2024-01-12,INFY.NS,1439.4504340412341,1491.056851650907,1433.3682716072781,1486.21875,26754401
2024-01-12,TCS.NS,3535.7869314092995,3588.3918695130374,3511.5290234837503,3567.763427734375,6813450
2024-01-15,INFY.NS,1515.8923891628679,1534.3232525223632,1507.6446228067189,1522.4814453125,13228305
2024-01-15,TCS.NS,3638.6999045964144,3643.2942226577734,3569.7851336760277,3587.059814453125,2801505
2024-01-16,INFY.NS,1515.7542704008683,1519.1639351762556,1497.5076704042556,1503.5438232421875,6500917
2024-01-16,TCS.NS,3582.6489229025124,3582.6489229025124,3542.7243471738425,3548.0078125,1432672
2024-01-17,INFY.NS,1493.1303945709744,1518.2424471875822,1493.1303945709744,1511.51513671875,9209876
2024-01-17,TCS.NS,3509.1397010883193,3592.7102914180577,3503.2130763888408,3569.417236328125,3458696
2024-01-18,INFY.NS,1513.7730508709333,1519.6248280436816,1500.5028054955274,1513.7269287109375,6375464
2024-01-18,TCS.NS,3581.7301691267776,3591.6539404750943,3548.6510808536727,3585.95703125,2239110
2024-01-19,INFY.NS,1522.0205868141354,1534.8300586161174,1515.1551356019972,1529.0242919921875,4522736
2024-01-19,TCS.NS,3650.1706767736177,3667.3343888864547,3622.4590332911389,3648.366455078125,2941975
2024-01-23,INFY.NS,1520.6384796288353,1543.3084208611072,1509.2113209406687,1513.312255859375,9401255
2024-01-23,TCS.NS,3608.5338704500909,3639.9002668122375,3555.5624437620736,3569.904052734375,2618854
2024-01-24,INFY.NS,1529.6695716902016,1548.1925674088009,1515.9385555877841,1543.9534912109375,8999681
2024-01-24,TCS.NS,3590.0281831236412,3593.4053099998555,3521.1885578051592,3554.68310546875,2657709
2024-01-25,INFY.NS,1541.6956238359799,1548.6994420250173,1527.9185982399085,1538.147705078125,8865304
2024-01-25,TCS.NS,3552.9250625911932,3572.4482448856729,3496.2988885038958,3525.537353515625,2205154
2024-01-29,INFY.NS,1534.5076571987393,1547.5935254301967,1518.3345293026832,1526.62841796875,4253785
2024-01-29,TCS.NS,3516.7476093479286,3534.5126539479743,3498.2886159283898,3516.9326171875,1646747
2024-01-30,INFY.NS,1532.0192984301252,1557.4078561112919,1518.9334312635722,1521.88232421875,4995943
2024-01-30,TCS.NS,3522.8998625685208,3560.2343923222415,3503.9782401974221,3516.515625,1411621
2024-01-31,INFY.NS,1518.9336420638899,1536.4429635862402,1509.5799556993886,1530.5911865234375,6763779
2024-01-31,TCS.NS,3526.3698838766622,3547.4659708226372,3512.722225277384,3530.764892578125,2459358
2024-02-01,INFY.NS,1529.3471931576782,1545.4280783736983,1520.8689274978267,1527.0433349609375,5760011
2024-02-01,TCS.NS,3534.512397161187,3613.0673074626943,3520.6797302098921,3566.110107421875,2363107
2024-02-02,INFY.NS,1535.3372961411437,1583.6721983678831,1534.3696306561101,1560.495361328125,7858483
2024-02-02,TCS.NS,3585.4482297681752,3686.6258232889541,3582.6261263027468,3669.878662109375,2826510
2024-02-05,INFY.NS,1561.7853328521521,1567.3145920332188,1549.8974031142452,1554.82763671875,3634135
2024-02-05,TCS.NS,3685.3302493321357,3721.4155819266507,3665.9923024791328,3676.355224609375,1691523
2024-02-06,INFY.NS,1554.4129683538292,1597.034340689009,1542.6171705805966,1593.7628173828125,7694265
2024-02-06,TCS.NS,3698.2839266336173,3839.7568441271724,3691.8070721211238,3826.895751953125,4474396
2024-02-07,INFY.NS,1593.348042190383,1593.348042190383,1554.5049774833712,1560.8636474609375,4613877
2024-02-07,TCS.NS,3842.6253375214028,3844.4758674214854,3769.4830980416878,3778.226806640625,2124267
2024-02-08,INFY.NS,1564.7803892211357,1572.4752526176906,1550.7729772594932,1559.34326171875,5919715
2024-02-08,TCS.NS,3784.3336645943368,3847.2516815117974,3780.6789132023487,3825.137939453125,2345173
2024-02-09,INFY.NS,1552.5237167662156,1560.0804381745947,1529.5773820750176,1538.3780517578125,4600004
2024-02-09,TCS.NS,3827.4047101937194,3872.0026633870466,3793.5864555557418,3824.76806640625,2100596
2024-02-12,INFY.NS,1539.2997433619348,1560.126598289278,1539.2997433619348,1548.2847900390625,3555808
2024-02-12,TCS.NS,3821.3442853665883,3848.7322185445555,3798.7213763754216,3812.739501953125,1013716
2024-02-13,INFY.NS,1550.957305138598,1556.578696520759,1532.9872115852988,1552.3857421875,2696481
2024-02-13,TCS.NS,3817.1347639781625,3858.3551399735661,3776.4691855640554,3839.38720703125,1257415
2024-02-14,INFY.NS,1529.9459605809961,1538.4702350970776,1507.1838887623073,1535.4752197265625,3768579
2024-02-14,TCS.NS,3800.0631929479614,3807.372695778341,3746.8604577167689,3793.678955078125,1391283
2024-02-15,INFY.NS,1545.4281272111978,1555.334717770244,1531.2363377721808,1544.8291015625,4834391
2024-02-15,TCS.NS,3819.4937535655404,3836.4259216119008,3777.8568303798697,3796.54736328125,1091582
2024-02-16,INFY.NS,1556.4864987359681,1574.9173631378151,1555.5188333576436,1568.14404296875,4880654
2024-02-16,TCS.NS,3805.8461829865505,3837.9530585421244,3793.6790388446657,3819.771240234375,1307556
2024-02-19,INFY.NS,1571.2311682439513,1577.2211990906292,1555.2884257624896,1566.39306640625,3690993
2024-02-19,TCS.NS,3814.9136460247614,3819.7712872346397,3751.9495440106361,3797.102294921875,772291
2024-02-20,INFY.NS,1552.800375906301,1561.3246509669141,1537.8252980971156,1553.03076171875,3706389
2024-02-20,TCS.NS,3777.0245004960025,3791.7361242365173,3710.3128009244592,3729.41943359375,1193648
2024-02-21,INFY.NS,1542.6634391332541,1542.6634391332541,1516.2151921931338,1525.6610107421875,4300508
2024-02-21,TCS.NS,3713.0887558057943,3759.6759428133064,3683.1102576543408,3693.195556640625,1885939
2024-02-22,INFY.NS,1534.3695574852186,1552.4317832308739,1515.3857884617946,1549.436767578125,5841277
2024-02-22,TCS.NS,3674.2272789613758,3788.9138294075187,3674.2272789613758,3781.650634765625,2982052
2024-02-23,INFY.NS,1563.8587905950133,1565.194983220865,1540.7280790665579,1545.2896728515625,5373072
2024-02-23,TCS.NS,3821.3439121375741,3821.3439121375741,3743.9916786671583,3749.265869140625,2538072
2024-02-26,INFY.NS,1543.5386736406174,1543.5386736406174,1515.9385009458492,1529.89990234375,2782438
2024-02-26,TCS.NS,3734.3697062923115,3747.3234168691433,3685.0993428482916,3702.03173828125,1379284
2024-02-27,INFY.NS,1530.683233844853,1539.9907975363865,1523.1266247075048,1533.0792236328125,5159088
2024-02-27,TCS.NS,3700.1346327558399,3815.7927545599109,3700.1346327558399,3797.657470703125,2960475
2024-02-28,INFY.NS,1538.9772213327412,1555.3807361142351,1531.6509975218291,1540.129150390625,3188916
2024-02-28,TCS.NS,3789.5153337368693,3844.3833662089555,3783.4084945249961,3811.120361328125,1939225
2024-02-29,INFY.NS,1534.3694101092069,1550.2660301238518,1523.5873997921522,1542.5711669921875,7814722
2024-02-29,TCS.NS,3792.661177462347,3828.8391287714094,3760.7858438748758,3789.052734375,3772719
2024-03-01,INFY.NS,1538.0556768856939,1540.7741844629486,1521.4678984651173,1524.8775634765625,6387291
2024-03-01,TCS.NS,3800.2483875566732,3830.5968972344103,3781.3728470189499,3788.358642578125,2043265
2024-03-04,INFY.NS,1527.7803779385492,1533.8625405850848,1505.479077403563,1508.75048828125,4445156
2024-03-04,TCS.NS,3798.2129895593343,3810.1488182185494,3771.287686534873,3775.72900390625,1749271
2024-03-05,INFY.NS,1505.8016678459578,1508.8888152294021,1476.3122838979341,1480.459228515625,4596579
2024-03-05,TCS.NS,3758.426246117549,3760.2767760270108,3682.5545198296022,3712.255615234375,2070859
2024-03-06,INFY.NS,1477.0494500445541,1493.0382016771937,1452.3520478878149,1490.6422119140625,6420684
2024-03-06,TCS.NS,3695.5545795520343,3767.6789384126851,3662.6150564319732,3760.554443359375,1744204
2024-03-07,INFY.NS,1489.7666719434026,1500.686936051952,1478.339514092148,1489.62841796875,6348359
2024-03-07,TCS.NS,3761.2025416983934,3815.7931812949996,3735.9427598925299,3801.544189453125,2688905
2024-03-11,INFY.NS,1481.9796685740168,1487.1864099734321,1463.4105512344881,1475.02197265625,6752895
2024-03-11,TCS.NS,3783.408678550958,3842.6256400151942,3783.408678550958,3814.266357421875,2304068
2024-03-12,INFY.NS,1474.4691365947879,1497.5077168540815,1472.303532549028,1486.403076171875,4614222
2024-03-12,TCS.NS,3814.2662064898195,3913.8248093699049,3813.0630909339479,3878.942138671875,4039801
2024-03-13,INFY.NS,1486.3570462420234,1497.046924837975,1473.1329238521018,1484.9747314453125,5688997
2024-03-13,TCS.NS,3890.7389066948549,3924.0484431136456,3823.1019521087987,3838.924072265625,2837260
2024-03-14,INFY.NS,1487.7394689212454,1527.6883469444472,1481.8415695289827,1523.5875244140625,8803799
2024-03-14,TCS.NS,3843.0422522294866,3909.2447849727837,3780.6329447097737,3893.145263671875,2919608
2024-03-15,INFY.NS,1512.344570167545,1516.6758908384104,1491.3794617139743,1505.8016357421875,11809997
2024-03-15,TCS.NS,3879.2658521356748,3922.1980547097196,3864.831628809271,3903.924072265625,3373143
2024-03-18,INFY.NS,1502.11543929507,1504.5575513115562,1473.4093456712776,1476.9112548828125,4958904
2024-03-18,TCS.NS,3900.223715138306,3936.771686610452,3810.1029847016184,3842.163330078125,1526904
2024-03-19,INFY.NS,1467.4193112677192,1473.5475961267095,1435.764324431153,1438.943603515625,6870411
2024-03-19,TCS.NS,3748.4796955789329,3754.7252341028843,3670.1561065216574,3680.056396484375,8931209
2024-03-20,INFY.NS,1440.3720813461923,1451.3844780457566,1430.5576233604784,1432.95361328125,4759059
2024-03-20,TCS.NS,3688.1063577395266,3717.7148382833461,3664.2344751221162,3674.134765625,1817913
2024-03-21,INFY.NS,1441.2934183473089,1453.2273565774512,1422.3096528549004,1432.7230224609375,11062497
2024-03-21,TCS.NS,3691.8536158159091,3708.8320928330704,3652.946177836041,3676.031494140625,3829582
2024-03-22,INFY.NS,1401.6672315575609,1408.9474454626866,1380.6560012352104,1390.470458984375,14673890
2024-03-22,TCS.NS,3605.7575597198484,3643.6934231913683,3566.8964312856083,3618.61865234375,5852485
2024-03-26,INFY.NS,1374.9423563000637,1389.1801527269931,1371.164051948253,1375.5413818359375,8351081
2024-03-26,TCS.NS,3585.4021693413524,3651.7436301086582,3582.1174331427392,3587.71533203125,3440925
2024-03-27,INFY.NS,1378.6287804592728,1381.3934103666109,1365.312524736159,1367.4320068359375,6857402
2024-03-27,TCS.NS,3597.8928001491959,3603.9070223945268,3543.2095506068181,3553.85009765625,1968575
2024-03-28,INFY.NS,1370.4731001672901,1393.189164332538,1370.4731001672901,1380.5179443359375,12499530
2024-03-28,TCS.NS,3562.3628386987034,3622.4124463661228,3553.4802044110074,3586.604736328125,4311783
2024-04-01,INFY.NS,1405.3534745614261,1409.9150687111335,1375.6798265220143,1378.121826171875,6580002
2024-04-01,TCS.NS,3606.405151658199,3639.344674247267,3597.4764352455786,3624.031494140625,1569676
2024-04-02,INFY.NS,1368.3534624633619,1376.0023163808078,1364.6672894897633,1366.5103759765625,7279400
2024-04-02,TCS.NS,3599.2805426436748,3617.647141683191,3583.5510389868773,3593.5439453125,2142666
2024-04-03,INFY.NS,1362.9624633692197,1377.7992871588031,1359.2762903783632,1364.4830322265625,8736248
2024-04-03,TCS.NS,3563.1955192003829,3683.4799693421774,3563.1955192003829,3652.298583984375,3973090
2024-04-04,INFY.NS,1373.6062588459959,1378.3061066574217,1352.8254147328123,1370.0582275390625,11186915
2024-04-04,TCS.NS,3678.7608856605966,3727.5686125865695,3641.1489551741279,3704.11328125,3394637
2024-04-05,INFY.NS,1363.9300989917399,1370.0582714607572,1360.2439260813801,1363.0545654296875,5072482
2024-04-05,TCS.NS,3680.7042585659196,3702.9106191002543,3664.512120676301,3681.86083984375,1636819
2024-04-08,INFY.NS,1366.6485404880466,1373.9747637962018,1358.4467836601393,1360.8427734375,6610887
2024-04-08,TCS.NS,3685.3303506454358,3731.2696657380807,3664.0492564790175,3675.661376953125,2302538
2024-04-09,INFY.NS,1373.0993855776476,1395.0321590156452,1370.6112639030227,1377.56884765625,9423230
2024-04-09,TCS.NS,3686.2556199419873,3715.7253994302032,3631.7112954433351,3651.6044921875,1876992
2024-04-10,INFY.NS,1382.6372778632074,1391.3919380114644,1368.0769632177339,1388.581298828125,6744595
2024-04-10,TCS.NS,3660.7181984660388,3691.9921993022181,3625.1881143494634,3686.85693359375,2101965
2024-04-12,INFY.NS,1386.0009366054892,1388.5813024953311,1363.4231287950938,1368.26123046875,12275616
2024-04-12,TCS.NS,3674.2275016787949,3713.4125667776052,3650.6332429800264,3702.35546875,4354821
2024-04-15,INFY.NS,1363.8838870765444,1374.8962829242955,1346.4206890601879,1352.963623046875,8531224
2024-04-15,TCS.NS,3702.3552035360053,3760.4618895048175,3626.1597679097335,3646.654296875,4200329
2024-04-16,INFY.NS,1337.159257468646,1340.9836844596759,1302.1867360834249,1303.476806640625,16173541
2024-04-16,TCS.NS,3610.3841487881004,3635.0886799219688,3574.1601132041751,3583.366455078125,3051420
2024-04-18,INFY.NS,1309.6049788534715,1331.3533752077963,1297.072014216493,1307.900146484375,22107945
2024-04-18,TCS.NS,3587.0675027381876,3641.8431471711551,3562.270354829509,3573.37353515625,3476284
2024-04-19,INFY.NS,1276.3373231980736,1314.903883353496,1270.5776782377934,1300.52783203125,20603621
2024-04-19,TCS.NS,3551.1676857909733,3564.6303390544226,3516.8402579805088,3540.24951171875,2957749
2024-04-22,INFY.NS,1308.4992564312556,1324.1193692022916,1302.1867077963823,1320.341064453125,5859087
2024-04-22,TCS.NS,3550.2421342890907,3588.1780028076869,3527.1105071436054,3575.779541015625,1728883
2024-04-23,INFY.NS,1329.7866679993069,1333.334586368193,1320.5712371746411,1329.2337646484375,4856174
2024-04-23,TCS.NS,3587.2984864077998,3603.9069469277829,3572.0779232999839,3585.1240234375,1807586
2024-04-24,INFY.NS,1330.9850033069019,1330.9850033069019,1315.0883817387778,1318.498046875,4268213
2024-04-24,TCS.NS,3599.2808995881401,3606.683019690121,3538.6297328235796,3544.736572265625,1317312
2024-04-25,INFY.NS,1308.5912027225215,1331.5376484238018,1308.5912027225215,1325.5936279296875,9089398
2024-04-25,TCS.NS,3526.3700419218662,3584.1527979444854,3526.1850340945725,3564.305908203125,2856271
2024-04-26,INFY.NS,1326.7456472713909,1331.9985107982977,1315.0420940941269,1318.037109375,8062444
2024-04-26,TCS.NS,3567.0352506857103,3587.0673733394428,3518.3664475460268,3535.761474609375,2039178
2024-04-29,INFY.NS,1317.7607514168001,1326.8380426033841,1316.1941728580287,1322.1842041015625,5055957
2024-04-29,TCS.NS,3551.1672044106549,3587.9927979834483,3533.7721765733031,3580.960693359375,1110693
2024-04-30,INFY.NS,1322.1381364606618,1323.8430815716633,1306.3337587531646,1309.098388671875,6936588
2024-04-30,TCS.NS,3582.6262194890505,3591.647553590295,3525.2597872554966,3535.11376953125,2203078
2024-05-02,INFY.NS,1302.1406139236367,1312.2775896866656,1301.08081668616,1303.476806640625,10076354
2024-05-02,TCS.NS,3495.6973338865346,3581.7932837555368,3495.6973338865346,3574.576171875,2491044
2024-05-03,INFY.NS,1310.5265235313659,1313.0147575937467,1293.1093350669514,1305.181640625,8842345
2024-05-03,TCS.NS,3599.4197149584488,3602.612060071111,3513.786615985312,3556.16357421875,2962234
2024-05-06,INFY.NS,1308.5915582546077,1332.2751773750804,1305.9190600384286,1314.0286865234375,6445422
2024-05-06,TCS.NS,3565.0459275516187,3645.497671472227,3565.0459275516187,3628.01025390625,2053831
2024-05-07,INFY.NS,1313.1527716041048,1330.1091868361195,1304.5363662735126,1327.8974609375,6080661
2024-05-07,TCS.NS,3637.0315898575259,3689.956700971341,3621.0244606949204,3681.5830078125,2062112
2024-05-08,INFY.NS,1322.6449494254493,1326.7918940500197,1313.7520345652563,1315.3187255859375,6234983
2024-05-08,TCS.NS,3664.9747341660659,3686.5334542518808,3644.2488881328341,3679.732666015625,1247685
2024-05-09,INFY.NS,1315.5489046143746,1336.1913801730982,1313.0606707349009,1326.607421875,6088406
2024-05-09,TCS.NS,3665.8996529124415,3674.2270372830149,3617.832184974583,3664.234130859375,1726486
2024-05-10,INFY.NS,1322.4606196109371,1323.2899184999039,1302.1405469699123,1313.10693359375,8777481
2024-05-10,TCS.NS,3666.4550440257972,3676.6329586501211,3594.7007007453585,3602.88916015625,1672489
2024-05-13,INFY.NS,1313.1990668474873,1313.1990668474873,1300.481725623948,1311.7706298828125,3735954
2024-05-13,TCS.NS,3594.1921507225429,3659.4233379090374,3580.7758072586539,3652.761474609375,931326
2024-05-14,INFY.NS,1314.4892984237979,1321.2626187308836,1306.7944348778417,1312.922607421875,3463230
2024-05-14,TCS.NS,3641.8433125575157,3650.9109554150982,3601.9642977150388,3609.64404296875,1058317
2024-05-15,INFY.NS,1314.1205471349861,1319.4655424641765,1307.255095585117,1308.545166015625,4327544
2024-05-15,TCS.NS,3612.6971700788931,3633.4693240210222,3585.8644852454222,3590.398193359375,1115021
2024-05-16,INFY.NS,1321.4468679639122,1341.5365553493355,1315.0421875208667,1339.3248291015625,9249145
2024-05-16,TCS.NS,3626.4665190450341,3643.6150446878205,3582.1037023296171,3635.646484375,2599399
2024-05-17,INFY.NS,1342.6884167000094,1342.6884167000094,1326.3310252131012,1330.98486328125,7542860
2024-05-17,TCS.NS,3652.4688790595596,3653.4008690771816,3569.5217674912255,3573.343017578125,2765804
2024-05-21,INFY.NS,1317.8067987413262,1331.3534390178734,1316.332352094495,1321.6312255859375,6752663
2024-05-21,TCS.NS,3570.0810162003927,3583.2685838009415,3550.9285760257658,3560.38818359375,1908117
2024-05-22,INFY.NS,1316.6550066153582,1345.40711294369,1315.9638491315707,1340.6612548828125,7173285
2024-05-22,TCS.NS,3574.1814679044273,3580.0064051076615,3557.9182887403199,3571.385498046875,1311168
2024-05-23,INFY.NS,1340.5688666610595,1362.17912249703,1336.2376585581328,1356.8802490234375,8641428
2024-05-23,TCS.NS,3579.7270181408007,3639.4210243679117,3565.3278178538917,3628.656494140625,2095742
2024-05-24,INFY.NS,1353.0557154211108,1359.7369031866842,1345.4529845154584,1350.15283203125,5277938
2024-05-24,TCS.NS,3614.4900235623131,3619.6626132920987,3582.8490102673554,3587.6953125,1309452
2024-05-27,INFY.NS,1356.373369267408,1363.5153292403581,1345.6834903871545,1355.91259765625,5821844
2024-05-27,TCS.NS,3592.821139586903,3642.542892805684,3580.0995682006719,3585.411865234375,1841538
2024-05-28,INFY.NS,1359.737191500069,1360.1979631678089,1345.7297777980132,1351.9501953125,6186922
2024-05-28,TCS.NS,3595.6171556494278,3606.8010348271864,3569.5214375679907,3578.748046875,1801993
2024-05-29,INFY.NS,1350.4295268928772,1350.5216587210259,1336.237738072663,1337.1131591796875,7401634
2024-05-29,TCS.NS,3587.1359229136956,3587.1359229136956,3541.561706702611,3544.96337890625,1568095
2024-05-30,INFY.NS,1329.6026885129104,1336.0995011368218,1310.0198938256992,1315.4569091796875,9663150
2024-05-30,TCS.NS,3520.126358012179,3536.3428935872575,3462.7623259187662,3482.008056640625,2919230
2024-05-31,INFY.NS,1325.1856855215699,1350.5181357141773,1315.9738228639974,1322.459716796875,37113815
2024-05-31,TCS.NS,3485.6425278948263,3494.7760752132112,3405.2583920576799,3421.28857421875,10956800
2024-06-03,INFY.NS,1353.5731158092904,1353.5731158092904,1319.7337879140582,1321.519775390625,10589244
2024-06-03,TCS.NS,3478.9325884163013,3496.4074022770878,3444.6353082382038,3451.01953125,2156773
2024-06-04,INFY.NS,1324.4336953647442,1330.0735833506835,1276.8236180013437,1310.0050048828125,13736134
2024-06-04,TCS.NS,3448.3631669014972,3490.3027189313802,3347.2422470072238,3462.343017578125,3395997
2024-06-05,INFY.NS,1316.1148183429186,1351.6930870098186,1316.1148183429186,1344.2672119140625,9233424
2024-06-05,TCS.NS,3463.2750014189869,3526.4639718714711,3448.363160723964,3491.654052734375,2799670
2024-06-06,INFY.NS,1358.2261557270542,1385.8147031902599,1351.2233397940015,1383.8876953125,12660930
2024-06-06,TCS.NS,3523.8545556282306,3578.7486813092887,3487.0409468085227,3569.894775390625,4328036
2024-06-07,INFY.NS,1392.1123044504961,1447.2891608293014,1388.5873745776473,1441.5552978515625,24075302
2024-06-07,TCS.NS,3576.3249328416191,3648.74050345654,3576.3249328416191,3629.1220703125,4552445
2024-06-10,INFY.NS,1433.7536304630544,1437.9835466307229,1407.4341520864498,1409.737060546875,6810606
2024-06-10,TCS.NS,3630.101304409583,3640.2599051068833,3580.6125409265974,3596.27001953125,1734661
2024-06-11,INFY.NS,1410.0190163300265,1416.0348049461413,1404.2850385180848,1405.97705078125,4853054
2024-06-11,TCS.NS,3583.5014325459897,3616.0744364710417,3579.7734726681783,3590.11865234375,1419898
2024-06-12,INFY.NS,1416.5519427607585,1418.1969101793593,1393.7573942458623,1396.060302734375,9564320
2024-06-12,TCS.NS,3610.9021447965306,3628.7032456976158,3567.1452576249039,3571.0595703125,2177001
2024-06-13,INFY.NS,1405.27206045412,1414.6718735675256,1399.9611430962834,1404.2850341796875,7307565
2024-06-13,TCS.NS,3594.498636836368,3625.4406555356777,3590.0250398774888,3614.396484375,1932323
2024-06-14,INFY.NS,1413.4498626747718,1413.4498626747718,1396.8592841989566,1399.5382080078125,4237727
2024-06-14,TCS.NS,3624.5091587534898,3624.5091587534898,3567.6577679887782,3571.432373046875,1860730
2024-06-18,INFY.NS,1407.152097561087,1416.5519111720494,1405.6481503320965,1408.280029296875,5420939
2024-06-18,TCS.NS,3565.8402543844654,3580.7054488326035,3536.9485654428177,3555.635009765625,1774045
2024-06-19,INFY.NS,1414.6717670710855,1424.6825902320104,1406.8698768767599,1420.640625,5493456
2024-06-19,TCS.NS,3567.3313345631773,3573.1098544338552,3534.9913279582247,3543.146240234375,1509050
2024-06-20,INFY.NS,1425.2936379231433,1426.4215695435462,1409.125891319924,1424.4476318359375,7927010
2024-06-20,TCS.NS,3537.8338671797642,3550.8350815373415,3522.9686729132409,3529.678955078125,2846526
2024-06-21,INFY.NS,1452.271166938704,1464.2559289959652,1432.249518545518,1440.7093505859375,17301941
2024-06-21,TCS.NS,3566.7258928791084,3614.0710325485088,3539.7448266543074,3551.5810546875,4642195
2024-06-24,INFY.NS,1433.0485032665965,1437.3253492351942,1424.4476516241698,1435.492431640625,5564989
2024-06-24,TCS.NS,3549.7169174041856,3594.6854349663126,3533.4537373890407,3557.219482421875,1702154
2024-06-25,INFY.NS,1434.4116392041769,1451.2373294804354,1429.1007212609798,1449.404296875,4551525
2024-06-25,TCS.NS,3557.4055898723664,3585.9709904295314,3534.9445413738563,3577.396728515625,1338808
2024-06-26,INFY.NS,1448.5111662607692,1455.8899964302079,1442.8712785271127,1448.2291259765625,4851004
2024-06-26,TCS.NS,3583.0353484856678,3603.9584772724033,3579.7733836736766,3593.613525390625,1639845
2024-06-27,INFY.NS,1446.1141853395814,1483.6665071274144,1440.0983968135813,1478.9195556640625,14757754
2024-06-27,TCS.NS,3570.4537011214529,3673.9045914436874,3558.4311210986525,3666.58837890625,4526556
2024-06-28,INFY.NS,1478.1676356666337,1493.1602914681441,1470.3657449978248,1472.7156982421875,8197544
2024-06-28,TCS.NS,3651.3502171183336,3690.6801469139846,3632.7570634006711,3638.62841796875,2731571
2024-07-01,INFY.NS,1465.9009253417439,1503.8761950899986,1465.9009253417439,1495.3223876953125,6801771
2024-07-01,TCS.NS,3619.8489271393464,3729.54409757546,3619.8489271393464,3707.642333984375,2658723
2024-07-02,INFY.NS,1500.3980870491325,1535.7414752975033,1491.2803144467298,1523.7567138671875,10493173
2024-07-02,TCS.NS,3721.9955765217287,3749.768698145293,3711.6970409015075,3744.1767578125,2307449
2024-07-03,INFY.NS,1527.4697297658561,1537.8095248596555,1509.6100836947476,1529.7257080078125,7269965
2024-07-03,TCS.NS,3746.5994457218176,3752.2846751988714,3686.0201014501963,3695.572998046875,1821198
2024-07-04,INFY.NS,1530.4775505601317,1560.3690026530594,1530.2896001922775,1551.5802001953125,8008311
2024-07-04,TCS.NS,3727.8200122814974,3772.0895339536041,3711.2771910250785,3747.48486328125,2518001
2024-07-05,INFY.NS,1552.332191113537,1565.8679458210338,1535.3185512266714,1548.572265625,7065022
2024-07-05,TCS.NS,3737.2798920275045,3752.8907244942034,3716.7761120712439,3738.95751953125,1668616
2024-07-08,INFY.NS,1544.483343885064,1566.0089398972409,1541.5694246287367,1561.9200439453125,5880533
2024-07-08,TCS.NS,3748.4636711812386,3757.0845784309718,3707.5027573776674,3721.622314453125,1758882
2024-07-09,INFY.NS,1560.2750121000736,1566.7138611771477,1551.9091554243114,1557.6900634765625,5191182
2024-07-09,TCS.NS,3713.980294044427,3734.4374298305197,3704.7536837012267,3714.4462890625,1305801
2024-07-10,INFY.NS,1557.5490553427878,1573.5287378659184,1539.2664644712022,1549.32421875,9852770
2024-07-10,TCS.NS,3712.7682246044051,3731.035318178022,3636.6246931184464,3643.288330078125,2669716
2024-07-11,INFY.NS,1556.608942014421,1565.068773221021,1543.4962495417126,1553.5069580078125,8857679
2024-07-11,TCS.NS,3663.652449012925,3709.3199560090161,3630.6600961977388,3656.848876953125,4872189
2024-07-12,INFY.NS,1579.1686539269024,1616.5329122564228,1566.6199259649964,1609.0130615234375,17078316
2024-07-12,TCS.NS,3709.3198875445955,3914.311252806398,3701.2116207349213,3899.3994140625,13509164
2024-07-15,INFY.NS,1622.5957659620963,1624.2877782953476,1600.4592739409936,1604.59521484375,6942230
2024-07-15,TCS.NS,3947.6304141409055,3951.6377893035819,3874.3290330708019,3885.653076171875,4848030
2024-07-16,INFY.NS,1615.4519041715741,1633.5935898883849,1597.9682742375035,1622.454833984375,6886281
2024-07-16,TCS.NS,3888.2624080539726,3909.2786012168121,3863.0053872075232,3894.27392578125,2029521
2024-07-18,INFY.NS,1615.8279831767179,1659.4431419133819,1615.8279831767179,1652.5343017578125,11248896
2024-07-18,TCS.NS,3877.0784519914923,4030.8568040536547,3877.0784519914923,4022.04931640625,5613364
2024-07-19,INFY.NS,1733.3256958167999,1733.3256958167999,1679.2297205297605,1685.339599609375,29819116
2024-07-19,TCS.NS,4033.1185185728532,4071.7458981009077,4003.0855428361147,4019.106201171875,3903354
2024-07-22,INFY.NS,1692.1074068427617,1713.5859571917674,1685.3394724496927,1702.1651611328125,8462126
2024-07-22,TCS.NS,4016.8178011381533,4035.5008910284364,3984.168919102834,4005.04736328125,1896386
2024-07-23,INFY.NS,1701.3660923113116,1729.5184853445753,1676.2215934332301,1726.651611328125,7113056
2024-07-23,TCS.NS,4000.9843192418566,4074.502471790674,3985.3837543169002,4019.060302734375,2365208
2024-07-24,INFY.NS,1727.2157639340674,1731.7746506207213,1710.3900744958235,1723.8787841796875,6002845
2024-07-24,TCS.NS,4005.1882129331457,4053.3906859171716,3987.0657032656841,4022.70361328125,1809793
2024-07-25,INFY.NS,1710.7660645530111,1721.0118842620095,1703.2462137198111,1715.324951171875,5815599
2024-07-25,TCS.NS,4012.1938064248666,4057.0332249832818,3992.7635741682811,4037.883056640625,2810342
2024-07-26,INFY.NS,1715.7949342558115,1769.9848820315087,1715.7949342558115,1766.1309814453125,11369047
2024-07-26,TCS.NS,4063.5723344725097,4131.2520147711321,4051.4748504729951,4098.93017578125,3552210
2024-07-29,INFY.NS,1779.9487760733678,1788.7846242813259,1752.1253492697799,1758.7991943359375,4635931
2024-07-29,TCS.NS,4124.2927511896642,4139.2392254861606,4083.1899468742968,4092.625,1746803
2024-07-30,INFY.NS,1758.7989073403546,1767.1177185175402,1748.3651383345386,1764.48583984375,2721265
2024-07-30,TCS.NS,4101.9665917114298,4108.4121675968991,4042.3672511181926,4077.912109375,1797906
2024-07-31,INFY.NS,1764.344953812893,1772.0058245898792,1753.1122228334534,1756.1201171875,5004209
2024-07-31,TCS.NS,4063.5727565045063,4123.3586545312392,4058.9019832211679,4096.59521484375,2330091
2024-08-01,INFY.NS,1744.699358548906,1755.7911843622094,1734.3595637121655,1741.409423828125,7475014
2024-08-01,TCS.NS,4109.7201507302943,4128.3097382820206,4077.6318451315615,4107.57177734375,2202244
2024-08-02,INFY.NS,1732.3856829456133,1747.8953757120823,1707.1472058471231,1711.89404296875,7400938
2024-08-02,TCS.NS,4077.5846664483884,4108.4117670194755,3988.8399829861669,4001.030517578125,2811282
2024-08-05,INFY.NS,1677.8197340219435,1689.616546348778,1615.405061601391,1646.75341796875,10736703
2024-08-05,TCS.NS,3959.8811983653177,3959.8811983653177,3839.8423368437457,3881.458740234375,2787771
2024-08-06,INFY.NS,1654.5551502330297,1689.0994653436978,1640.126459251215,1646.0013427734375,7690163
2024-08-06,TCS.NS,3896.3123597845952,3977.8638749268666,3886.8303255725164,3896.5458984375,2203067
2024-08-07,INFY.NS,1688.2065718679119,1689.9925594528395,1656.341179884447,1684.11767578125,5094329
2024-08-07,TCS.NS,3949.6051583477497,3965.43925930358,3905.0458070089499,3923.869384765625,1237666
2024-08-08,INFY.NS,1673.1196857214622,1673.1196857214622,1623.4416964698462,1638.5284423828125,6227910
2024-08-08,TCS.NS,3905.7004295419442,3953.342314714544,3886.0831827061679,3897.806640625,2441283
2024-08-09,INFY.NS,1664.9419144885312,1673.8717370362467,1650.6071993461458,1664.471923828125,4258524
2024-08-09,TCS.NS,3939.3300795683381,3973.5667555740238,3928.6338265895702,3950.306396484375,1302536
2024-08-12,INFY.NS,1666.6339385624474,1695.2563240862842,1661.9809621451984,1689.5224609375,4315329
2024-08-12,TCS.NS,3951.4742907664199,3959.8816828744334,3910.6985302685966,3919.385986328125,936912
2024-08-13,INFY.NS,1701.3662700318037,1701.3662700318037,1681.6737063397366,1689.5694580078125,4176918
2024-08-13,TCS.NS,3935.5935857906488,3955.2108336666529,3907.5689459677865,3920.6005859375,1495593
2024-08-14,INFY.NS,1693.8464406687062,1715.4660123309595,1689.5694795075585,1713.821044921875,7450718
2024-08-14,TCS.NS,3931.8568963353414,4022.6569101782006,3912.3796807831932,4012.427734375,3226545
2024-08-16,INFY.NS,1738.9653871768742,1750.1041425189478,1719.6957707243737,1747.378173828125,7335657
2024-08-16,TCS.NS,4063.5722246731834,4135.5021238225709,4040.3118679924623,4125.27294921875,3457058
2024-08-19,INFY.NS,1748.3652410685681,1755.4621458747317,1738.2133969970967,1752.877197265625,2585989
2024-08-19,TCS.NS,4129.8973388128134,4198.3241608141798,4101.2655925734271,4194.35400390625,2055210
2024-08-20,INFY.NS,1767.1647855371516,1772.5226328723743,1756.0729606665764,1759.8328857421875,3870333
2024-08-20,TCS.NS,4208.3656060126186,4264.4148704656163,4203.6948339748687,4225.46044921875,2212298
2024-08-21,INFY.NS,1762.5589566406527,1766.2249067508462,1755.0391060531026,1760.302978515625,1966902
2024-08-21,TCS.NS,4220.5105082115788,4259.7450016478078,4196.7360910463631,4251.8046875,1896990
2024-08-22,INFY.NS,1770.9248323444356,1779.9956751616294,1757.4830533776285,1767.39990234375,4300287
2024-08-22,TCS.NS,4259.7454256441579,4260.6330550599241,4201.0806930237804,4205.564453125,1829872
2024-08-23,INFY.NS,1765.4729100507645,1769.6088509029312,1745.5453515046195,1750.3392333984375,5015935
2024-08-23,TCS.NS,4203.6957287668101,4209.3006564051657,4161.6587714791413,4169.97265625,1809253
2024-08-26,INFY.NS,1757.7651122966831,1775.3897624868237,1752.125224235838,1763.5460205078125,3728589
2024-08-26,TCS.NS,4193.4203005568361,4252.4120765573853,4189.6836818884858,4205.98486328125,1844164
2024-08-27,INFY.NS,1763.5459651082101,1788.5494451104064,1761.4310071518321,1786.0584716796875,3830679
2024-08-27,TCS.NS,4208.3664078475049,4213.0371807751935,4191.3646119386513,4201.033203125,930697
2024-08-28,INFY.NS,1792.450420519267,1833.9035742094779,1783.5205978872887,1822.7177734375,6514531
2024-08-28,TCS.NS,4202.5285093066068,4262.0808721781368,4163.8076140541243,4209.34765625,1848058
2024-08-29,INFY.NS,1816.9838956969513,1833.4335688344042,1805.6101446478181,1817.3128662109375,7228284
2024-08-29,TCS.NS,4166.3297217820545,4256.0085678114438,4166.3297217820545,4214.71875,2133641
2024-08-30,INFY.NS,1821.6837784081808,1832.9635541258785,1812.2839653100993,1827.0416259765625,13466759
2024-08-30,TCS.NS,4203.6954433159481,4289.8711999039251,4192.2985754397878,4253.90625,3637222
2024-09-02,INFY.NS,1826.7127550540231,1857.1681741009113,1826.195834151735,1846.5933837890625,5573739
2024-09-02,TCS.NS,4274.6913515445867,4285.9012064874487,4214.9054585159911,4223.359375,1216500
2024-09-03,INFY.NS,1848.9432889467964,1848.9432889467964,1820.2268132183985,1824.73876953125,4694322
2024-09-03,TCS.NS,4223.3592928724402,4255.9146705286284,4199.8653969042552,4215.232421875,1717263
2024-09-04,INFY.NS,1805.7979428020849,1811.5318054350637,1786.0114064851507,1807.06689453125,4778310
2024-09-04,TCS.NS,4182.1631505501728,4191.5512207767069,4144.5634321110683,4184.3115234375,1265505
2024-09-05,INFY.NS,1810.6389839934859,1823.5637269032381,1794.9882723576418,1817.1248779296875,4081810
2024-09-05,TCS.NS,4185.9463016647351,4202.7610826131759,4160.8641621906181,4181.22900390625,1688793
2024-09-06,INFY.NS,1806.6441381891027,1820.2738676395406,1783.0035845038899,1787.7034912109375,5848106
2024-09-06,TCS.NS,4179.360608219492,4221.3975597186227,4147.6458812475457,4163.29296875,1649179
2024-09-09,INFY.NS,1776.5647327651429,1805.5631341580754,1775.6247514250556,1780.9356689453125,4772612
2024-09-09,TCS.NS,4161.6587077914965,4194.5876571629105,4138.771920285124,4156.5673828125,1184938
2024-09-10,INFY.NS,1790.5704823041315,1818.8638977650467,1782.2046254069915,1797.5263671875,6909600
2024-09-10,TCS.NS,4149.934709178804,4241.0147700361822,4148.06640023814,4211.0283203125,1385591
2024-09-11,INFY.NS,1799.7822173243185,1810.4040523138208,1790.6644442667855,1795.50537109375,5312946
2024-09-11,TCS.NS,4223.7332712060206,4249.7960919166999,4176.8385303588766,4184.4052734375,1325919
2024-09-12,INFY.NS,1809.4641169787169,1838.9795546148218,1796.1164275717779,1833.3865966796875,8555092
2024-09-12,TCS.NS,4213.270834445676,4234.1492812284687,4139.5191454519509,4220.23046875,2742216
2024-09-13,INFY.NS,1833.3865832495185,1841.0474542218399,1819.4749280775688,1827.417724609375,3843127
2024-09-13,TCS.NS,4231.7207589703839,4247.601388750184,4208.3668916471479,4224.80810546875,1458786
2024-09-16,INFY.NS,1828.9686923682912,1834.8435757434945,1817.0309752474043,1833.1986083984375,1570181
2024-09-16,TCS.NS,4228.9173781495801,4246.712838740109,4198.5108319383271,4216.07275390625,1155120
2024-09-17,INFY.NS,1830.8486394119768,1840.9063937669002,1825.5847669015141,1835.360595703125,2793127
2024-09-17,TCS.NS,4216.0732990837996,4237.1383031147143,4171.9344937037058,4208.9736328125,1699364
2024-09-18,INFY.NS,1822.388800311061,1822.388800311061,1768.3869188956942,1778.585693359375,6385468
2024-09-18,TCS.NS,4200.9401699807795,4200.9401699807795,4036.4824191108441,4059.976318359375,2961779
2024-09-19,INFY.NS,1795.9282898631557,1809.370068657787,1766.036952686509,1780.5125732421875,7976570
2024-09-19,TCS.NS,4100.9848398642125,4131.0182723797288,3999.8626137698093,4013.267822265625,2927551
2024-09-20,INFY.NS,1790.664520804125,1800.0643345616268,1755.3212440246816,1791.3695068359375,15242974
2024-09-20,TCS.NS,4032.6522269561642,4045.5438351546454,3949.1388902025246,4002.75927734375,5447908
2024-09-23,INFY.NS,1794.4243751721033,1803.7302133718899,1765.7078993837924,1782.6275634765625,3636672
2024-09-23,TCS.NS,4016.8650810900344,4025.646043762189,3972.9598115990502,3987.439208984375,1702319
2024-09-24,INFY.NS,1774.6847802570394,1796.2103760171831,1759.0811128709156,1784.6485595703125,7277616
2024-09-24,TCS.NS,3971.698396314348,4008.4574718134822,3960.8155862244616,3990.054443359375,3012026
2024-09-25,INFY.NS,1773.1337292502485,1787.4684442930745,1764.156976545127,1781.546630859375,4268341
2024-09-25,TCS.NS,3972.352614968177,4007.1498756615333,3960.8157138209835,3993.277587890625,2713073
2024-09-26,INFY.NS,1783.8966765192179,1802.8372091877666,1779.3847200794919,1786.1995849609375,8952803
2024-09-26,TCS.NS,3979.4986179109637,4032.5584170310385,3979.4986179109637,4009.858642578125,3964251
2024-09-27,INFY.NS,1816.1379526373021,1856.0871602157958,1789.0665584656958,1792.3094482421875,14908931
2024-09-27,TCS.NS,4049.5605171472421,4089.7291681823817,4016.9116287956654,4024.992431640625,3012477
2024-09-30,INFY.NS,1767.1649937536263,1787.1395980713203,1758.2351706468926,1763.029052734375,6986955
2024-09-30,TCS.NS,4004.6275636867181,4015.6973877525083,3979.5454195706138,3987.439208984375,2503416
2024-10-01,INFY.NS,1762.4649168436649,1794.3772357071236,1762.4649168436649,1790.0533447265625,4029072
2024-10-01,TCS.NS,3975.3412878081467,4012.8944838787702,3963.5713051601888,4005.561279296875,1823365
2024-10-03,INFY.NS,1776.0946700907043,1797.1032292411892,1768.1048290238766,1779.7606201171875,7503887
2024-10-03,TCS.NS,3981.9273295273538,3997.2473731270484,3932.7907083114919,3954.042724609375,3350119
2024-10-04,INFY.NS,1776.141704358394,1836.8174281895435,1772.8047248589348,1803.025146484375,10001483
2024-10-04,TCS.NS,3946.8033194857321,4014.996607609391,3945.9156901334163,3972.259033203125,2965463
2024-10-07,INFY.NS,1807.7721694283628,1825.4438655173053,1801.0513942623245,1818.2060546875,6112575
2024-10-07,TCS.NS,3992.4831212516428,4014.2957216639811,3950.9132429308452,3991.50244140625,1472619
2024-10-08,INFY.NS,1821.5898836675146,1840.436440915146,1791.9334261359113,1831.6007080078125,5637391
2024-10-08,TCS.NS,3991.2690982560466,3997.6211671843516,3927.1394751787057,3973.193115234375,1541867
2024-10-09,INFY.NS,1835.3606336116181,1858.3431317562972,1828.3577036972526,1835.548583984375,4857163
2024-10-09,TCS.NS,3979.4986935769084,4012.1941053785968,3967.0746195443417,3972.9130859375,1082504
2024-10-10,INFY.NS,1840.3895163779584,1846.1233796899428,1799.2182871655539,1803.82421875,4782119
2024-10-10,TCS.NS,3973.1933999040161,4011.1201712067309,3922.1419377756233,3949.04541015625,2378875
2024-10-11,INFY.NS,1802.8842276209207,1830.1436867455332,1795.4583520140732,1818.9578857421875,4709431
2024-10-11,TCS.NS,3870.2024438892004,3962.6372224848437,3841.6642037825386,3875.994384765625,5759183
2024-10-14,INFY.NS,1816.1849669571325,1851.2932470173037,1815.1979406537325,1841.3294677734375,3751378
2024-10-14,TCS.NS,3867.4002612649715,3891.1276982119098,3850.7724909029175,3864.270751953125,2137590
2024-10-15,INFY.NS,1842.3635074756771,1871.9258760220825,1834.6086610794148,1841.70556640625,5353705
2024-10-15,TCS.NS,3859.0389973491433,3895.377974493319,3825.3629080466067,3845.727294921875,2759474
2024-10-16,INFY.NS,1837.6636504154401,1841.9406117141925,1801.3333460914546,1804.8582763671875,3111512
2024-10-16,TCS.NS,3816.0213698692205,3844.046006612446,3799.3933731218913,3825.316162109375,2359151
2024-10-17,INFY.NS,1819.0518851747047,1859.2831333510103,1814.3050481446446,1849.977294921875,8162822
2024-10-17,TCS.NS,3841.9905226883384,3858.0116375907837,3823.4476923281386,3838.44091796875,2522659
2024-10-18,INFY.NS,1780.1366215888147,1820.6027474745542,1757.0600349091483,1766.788818359375,10526196
2024-10-18,TCS.NS,3830.0132123307349,3882.5938646162222,3820.6488768482636,3860.962158203125,2361000
2024-10-21,INFY.NS,1777.5986762175419,1784.8366013292746,1727.6856903747387,1741.5504150390625,4654601
2024-10-21,TCS.NS,3869.905167833298,3876.7880454967171,3811.2843393712883,3820.50830078125,1595450
2024-10-22,INFY.NS,1746.6732140121014,1765.0969393741664,1736.0984243371561,1740.4693603515625,4125240
2024-10-22,TCS.NS,3807.5389190130431,3829.8260838402684,3751.6807476679483,3760.2490234375,1928049
2024-10-23,INFY.NS,1734.5005619867161,1772.804801466981,1733.3255853155424,1760.9610595703125,4311910
2024-10-23,TCS.NS,3745.359984263881,3852.066320525731,3741.1926717729739,3807.773193359375,1966476
2024-10-24,INFY.NS,1749.6813644323036,1770.9249206806642,1748.3653675509743,1751.5142822265625,2906475
2024-10-24,TCS.NS,3749.480254699009,3819.7127769523622,3749.480254699009,3790.589599609375,2676744
2024-10-25,INFY.NS,1751.6082405232555,1763.7340231622866,1735.5816269882255,1750.2923583984375,4689120
2024-10-25,TCS.NS,3799.15775978996,3831.886066466202,3776.3555115186805,3799.6259765625,1759676
2024-10-28,INFY.NS,1748.0832475331754,1768.9509020729429,1745.5453438193326,1753.3941650390625,7018940
2024-10-28,TCS.NS,3810.3015368375859,3871.2165896142315,3793.4925990631959,3830.8095703125,1532534
2024-10-29,INFY.NS,1754.9627985871089,1760.2866061853301,1738.8011693476826,1748.59326171875,4621252
2024-10-29,TCS.NS,3835.4915508341114,3842.6551762365521,3802.0140505171976,3816.200927734375,1445885
2024-10-30,INFY.NS,1741.6532608340028,1748.3080494943949,1707.7613496606602,1713.227783203125,5919715
2024-10-30,TCS.NS,3815.966681601265,3845.9325549291766,3801.9670458801752,3825.003173828125,1935002
2024-10-31,INFY.NS,1699.728089871948,1699.728089871948,1660.3697457491953,1670.589599609375,7395236
2024-10-31,TCS.NS,3811.2845705423961,3819.0570147766425,3708.276879446656,3716.189697265625,3740372
2024-11-01,INFY.NS,1677.4819828348002,1678.9080088899161,1665.6460129974564,1674.011962890625,371966
2024-11-01,TCS.NS,3736.2297077405597,3744.7511163671993,3723.3068782763153,3730.938720703125,154895
2024-11-04,INFY.NS,1639.4546463788554,1679.8587185569368,1633.2752000457369,1676.6739501953125,7336722
2024-11-04,TCS.NS,3714.176555308054,3738.1491177911039,3664.49870814831,3712.1630859375,2269192
2024-11-05,INFY.NS,1673.2039554066878,1681.2371893406507,1658.9436944231081,1667.68994140625,3160880
2024-11-05,TCS.NS,3690.5781600490641,3732.6239327704229,3690.5781600490641,3718.9052734375,967590
2024-11-06,INFY.NS,1677.0067780250674,1737.0899676430311,1675.7233776805178,1733.7625732421875,10421494
2024-11-06,TCS.NS,3749.1052415175327,3886.0115444872176,3722.5572604185204,3876.5068359375,3792017
2024-11-07,INFY.NS,1723.5426610222241,1735.6638830746192,1698.8724555004114,1714.1309814453125,4550965
2024-11-07,TCS.NS,3904.6474627956704,3938.452350809554,3825.3782193936936,3887.042236328125,3724349
2024-11-08,INFY.NS,1728.3437169759088,1749.8291547139529,1723.7329222391422,1739.704345703125,4210960
2024-11-08,TCS.NS,3890.8813609023655,3904.6937556251837,3855.9054767149801,3883.389892578125,1648039
2024-11-11,INFY.NS,1738.8011800020988,1775.8778590726738,1732.669314114394,1768.367431640625,3804234
2024-11-11,TCS.NS,3865.7846658879607,3965.1398869463546,3855.9050188627193,3931.80322265625,1406487
2024-11-12,INFY.NS,1778.8249314544848,1788.2367269114475,1769.2230456045741,1776.638427734375,5012450
2024-11-12,TCS.NS,3948.0041827419432,3949.8770500013084,3899.6374772174322,3930.58642578125,1587640
2024-11-13,INFY.NS,1769.3181384269985,1780.8213927172376,1764.7549244206982,1776.2581787109375,4257495
2024-11-13,TCS.NS,3912.5131307817969,3929.9775251481869,3868.4536576373816,3886.527099609375,1098813
2024-11-14,INFY.NS,1773.5961711004963,1783.4833086013102,1764.4696272729379,1772.5980224609375,4311431
2024-11-14,TCS.NS,3872.1528287724964,3895.5636681242045,3854.7821688707118,3882.35986328125,1825432
2024-11-18,INFY.NS,1758.0049000608628,1758.0049000608628,1706.4778709351956,1722.1165771484375,4839244
2024-11-18,TCS.NS,3945.1945196123975,3945.1945196123975,3736.5570803515161,3763.99462890625,3313944
2024-11-19,INFY.NS,1735.4737552340218,1767.987103735295,1730.7679155470983,1734.7607421875,4669769
2024-11-19,TCS.NS,3764.3689639428794,3869.4836251204438,3758.9378324985801,3782.77001953125,1776233
2024-11-21,INFY.NS,1751.1600648219601,1774.9271666789355,1730.8154024223286,1743.6021728515625,5436504
2024-11-21,TCS.NS,3787.7798692512988,3832.3073290355883,3768.2085000510119,3813.953369140625,2384347
2024-11-22,INFY.NS,1762.6633798054363,1819.6569616576032,1743.5546524623389,1808.4388427734375,6301486
2024-11-22,TCS.NS,3812.2211691072102,3984.4783119791628,3796.3017979760821,3974.7861328125,3096553
2024-11-25,INFY.NS,1821.5107285834974,1824.6480325215346,1789.1874693080074,1796.5076904296875,12764638
2024-11-25,TCS.NS,4007.9352926366291,4052.9778344533938,3981.9026248012469,4040.80419921875,4052167
2024-11-26,INFY.NS,1811.00558516297,1842.9961275482167,1803.7329448177684,1829.2587890625,6850495
2024-11-26,TCS.NS,4046.3761596770751,4089.0309838207618,4036.0287514597285,4076.0146484375,2060669
2024-11-27,INFY.NS,1834.9152380654443,1845.6580141122217,1817.4702091826562,1829.5914306640625,4447143
2024-11-27,TCS.NS,4081.8674768285296,4099.1444026279705,4049.1855779681123,4057.145263671875,1558993
2024-11-28,INFY.NS,1820.4648690644453,1820.4648690644453,1760.3341042723987,1765.0875244140625,8468790
2024-11-28,TCS.NS,4044.4564672909987,4064.0749328901306,3963.9231826910855,3975.066650390625,2558544
2024-11-29,INFY.NS,1759.8112760192771,1784.4340168837268,1754.0121263454853,1766.2283935546875,5244346
2024-11-29,TCS.NS,3951.7496928270443,4025.4471981947222,3928.9474437906947,3999.367431640625,2017425
2024-12-02,INFY.NS,1767.3216723437565,1789.9479994533772,1744.6953452341356,1787.095947265625,2868263
2024-12-02,TCS.NS,3998.571635878377,4015.6149109940702,3961.1609291279406,4004.798828125,1670944
2024-12-03,INFY.NS,1793.9408410909798,1806.0620629902432,1778.8725217831325,1798.789306640625,4715792
2024-12-03,TCS.NS,4040.1019779033772,4050.0749032686222,3994.3104710236757,4029.2392578125,2010905
2024-12-04,INFY.NS,1791.0888644737497,1819.56180716774,1782.5327074778559,1796.0799560546875,4705573
2024-12-04,TCS.NS,4039.352315106556,4108.0868959565623,4016.4096956397384,4077.605712890625,3302642
2024-12-05,INFY.NS,1806.2997139926326,1853.7388717964993,1795.7946087095554,1839.4310302734375,9050038
2024-12-05,TCS.NS,4121.0562276150313,4203.6498424807387,4082.8499249757228,4180.28564453125,3746747
2024-12-06,INFY.NS,1837.4822303839658,1842.3781605401093,1818.0882520037569,1827.5950927734375,3573331
2024-12-06,TCS.NS,4169.9387792738089,4181.1759823619041,4132.2473272491579,4162.91552734375,1842087
2024-12-09,INFY.NS,1829.3062538776032,1835.0103583375276,1803.6377838079438,1828.783447265625,4274645
2024-12-09,TCS.NS,4148.8217583397191,4185.2955668441409,4134.8685341508617,4169.14208984375,2066639
2024-12-10,INFY.NS,1843.3764867481466,1868.6646608292151,1836.7216979873231,1852.45556640625,6174921
2024-12-10,TCS.NS,4144.7954906223831,4208.1451322662288,4131.6387814286791,4150.78857421875,2087828
2024-12-11,INFY.NS,1858.5873457085745,1880.4530791874988,1855.7352935156714,1876.79296875,5025612
2024-12-11,TCS.NS,4150.1329112766762,4165.8648112282308,4126.8624472810225,4146.0126953125,1635256
2024-12-12,INFY.NS,1877.7910373725811,1900.2272731742939,1873.370449502188,1889.0091552734375,6462130
2024-12-12,TCS.NS,4148.4470882432333,4199.9042925169488,4144.6547154247519,4171.7646484375,1914642
2024-12-13,INFY.NS,1872.6099443049989,1907.5000032058549,1857.4465798294907,1901.0828857421875,5362693
2024-12-13,TCS.NS,4153.0364389895194,4209.175359798749,4115.0637815989321,4189.51025390625,1967048
2024-12-16,INFY.NS,1897.0424188970678,1900.9877808683423,1880.0727320137089,1882.4019775390625,3119221
2024-12-16,TCS.NS,4175.5571096166586,4190.5400460943147,4117.4982307657428,4134.54150390625,1646224
2024-12-17,INFY.NS,1870.9463322304846,1884.2559097971648,1861.4394911114271,1879.1221923828125,5811050
2024-12-17,TCS.NS,4129.6718718414286,4151.1632042757365,4043.5199869866869,4053.3525390625,3225027
2024-12-18,INFY.NS,1869.8054617493733,1887.060284654621,1864.8618349910091,1881.54638671875,3064095
2024-12-18,TCS.NS,4037.6206752449448,4084.7230993856178,4016.9254025729683,4071.47265625,1575404
2024-12-19,INFY.NS,1838.6230140993659,1863.1031292043601,1825.3134369549032,1850.2213134765625,5323592
2024-12-19,TCS.NS,4009.8081672667645,4086.5957127398788,3991.0794976391758,4000.35009765625,3015763
2024-12-20,INFY.NS,1877.7435525214451,1882.3067661561822,1816.9948208472201,1827.3572998046875,11056720
2024-12-20,TCS.NS,4053.8206774936325,4103.4516536791634,3888.5401624606857,3905.20849609375,4116989
2024-12-23,INFY.NS,1834.8679229200879,1844.3271834459897,1814.8559758754609,1829.4014892578125,2781793
2024-12-23,TCS.NS,3933.067782725499,3948.9405152393119,3853.3305526486893,3893.9716796875,2195338
2024-12-24,INFY.NS,1832.015755380025,1846.2284355881454,1749.2586619372746,1814.9034423828125,2360544
2024-12-24,TCS.NS,3893.9714006937238,3949.8766658457575,3893.9714006937238,3913.823974609375,1181886
2024-12-26,INFY.NS,1814.9034908105154,1825.0757640546135,1808.4863732653307,1813.3348388671875,3623321
2024-12-26,TCS.NS,3913.8240225503459,3932.9742715466155,3879.7845715564272,3904.085205078125,1208464
2024-12-27,INFY.NS,1815.2361283318478,1829.258717915249,1810.0073661143083,1822.2236328125,3937500
2024-12-27,TCS.NS,3898.3729751865649,3915.1821407656116,3883.6241463710021,3900.10546875,858100
2024-12-30,INFY.NS,1821.2254956591669,1821.5107473111229,1793.4655661808106,1812.00390625,7789055
2024-12-30,TCS.NS,3887.1352110465127,3932.3647633200494,3850.6143068714191,3894.439208984375,1527169
2024-12-31,INFY.NS,1798.9794709559926,1803.4476395627287,1754.0596496753712,1787.2860107421875,3613063
2024-12-31,TCS.NS,3872.1526387464664,3876.7881676077986,3775.7468527515462,3834.508056640625,1555429
2025-01-01,INFY.NS,1781.5819053214227,1799.5973216045268,1781.5819053214227,1789.6627197265625,1838368
2025-01-01,TCS.NS,3834.1337199173759,3871.2165826951264,3825.7526847478371,3851.03662109375,763161
2025-01-02,INFY.NS,1793.9409285299619,1865.8602051810894,1792.3248119514092,1861.296875,7083645
2025-01-02,TCS.NS,3858.1063282045143,3917.1016434173503,3836.5217172023972,3910.3125,1720835
2025-01-03,INFY.NS,1856.6384617090841,1856.6384617090841,1827.214835312903,1843.1387939453125,6218003
2025-01-03,TCS.NS,3914.2454689148967,3914.2454689148967,3832.1669338378674,3839.28369140625,1791953
2025-01-06,INFY.NS,1855.7352837034794,1875.6996489482401,1832.9188662808956,1842.2830810546875,7164403
2025-01-06,TCS.NS,3844.5283541165863,3885.8718083589506,3807.9137069144963,3834.69580078125,2085593
2025-01-07,INFY.NS,1849.0806215360017,1861.962437838805,1828.7835386947554,1835.62841796875,4294832
2025-01-07,TCS.NS,3853.3777060174593,3877.1630285076126,3756.5503325742256,3772.235595703125,2669054
2025-01-08,INFY.NS,1834.8202633622047,1842.9961231909604,1795.6045452981161,1837.81494140625,5482050
2025-01-08,TCS.NS,3778.415783789389,3863.7249749019579,3762.3560392419636,3847.24365234375,2181277
2025-01-09,INFY.NS,1838.6705399259386,1855.5926464465324,1816.3294646707038,1822.74658203125,6833503
2025-01-09,TCS.NS,3840.3139999504324,3874.7279330150941,3769.4260257292876,3782.11474609375,2392472
2025-01-10,INFY.NS,1841.4750563728469,1880.2630131182193,1836.9593070090002,1869.947998046875,8036913
2025-01-10,TCS.NS,3933.0210297536037,4023.8550868693414,3904.9280223982209,3994.497802734375,7894300
2025-01-13,INFY.NS,1859.5380561145209,1885.0164358188285,1852.8832675701437,1865.4322509765625,5804152
2025-01-13,TCS.NS,3975.1604002333588,4048.1555779946561,3958.6790783856877,4018.330078125,4003771
2025-01-14,INFY.NS,1871.7543886244132,1874.5589763818855,1835.8660634362316,1844.374755859375,5792162
2025-01-14,TCS.NS,4028.537000624965,4039.6804680576988,3950.8596572903593,3963.9697265625,3441709
2025-01-15,INFY.NS,1850.9818847069971,1861.4869901029845,1841.5700892018165,1853.501220703125,2985439
2025-01-15,TCS.NS,3949.876384278346,3985.882434168278,3939.9971940474534,3979.4677734375,1653474
2025-01-16,INFY.NS,1868.9973329214629,1869.948017007702,1822.3187674971882,1833.3466796875,7533579
2025-01-16,TCS.NS,3989.2070766249749,4021.0458185510897,3925.3892191834284,3938.92041015625,2637705
2025-01-17,INFY.NS,1759.7161759087412,1766.3709642563163,1722.6394979722525,1725.9193115234375,16409953
2025-01-17,TCS.NS,3967.1487909240691,3967.8165423249693,3910.0718784676169,3933.1982421875,1761466
2025-01-20,INFY.NS,1733.0496195308024,1737.8030402662885,1704.7193015774908,1723.8756103515625,4333011
2025-01-20,TCS.NS,3953.7019785590901,3953.7019785590901,3879.6025285384753,3888.85302734375,1287799
2025-01-21,INFY.NS,1729.3418737355341,1741.3204695981628,1704.6240883474466,1711.896728515625,7169109
2025-01-21,TCS.NS,3905.5422311742732,3920.5147170966852,3843.2678934321675,3848.846923828125,1971591
2025-01-22,INFY.NS,1718.2663563557289,1773.7863274775441,1716.1273172666631,1764.8973388671875,8373913
2025-01-22,TCS.NS,3862.3414621912134,3970.2485138616216,3856.8101611858801,3964.002197265625,2409223
2025-01-23,INFY.NS,1766.3709415521739,1786.8582289789933,1761.3322697336553,1773.4534912109375,5907471
2025-01-23,TCS.NS,3974.8736003633499,3997.1417593700044,3948.2184915647281,3953.36865234375,1822998
2025-01-24,INFY.NS,1773.501188842313,1801.4513245969808,1772.312833717117,1782.96044921875,4887027
2025-01-24,TCS.NS,3913.838960500178,3984.4101308405807,3913.838960500178,3959.94873046875,1910099
2025-01-27,INFY.NS,1757.5772848453794,1771.1245336940863,1722.639643077662,1732.146484375,7652371
2025-01-27,TCS.NS,3911.931938025521,3963.7636988388535,3853.806130953275,3876.789306640625,1551782
2025-01-28,INFY.NS,1739.7519532584283,1771.5998715284597,1734.9034874184256,1739.5142822265625,6999495
2025-01-28,TCS.NS,3882.1773422914675,3911.9316269694687,3841.6466026166254,3853.090576171875,2468272
2025-01-29,INFY.NS,1754.0120684956396,1795.5094503993766,1749.7339902797964,1788.474365234375,5145155
2025-01-29,TCS.NS,3866.1558486444769,3917.5107746444246,3866.1558486444769,3909.83349609375,1217089
2025-01-30,INFY.NS,1780.7738303869369,1794.1308715011382,1753.0613674474346,1768.2247314453125,7336056
2025-01-30,TCS.NS,3909.9290649379491,3938.5390004832252,3870.4474470167688,3910.072021484375,1531251
2025-01-31,INFY.NS,1778.729881094765,1803.875428129993,1778.729881094765,1787.095947265625,5820470
2025-01-31,TCS.NS,3919.5609078155994,3937.1562032629076,3895.9577125678047,3921.849609375,1492943
2025-02-01,INFY.NS,1787.571323971164,1797.3633003755383,1754.9628135718901,1760.0489501953125,1701402
2025-02-01,TCS.NS,3922.4223269383592,3944.2611521846111,3868.0634471339617,3884.418701171875,437172
2025-02-03,INFY.NS,1745.4560668085503,1784.0063547913574,1742.0336271425169,1771.4097900390625,4823228
2025-02-03,TCS.NS,3844.1261184510477,3888.0901447868278,3813.4181682881867,3880.126953125,1265713
2025-02-04,INFY.NS,1795.8423067996916,1816.9474478919842,1782.5327290891591,1805.1590576171875,7334787
2025-02-04,TCS.NS,3894.4796324423637,3928.0010789730964,3877.6475473199966,3916.74755859375,2547132
2025-02-05,INFY.NS,1812.0038151596648,1825.0281403385413,1800.8808580974301,1803.4952392578125,4996744
2025-02-05,TCS.NS,3957.7078578894043,3957.7078578894043,3887.1366816282439,3901.537109375,1693912
2025-02-06,INFY.NS,1822.4613788117699,1829.1161673624649,1806.2997494743677,1821.177978515625,4765255
2025-02-06,TCS.NS,3915.1741382241371,3947.6941907477535,3863.8194446871762,3893.57373046875,2284536
2025-02-07,INFY.NS,1824.6480044797211,1828.8309215990796,1796.2699917999128,1809.769775390625,4126260
2025-02-07,TCS.NS,3900.4877171705862,3900.4877171705862,3822.2872299314695,3842.695556640625,1548940
2025-02-10,INFY.NS,1811.0531389851265,1811.0531389851265,1785.9550565261386,1787.5712890625,3828734
2025-02-10,TCS.NS,3852.804719489709,3864.248693904035,3828.3433173103899,3849.89599609375,1339511
2025-02-11,INFY.NS,1790.2331848086437,1809.1518213900456,1777.7792464526458,1783.150634765625,4411601
2025-02-11,TCS.NS,3832.2053307443857,3852.8045770599656,3771.7430946218228,3779.89697265625,1810908
2025-02-12,INFY.NS,1792.0395140512057,1801.1660581275596,1755.9135185424811,1771.26708984375,5633947
2025-02-12,TCS.NS,3787.0971330231032,3835.4001461018029,3757.5810309224153,3767.11767578125,1678002
2025-02-13,INFY.NS,1776.3532848619434,1781.106705479717,1745.1233346132335,1752.3485107421875,5237744
2025-02-13,TCS.NS,3784.1407764523092,3799.8285110793609,3721.437334907012,3728.97119140625,2277310
2025-02-14,INFY.NS,1762.568310549922,1767.6069826690268,1738.1832403249714,1764.8499755859375,5292961
2025-02-14,TCS.NS,3743.133167001155,3765.0674505275315,3719.2915544724856,3752.52685546875,1681975
2025-02-17,INFY.NS,1747.8801254076848,1761.3797918708847,1732.2888845014002,1751.4451904296875,4428956
2025-02-17,TCS.NS,3677.8068710719904,3751.7158643322209,3677.5207251775951,3723.582763671875,1799806
2025-02-18,INFY.NS,1751.4453759773471,1769.8410902296603,1746.977091046225,1760.619384765625,4365260
2025-02-18,TCS.NS,3717.7654522168559,3742.5607282734563,3685.4363200281987,3693.733154296875,2149879
2025-02-19,INFY.NS,1756.2937934312417,1758.0049551458681,1716.840404092615,1721.498779296875,4611411
2025-02-19,TCS.NS,3692.779666465734,3695.4022438663942,3593.5508277041968,3608.761962890625,4366672
2025-02-20,INFY.NS,1716.5077280780874,1740.7025920720746,1716.5077280780874,1735.14111328125,2218020
2025-02-20,TCS.NS,3587.2090394887168,3612.4811488989126,3577.4817080927064,3604.279541015625,2888572
2025-02-21,INFY.NS,1731.956275207461,1739.6092122968646,1717.1255109603246,1725.4915771484375,3379879
2025-02-21,TCS.NS,3601.132301721791,3640.1370832843249,3600.083177730764,3610.573486328125,1833931
2025-02-24,INFY.NS,1711.2789698500455,1718.8368620656656,1663.9348549947076,1677.101806640625,7594720
2025-02-24,TCS.NS,3569.709405563437,3588.830426562075,3499.9489361125529,3505.28955078125,2508516
2025-02-25,INFY.NS,1659.0863139546623,1690.7440235880381,1659.0863139546623,1680.524169921875,5092963
2025-02-25,TCS.NS,3457.033826816381,3488.5047554467092,3453.4575849265707,3461.373046875,4101954
2025-02-27,INFY.NS,1668.6406740984421,1688.2723238346587,1664.7428925260701,1677.2919921875,5757079
2025-02-27,TCS.NS,3444.3501806796594,3469.4316047064931,3433.8598707149063,3445.160888671875,3823856
2025-02-28,INFY.NS,1668.4982752722037,1668.5457398498413,1599.4785126706022,1604.4696044921875,12182167
2025-02-28,TCS.NS,3418.8394378860298,3433.1921349045429,3296.8181139902795,3321.851806640625,7085018
2025-03-03,INFY.NS,1608.8427856333933,1643.3525496222132,1608.8427856333933,1624.3388671875,7504969
2025-03-03,TCS.NS,3323.5209518650067,3359.9986208488913,3315.0809274786084,3331.197998046875,4990439
2025-03-04,INFY.NS,1611.4095762179882,1615.2123126810395,1587.6424733239176,1605.0400390625,6759673
2025-03-04,TCS.NS,3313.0308364179382,3386.4630109729701,3303.7803363188682,3368.39111328125,2797737
2025-03-05,INFY.NS,1608.9852468032536,1647.4879525703643,1608.9852468032536,1627.0958251953125,8180782
2025-03-05,TCS.NS,3357.7098367858857,3433.5261665416378,3357.7098367858857,3382.69580078125,2501894
2025-03-06,INFY.NS,1630.4231429408271,1637.3631829139892,1607.7017709749155,1631.231201171875,10610547
2025-03-06,TCS.NS,3392.1849716997262,3442.2046332492396,3372.2534747527311,3434.718505859375,2786513
2025-03-07,INFY.NS,1619.1100684643093,1620.9163914654462,1592.8712104987419,1602.8533935546875,8019331
2025-03-07,TCS.NS,3433.1922948860747,3457.0339080450058,3408.778389880028,3443.873291015625,2051315
2025-03-10,INFY.NS,1602.8533592169706,1634.2259338635661,1593.5366088108908,1617.5413818359375,7558981
2025-03-10,TCS.NS,3439.3908724736634,3454.268131170074,3416.5983850276339,3423.321533203125,1004626
2025-03-11,INFY.NS,1597.1492261839649,1597.1492261839649,1556.3173920894415,1579.6566162109375,12671234
2025-03-11,TCS.NS,3393.1382764053142,3422.4634596541796,3373.7311107824903,3409.63671875,1995450
2025-03-12,INFY.NS,1556.1746748414012,1556.1746748414012,1486.6796971141694,1512.3956298828125,14870008
2025-03-12,TCS.NS,3399.8137980328515,3403.8668719856255,3325.2850136560769,3343.73828125,3174167
2025-03-13,INFY.NS,1520.381526929375,1526.8462251444753,1492.8592690164621,1501.938232421875,7822888
2025-03-13,TCS.NS,3340.0189616732987,3360.9995790197195,3322.6623157069057,3348.363525390625,1693004
2025-03-17,INFY.NS,1468.949515897204,1515.3904095675546,1468.949515897204,1511.63525390625,7526032
2025-03-17,TCS.NS,3327.3354895121856,3366.8648370538099,3316.2253910548311,3335.63232421875,2690906
2025-03-18,INFY.NS,1511.63525390625,1511.63525390625,1511.63525390625,1511.63525390625,0
2025-03-18,TCS.NS,3335.63232421875,3335.63232421875,3335.63232421875,3335.63232421875,0
2025-03-19,INFY.NS,1523.9465678973438,1523.9465678973438,1495.2359553339961,1508.307861328125,7387068
2025-03-19,TCS.NS,3382.6480693895237,3382.6480693895237,3302.3018331769308,3335.060302734375,3051244
2025-03-20,INFY.NS,1513.4891497172634,1551.4214700841842,1513.4891497172634,1535.8778076171875,7186750
2025-03-20,TCS.NS,3349.2694740035772,3413.1172609471969,3349.2694740035772,3398.04931640625,2845192
2025-03-21,INFY.NS,1500.1320035723254,1524.802326821007,1486.5372898982932,1514.0120849609375,10074677
2025-03-21,TCS.NS,3313.9839861740302,3448.6890906480107,3304.4473416095007,3412.306884765625,4161925
2025-03-24,INFY.NS,1519.1455370257738,1527.8443193262497,1495.1407646724408,1514.2020263671875,8857726
2025-03-24,TCS.NS,3433.1919980242437,3480.6368041080509,3401.3396987294232,3460.800537109375,1834751
2025-03-25,INFY.NS,1525.8479837202599,1555.4618167078199,1525.8479837202599,1548.1414794921875,9890140
2025-03-25,TCS.NS,3476.106891643813,3538.095080383689,3469.4312405487494,3488.26611328125,3135390
2025-03-26,INFY.NS,1545.8123648464964,1556.9829031533513,1516.3411573986234,1520.5716552734375,6651302
2025-03-26,TCS.NS,3478.7297405017125,3509.9622534210275,3457.8445807190283,3467.33349609375,1734499
2025-03-27,INFY.NS,1516.8640098840594,1540.0606082841557,1507.7849306219216,1524.469482421875,9426573
2025-03-27,TCS.NS,3447.3542105169909,3493.2730630548403,3443.2056768112207,3482.019775390625,2528474
2025-03-28,INFY.NS,1511.5877308709687,1519.620965158934,1483.0672076469882,1493.1920166015625,6799047
2025-03-28,TCS.NS,3481.829074680501,3491.3179898494645,3425.467409839091,3439.05712890625,2051919
2025-04-01,INFY.NS,1463.3404602190724,1471.0885586286036,1442.9957978349414,1451.21923828125,12680733
2025-04-01,TCS.NS,3407.1571321951615,3417.9335876728378,3361.6673818489821,3386.27197265625,2618493
2025-04-02,INFY.NS,1459.4902057913214,1478.9317655581158,1459.4902057913214,1473.7030029296875,6193478
2025-04-02,TCS.NS,3379.7872317472165,3398.9559827109488,3366.4836575784243,3379.739501953125,1764313
2025-04-03,INFY.NS,1458.967226269639,1458.967226269639,1411.8133230002038,1422.6986083984375,10459504
2025-04-03,TCS.NS,3329.2426512460952,3339.732960373482,3238.7874835027424,3245.463134765625,4537821
2025-04-04,INFY.NS,1388.4742004590178,1399.4070681791675,1376.5906485892897,1380.0606689453125,9590254
2025-04-04,TCS.NS,3206.7925383276747,3242.1256239661316,3142.8015533053699,3146.520751953125,5317367
2025-04-07,INFY.NS,1285.3248095467156,1336.5667020131123,1242.5440281638737,1327.867919921875,21715252
2025-04-07,TCS.NS,2956.3600978903933,3138.8913991901291,2914.4465875843412,3122.345458984375,6623955
2025-04-08,INFY.NS,1360.4288608109712,1384.6713038233261,1345.2179161757683,1358.33740234375,12805001
2025-04-08,TCS.NS,3149.0478246149446,3193.8223251274489,3104.4640104316932,3140.369384765625,5557558
2025-04-09,INFY.NS,1335.7587360969751,1339.9416532809853,1313.7503760547593,1334.4752197265625,8546854
2025-04-09,TCS.NS,3109.47105463043,3118.4831382349053,3063.2183230694536,3096.16748046875,2990265
2025-04-11,INFY.NS,1341.652928180614,1367.8443214006479,1328.1532604606723,1339.941650390625,12567440
2025-04-11,TCS.NS,3137.1268682181048,3146.0912207172287,3057.4481586289262,3081.7666015625,7108961
2025-04-15,INFY.NS,1374.3089224037624,1376.3053358191778,1339.513907284088,1355.675537109375,10178530
2025-04-15,TCS.NS,3160.8256612772952,3160.8256612772952,3088.5380753385457,3097.693115234375,3512160
2025-04-16,INFY.NS,1354.7249077086744,1357.1016180730755,1327.9156612183533,1343.4117431640625,12022740
2025-04-16,TCS.NS,3097.6927866639667,3126.2074931097409,3079.3824759862141,3122.106689453125,2384391
2025-04-17,INFY.NS,1329.0563853909828,1359.2881865002564,1310.3279548495871,1349.49609375,14264227
2025-04-17,TCS.NS,3095.1181104037555,3150.5261105492141,3068.8923368600476,3146.043701171875,2932346
2025-04-21,INFY.NS,1340.4645789137878,1399.2169026224717,1340.4645789137878,1379.442626953125,15648970
2025-04-21,TCS.NS,3137.6514646949968,3198.5905292315319,3131.9294780595201,3167.69189453125,2432946
2025-04-22,INFY.NS,1368.9850198763202,1368.9850198763202,1349.3059066357173,1352.63330078125,9399738
2025-04-22,TCS.NS,3168.6459191470717,3179.4221422728888,3142.3246845006793,3160.82568359375,2710498
2025-04-23,INFY.NS,1374.6891479419496,1414.4277879886072,1368.6047467603623,1402.1639404296875,11136642
2025-04-23,TCS.NS,3209.081037662751,3262.390790001095,3182.6645776182195,3254.85693359375,3543923
2025-04-24,INFY.NS,1397.4105217628291,1409.7694145318515,1389.4247524558623,1398.8365478515625,7114292
2025-04-24,TCS.NS,3243.5085192985021,3254.380201786355,3230.7292749264034,3243.9853515625,2252175
2025-04-25,INFY.NS,1402.7343459374797,1427.642222162945,1391.3261370921732,1407.2025146484375,8329979
2025-04-25,TCS.NS,3261.5325021411868,3316.6543553219699,3247.2275350265327,3288.235107421875,2742991
2025-04-28,INFY.NS,1407.2024661808139,1416.1389193452367,1393.0373668593481,1409.0087890625,5886253
2025-04-28,TCS.NS,3275.8374555179821,3297.5810520067189,3247.2275214086549,3283.943603515625,1593296
2025-04-29,INFY.NS,1408.9138107783806,1435.3428747016321,1401.4033833138335,1423.6494140625,8056743
2025-04-29,TCS.NS,3294.9109682944113,3333.0575496928996,3271.450727603039,3311.60009765625,1578332
2025-04-30,INFY.NS,1422.9839060733532,1434.3921144618078,1409.4841231835037,1426.12109375,7704183
2025-04-30,TCS.NS,3311.1230046185042,3347.266794515735,3210.0345718738149,3293.6708984375,2809332
2025-05-02,INFY.NS,1425.7408206525301,1448.0818957850281,1422.4134264838601,1432.5858154296875,7402310
2025-05-02,TCS.NS,3311.1231943128828,3329.7196523454577,3261.5326395593488,3272.02294921875,1721761
2025-05-05,INFY.NS,1440.2864278864722,1447.8919007730015,1428.6881281546378,1434.2020263671875,4282493
2025-05-05,TCS.NS,3290.1426041887753,3342.1173206897283,3286.7093187748424,3294.243408203125,1284443
2025-05-06,INFY.NS,1431.7302219442606,1440.8567658860361,1425.170478593818,1436.958984375,4270530
2025-05-06,TCS.NS,3299.67919921875,3312.0768378285311,3277.7449155245213,3299.67919921875,1324763
2025-05-07,INFY.NS,1426.0261456909091,1443.8990531370239,1422.7937965506155,1433.9168701171875,5691799
2025-05-07,TCS.NS,3262.1047034495318,3299.2021573396319,3262.1047034495318,3285.469482421875,1477128
2025-05-08,INFY.NS,1433.631664427957,1441.7124795125974,1427.1669659401214,1436.864013671875,8424409
2025-05-08,TCS.NS,3288.2350568363695,3315.89132616591,3269.8292861996833,3289.09326171875,2543591
2025-05-09,INFY.NS,1426.6915991963783,1436.8639888159648,1420.4171072727893,1433.2513427734375,4478653
2025-05-09,TCS.NS,3241.5054574508877,3286.5183728127727,3240.6472525793256,3280.891845703125,2531757
2025-05-12,INFY.NS,1461.2014458755218,1551.5164343974311,1456.4480254270004,1546.66796875,11372857
2025-05-12,TCS.NS,3342.5939426230407,3462.2788327226672,3339.9236355611461,3452.646728515625,2228678
2025-05-13,INFY.NS,1529.6507024801845,1532.6928451513845,1487.4403056280353,1491.2430419921875,12846210
2025-05-13,TCS.NS,3452.6470087979292,3455.1266297341749,3347.8393689433678,3352.130859375,3062887
2025-05-14,INFY.NS,1496.3767741072957,1516.3411402167324,1492.0986956552736,1513.869384765625,4870057
2025-05-14,TCS.NS,3357.8525838336896,3395.999162462871,3346.027237589939,3384.26904296875,2119499
2025-05-15,INFY.NS,1511.3975456512203,1538.7771765983814,1493.5246391320036,1533.453369140625,11151167
2025-05-15,TCS.NS,3398.8602651386764,3433.192187008764,3351.2724999000479,3414.0234375,3548330
2025-05-16,INFY.NS,1533.0731584594146,1533.0731584594146,1503.5069061207216,1511.49267578125,4576751
2025-05-16,TCS.NS,3427.3747231188299,3427.3747231188299,3381.7897466844238,3396.285400390625,1666727
2025-05-19,INFY.NS,1498.7533295424078,1506.8341435615073,1478.9790558755526,1482.876953125,8855798
2025-05-19,TCS.NS,3385.5089240585153,3385.5089240585153,3341.3542118072583,3355.754638671875,2537377
2025-05-20,INFY.NS,1492.5739041263851,1505.4081383338412,1481.1656959419795,1483.637451171875,7143998
2025-05-20,TCS.NS,3368.1523508133114,3393.1383143193784,3332.103785899918,3336.20458984375,2038374
2025-05-21,INFY.NS,1490.5775619923861,1493.5246593705174,1475.556707413097,1491.14794921875,4157309
2025-05-21,TCS.NS,3345.4549019480219,3373.111171091834,3336.2044033172906,3362.43017578125,1440153
2025-05-22,INFY.NS,1478.789066286349,1483.8277382618005,1464.0534632471729,1471.18359375,6158990
2025-05-22,TCS.NS,3333.0573178571908,3335.7276249349993,3291.3822271437662,3315.891357421875,2034383
2025-05-23,INFY.NS,1473.5603223754533,1508.9257236923431,1473.5603223754533,1487.6304931640625,5038421
2025-05-23,TCS.NS,3315.8913900733005,3371.2039297984234,3305.0197081551764,3351.749267578125,1274331
2025-05-26,INFY.NS,1489.3414997424045,1505.6933338273104,1485.6338090106342,1502.5560302734375,3170102
2025-05-26,TCS.NS,3357.8529261364361,3380.7408756471646,3347.4580755316188,3373.397705078125,967470
2025-05-27,INFY.NS,1501.985817890451,1504.8378701621398,1479.6447417622219,1492.6690673828125,7775714
2025-05-27,TCS.NS,3368.3430118958113,3375.9723278910451,3321.708911006242,3336.5859375,2467680
2025-05-28,INFY.NS,1503.0315254066693,1509.4010623010483,1492.5740005619675,1494.2852783203125,3623370
2025-05-28,TCS.NS,3356.8990894476624,3365.4820700740911,3331.1501475683763,3335.63232421875,1222933
2025-05-29,INFY.NS,1510.6370121873999,1529.5556487030169,1498.8485063145804,1507.4046630859375,8609500
2025-05-29,TCS.NS,3342.3079620855306,3368.8198820327834,3324.951314566822,3336.013916015625,3188072
2025-05-30,INFY.NS,1514.5387348868949,1515.5027951891782,1499.2101525439637,1506.5369873046875,13148092
2025-05-30,TCS.NS,3328.2892004179307,3344.2153514588645,3293.0990724903722,3302.921630859375,3404365
2025-06-02,INFY.NS,1503.9340358386107,1503.9340358386107,1483.6887699715526,1497.9569091796875,4374509
2025-06-02,TCS.NS,3290.1423464802542,3299.678990962806,3260.1973759363364,3289.95166015625,1877585
2025-06-03,INFY.NS,1502.9700087561519,1510.9717563250315,1480.410974183671,1487.5450439453125,6853403
2025-06-03,TCS.NS,3286.3277699067066,3312.5535428818762,3242.9360364386989,3247.418212890625,2848125
2025-06-04,INFY.NS,1487.5450698528341,1501.3311794658816,1486.0025968815146,1495.4503173828125,4548307
2025-06-04,TCS.NS,3260.6957796433117,3266.2762443041534,3242.4151010321511,3252.90234375,2544807
2025-06-05,INFY.NS,1492.2689554139665,1511.3572786610305,1486.195328477135,1498.43896484375,6948539
2025-06-05,TCS.NS,3279.9386829080418,3279.9386829080418,3236.3536484436859,3243.4736328125,3584683
2025-06-06,INFY.NS,1498.8244913615613,1512.5142181403369,1487.6414154926169,1507.5975341796875,3960020
2025-06-06,TCS.NS,3243.473730125776,3262.5239346599506,3231.5430403786086,3256.07763671875,2070390
2025-06-09,INFY.NS,1521.2871674371763,1530.9277705261318,1514.5387452749073,1516.3704833984375,2903202
2025-06-09,TCS.NS,3271.27954690969,3303.9923423787868,3262.5239694574043,3292.350341796875,1718678
2025-06-10,INFY.NS,1527.0715350387688,1549.7269523830939,1520.8051430073597,1538.6402587890625,8591925
2025-06-10,TCS.NS,3309.7651599636156,3353.8312663403485,3293.6011435982041,3331.798095703125,2419874
2025-06-11,INFY.NS,1532.9521677606001,1575.8528485433976,1532.9521677606001,1572.4786376953125,10597410
2025-06-11,TCS.NS,3338.6295454395231,3356.9102259476931,3318.5208908396253,3340.45751953125,2847013
2025-06-12,INFY.NS,1558.8856061675938,1569.4902701551284,1540.6648417796544,1550.7874755859375,10483574
2025-06-12,TCS.NS,3340.4572389790806,3343.1512807546196,3293.6010193282204,3304.1845703125,4060134
2025-06-13,INFY.NS,1519.3591134860721,1551.1731050755648,1513.7675163758718,1544.4246826171875,6968315
2025-06-13,TCS.NS,3264.7366235777054,3319.8673469756482,3264.7366235777054,3315.2490234375,2178493
2025-06-16,INFY.NS,1542.4964798976407,1576.0458254086714,1539.7006814911979,1565.441162109375,5591842
2025-06-16,TCS.NS,3309.765249187461,3376.1529823833721,3296.4876555687347,3363.933837890625,1934088
2025-06-17,INFY.NS,1562.4526165107441,1588.193099360836,1557.535932091381,1580.962646484375,7622083
2025-06-17,TCS.NS,3377.1147173394984,3386.7361267906081,3356.0439246006449,3382.214111328125,2111940
2025-06-18,INFY.NS,1562.7417700471647,1585.5899524311051,1562.7417700471647,1574.214111328125,5629707
2025-06-18,TCS.NS,3385.8705329382847,3404.0549041256045,3312.7478159474581,3320.7333984375,2696327
2025-06-19,INFY.NS,1565.5375611980423,1571.4183055533617,1553.5831898154863,1560.2352294921875,5147760
2025-06-19,TCS.NS,3319.3865161075769,3320.3486571267385,3283.7872983985972,3294.370849609375,2672768
2025-06-20,INFY.NS,1560.8136276168789,1572.0930860674746,1551.0766421115491,1564.573486328125,9202821
2025-06-20,TCS.NS,3295.3328241415052,3315.826473793808,3281.7665424976394,3305.627685546875,2351248
2025-06-23,INFY.NS,1543.4605584963404,1543.4605584963404,1518.7806380620095,1527.071533203125,7943676
2025-06-23,TCS.NS,3285.7113041508937,3295.3327135334735,3242.4149619292862,3265.12158203125,3123421
2025-06-24,INFY.NS,1543.4604830931148,1551.172965207259,1519.9373891083474,1524.7576904296875,8083992
2025-06-24,TCS.NS,3304.5695443647028,3311.7856018031362,3253.9608342374113,3262.042724609375,3403048
2025-06-25,INFY.NS,1532.8558375256184,1561.6812632899293,1528.1319186406413,1556.8609619140625,7813533
2025-06-25,TCS.NS,3278.3030139670477,3319.3863869066126,3271.2793378210094,3314.38330078125,1757699
2025-06-26,INFY.NS,1550.9803214172216,1565.6339915058402,1548.8593180602195,1557.9215087890625,6519233
2025-06-26,TCS.NS,3314.3832490719788,3320.7332385135887,3286.000090554292,3311.496826171875,2879106
2025-06-27,INFY.NS,1560.8136478253264,1571.0326636135578,1544.8102701550988,1550.208984375,8912268
2025-06-27,TCS.NS,3324.1971522580116,3335.1654656898822,3301.1057682770588,3310.823486328125,1778433
2025-06-30,INFY.NS,1556.9573602116636,1556.9573602116636,1536.8084767193552,1544.2318115234375,6294505
2025-06-30,TCS.NS,3309.6684763486301,3333.7219994910738,3300.1433751432969,3330.931884765625,1468351
2025-07-01,INFY.NS,1551.1730095922587,1559.5602870581276,1542.9784971115041,1549.0521240234375,4178937
2025-07-01,TCS.NS,3324.1969490999145,3353.06117731207,3284.268100073099,3299.854736328125,2375183
2025-07-02,INFY.NS,1559.8495930029494,1589.7354628318069,1545.7743359105034,1552.619140625,8653641
2025-07-02,TCS.NS,3355.1779803217332,3357.7757139896216,3290.5221534097136,3293.697265625,3090585
2025-07-03,INFY.NS,1560.331649069145,1573.7321112354073,1556.9574379034102,1560.5244140625,5259695
2025-07-03,TCS.NS,3300.143541734672,3305.2429358778249,3268.9702681275116,3272.049072265625,2531870
2025-07-04,INFY.NS,1566.5980642699803,1584.3367981958825,1554.3545449332526,1581.7337646484375,4411273
2025-07-04,TCS.NS,3278.9765232213795,3297.2572021947381,3261.7542933055606,3290.329833984375,1109320
2025-07-07,INFY.NS,1581.0589070663029,1584.91514830305,1564.6698818101279,1568.526123046875,3294523
2025-07-07,TCS.NS,3288.8866014623586,3296.3913481829886,3279.361264698508,3282.536376953125,1639174
2025-07-08,INFY.NS,1569.4902652889589,1587.0361167588558,1563.2238729521173,1579.8056640625,4590681
2025-07-08,TCS.NS,3276.0903507398152,3295.333172183221,3264.9294203435506,3277.244873046875,2325242
2025-07-09,INFY.NS,1578.9379707794949,1579.1307357618878,1565.2482442185619,1574.9852294921875,4580828
2025-07-09,TCS.NS,3280.9009191528598,3284.7494832808984,3239.5288547764453,3255.69287109375,2034938
2025-07-10,INFY.NS,1579.998406486553,1579.998406486553,1549.341242702206,1557.7286376953125,5330179
2025-07-10,TCS.NS,3252.036655455352,3270.3173348795094,3228.9452709195743,3253.9609375,3035012
2025-07-11,INFY.NS,1522.3476337948875,1549.3413228616234,1506.8262861181436,1537.579833984375,11391755
2025-07-11,TCS.NS,3174.9692720213116,3208.7405180595292,3137.6383858463259,3142.352783203125,7635550
2025-07-14,INFY.NS,1534.5911874414394,1534.5911874414394,1503.7412587495296,1513.8638916015625,9173426
2025-07-14,TCS.NS,3142.3524012818311,3148.1252470894524,3078.8510973979974,3100.691650390625,3924009
2025-07-15,INFY.NS,1508.8507771918205,1545.9670993616789,1507.7903343807391,1528.614013671875,7614807
2025-07-15,TCS.NS,3084.623968418985,3136.0022025676949,3084.623968418985,3129.171142578125,2590889
2025-07-16,INFY.NS,1522.2511831800944,1554.0651724422496,1521.7691530397587,1550.112548828125,6223491
2025-07-16,TCS.NS,3115.3660543882861,3132.6467324603605,3109.1875484963994,3121.255126953125,2540733
2025-07-17,INFY.NS,1540.5683518202854,1552.1370753633664,1523.3116489985612,1526.5894775390625,7374814
2025-07-17,TCS.NS,3112.5660896618524,3129.8467656197472,3093.257966493316,3098.181396484375,2947640
2025-07-18,INFY.NS,1534.8804313290245,1541.8217363306167,1523.2153248462614,1529.0960693359375,5161833
2025-07-18,TCS.NS,3113.4349233841249,3117.1035139987139,3076.749488627971,3079.549072265625,3432645
2025-07-21,INFY.NS,1523.2153333190533,1531.8918763569468,1510.4897839367352,1527.36083984375,3682661
2025-07-21,TCS.NS,3079.6457649501349,3086.9829463169931,3042.9603295055881,3048.94580078125,3844346
2025-07-22,INFY.NS,1508.7544033781517,1528.8069051416751,1508.7544033781517,1514.4423828125,8473741
2025-07-22,TCS.NS,3050.29736328125,3070.0881893397918,3045.4703325352643,3050.29736328125,3198036
2025-07-23,INFY.NS,1519.6483195050439,1534.6876368616054,1494.2934861823694,1517.9129638671875,8035026
2025-07-23,TCS.NS,3050.2973827051528,3071.9223863069301,3048.3665703944635,3069.122802734375,1922875
2025-07-24,INFY.NS,1523.2152714875201,1525.1433920843399,1492.558106924831,1496.70361328125,14169664
2025-07-24,TCS.NS,3055.6071726498794,3063.9095243213292,3031.3753834279701,3039.0986328125,2934778
2025-07-25,INFY.NS,1487.9307380615389,1493.8114825426642,1456.9844249801497,1461.2261962890625,10851259
2025-07-25,TCS.NS,3031.3754596711351,3047.6907301283586,3017.4737047072799,3027.32080078125,2568917
2025-07-28,INFY.NS,1459.4908778130184,1464.6968268487494,1429.2193615593824,1461.515380859375,6439855
2025-07-28,TCS.NS,3002.413314143324,3010.1365638260077,2963.7004308309211,2972.775390625,3374473
2025-07-29,INFY.NS,1458.5267960319763,1462.6721845547067,1442.3305365336291,1459.2979736328125,7070448
2025-07-29,TCS.NS,2954.1431191329557,2967.6588066061131,2935.9934345300248,2950.281494140625,4785312
2025-07-30,INFY.NS,1465.2753927209724,1467.0106307922656,1451.8749299240865,1464.40771484375,5719051
2025-07-30,TCS.NS,2954.14286063789,2962.8315161103542,2941.7856146047457,2947.96435546875,2880121
2025-07-31,INFY.NS,1455.4418850255533,1472.21655890233,1443.1983654712351,1454.76708984375,6851407
2025-07-31,TCS.NS,2936.4760015872098,2953.9499481457733,2910.6997030967705,2931.74560546875,2968371
2025-08-01,INFY.NS,1440.2096707795008,1444.8370894973941,1412.83033538686,1416.782958984375,8702978
2025-08-01,TCS.NS,2925.0843242738711,2931.745768865168,2896.2187714629122,2899.114990234375,2053847
2025-08-04,INFY.NS,1408.9741142502269,1429.5086455065348,1398.8514812022438,1427.291259765625,8610216
2025-08-04,TCS.NS,2905.0038424767117,2972.8717086542492,2888.1092342571515,2968.044677734375,2519252
2025-08-05,INFY.NS,1425.5559991895734,1425.5559991895734,1402.7078158601623,1407.8173828125,10213323
2025-08-05,TCS.NS,2968.0447240743761,2971.0375775693733,2936.7656575031788,2957.907958984375,1927996
2025-08-06,INFY.NS,1399.8155998166778,1403.7682236349031,1378.8955377191221,1385.0654296875,10566934
2025-08-06,TCS.NS,2957.0390447864347,2960.7076353045086,2921.3190171478132,2927.401123046875,1487081
2025-08-07,INFY.NS,1378.6062610201184,1390.1749848888187,1363.3740608530718,1385.25830078125,9892020
2025-08-07,TCS.NS,2911.6651804028552,2946.0337363593026,2906.7415143675912,2941.5927734375,2543076
2025-08-08,INFY.NS,1373.785961785155,1381.6912093691872,1366.1698616884539,1371.9542236328125,10048009
2025-08-08,TCS.NS,2942.6548164180272,2953.9500221411749,2920.3538382840879,2931.359375,2762140
2025-08-11,INFY.NS,1368.8693412283471,1381.8841562074572,1363.1813615156616,1376.8709716796875,6625368
2025-08-11,TCS.NS,2931.3592490987544,2944.3922326106717,2916.78175710605,2935.607177734375,1884215
2025-08-12,INFY.NS,1376.8708364780418,1389.2108550605094,1369.9296495773656,1372.918212890625,9899184
2025-08-12,TCS.NS,2935.8001676667204,2989.2835752923374,2922.1878463699968,2930.393798828125,3358232
2025-08-13,INFY.NS,1373.7858962323605,1382.4624387348806,1371.279363046038,1375.328369140625,10318063
2025-08-13,TCS.NS,2931.0698605624675,2939.0825434733065,2923.8293140563796,2931.166259765625,2148166
2025-08-14,INFY.NS,1374.9427475738962,1417.1686356270611,1374.9427475738962,1395.6700439453125,12902347
2025-08-14,TCS.NS,2929.0422751905776,2950.1845757137776,2914.6578177545016,2917.7470703125,3342174
2025-08-18,INFY.NS,1412.0591255097399,1412.0591255097399,1378.2206312900619,1384.1978759765625,7254561
2025-08-18,TCS.NS,2941.1101377304376,2943.5236533530624,2899.5010341184338,2907.03125,2945609
2025-08-19,INFY.NS,1381.2091389381637,1397.3090164904586,1381.2091389381637,1388.246826171875,3986094
2025-08-19,TCS.NS,2907.0313669979796,2920.3540209100356,2906.9349677861255,2911.8583984375,2650784
2025-08-20,INFY.NS,1388.921654258322,1445.1264179190935,1388.921654258322,1442.427001953125,10413061
2025-08-20,TCS.NS,2906.7411661876208,2996.041231481408,2906.7411661876208,2991.407470703125,4952358
2025-08-21,INFY.NS,1453.8029491188529,1453.8029491188529,1430.9547668193538,1442.619873046875,6565539
2025-08-21,TCS.NS,3021.7213219758819,3021.7213219758819,2976.4438667328482,2995.269287109375,3230726
2025-08-22,INFY.NS,1444.2586883281961,1450.2359327005538,1432.6899649169563,1434.0396728515625,5543397
2025-08-22,TCS.NS,2979.2433381745764,2988.6077305625959,2944.4887172496624,2948.350341796875,1593791
2025-08-25,INFY.NS,1452.549588321255,1483.6887826854402,1452.549588321255,1477.0367431640625,10694531
2025-08-25,TCS.NS,2980.4986359104341,3042.9603704880119,2970.6515397185153,3031.954833984375,3448370
2025-08-26,INFY.NS,1468.2638125760993,1483.1103644867733,1464.0219237897441,1474.6265869140625,15994798
2025-08-26,TCS.NS,3020.7558185419289,3052.6142212302902,3012.0671632632848,3047.980224609375,5522097
2025-08-28,INFY.NS,1474.6266696224122,1474.6266696224122,1444.162386475055,1446.1868896484375,5443364
2025-08-28,TCS.NS,3036.2026334864163,3037.6507428505593,2979.7263682848406,2986.67724609375,3116051
2025-08-29,INFY.NS,1447.9221529924621,1447.9221529924621,1414.9512209221689,1416.782958984375,8169075
2025-08-29,TCS.NS,2986.0014441709259,3007.2403810515466,2970.7479787267771,2977.988525390625,2271789
2025-09-01,INFY.NS,1423.6277245981132,1449.3682038919694,1423.145694472945,1445.511962890625,4546057
2025-09-01,TCS.NS,2983.1050661178219,3022.7833539936464,2983.1050661178219,3004.92333984375,1246862
2025-09-02,INFY.NS,1445.5120710387366,1458.4305028963795,1432.8829043510907,1444.837158203125,5218763
2025-09-02,TCS.NS,3013.1295666219185,3045.8567444955961,2995.7522539750339,3003.861572265625,2185229
2025-09-03,INFY.NS,1446.09053538698,1447.9222736017668,1420.0609057500144,1425.941650390625,4623483
2025-09-03,TCS.NS,3021.6247697126682,3033.2096441073413,2981.1743442292172,2990.345703125,1799774
2025-09-04,INFY.NS,1430.6654315565193,1430.6654315565193,1407.6243677138264,1410.420166015625,5787724
2025-09-04,TCS.NS,3008.2057030500109,3010.1365154396449,2983.8775140795951,2988.60791015625,1481391
2025-09-05,INFY.NS,1417.1686742864704,1419.7715900843509,1381.4984423486478,1392.6815185546875,5466487
2025-09-05,TCS.NS,2989.959772231462,2996.0416430120658,2923.8294445249576,2942.847900390625,2802055
2025-09-08,INFY.NS,1398.8514448025214,1405.5998666589085,1376.9673238557784,1381.4019775390625,3811567
2025-09-08,TCS.NS,2944.4888711015133,2958.8733290135365,2911.6650607351357,2914.561279296875,2626187
2025-09-09,INFY.NS,1427.7733097648295,1453.0316426482493,1419.5787971834648,1450.2359619140625,13072640
2025-09-09,TCS.NS,2927.2080859646412,2954.1428233110028,2925.9530108288373,2943.909423828125,2489301
2025-09-10,INFY.NS,1455.8274419814547,1479.7361846012639,1455.0562643479029,1477.518798828125,7281071
2025-09-10,TCS.NS,2950.667462651561,3014.6739418754814,2947.7712440051832,3002.413330078125,2079428
2025-09-11,INFY.NS,1469.1314991861996,1472.6020926929066,1452.3568266067848,1455.4417724609375,8003662
2025-09-11,TCS.NS,3030.4101295308183,3030.4101295308183,3002.5099840051885,3016.1220703125,2263446
2025-09-12,INFY.NS,1481.7606968153777,1487.4486761823323,1466.4321143461764,1470.7703857421875,12856963
2025-09-12,TCS.NS,3035.2373069700302,3039.7746692912174,3013.032962803265,3025.00390625,1447167
2025-09-15,INFY.NS,1470.7703889313757,1472.6021270614033,1447.2472937742573,1454.1885986328125,6167414
2025-09-15,TCS.NS,3025.5831305954289,3025.5831305954289,2988.8976937854013,3004.24755859375,1732539
2025-09-16,INFY.NS,1454.1886984360899,1459.5874130189484,1449.4647790449067,1456.9844970703125,8923112
2025-09-16,TCS.NS,3019.79077434497,3041.029712016194,3001.5446903508278,3036.87841796875,2573429
2025-09-17,INFY.NS,1462.3832147820146,1471.8309359014429,1459.5874161418101,1467.685546875,4795698
2025-09-17,TCS.NS,3042.9605183648332,3072.3087742640014,3033.6925240309452,3063.041015625,2418271
2025-09-18,INFY.NS,1494.2935138953433,1499.1138155530703,1483.2068200825713,1485.2313232421875,9331945
2025-09-18,TCS.NS,3074.8188270106057,3092.1961390627853,3052.035145819797,3066.805908203125,2633138
2025-09-19,INFY.NS,1489.0875921991392,1495.546867150236,1465.4681136380061,1484.845703125,12988129
2025-09-19,TCS.NS,3060.3375576215258,3070.4743224022909,3035.2369972120114,3059.565185546875,4901694
2025-09-22,INFY.NS,1429.4121385641438,1460.2620677071914,1428.7373434373958,1445.6083984375,15655204
2025-09-22,TCS.NS,2987.9321401382099,2999.4203794523928,2958.96995461183,2967.465576171875,3634901
2025-09-23,INFY.NS,1439.3420265057648,1458.6232324870878,1439.3420265057648,1443.6802978515625,9832164
2025-09-23,TCS.NS,2963.79714260431,2974.126942183857,2946.4198303675421,2956.4599609375,3177741
2025-09-24,INFY.NS,1433.7504516255494,1442.9090246067481,1429.4121802134027,1440.884521484375,4937004
2025-09-24,TCS.NS,2944.4888232106205,2951.2466664114318,2928.0769182943645,2930.393798828125,1625714
2025-09-25,INFY.NS,1435.4858961438838,1448.6934761875953,1423.4351414751138,1431.4368896484375,9491867
2025-09-25,TCS.NS,2917.4578712528405,2924.7950534929191,2848.9140231856827,2855.092529296875,4974361
2025-09-26,INFY.NS,1421.9889772759154,1425.5559533998919,1389.4036912657584,1396.8270263671875,8597058
2025-09-26,TCS.NS,2839.2595057026215,2852.5821577986485,2791.2788668730732,2798.80908203125,3934636
2025-09-29,INFY.NS,1407.5280279964163,1412.3483294621576,1384.8726111074329,1389.982177734375,10513117
2025-09-29,TCS.NS,2815.1243298799081,2827.964278797825,2793.885394606466,2795.912841796875,3110035
2025-09-30,INFY.NS,1391.1390030128964,1400.0083106366037,1386.4150840398418,1389.982177734375,7556305
2025-09-30,TCS.NS,2810.297523025748,2814.448816935253,2785.2935960579534,2788.479248046875,2253458
2025-10-01,INFY.NS,1394.0312659732858,1397.4054771979791,1376.0997670015454,1393.8385009765625,6250692
2025-10-01,TCS.NS,2790.989341906879,2823.620118812873,2767.4335247553831,2813.38671875,1952902
2025-10-03,INFY.NS,1387.2827843305461,1396.2485922754322,1381.6911874663804,1394.609619140625,6877533
2025-10-03,TCS.NS,2822.8477787064007,2822.8477787064007,2791.0860084428191,2801.51220703125,2899519
2025-10-06,INFY.NS,1394.6096065704758,1425.6524188431904,1390.4642178899833,1422.9530029296875,4630590
2025-10-06,TCS.NS,2801.6087745208811,2890.0400761544852,2795.4302691582598,2885.019775390625,2112774
2025-10-07,INFY.NS,1424.5918193613172,1429.6050033943986,1401.7436379480739,1406.0819091796875,5570320
2025-10-07,TCS.NS,2891.3915683348691,2900.5629272327596,2853.2580234436414,2870.828369140625,3062943
2025-10-08,INFY.NS,1404.6358503769075,1444.1623224877194,1402.707729786136,1441.2701416015625,4657192
2025-10-08,TCS.NS,2872.0833836381421,2937.7310038355854,2865.3255403825228,2922.4775390625,4121889
2025-10-09,INFY.NS,1448.0185870707542,1459.5873108023447,1433.5576824062659,1455.0562744140625,7028753
2025-10-09,TCS.NS,2929.0422325730342,2959.9352290932507,2915.5265465954394,2955.783935546875,3211304
2025-10-10,INFY.NS,1455.7310370996563,1467.0104954131987,1444.933608930849,1460.4549560546875,3738353
2025-10-10,TCS.NS,2944.489063414404,2963.7971884203998,2902.8799597485281,2923.539794921875,8817365
2025-10-13,INFY.NS,1443.1982662450723,1450.6214834671307,1430.0870697276371,1439.5347900390625,5859355
2025-10-13,TCS.NS,2922.2847689517289,2930.4907222176985,2894.4810213351129,2903.169677734375,2866865
2025-10-14,INFY.NS,1445.1264411305913,1459.9729938155936,1433.075686951717,1436.353515625,5600789
2025-10-14,TCS.NS,2916.4922004564141,2922.4776719016259,2853.2580928331454,2857.89208984375,3611416
2025-10-15,INFY.NS,1430.5690952632847,1435.1001315764527,1414.7584828889201,1421.4105224609375,6986098
2025-10-15,TCS.NS,2878.9193527026337,2887.3496649868071,2859.5392156935281,2877.756591796875,4282226
2025-10-16,INFY.NS,1420.9285143742625,1421.5069270236047,1408.0100826842827,1418.61474609375,8005748
2025-10-16,TCS.NS,2877.8534092983937,2882.7954389661986,2851.8842144350965,2878.628662109375,3251495
2025-10-17,INFY.NS,1402.6113299617484,1405.9855409539045,1382.4624465005311,1389.3072509765625,16959378
2025-10-17,TCS.NS,2877.9501459264029,2896.1675207642234,2863.8025522629873,2870.391845703125,4374683
2025-10-20,INFY.NS,1401.4544470050912,1414.2764963974259,1397.8874708768014,1408.395751953125,6994246
2025-10-20,TCS.NS,2892.9698128193104,2929.307567962745,2886.1867651925359,2921.749267578125,3133039
2025-10-21,INFY.NS,1424.8811360663631,1432.5936185349226,1417.1686535978035,1419.482421875,1698704
2025-10-21,TCS.NS,2937.1568492749448,2937.8351067763124,2903.1446131495227,2913.512939453125,310644
2025-10-23,INFY.NS,1455.7310466373283,1490.4372172856354,1451.8748054541832,1473.566162109375,20358624
2025-10-23,TCS.NS,2960.3157836535247,3001.9830761894009,2942.001649703373,2977.95166015625,5564758
2025-10-24,INFY.NS,1484.1708637038648,1487.5450748262833,1463.4435668090073,1470.57763671875,8652257
2025-10-24,TCS.NS,2984.5410810523458,2994.231149497321,2963.5136798415369,2968.26171875,2684318
2025-10-27,INFY.NS,1478.0165606695539,1483.2043487095048,1466.3685916918344,1472.633056640625,7273211
2025-10-27,TCS.NS,2971.4594315335457,2998.3008732953872,2965.3546412157716,2989.2890625,1946312
2025-10-28,INFY.NS,1467.9347848431598,1474.5908017388306,1458.9296979699484,1468.4241943359375,8211019
2025-10-28,TCS.NS,2980.6650953225503,2994.424945391891,2945.9746024900292,2963.1259765625,3470737
2025-10-29,INFY.NS,1468.4241778932897,1488.0005573851865,1465.1941469679696,1478.408203125,4884976
2025-10-29,TCS.NS,2963.1259620155829,2980.6650806895282,2951.691870406029,2962.83544921875,2895420
2025-10-30,INFY.NS,1475.0801523386458,1476.2546872805226,1457.5592692997866,1462.1597900390625,5608867
2025-10-30,TCS.NS,2954.5989044510861,2968.8432579445289,2938.8040453557428,2941.2265625,2241536
2025-10-31,INFY.NS,1458.4403008415877,1465.3898918009988,1449.3372364048548,1450.9034423828125,4819814
2025-10-31,TCS.NS,2940.9357431934422,2972.3314700068563,2931.342670159881,2963.222900390625,1868085
2025-11-03,INFY.NS,1450.9033496746388,1459.8105780526128,1442.9748207432419,1454.0355224609375,5470600
2025-11-03,TCS.NS,2952.4670144300139,2963.2230855965854,2916.7107546258085,2923.300048828125,2194877
2025-11-04,INFY.NS,1448.3583414401685,1450.511814804534,1431.9142548968182,1436.808349609375,8691330
2025-11-04,TCS.NS,2926.01311261092,2935.4124315282234,2883.7643202783443,2897.524169921875,2670720
2025-11-06,INFY.NS,1447.2816360762577,1451.5884632356699,1430.9354078512456,1435.6336669921875,7944752
2025-11-06,TCS.NS,2897.4273670737821,2930.2766034150336,2897.3303717628805,2917.58251953125,2542721
2025-11-07,INFY.NS,1438.8638806951196,1449.5330313264731,1418.4065403991735,1445.5198974609375,8765759
2025-11-07,TCS.NS,2907.9897675229322,2910.896788283535,2868.7449872547954,2899.074951171875,1830520
2025-11-10,INFY.NS,1458.5381171839108,1487.8048281611332,1458.4402591842686,1481.4425048828125,9787975
2025-11-10,TCS.NS,2900.2374801058718,2953.4358611387806,2899.2684732632038,2931.439453125,1556656
2025-11-11,INFY.NS,1492.6989304110698,1500.9210336624128,1479.0933228205395,1497.88671875,13692989
2025-11-11,TCS.NS,2950.6259510827763,2960.9942773891976,2924.4627653096281,2952.56396484375,2806868
2025-11-12,INFY.NS,1507.3812396717751,1526.1745164244364,1505.5214596999074,1518.8333740234375,14635417
2025-11-12,TCS.NS,2965.1608589527805,3039.192885115363,2962.3508338140637,3034.735595703125,4460315
2025-11-13,INFY.NS,1524.1189242683809,1524.5104757353395,1497.8866487683968,1509.14306640625,19655689
2025-11-13,TCS.NS,3034.7355077486659,3034.8322664831685,3005.859058134587,3009.4443359375,1740435
2025-11-14,INFY.NS,1487.8047537888665,1497.5929429585301,1457.2656513734084,1470.9691162109375,9739549
2025-11-14,TCS.NS,2994.2312415737683,3016.6153949995773,2981.9249015850019,3009.7353515625,2210794
2025-11-17,INFY.NS,1464.3132041198487,1478.2123859372509,1460.8873376663598,1475.66748046875,7910354
2025-11-17,TCS.NS,3009.7352518307202,3026.6928715689805,2990.9366137218799,3006.052978515625,2232853
2025-11-18,INFY.NS,1474.1013313334302,1474.1013313334302,1451.7842115910621,1454.91650390625,7525119
2025-11-18,TCS.NS,3005.8592500198897,3008.7662705711664,2982.6030856096777,2991.421142578125,2548350
2025-11-19,INFY.NS,1458.9296699222182,1510.317665675936,1458.9296699222182,1508.4578857421875,10981126
2025-11-19,TCS.NS,3001.0142221592077,3057.2166196035841,2987.9326296506028,3050.142822265625,3151053
2025-11-20,INFY.NS,1522.0634729079381,1522.0634729079381,1501.5082748815287,1503.955322265625,7387584
2025-11-20,TCS.NS,3050.4335382511167,3066.4221511422043,3040.8404651460387,3047.332763671875,2700767
2025-11-21,INFY.NS,1498.5718033380108,1518.6375916910017,1493.9714020948772,1512.2752685546875,9186302
2025-11-21,TCS.NS,3047.3328378654478,3071.7517635606687,3038.0302773272961,3052.953125,4177037
2025-11-24,INFY.NS,1530.4813442936104,1551.4280945139647,1508.3600590826622,1515.2117919921875,19270381
2025-11-24,TCS.NS,3060.1236005069036,3080.3757488319188,3033.9604158287252,3043.84423828125,6703764
2025-11-25,INFY.NS,1516.1905908718425,1517.7566773334454,1493.5798964672151,1498.1802978515625,8107952
2025-11-25,TCS.NS,3047.8172964935952,3052.1778273241375,3018.4563415864895,3022.526123046875,2737920
2025-11-26,INFY.NS,1499.6485223505715,1527.2512890379419,1499.6485223505715,1524.902099609375,7575038
2025-11-26,TCS.NS,3022.1385231343734,3079.5036796699528,3020.3942635403532,3064.87158203125,2508527
2025-11-27,INFY.NS,1530.8728564928056,1540.954739594805,1519.3227449478784,1533.2220458984375,7552252
2025-11-27,TCS.NS,3081.4417653096157,3081.4417653096157,3028.1463888655812,3039.386962890625,2836233
2025-11-28,INFY.NS,1531.8516566735827,1535.1796650003639,1524.0211050739736,1527.055419921875,4453221
2025-11-28,TCS.NS,3042.681550361056,3049.755347777002,3028.1464474134714,3040.259033203125,1616690
2025-12-01,INFY.NS,1529.4045743430058,1540.6609920101703,1523.0422513137389,1530.872802734375,5341800
2025-12-01,TCS.NS,3040.6466638725274,3056.247769627983,3025.4333028223336,3036.2861328125,1747647
2025-12-02,INFY.NS,1533.8093151456649,1546.4361036663386,1523.1401645511503,1527.9364013671875,6335969
2025-12-02,TCS.NS,3033.960607457575,3046.5576971723458,3023.6890396759504,3038.514892578125,2512003
2025-12-03,INFY.NS,1522.1613705980963,1552.4069009511541,1521.182551618934,1545.261474609375,12895312
2025-12-03,TCS.NS,3042.6813780586676,3112.3528729457903,3041.7123712503685,3081.441650390625,3952112
2025-12-04,INFY.NS,1534.7880917871573,1565.1314788059085,1534.7880917871573,1563.7611083984375,12609619
2025-12-04,TCS.NS,3095.00770730463,3149.2720878960699,3088.6121678196405,3129.11669921875,5025905
2025-12-05,INFY.NS,1575.8985332981872,1597.2368345243183,1566.1103436503722,1581.9671630859375,10344725
2025-12-05,TCS.NS,3129.8920818805241,3170.2028609083113,3122.5275352935842,3137.837890625,5244013
2025-12-08,INFY.NS,1582.8481284293375,1595.4749170068917,1566.3060639818279,1576.681640625,7550413
2025-12-08,TCS.NS,3142.4892183607631,3158.8653395160463,3109.1554773099156,3136.190673828125,2544725
2025-12-09,INFY.NS,1567.2848235795727,1572.8641631737528,1548.883099378693,1565.1314697265625,6957599
2025-12-09,TCS.NS,3129.8919017803323,3133.4771795542747,3082.6043235655852,3108.864501953125,2734893
2025-12-10,INFY.NS,1573.9408513587562,1573.9408513587562,1549.2746619298632,1551.2322998046875,5116140
2025-12-10,TCS.NS,3125.0471830165943,3125.0471830165943,3079.6008550466445,3090.356689453125,1386849
2025-12-11,INFY.NS,1564.1527099609375,1573.3536321517727,1547.023378030827,1564.1527099609375,5159319
2025-12-11,TCS.NS,3105.6669848803986,3108.9615135733166,3055.3756234989633,3092.972900390625,1914362
2025-12-12,INFY.NS,1567.4806809838458,1567.8722324584342,1549.0788370408115,1564.348388671875,4633912
2025-12-12,TCS.NS,3098.5931202045713,3123.1090405337873,3086.9650381423917,3120.6865234375,1146554
2025-12-15,INFY.NS,1551.4280562362142,1576.6816332735752,1551.4280562362142,1572.766357421875,4190558
2025-12-15,TCS.NS,3111.5778055696951,3137.8377476982373,3098.205464520373,3130.085693359375,1562190
2025-12-16,INFY.NS,1566.1103574156468,1569.0468143358012,1552.0153403019585,1559.1607666015625,5499258
2025-12-16,TCS.NS,3120.2020232950872,3120.2020232950872,3092.1978202621681,3105.763916015625,1734623
2025-12-17,INFY.NS,1553.5814245843821,1572.8642300238714,1552.4068896118622,1568.0679931640625,4817628
2025-12-17,TCS.NS,3101.3064465551838,3136.5782015286727,3101.3064465551838,3118.0703125,1376350
2025-12-18,INFY.NS,1576.3879761796316,1595.4749463972676,1572.6684162407605,1592.3427734375,6577293
2025-12-18,TCS.NS,3127.9540675108942,3185.9007236352077,3121.1710196569366,3179.11767578125,2307422
2025-12-19,INFY.NS,1615.0513027562847,1619.8475396129329,1595.2792073285575,1603.9906005859375,13149023
2025-12-19,TCS.NS,3196.7536342139651,3215.0677692559998,3177.1797429379312,3180.280517578125,3902511
2025-12-22,INFY.NS,1628.7547583833573,1657.3362243784013,1628.7547583833573,1653.8125,23098923
2025-12-22,TCS.NS,3207.4124793759211,3225.4361003246422,3189.0013503402283,3221.8505859375,2632816
2025-12-23,INFY.NS,1643.4370603643276,1643.4370603643276,1621.3157754082474,1632.9637451171875,6593060
2025-12-23,TCS.NS,3217.005670614833,3217.005670614833,3191.4239850093231,3207.41259765625,2365420
2025-12-24,INFY.NS,1625.8182910699556,1632.2784723030877,1617.4983299175808,1628.16748046875,4271167
2025-12-24,TCS.NS,3201.695681385047,3223.98283930865,3193.9436264550982,3216.1337890625,1367708
2025-12-26,INFY.NS,1628.167521100225,1633.453167508233,1616.7152673020842,1621.0220947265625,2006491
2025-12-26,TCS.NS,3210.4167512800273,3217.102804044398,3170.3967202884214,3178.342529296875,1176664
2025-12-29,INFY.NS,1622.8818655924697,1637.6620082639456,1602.4245250544589,1609.863525390625,4062817
2025-12-29,TCS.NS,3178.3422795248348,3186.0943338651391,3142.3920328921031,3150.7255859375,2079473
2025-12-30,INFY.NS,1612.1148331917736,1612.9957941560388,1582.5545482823341,1587.2528076171875,9395937
2025-12-30,TCS.NS,3149.272405605489,3166.2300262510571,3139.0978332181485,3146.171630859375,2807593
2025-12-31,INFY.NS,1586.6655664923117,1594.1045668429529,1575.1154547350545,1581.1842041015625,6538656
2025-12-31,TCS.NS,3139.5823140818702,3145.3963554042443,3099.3685282687848,3106.829833984375,3362634
2026-01-01,INFY.NS,1581.184158007412,1604.8715288376811,1579.9116455766828,1595.2791748046875,3658165
2026-01-01,TCS.NS,3115.3569684925901,3133.8650936348258,3099.0776063813255,3127.37255859375,1255735
2026-01-02,INFY.NS,1601.2499777187402,1608.6889779975038,1593.0278744696911,1605.6546630859375,2524526
2026-01-02,TCS.NS,3133.7680727866077,3153.4389586535176,3119.717473820805,3149.950439453125,1184324
2026-01-05,INFY.NS,1602.3265912739637,1602.3265912739637,1549.568226955718,1572.374755859375,5917885
2026-01-05,TCS.NS,3140.0667687506084,3146.3653134186775,3092.1009285860796,3116.423095703125,2341703
2026-01-06,INFY.NS,1566.2081943610224,1585.5888575673962,1565.1315174017209,1578.0518798828125,4466729
2026-01-06,TCS.NS,3110.512016678168,3162.063134250383,3105.6669823842772,3154.892578125,2912325
2026-01-07,INFY.NS,1580.7926463324388,1607.2207586859843,1580.7926463324388,1604.2843017578125,4508079
2026-01-07,TCS.NS,3142.3921354819236,3198.3040184958663,3123.3027483604965,3193.458984375,1989442
2026-01-08,INFY.NS,1604.1864033686149,1609.472049603195,1574.5281413468902,1579.128662109375,3942131
2026-01-08,TCS.NS,3185.0286459327272,3185.0286459327272,3083.3799179984962,3104.60107421875,4159336
2026-01-09,INFY.NS,1575.8984873520981,1596.7473784879789,1572.9620305433675,1579.91162109375,6816681
2026-01-09,TCS.NS,3092.1010079115476,3129.6015275056188,3092.1010079115476,3108.38037109375,1938673
2026-01-12,INFY.NS,1575.996349102621,1579.1286413969012,1558.867017677559,1562.09716796875,6985362
2026-01-12,TCS.NS,3103.7288359339782,3151.2101699835457,3075.9183875911604,3139.194580078125,2228342
2026-01-13,INFY.NS,1583.7290294043642,1583.7290294043642,1552.7983751003353,1565.1314697265625,8080618
2026-01-13,TCS.NS,3144.4271981322199,3178.3424375573745,3110.9964621274244,3166.71435546875,5645341
2026-01-14,INFY.NS,1554.3644397699236,1582.7501883551427,1549.5682031809922,1565.91455078125,7557157
2026-01-14,TCS.NS,3158.9621580119419,3158.9621580119419,3084.3486346478562,3093.55419921875,3539511
2026-01-15,INFY.NS,1565.91455078125,1565.91455078125,1565.91455078125,1565.91455078125,0
2026-01-15,TCS.NS,3093.55419921875,3093.55419921875,3093.55419921875,3093.55419921875,0
2026-01-16,INFY.NS,1628.4610307331891,1658.1192925556761,1618.3792672921977,1654.00830078125,19335957
2026-01-16,TCS.NS,3176.3318131508636,3178.7983689605644,3128.579389024886,3163.8017578125,4293470
2026-01-19,INFY.NS,1649.3098917471841,1649.3098917471841,1631.2017416004051,1645.59033203125,5104958
2026-01-19,TCS.NS,3145.3520534559602,3176.9239686725823,3109.9324074221513,3121.278564453125,3387562
2026-01-20,INFY.NS,1637.5641409981627,1644.6115898062917,1617.8899035477921,1623.7628173828125,6406503
2026-01-20,TCS.NS,3109.4391143226594,3117.7266457653604,3049.7484617692403,3060.798583984375,4499273
2026-01-21,INFY.NS,1616.0301458476063,1621.9030597634667,1596.6494821313709,1619.358154296875,6224582
2026-01-21,TCS.NS,3058.5291438659533,3096.5141025881594,3040.769942385441,3080.826904296875,2015150
2026-01-22,INFY.NS,1630.7124283208409,1635.8022392467942,1618.7708845027832,1628.265380859375,6228892
2026-01-22,TCS.NS,3107.8603302315137,3117.7265535020897,3080.5309399469356,3108.2548828125,2269827
2026-01-23,INFY.NS,1631.8869227568262,1640.2068839190629,1626.9928279555104,1635.4107666015625,5869137
2026-01-23,TCS.NS,3147.621264153488,3151.7650297600667,3109.8335807806325,3120.193115234375,2068857
2026-01-27,INFY.NS,1650.0930280724322,1653.6167523834592,1625.9161283991023,1647.05859375,10673087
2026-01-27,TCS.NS,3132.5259981161435,3132.5259981161435,3088.1279918436312,3115.75341796875,4279874
2026-01-28,INFY.NS,1644.4158380681818,1653.0294926329091,1615.05126953125,1631.2017822265625,8588664
2026-01-28,TCS.NS,3133.5125881835056,3162.3219126707263,3128.1849238355512,3157.290283203125,2751234
2026-01-29,INFY.NS,1622.8818691859371,1631.2018305177105,1607.3186235036719,1624.35009765625,4749582
2026-01-29,TCS.NS,3157.2902623909354,3157.2902623909354,3083.7868976929381,3102.335205078125,2457641
2026-01-30,INFY.NS,1619.9454090553113,1619.9454090553113,1583.8269648597889,1606.241943359375,9207926
2026-01-30,TCS.NS,3098.9807130541421,3098.9807130541421,3050.6362192815691,3082.109375,3022068
2026-02-02,INFY.NS,1626.7970461591942,1626.7970461591942,1583.7290136495644,1594.8875732421875,6784887
2026-02-02,TCS.NS,3155.218220087344,3155.218220087344,3092.0743907922879,3127.1982421875,2636272
2026-02-03,INFY.NS,1690.616056346825,1691.3991593070652,1617.9877374621406,1620.9241943359375,8805868
2026-02-03,TCS.NS,3305.1848335937134,3305.1848335937134,3143.6748049748139,3182.153076171875,4366060
2026-02-04,INFY.NS,1540.6609764639099,1551.3301265638145,1478.1144237257668,1503.2701416015625,28828622
2026-02-04,TCS.NS,3078.2617963038065,3078.2617963038065,2946.0543986420407,2958.979248046875,10852595
2026-02-05,INFY.NS,1501.5082372972433,1518.1481590925844,1483.5958031001303,1488.00048828125,10628127
2026-02-05,TCS.NS,2950.0007793892592,2989.1696378838233,2932.5376122480607,2951.480712890625,3521545
2026-02-06,INFY.NS,1489.8602623960501,1492.6988611765453,1448.6520095352703,1475.177978515625,13900866
2026-02-06,TCS.NS,2936.7800719556926,2945.0676030314735,2876.9906634639119,2902.248291015625,4687389
2026-02-09,INFY.NS,1489.8602864300617,1495.6353420798034,1461.3766791394939,1465.4876708984375,8294615
2026-02-09,TCS.NS,2919.5143380742375,2937.174782066686,2898.2031986297916,2908.760009765625,2380318
2026-02-10,INFY.NS,1468.2284271414342,1483.7916723660803,1459.4190565785855,1466.0750732421875,8657000
2026-02-10,TCS.NS,2910.3385905230825,2971.3118985519286,2904.1228216834434,2944.673095703125,3547763
2026-02-11,INFY.NS,1469.4029562852068,1474.0034770295861,1437.8850339676251,1440.7236328125,7934411
2026-02-11,TCS.NS,2940.1346205043051,2957.8938229100359,2865.3485977541418,2870.873779296875,3363513
2026-02-12,INFY.NS,1398.6344233110094,1405.2903204885395,1351.259562174479,1356.64306640625,26048896
2026-02-12,TCS.NS,2831.4086986412967,2841.4721978337079,2703.3450771056805,2713.31005859375,10612156
2026-02-13,INFY.NS,1266.493817560756,1348.1273389393946,1254.3564391221673,1340.1009521484375,45785709
2026-02-13,TCS.NS,2550.4187054416375,2676.7063628097339,2550.4187054416375,2656.1845703125,11168735
2026-02-16,INFY.NS,1344.6035807140283,1346.8549121546939,1309.9534845210951,1336.6751708984375,14621891
2026-02-16,TCS.NS,2663.8802861278232,2683.4154564010123,2635.2682386101537,2670.39208984375,2918730
2026-02-17,INFY.NS,1340.9819956812096,1400.6899531531467,1338.0455387563604,1361.73291015625,25347684
2026-02-17,TCS.NS,2679.6661883999509,2723.0775699498763,2659.144396219614,2681.04736328125,4209118
2026-02-18,INFY.NS,1361.4392729027982,1371.3253201935424,1316.805153615715,1344.603515625,20241373
2026-02-18,TCS.NS,2693.4789283866821,2693.4789283866821,2621.7515340364312,2658.848388671875,2950820
2026-02-19,INFY.NS,1355.6643110050506,1372.3042339560152,1334.326009074035,1341.471435546875,14574228
2026-02-19,TCS.NS,2671.7733571903564,2711.9288391622777,2630.9272877397234,2642.075927734375,3238849
2026-02-20,INFY.NS,1330.4106332686276,1336.0878308198503,1309.8554358713993,1324.5377197265625,12633552
2026-02-20,TCS.NS,2631.3217917460984,2666.4456435463158,2612.0826560359187,2650.264892578125,2293482
2026-02-23,INFY.NS,1323.3632672728343,1323.3632672728343,1290.0834217940796,1299.3822021484375,12887826
2026-02-23,TCS.NS,2650.0675026055624,2667.8267040377664,2624.6125990444862,2640.497314453125,4699596
2026-02-24,INFY.NS,1273.4434027288626,1275.9883079995529,1237.3249610296912,1248.4835205078125,27839061
2026-02-24,TCS.NS,2605.6695046184859,2612.0825495938816,2527.0357551720122,2539.269775390625,7798833
2026-02-25,INFY.NS,1258.9568742250233,1295.564726518415,1258.9568742250233,1262.7742919921875,16669618
2026-02-25,TCS.NS,2561.2716479227247,2618.6930211303556,2560.2850255621997,2594.126220703125,3621285
2026-02-26,INFY.NS,1277.848187510079,1286.1681488994591,1259.0549107538459,1261.7955322265625,11493914
2026-02-26,TCS.NS,2614.5490645947771,2635.26813265383,2599.7497302668821,2612.27978515625,3464267
2026-02-27,INFY.NS,1298.2076283219469,1306.723305439908,1266.7874442662774,1272.5625,23141724
2026-02-27,TCS.NS,2645.7265761203421,2652.6329325338243,2590.9690359848769,2602.11767578125,5083717
2026-03-02,INFY.NS,1263.6552272829085,1271.2900626622441,1246.0364867011174,1261.5997314453125,9700361
2026-03-02,TCS.NS,2557.3249742921371,2588.6996112720262,2545.7815416803182,2578.537353515625,3374385
2026-03-04,INFY.NS,1264.6340504084835,1289.1045235201029,1264.6340504084835,1279.7078857421875,15154950
2026-03-04,TCS.NS,2589.8837001747893,2599.7499237945026,2545.8802464810269,2553.181396484375,3446434
2026-03-05,INFY.NS,1292.0410271405913,1292.0410271405913,1262.7743163409898,1278.141845703125,10362147
2026-03-05,TCS.NS,2565.2181034037962,2574.5910157046947,2512.335049229941,2544.3017578125,2960636
2026-03-06,INFY.NS,1275.4011212294208,1299.0884925711757,1275.4011212294208,1280.686767578125,8724291
2026-03-06,TCS.NS,2537.5927639837228,2584.1612921929509,2519.4390085227947,2523.385498046875,3998643
2026-03-09,INFY.NS,1262.6764978909221,1290.0834296280893,1255.3353554613236,1287.14697265625,10068514
2026-03-09,TCS.NS,2496.1544256648085,2525.7530947438377,2471.4888680989507,2493.589111328125,3653428
2026-03-10,INFY.NS,1292.0410437407636,1293.0198627132945,1256.9014187299574,1268.1578369140625,9600171
2026-03-10,TCS.NS,2507.0073799809552,2511.1511456572443,2456.7883989435327,2479.480712890625,4323710
2026-03-11,INFY.NS,1260.7188580118502,1271.975276386956,1244.3726286871142,1249.2667236328125,7868891
2026-03-11,TCS.NS,2474.5475704664132,2487.2749022159755,2427.1896984686477,2431.92529296875,2720664
2026-03-12,INFY.NS,1245.5471752363726,1251.5179472285731,1231.3542997621664,1238.9891357421875,7599940
2026-03-12,TCS.NS,2426.8936916820116,2439.8182998728989,2403.412031703097,2409.726318359375,2752075
2026-03-13,INFY.NS,1224.5025045780033,1242.7085131232232,1216.280401513626,1221.8597412109375,7366098
2026-03-13,TCS.NS,2404.3986660938149,2413.1795086558491,2364.9337721078678,2378.253173828125,2466488
2026-03-16,INFY.NS,1213.9312451805081,1227.7326883178384,1198.2701415781937,1223.3280029296875,12314450
2026-03-16,TCS.NS,2377.7598050198808,2392.5591399058967,2334.4471812699776,2376.970458984375,3807907
2026-03-17,INFY.NS,1218.6295738865974,1218.6295738865974,1189.3628638376754,1206.785888671875,11223276
2026-03-17,TCS.NS,2387.6260500920594,2387.6260500920594,2328.4287100071319,2359.70458984375,2993367
2026-03-18,INFY.NS,1211.7778669014497,1263.4595555454221,1208.7435520363658,1240.261474609375,12365381
2026-03-18,TCS.NS,2377.759931791064,2449.6846068219561,2377.759931791064,2408.14794921875,3082388
2026-03-19,INFY.NS,1217.8465293278809,1228.4178221249233,1189.3629208552388,1194.9422607421875,9156461
2026-03-19,TCS.NS,2384.6661390424383,2391.5724952581177,2318.7597201236085,2324.482177734375,2757060
2026-03-20,INFY.NS,1215.6930991638783,1238.0102183433878,1203.1641691885866,1229.2987060546875,27299975
2026-03-20,TCS.NS,2354.0808258010857,2375.5892402804725,2332.5724113216993,2358.619384765625,4206320
2026-03-23,INFY.NS,1211.9735596886824,1234.3885372371806,1201.4023868626336,1230.1796875,12420293
2026-03-23,TCS.NS,2333.3618520807718,2374.6027143854908,2316.5892721715231,2351.910400390625,3860515
2026-03-24,INFY.NS,1242.1213008151199,1269.5282325903943,1224.5025589595862,1251.224365234375,13613495
2026-03-24,TCS.NS,2371.9388633725343,2402.8199499074208,2347.2733048784753,2366.709716796875,3420182
2026-03-25,INFY.NS,1243.1000954631661,1263.2637424060149,1230.4733068170258,1252.00732421875,10824030
2026-03-25,TCS.NS,2368.7815731699588,2389.204849113034,2338.0977617106878,2345.595947265625,5843778
2026-03-27,INFY.NS,1257.9780904958054,1267.3748481809973,1236.4440731892589,1242.806396484375,13092541
2026-03-27,TCS.NS,2371.7413083689694,2389.6980273658601,2353.0942427947716,2357.830078125,4979411
2026-03-30,INFY.NS,1223.5236944376795,1238.6953882487069,1216.6719617488286,1224.1109619140625,14108486
2026-03-30,TCS.NS,2343.3267357786763,2365.9202902405636,2314.8132066050703,2327.34326171875,6804756
2026-04-01,INFY.NS,1262.6764804554484,1275.4011271577126,1242.6106914249549,1248.6793212890625,8137156
2026-04-01,TCS.NS,2396.5056797013217,2438.9304406017563,2365.8216283746565,2375.98388671875,4132661
2026-04-02,INFY.NS,1233.3119397486187,1277.7503462365091,1233.1162237425549,1273.247802734375,12873492
2026-04-02,TCS.NS,2354.080866963729,2436.8583836642938,2343.9186088434099,2417.915283203125,5378361
2026-04-06,INFY.NS,1273.8350657038357,1292.0410751383829,1271.4858762157266,1278.5333251953125,10208682
2026-04-06,TCS.NS,2440.9036902253151,2448.7966690134326,2415.4487854587173,2440.804931640625,2572417
2026-04-07,INFY.NS,1274.4222980187042,1316.6093716982591,1266.1023367797188,1311.0301513671875,15355792
2026-04-07,TCS.NS,2428.0775971710527,2509.8684934280732,2415.2515066536921,2505.823486328125,4516550
2026-04-08,INFY.NS,1320.4267760360608,1347.7358488962445,1302.8080347694565,1317.68603515625,16030133
2026-04-08,TCS.NS,2537.5926814286272,2545.781695099603,2506.1195248478389,2524.9638671875,4769337
2026-04-09,INFY.NS,1301.7313192842819,1309.1703192575089,1286.1680743957882,1303.395263671875,14894607
2026-04-09,TCS.NS,2519.8334525275204,2570.1511917909907,2497.2398973257214,2554.365234375,5628261
2026-04-10,INFY.NS,1290.0834192154255,1290.9643801968148,1256.1184483091881,1265.12353515625,19233369
2026-04-10,TCS.NS,2531.4755878535475,2531.4755878535475,2467.6411721508412,2490.53076171875,10480239
2026-04-13,INFY.NS,1245.0577246851824,1261.6976471062894,1238.8911174058185,1249.756103515625,10366082
2026-04-13,TCS.NS,2456.5908344868626,2471.3901693848711,2436.9571465386753,2439.5224609375,3739587
2026-04-15,INFY.NS,1278.631284802942,1294.4881045276459,1272.9540869097948,1277.6524658203125,12098912
2026-04-15,TCS.NS,2468.4302100562668,2524.7664391435346,2460.0439205944767,2520.72119140625,5261384
2026-04-16,INFY.NS,1294.0965334739733,1302.8080461846271,1281.2740288923192,1291.2579345703125,18527029
2026-04-16,TCS.NS,2537.5926488552986,2559.2983402529721,2523.7799361476882,2542.427001953125,3905403
2026-04-17,INFY.NS,1285.1893342368037,1300.1653125819739,1278.4354593069281,1290.7685546875,12064048
2026-04-17,TCS.NS,2535.6194192375438,2554.3652437377432,2521.707947863873,2546.965576171875,2718206
2026-04-20,INFY.NS,1292.0410136169874,1296.8372503675125,1280.3930442184933,1284.7977294921875,7172300
2026-04-20,TCS.NS,2552.4907319445092,2559.2983296867455,2526.9370690161732,2545.091064453125,2288558
2026-04-21,INFY.NS,1282.2528368892558,1296.9351212811175,1271.7795218169556,1285.385009765625,10057440
2026-04-21,TCS.NS,2525.7532081976633,2579.0308149330826,2525.7532081976633,2575.57763671875,2719959
2026-04-22,INFY.NS,1267.5705813427946,1270.2133447995752,1229.2987830540255,1241.729736328125,20088378
2026-04-22,TCS.NS,2545.4855979632412,2545.4855979632412,2470.107748698972,2504.540771484375,5232045
2026-04-23,INFY.NS,1227.438951608261,1238.891085420282,1200.0320212693207,1214.32275390625,14792854
2026-04-23,TCS.NS,2495.1678414969929,2525.2598221872495,2482.6377862369518,2488.064208984375,2509050
2026-04-24,INFY.NS,1174.5826894228176,1197.9764852174349,1127.7950978335834,1130.144287109375,42078914
2026-04-24,TCS.NS,2454.7163513416886,2471.4889309127534,2356.8434646078067,2364.8349609375,5107719
2026-04-27,INFY.NS,1130.1443119385692,1154.9084786451926,1130.04645394258,1145.5118408203125,19579883
2026-04-27,TCS.NS,2364.8349883004043,2426.1043319099444,2364.8349883004043,2414.85693359375,5853425
2026-04-28,INFY.NS,1138.0727223885278,1144.6308809119316,1125.4460537763027,1127.697265625,12720276
2026-04-28,TCS.NS,2411.3050180002156,2453.7297789552113,2394.9269906770533,2411.99560546875,4508363
2026-04-29,INFY.NS,1133.961747660014,1153.2444330805374,1132.2978032475876,1142.7711181640625,8303109
2026-04-29,TCS.NS,2418.2113371738269,2454.6176048964962,2414.8569175928637,2441.59423828125,2835961
2026-04-30,INFY.NS,1142.7711514334947,1164.5988623339997,1135.0384576467616,1156.768310546875,12205669
2026-04-30,TCS.NS,2445.8368019678887,2457.6762701500647,2405.3852856787867,2440.804931640625,3970446
2026-05-01,INFY.NS,1156.768310546875,1156.768310546875,1156.768310546875,1156.768310546875,0
2026-05-01,TCS.NS,2440.804931640625,2440.804931640625,2440.804931640625,2440.804931640625,0
2026-05-04,INFY.NS,1169.6886601132755,1169.6886601132755,1140.5198072387318,1143.652099609375,7735811
2026-05-04,TCS.NS,2460.6360738276094,2464.8785979918853,2392.559133533261,2398.77490234375,2632358
2026-05-05,INFY.NS,1144.7287871872279,1160.0961972461241,1135.5278649580357,1153.1466064453125,8164108
2026-05-05,TCS.NS,2397.4922011892513,2427.4854229119078,2379.9302759850466,2394.828369140625,3385720
2026-05-06,INFY.NS,1161.8580797644604,1166.2627649868193,1139.443102180398,1142.4774169921875,9856963
2026-05-06,TCS.NS,2409.2328690917466,2437.9436740268407,2374.3065364409522,2402.81982421875,3147628
2026-05-07,INFY.NS,1148.1546369607545,1150.5038263553197,1134.6468875555572,1138.07275390625,12013987
2026-05-07,TCS.NS,2405.5824064561411,2407.0623398832377,2365.9202387848723,2369.274658203125,5829594
2026-05-08,INFY.NS,1136.4088093734103,1158.4322359116547,1134.2554554613432,1154.2232666015625,7582770
2026-05-08,TCS.NS,2365.9203449373549,2374.7999458983372,2343.3267899531361,2362.368408203125,3792199
2026-05-11,INFY.NS,1151.0911273032605,1161.8581361470833,1147.2737093616843,1152.0699462890625,7336288
2026-05-11,TCS.NS,2339.2814955090735,2382.6928771212197,2339.2814955090735,2360.888427734375,1975188
2026-05-12,INFY.NS,1137.3876630949442,1137.3876630949442,1099.2137225951999,1116.1473388671875,16891948
2026-05-12,TCS.NS,2343.2279819983573,2343.2279819983573,2252.4587296430527,2269.52734375,6347884
2026-05-13,INFY.NS,1112.5255790772605,1118.398492694932,1097.2560275682617,1099.3115234375,6664111
2026-05-13,TCS.NS,2275.1510766173806,2278.3082198757561,2238.6460506699204,2242.395263671875,3171843
2026-05-14,INFY.NS,1096.0815207310736,1098.1370166529939,1065.933848927119,1071.8067626953125,16914842
2026-05-14,TCS.NS,2234.6996825737074,2234.6996825737074,2176.883514966109,2215.953857421875,5633313
2026-05-15,INFY.NS,1078.6585389001759,1109.1976439317652,1078.2669874029009,1095.2984619140625,17482450
2026-05-15,TCS.NS,2221.8734230068462,2274.0656464070398,2221.8734230068462,2233.712890625,3410637
2026-05-18,INFY.NS,1095.2984136735845,1121.8243835304838,1094.3195947158781,1118.3006591796875,12096377
2026-05-18,TCS.NS,2233.7129057172556,2262.226194073794,2222.0707143058262,2252.656005859375,3773336
2026-05-19,INFY.NS,1137.3876555901809,1173.0166903851343,1137.3876555901809,1171.5484619140625,32175705
2026-05-19,TCS.NS,2269.2314317901273,2345.793423403843,2266.3703232911885,2295.968994140625,10394707
2026-05-20,INFY.NS,1161.8580984968487,1181.3366195800531,1159.8026025902211,1168.4161376953125,15121010
2026-05-20,TCS.NS,2292.8114703818346,2310.6694303909671,2286.7932188667119,2296.2646484375,2537422
2026-05-21,INFY.NS,1170.7653346096859,1176.3446743746752,1152.0699163634372,1156.180908203125,10021033
2026-05-21,TCS.NS,2299.816595750975,2304.6509487015178,2283.0440165455843,2296.0673828125,3299087
2026-05-22,INFY.NS,1157.4533539662823,1166.5564175672662,1147.6651649263981,1149.622802734375,8803066
2026-05-22,TCS.NS,2299.9154856057353,2308.696328282268,2277.2231712679181,2286.300048828125,2617262
2026-05-25,INFY.NS,1157.9428754813864,1159.900513478819,1141.4008105061328,1143.75,5856136
2026-05-25,TCS.NS,2325,2326.10009765625,2293,2308.199951171875,3298364
2026-05-26,INFY.NS,1141.5965459846338,1155.6914427435413,1138.2685377836078,1142.966796875,8005767
2026-05-26,TCS.NS,2308.199951171875,2327.89990234375,2272.39990234375,2276.199951171875,3587597
2026-05-27,INFY.NS,1136.4088302961693,1142.5754376343073,1130.5359164445094,1135.3321533203125,6371871
2026-05-27,TCS.NS,2275,2295.60009765625,2260.89990234375,2284.199951171875,2653950
2026-05-28,INFY.NS,1135.3321533203125,1135.3321533203125,1135.3321533203125,1135.3321533203125,0
2026-05-28,TCS.NS,2284.199951171875,2284.199951171875,2284.199951171875,2284.199951171875,0
2026-05-29,INFY.NS,1156.9639684911599,1184.370898370815,1129.1654871448488,1136.3109130859375,69085430
2026-05-29,TCS.NS,2291,2334,2235,2258.89990234375,16331582
2026-06-01,INFY.NS,1150.1122640819906,1191.2226599044959,1148.8397516554953,1177.02978515625,19439331
2026-06-01,TCS.NS,2284,2335,2280,2297.39990234375,7505095
2026-06-02,INFY.NS,1206.3943648530496,1251.8115883679941,1206.3943648530496,1243.8831787109375,36032600
2026-06-02,TCS.NS,2320,2457.39990234375,2316.199951171875,2446.89990234375,11306127
2026-06-03,INFY.NS,1215.7909483013548,1223.425783618914,1190.2437985614154,1196.7039794921875,18534303
2026-06-03,TCS.NS,2393,2393,2224.800048828125,2241.699951171875,15660062
2026-06-04,INFY.NS,1182.4132636253246,1189.4607121046952,1170.8631524946943,1175.855224609375,12755957
2026-06-04,TCS.NS,2241.699951171875,2253.10009765625,2216.60009765625,2241,4867263
2026-06-05,INFY.NS,1194.159169493737,1197.8787294549086,1169.0035692089534,1172.1357421875,8692290
2026-06-05,TCS.NS,2262.89990234375,2271.800048828125,2192,2198.89990234375,5019717
2026-06-08,INFY.NS,1152.559265415463,1175.26781631171,1151.5804465064052,1162.4453125,8631711
2026-06-08,TCS.NS,2170,2177,2143.300048828125,2151.39990234375,6536734
2026-06-09,INFY.NS,1168.3182691086097,1168.3182691086097,1142.5754025403635,1155.300048828125,10984054
2026-06-09,TCS.NS,2174,2174,2132.800048828125,2151,4148655
2026-06-10,INFY.NS,1160.0999755859375,1171.4000244140625,1143.300048828125,1145.300048828125,8887626
2026-06-10,TCS.NS,2151.300048828125,2180.800048828125,2144.800048828125,2153.89990234375,2848650
2026-06-11,INFY.NS,1129.699951171875,1133.699951171875,1109,1114.5999755859375,9372176
2026-06-11,TCS.NS,2127,2154.60009765625,2110,2135.60009765625,3079815
2026-06-12,INFY.NS,1120,1123.300048828125,1111.5,1116.4000244140625,8075333
2026-06-12,TCS.NS,2150,2168,2138,2161.39990234375,2124656
2026-06-15,INFY.NS,1130,1151,1123,1134.9000244140625,7856192
2026-06-15,TCS.NS,2192,2192,2159.300048828125,2162,3337083
2026-06-16,INFY.NS,1136.9000244140625,1153.800048828125,1123.199951171875,1143.5999755859375,10456090
2026-06-16,TCS.NS,2167,2209,2160.60009765625,2199,3079898
2026-06-17,INFY.NS,1149,1162.5,1148,1157.699951171875,5995119
2026-06-17,TCS.NS,2209,2231,2200.699951171875,2223,2865010
2026-06-18,INFY.NS,1142.9000244140625,1142.9000244140625,1125.300048828125,1127.5,16781447
2026-06-18,TCS.NS,2209,2214,2182,2203.300048828125,3735188
2026-06-19,INFY.NS,1062.300048828125,1066,1030,1051.4000244140625,45665442
2026-06-19,TCS.NS,2105,2138,2059.89990234375,2125,13286502
2026-06-22,INFY.NS,1055,1080.300048828125,1055,1065.4000244140625,10178505
2026-06-22,TCS.NS,2132.199951171875,2157,2121,2127.800048828125,4566101
2026-06-23,INFY.NS,1053.800048828125,1055.300048828125,1026,1029.300048828125,19323064
2026-06-23,TCS.NS,2111,2114,2055,2059.60009765625,6392736
2026-06-24,INFY.NS,1040.9000244140625,1065.5,1037.699951171875,1056.5999755859375,12346266
2026-06-24,TCS.NS,2061,2120.699951171875,2061,2109,4747277
2026-06-25,INFY.NS,1065,1068,1039.0999755859375,1041.199951171875,15866779
2026-06-25,TCS.NS,2133.60009765625,2148.5,2088,2094.699951171875,4738903
2026-06-26,INFY.NS,1041.199951171875,1041.199951171875,1041.199951171875,1041.199951171875,0
2026-06-26,TCS.NS,2094.699951171875,2094.699951171875,2094.699951171875,2094.699951171875,0
2026-06-29,INFY.NS,1037.0999755859375,1046.5999755859375,1029.0999755859375,1036.699951171875,15080892
2026-06-29,TCS.NS,2090,2105,2071,2097.89990234375,3412470
2026-06-30,INFY.NS,1030,1030.4000244140625,996,1000.4000244140625,24128263
2026-06-30,TCS.NS,2090,2104.300048828125,2018.800048828125,2031.5,6848411
2026-07-01,INFY.NS,1006,1014,982.4000244140625,985.29998779296875,13037982
2026-07-01,TCS.NS,2039.9000244140625,2052,1976.800048828125,1982.5999755859375,4658295
2026-07-02,INFY.NS,1006.4000244140625,1045,1006,1040.9000244140625,18741111
2026-07-02,TCS.NS,2008,2076.89990234375,2002.5,2068.10009765625,6040621
2026-07-03,INFY.NS,1063,1068.699951171875,1042,1047.199951171875,11653534
2026-07-03,TCS.NS,2100,2116.60009765625,2085,2093.5,4028819
2026-07-06,INFY.NS,1050.0999755859375,1053,1033,1042.199951171875,5559747
2026-07-06,TCS.NS,2090,2093,2050.60009765625,2057.60009765625,2567386
2026-07-07,INFY.NS,1040.5999755859375,1087.5,1040.5999755859375,1071.800048828125,18866296
2026-07-07,TCS.NS,2050,2122.699951171875,2049,2096.10009765625,4769048
2026-07-08,INFY.NS,1071.9000244140625,1079.699951171875,1064.4000244140625,1069.300048828125,13022221
2026-07-08,TCS.NS,2094,2109.699951171875,2048.800048828125,2057.5,3666985
2026-07-09,INFY.NS,1062.699951171875,1062.699951171875,1040.4000244140625,1050.800048828125,9003333
2026-07-09,TCS.NS,2057.5,2065,2016,2049.5,3791498
2026-07-10,INFY.NS,1075,1091.300048828125,1064.699951171875,1068,9747266
2026-07-10,TCS.NS,2105.199951171875,2133.300048828125,2064.60009765625,2069,6714551
