date,ticker,open,high,low,close,volume
2018-01-01,^CNXIT,11612.7001953125,11655.849609375,11549,11565.75,14400
2018-01-02,^CNXIT,11587.849609375,11655.5,11558.4501953125,11602.349609375,0
2018-01-02,^NSEI,10477.5498046875,10495.2001953125,10404.650390625,10442.2001953125,153400
2018-01-03,^CNXIT,11617.349609375,11693.349609375,11573.25,11586.7001953125,0
2018-01-03,^NSEI,10482.650390625,10503.599609375,10429.5498046875,10443.2001953125,167300
2018-01-04,^CNXIT,11599.0498046875,11607.75,11510.400390625,11590.7998046875,0
2018-01-04,^NSEI,10469.400390625,10513,10441.4501953125,10504.7998046875,174900
2018-01-05,^CNXIT,11575.4501953125,11691.4501953125,11541.7998046875,11633.5498046875,0
2018-01-05,^NSEI,10534.25,10566.099609375,10520.099609375,10558.849609375,180900
2018-01-08,^CNXIT,11674.349609375,11793.849609375,11661.5,11776.849609375,0
2018-01-08,^NSEI,10591.7001953125,10631.2001953125,10588.5498046875,10623.599609375,169000
2018-01-09,^CNXIT,11805.349609375,11819.349609375,11685.75,11790.849609375,0
2018-01-09,^NSEI,10645.099609375,10659.150390625,10603.599609375,10637,205000
2018-01-10,^CNXIT,11803.849609375,12076.25,11762.5,12054.7001953125,0
2018-01-10,^NSEI,10652.0498046875,10655.5,10592.7001953125,10632.2001953125,176400
2018-01-11,^CNXIT,12060.7998046875,12178.7998046875,12045.4501953125,12103.099609375,0
2018-01-11,^NSEI,10637.0498046875,10664.599609375,10612.349609375,10651.2001953125,153800
2018-01-12,^CNXIT,12144.7998046875,12146.75,12004.400390625,12099.2001953125,0
2018-01-12,^NSEI,10682.5498046875,10690.400390625,10597.099609375,10681.25,175200
2018-01-15,^CNXIT,12103.5,12214.650390625,11971.9501953125,11992.7998046875,0
2018-01-15,^NSEI,10718.5,10782.650390625,10713.7998046875,10741.5498046875,175900
2018-01-16,^CNXIT,12036.5498046875,12487.25,12027.2998046875,12430.9501953125,0
2018-01-16,^NSEI,10761.5,10762.349609375,10687.849609375,10700.4501953125,211000
2018-01-17,^CNXIT,12473.0498046875,12653.25,12432.75,12531.400390625,0
2018-01-17,^NSEI,10702.4501953125,10803,10666.75,10788.5498046875,252700
2018-01-18,^CNXIT,12565.849609375,12605.150390625,12431.7998046875,12570.7001953125,0
2018-01-18,^NSEI,10873.400390625,10887.5,10782.400390625,10817,312000
2018-01-19,^CNXIT,12577.25,12668.5498046875,12485.2998046875,12633.849609375,0
2018-01-19,^NSEI,10829.2001953125,10906.849609375,10793.900390625,10894.7001953125,207600
2018-01-22,^CNXIT,12544.599609375,12924.599609375,12521.150390625,12894.9501953125,0
2018-01-22,^NSEI,10883.2001953125,10975.099609375,10881.400390625,10966.2001953125,231600
2018-01-23,^CNXIT,12919.2998046875,13084.2001953125,12898.25,13048.900390625,0
2018-01-23,^NSEI,10997.400390625,11092.900390625,10994.5498046875,11083.7001953125,284600
2018-01-24,^CNXIT,13020.2998046875,13553.9501953125,13005.9501953125,13249.5498046875,0
2018-01-24,^NSEI,11069.349609375,11110.099609375,11046.150390625,11086,283400
2018-01-25,^CNXIT,13257.900390625,13259.150390625,12996.75,13117.849609375,0
2018-01-25,^NSEI,11095.599609375,11095.599609375,11009.2001953125,11069.650390625,330300
2018-01-29,^CNXIT,13113.2001953125,13328.0498046875,13096.4501953125,13242.5,0
2018-01-29,^NSEI,11079.349609375,11171.5498046875,11075.9501953125,11130.400390625,241700
2018-01-30,^CNXIT,13193,13238.5,13071.849609375,13107.9501953125,0
2018-01-30,^NSEI,11120.849609375,11121.099609375,11033.900390625,11049.650390625,228000
2018-01-31,^CNXIT,13050.849609375,13142.849609375,12943.349609375,12986.400390625,0
2018-01-31,^NSEI,11018.7998046875,11058.5,10979.2998046875,11027.7001953125,245900
2018-02-01,^CNXIT,12965.599609375,13141.75,12812.9501953125,12964.599609375,0
2018-02-01,^NSEI,11044.5498046875,11117.349609375,10878.7998046875,11016.900390625,306200
2018-02-02,^CNXIT,12872.5,13130.25,12846.2001953125,12983.599609375,0
2018-02-02,^NSEI,10938.2001953125,10954.9501953125,10736.099609375,10760.599609375,282700
2018-02-05,^CNXIT,12878.7001953125,13104.7998046875,12845,12936.900390625,0
2018-02-05,^NSEI,10604.2998046875,10702.75,10586.7998046875,10666.5498046875,240100
2018-02-06,^CNXIT,12516.2001953125,12750.7001953125,12490.75,12562.349609375,0
2018-02-06,^NSEI,10295.150390625,10594.150390625,10276.2998046875,10498.25,266500
2018-02-07,^CNXIT,12667.599609375,12680.2998046875,12419.400390625,12450.0498046875,0
2018-02-07,^NSEI,10607.2001953125,10614,10446.400390625,10476.7001953125,250400
2018-02-08,^CNXIT,12556.7998046875,12764.75,12468.5,12588.349609375,0
2018-02-08,^NSEI,10518.5,10637.7998046875,10479.5498046875,10576.849609375,232200
2018-02-09,^CNXIT,12449.7001953125,12556.2001953125,12350.400390625,12492.7001953125,0
2018-02-09,^NSEI,10416.5,10480.2001953125,10398.2001953125,10454.9501953125,191600
2018-02-12,^CNXIT,12544.7001953125,12591.9501953125,12390.900390625,12422.650390625,0
2018-02-12,^NSEI,10518.2001953125,10555.5,10485.400390625,10539.75,217400
2018-02-14,^CNXIT,12438.2001953125,12546,12346,12420,0
2018-02-14,^NSEI,10585.75,10590.5498046875,10456.650390625,10500.900390625,229200
2018-02-15,^CNXIT,12497.5,12584.25,12439.0498046875,12456.5,0
2018-02-15,^NSEI,10537.900390625,10618.099609375,10511.0498046875,10545.5,210600
2018-02-16,^CNXIT,12512.75,12687.4501953125,12412.099609375,12437.9501953125,0
2018-02-16,^NSEI,10596.2001953125,10612.900390625,10434.0498046875,10452.2998046875,184300
2018-02-19,^CNXIT,12474.150390625,12479.400390625,12228.7998046875,12331.400390625,0
2018-02-19,^NSEI,10488.900390625,10489.349609375,10302.75,10378.400390625,187300
2018-02-20,^CNXIT,12272.9501953125,12491.599609375,12268.5498046875,12372,0
2018-02-20,^NSEI,10391,10429.349609375,10347.650390625,10360.400390625,187700
2018-02-21,^CNXIT,12490.5,12703.849609375,12452.349609375,12660.0498046875,0
2018-02-21,^NSEI,10426,10426.099609375,10349.599609375,10397.4501953125,234100
2018-02-22,^CNXIT,12663.650390625,12794,12631.849609375,12730.25,0
2018-02-22,^NSEI,10354.349609375,10397.5498046875,10340.650390625,10382.7001953125,313600
2018-02-23,^CNXIT,12784.099609375,12888,12701.099609375,12871.150390625,0
2018-02-23,^NSEI,10408.099609375,10499.099609375,10396.650390625,10491.0498046875,210600
2018-02-26,^CNXIT,12864.599609375,12903.900390625,12692.349609375,12713.150390625,0
2018-02-26,^NSEI,10526.5498046875,10592.9501953125,10520.2001953125,10582.599609375,171900
2018-02-27,^CNXIT,12777.25,12797.349609375,12688,12746.7998046875,0
2018-02-27,^NSEI,10615.2001953125,10631.650390625,10537.25,10554.2998046875,187500
2018-02-28,^CNXIT,12744.400390625,12904.2001953125,12696.349609375,12809,0
2018-02-28,^NSEI,10488.9501953125,10535.5,10461.5498046875,10492.849609375,286000
2018-03-01,^CNXIT,12823.900390625,12842.650390625,12736.400390625,12769.4501953125,0
2018-03-01,^NSEI,10479.9501953125,10525.5,10447.150390625,10458.349609375,176000
2018-03-05,^CNXIT,12768.5498046875,12890.9501953125,12684.2998046875,12857.650390625,0
2018-03-05,^NSEI,10428.2998046875,10428.7001953125,10323.900390625,10358.849609375,194000
2018-03-06,^CNXIT,12924.4501953125,12930.5498046875,12667.4501953125,12706.099609375,0
2018-03-06,^NSEI,10420.5,10441.349609375,10215.900390625,10249.25,222900
2018-03-07,^CNXIT,12767.4501953125,12856.5498046875,12650.25,12677.150390625,0
2018-03-07,^NSEI,10232.9501953125,10243.349609375,10141.5498046875,10154.2001953125,249500
2018-03-08,^CNXIT,12757,12802.150390625,12645.75,12682.400390625,0
2018-03-08,^NSEI,10216.25,10270.349609375,10146.400390625,10242.650390625,226400
2018-03-09,^CNXIT,12710.349609375,12805.349609375,12656.650390625,12747.25,0
2018-03-09,^NSEI,10271.2998046875,10296.7001953125,10211.900390625,10226.849609375,186500
2018-03-12,^CNXIT,12825.25,13012.349609375,12813.25,12923.400390625,0
2018-03-12,^NSEI,10301.599609375,10433.650390625,10295.4501953125,10421.400390625,216400
2018-03-13,^CNXIT,12778.349609375,12842.2001953125,12663.2998046875,12734.2001953125,0
2018-03-13,^NSEI,10389.5,10478.599609375,10377.849609375,10426.849609375,266700
2018-03-14,^CNXIT,12725.2001953125,12840.4501953125,12711.25,12786.9501953125,0
2018-03-14,^NSEI,10393.0498046875,10420.349609375,10336.2998046875,10410.900390625,181400
2018-03-15,^CNXIT,12815.599609375,12860,12727.7998046875,12762.2998046875,0
2018-03-15,^NSEI,10405.4501953125,10420,10346.2001953125,10360.150390625,173900
2018-03-16,^CNXIT,12776.25,12778.599609375,12606.599609375,12698.400390625,0
2018-03-16,^NSEI,10345.150390625,10346.2998046875,10180.25,10195.150390625,328500
2018-03-19,^CNXIT,12660.900390625,12725.349609375,12392.7001953125,12421.2998046875,0
2018-03-19,^NSEI,10215.349609375,10224.5498046875,10075.2998046875,10094.25,210200
2018-03-20,^CNXIT,12385,12644.599609375,12375.400390625,12609.099609375,0
2018-03-20,^NSEI,10051.5498046875,10155.650390625,10049.099609375,10124.349609375,203000
2018-03-21,^CNXIT,12665.75,12698.349609375,12554.150390625,12608.849609375,0
2018-03-21,^NSEI,10181.9501953125,10227.2998046875,10132.9501953125,10155.25,204800
2018-03-22,^CNXIT,12607.650390625,12638.9501953125,12454.5,12489.599609375,0
2018-03-22,^NSEI,10167.5,10207.849609375,10105.400390625,10114.75,230500
2018-03-23,^CNXIT,12292.650390625,12564.75,12281.2001953125,12541.099609375,0
2018-03-23,^NSEI,9968.7998046875,10027.7001953125,9951.900390625,9998.0498046875,285700
2018-03-26,^CNXIT,12536.599609375,12542.5498046875,12392.25,12462.400390625,0
2018-03-26,^NSEI,9989.150390625,10143.5,9958.5498046875,10130.650390625,262600
2018-03-27,^CNXIT,12539.5,12566.5,12444.7001953125,12518.2001953125,0
2018-03-27,^NSEI,10188,10207.900390625,10139.650390625,10184.150390625,225700
2018-03-28,^CNXIT,12468.7001953125,12573.099609375,12424.5498046875,12511.5498046875,0
2018-03-28,^NSEI,10143.599609375,10158.349609375,10096.900390625,10113.7001953125,344400
2018-04-02,^CNXIT,12542.2998046875,12723.400390625,12541.349609375,12707.099609375,0
2018-04-02,^NSEI,10151.650390625,10220.099609375,10127.75,10211.7998046875,225400
2018-04-03,^CNXIT,12637.7998046875,12708.150390625,12557.0498046875,12615.4501953125,0
2018-04-03,^NSEI,10186.849609375,10255.349609375,10171.0498046875,10245,205300
2018-04-04,^CNXIT,12689.900390625,12689.900390625,12442.150390625,12490.849609375,0
2018-04-04,^NSEI,10274.599609375,10279.849609375,10111.2998046875,10128.400390625,231100
2018-04-05,^CNXIT,12617.4501953125,12695.7998046875,12578.9501953125,12682.5498046875,0
2018-04-05,^NSEI,10228.4501953125,10331.7998046875,10227.4501953125,10325.150390625,236800
2018-04-06,^CNXIT,12685.2998046875,12687.400390625,12569.25,12603.349609375,0
2018-04-06,^NSEI,10322.75,10350.4501953125,10290.849609375,10331.599609375,200200
2018-04-09,^CNXIT,12605.349609375,12640.2998046875,12506.400390625,12531.2001953125,0
2018-04-09,^NSEI,10333.7001953125,10397.7001953125,10328.5,10379.349609375,221600
2018-04-10,^CNXIT,12532.25,12618.7998046875,12519.4501953125,12576.5498046875,0
2018-04-10,^NSEI,10412.900390625,10424.849609375,10381.5,10402.25,251700
2018-04-11,^CNXIT,12629.400390625,12785.2998046875,12608.849609375,12759.099609375,0
2018-04-11,^NSEI,10428.150390625,10428.150390625,10355.599609375,10417.150390625,250400
2018-04-12,^CNXIT,12782.0498046875,13219.5498046875,12766.650390625,13168.2001953125,0
2018-04-12,^NSEI,10410.650390625,10469.900390625,10395.25,10458.650390625,238600
2018-04-13,^CNXIT,13240.650390625,13380.400390625,13085.0498046875,13260.4501953125,0
2018-04-13,^NSEI,10495.2998046875,10519.900390625,10451.4501953125,10480.599609375,213100
2018-04-16,^CNXIT,12936.2998046875,13242.0498046875,12935.25,13203.099609375,0
2018-04-16,^NSEI,10398.2998046875,10540.150390625,10396.349609375,10528.349609375,195000
2018-04-17,^CNXIT,13177.099609375,13194.400390625,13094,13162.2998046875,0
2018-04-17,^NSEI,10557.2998046875,10560.4501953125,10495.650390625,10548.7001953125,206100
2018-04-18,^CNXIT,13185.2001953125,13218.4501953125,13106.2998046875,13124,0
2018-04-18,^NSEI,10578.900390625,10594.2001953125,10509.7001953125,10526.2001953125,205400
2018-04-19,^CNXIT,13192.9501953125,13295.7001953125,13157.849609375,13273.4501953125,0
2018-04-19,^NSEI,10563.650390625,10572.2001953125,10546.2001953125,10565.2998046875,262600
2018-04-20,^CNXIT,13379.349609375,13964.2998046875,13371.849609375,13910.349609375,0
2018-04-20,^NSEI,10560.349609375,10582.349609375,10527.4501953125,10564.0498046875,244600
2018-04-23,^CNXIT,13897.650390625,14294.150390625,13836.5,14013.9501953125,0
2018-04-23,^NSEI,10592.7998046875,10638.349609375,10514.9501953125,10584.7001953125,194200
2018-04-24,^CNXIT,13976.7001953125,14071.5498046875,13704.849609375,13734.7998046875,0
2018-04-24,^NSEI,10578.099609375,10636.7998046875,10569,10614.349609375,219200
2018-04-25,^CNXIT,13737.5,13972.650390625,13665.7001953125,13892.400390625,0
2018-04-25,^NSEI,10612.400390625,10612.599609375,10536.4501953125,10570.5498046875,189200
2018-04-26,^CNXIT,13836.9501953125,14056.150390625,13827.099609375,14026.650390625,0
2018-04-26,^NSEI,10586.5,10628.400390625,10559.650390625,10617.7998046875,335100
2018-04-27,^CNXIT,14015.7001953125,14070.349609375,13766.75,13794.900390625,0
2018-04-27,^NSEI,10651.650390625,10719.7998046875,10647.5498046875,10692.2998046875,0
2018-04-30,^CNXIT,13818.849609375,14094.099609375,13810.5498046875,13986.25,0
2018-04-30,^NSEI,10705.75,10759,10704.599609375,10739.349609375,173800
2018-05-02,^CNXIT,13985.5498046875,13985.5498046875,13723.650390625,13754.2998046875,0
2018-05-02,^NSEI,10783.849609375,10784.650390625,10689.7998046875,10718.0498046875,229700
2018-05-03,^CNXIT,13759.4501953125,13759.4501953125,13430.75,13473.9501953125,0
2018-05-03,^NSEI,10720.150390625,10720.599609375,10647.4501953125,10679.650390625,185200
2018-05-04,^CNXIT,13488.75,13488.7998046875,13302.900390625,13453.2998046875,0
2018-05-04,^NSEI,10700.4501953125,10700.4501953125,10601.599609375,10618.25,186500
2018-05-07,^CNXIT,13533.5498046875,13563.849609375,13395.849609375,13424.900390625,0
2018-05-07,^NSEI,10653.150390625,10725.650390625,10635.650390625,10715.5,168400
2018-05-08,^CNXIT,13453.9501953125,13474.25,13297.2001953125,13379.650390625,0
2018-05-08,^NSEI,10757.900390625,10758.5498046875,10689.400390625,10717.7998046875,269800
2018-05-09,^CNXIT,13397.849609375,13538.400390625,13390.900390625,13453.400390625,0
2018-05-09,^NSEI,10693.349609375,10766.25,10689.849609375,10741.7001953125,215400
2018-05-10,^CNXIT,13505.25,13566.0498046875,13403.2998046875,13427.2998046875,0
2018-05-10,^NSEI,10779.650390625,10785.5498046875,10705,10716.5498046875,192100
2018-05-11,^CNXIT,13457.900390625,13519.150390625,13393.2998046875,13478.599609375,0
2018-05-11,^NSEI,10741.9501953125,10812.0498046875,10724.4501953125,10806.5,203100
2018-05-14,^CNXIT,13480.099609375,13495.5,13358.2001953125,13446.150390625,0
2018-05-14,^NSEI,10815.150390625,10834.849609375,10774.75,10806.599609375,171400
2018-05-15,^CNXIT,13441.5498046875,13614.650390625,13419.7001953125,13504.9501953125,0
2018-05-15,^NSEI,10812.599609375,10929.2001953125,10781.400390625,10801.849609375,254300
2018-05-16,^CNXIT,13474.0498046875,13585.150390625,13466.599609375,13525.599609375,0
2018-05-16,^NSEI,10751.9501953125,10790.4501953125,10699.7001953125,10741.099609375,231100
2018-05-17,^CNXIT,13606.650390625,13625.5,13461.0498046875,13504.75,0
2018-05-17,^NSEI,10775.599609375,10777.25,10664.5,10682.7001953125,214100
2018-05-18,^CNXIT,13487.349609375,13526.9501953125,13412.849609375,13459.150390625,0
2018-05-18,^NSEI,10671.849609375,10674.9501953125,10589.099609375,10596.400390625,223000
2018-05-21,^CNXIT,13485.4501953125,13572.150390625,13434.099609375,13483.849609375,0
2018-05-21,^NSEI,10616.7001953125,10621.7001953125,10505.7998046875,10516.7001953125,0
2018-05-22,^CNXIT,13453.7998046875,13530.5498046875,13420.099609375,13484.5498046875,0
2018-05-22,^NSEI,10518.4501953125,10558.599609375,10490.5498046875,10536.7001953125,241700
2018-05-23,^CNXIT,13517.2998046875,13615.400390625,13435.5,13464.349609375,0
2018-05-23,^NSEI,10521.099609375,10533.5498046875,10417.7998046875,10430.349609375,290900
2018-05-24,^CNXIT,13563.650390625,13797.9501953125,13543.650390625,13775.7001953125,0
2018-05-24,^NSEI,10464.849609375,10535.150390625,10419.7998046875,10513.849609375,297600
2018-05-25,^CNXIT,13854.099609375,13963.7001953125,13715.5,13762.349609375,0
2018-05-25,^NSEI,10533.0498046875,10628.0498046875,10524,10605.150390625,260800
2018-05-28,^CNXIT,13832.9501953125,13832.9501953125,13457.599609375,13497.7001953125,0
2018-05-28,^NSEI,10648.349609375,10709.7998046875,10640.5498046875,10688.650390625,232600
2018-05-29,^CNXIT,13535.4501953125,13631.2998046875,13482.0498046875,13561.0498046875,0
2018-05-29,^NSEI,10689.400390625,10717.25,10616.099609375,10633.2998046875,225800
2018-05-30,^CNXIT,13548.849609375,13627.0498046875,13480.5498046875,13557.7001953125,0
2018-05-30,^NSEI,10579,10648.7001953125,10558.4501953125,10614.349609375,238700
2018-05-31,^CNXIT,13515.349609375,13695.2998046875,13460.7001953125,13666,0
2018-05-31,^NSEI,10670.099609375,10763.7998046875,10620.400390625,10736.150390625,610300
2018-06-01,^CNXIT,13694.25,13785.349609375,13528.650390625,13558.5498046875,0
2018-06-01,^NSEI,10738.4501953125,10764.75,10681.5,10696.2001953125,220600
2018-06-04,^CNXIT,13592.400390625,13646.5498046875,13525.2001953125,13595.099609375,0
2018-06-04,^NSEI,10765.9501953125,10770.2998046875,10618.349609375,10628.5,203800
2018-06-05,^CNXIT,13625.650390625,13638.75,13363.400390625,13408.900390625,0
2018-06-05,^NSEI,10630.7001953125,10633.150390625,10550.900390625,10593.150390625,167700
2018-06-06,^CNXIT,13460.599609375,13554.25,13355.2001953125,13528.7998046875,0
2018-06-06,^NSEI,10603.4501953125,10698.349609375,10587.5,10684.650390625,189900
2018-06-07,^CNXIT,13530.5498046875,13714.2001953125,13525.349609375,13683.75,0
2018-06-07,^NSEI,10722.599609375,10818,10722.599609375,10768.349609375,220900
2018-06-08,^CNXIT,13677.7998046875,13841.650390625,13674.349609375,13769.7998046875,0
2018-06-08,^NSEI,10736.400390625,10779.4501953125,10709.0498046875,10767.650390625,209400
2018-06-11,^CNXIT,13807.5,13869.5498046875,13755.5,13775.099609375,0
2018-06-11,^NSEI,10781.849609375,10850.5498046875,10777.0498046875,10786.9501953125,211400
2018-06-12,^CNXIT,13817.7001953125,13889.4501953125,13771.349609375,13859.849609375,0
2018-06-12,^NSEI,10816.150390625,10856.5498046875,10789.400390625,10842.849609375,198300
2018-06-13,^CNXIT,14001.2001953125,14074.900390625,13950.150390625,14034.150390625,0
2018-06-13,^NSEI,10887.5,10893.25,10842.650390625,10856.7001953125,213400
2018-06-14,^CNXIT,13980.5498046875,13984.75,13784.349609375,13825.400390625,0
2018-06-14,^NSEI,10832.900390625,10833.7001953125,10773.5498046875,10808.0498046875,184300
2018-06-15,^CNXIT,13868.5,14151.75,13841.599609375,14121.5,0
2018-06-15,^NSEI,10808.650390625,10834,10755.400390625,10817.7001953125,305400
2018-06-18,^CNXIT,14223.349609375,14223.349609375,13995.900390625,14024.2001953125,0
2018-06-18,^NSEI,10830.2001953125,10830.2001953125,10787.349609375,10799.849609375,196600
2018-06-19,^CNXIT,13987.599609375,14028.7001953125,13835.7001953125,13849.4501953125,0
2018-06-19,^NSEI,10789.4501953125,10789.4501953125,10701.2001953125,10710.4501953125,224500
2018-06-20,^CNXIT,13900.849609375,13914.9501953125,13782.150390625,13810.900390625,0
2018-06-20,^NSEI,10734.650390625,10781.7998046875,10724.0498046875,10772.0498046875,193500
2018-06-21,^CNXIT,13856.099609375,13882.400390625,13751.599609375,13771.7001953125,0
2018-06-21,^NSEI,10808.4501953125,10809.599609375,10725.900390625,10741.099609375,223600
2018-06-22,^CNXIT,13792.849609375,13844,13724.150390625,13777.099609375,0
2018-06-22,^NSEI,10742.7001953125,10837,10710.4501953125,10821.849609375,229800
2018-06-25,^CNXIT,13814,13918.0498046875,13791,13865.2001953125,0
2018-06-25,^NSEI,10822.900390625,10831.0498046875,10753.0498046875,10762.4501953125,229600
2018-06-26,^CNXIT,13862.7001953125,13981.150390625,13848.7998046875,13943.5,0
2018-06-26,^NSEI,10742.7001953125,10805.25,10732.5498046875,10769.150390625,220000
2018-06-27,^CNXIT,14005.650390625,14143.2998046875,13966.349609375,14018.400390625,0
2018-06-27,^NSEI,10785.5,10785.5,10652.400390625,10671.400390625,246000
2018-06-28,^CNXIT,14070.900390625,14139.650390625,13853.099609375,13873.7998046875,0
2018-06-28,^NSEI,10660.7998046875,10674.2001953125,10557.7001953125,10589.099609375,352300
2018-06-29,^CNXIT,13959.150390625,14020.75,13858.7001953125,13989.5,0
2018-06-29,^NSEI,10612.849609375,10723.0498046875,10612.349609375,10714.2998046875,242800
2018-07-02,^CNXIT,14024.599609375,14086.7998046875,13977.900390625,14072.2998046875,0
2018-07-02,^NSEI,10732.349609375,10736.150390625,10604.650390625,10657.2998046875,295400
2018-07-03,^CNXIT,14100.7998046875,14238.900390625,14074.849609375,14222.5498046875,0
2018-07-03,^NSEI,10668.599609375,10713.2998046875,10630.25,10699.900390625,202100
2018-07-04,^CNXIT,14243.7998046875,14243.9501953125,14099.25,14126.150390625,0
2018-07-04,^NSEI,10715,10777.150390625,10677.75,10769.900390625,173900
2018-07-05,^CNXIT,14180.2998046875,14184.4501953125,13898.900390625,13970.5,0
2018-07-05,^NSEI,10786.0498046875,10786.0498046875,10726.25,10749.75,220500
2018-07-06,^CNXIT,14008.150390625,14063.25,13925.5498046875,14015.9501953125,0
2018-07-06,^NSEI,10744.150390625,10816.349609375,10735.0498046875,10772.650390625,0
2018-07-09,^CNXIT,14111.849609375,14141.150390625,13993.599609375,14108.849609375,0
2018-07-09,^NSEI,10838.2998046875,10860.349609375,10807.150390625,10852.900390625,183600
2018-07-10,^CNXIT,14275.099609375,14299.5,14174.599609375,14222.75,0
2018-07-10,^NSEI,10902.75,10956.900390625,10876.650390625,10947.25,197000
2018-07-11,^CNXIT,14352.150390625,14629.5,14337.5498046875,14536.4501953125,0
2018-07-11,^NSEI,10956.400390625,10976.650390625,10923,10948.2998046875,222300
2018-07-12,^CNXIT,14611.4501953125,14627.7998046875,14437.650390625,14515.650390625,0
2018-07-12,^NSEI,11006.9501953125,11078.2998046875,10999.650390625,11023.2001953125,248300
2018-07-13,^CNXIT,14559.150390625,14654.5498046875,14462.9501953125,14534.900390625,0
2018-07-13,^NSEI,11056.900390625,11071.349609375,10999.75,11018.900390625,0
2018-07-16,^CNXIT,14554.25,14776,14443,14617.0498046875,0
2018-07-16,^NSEI,11018.9501953125,11019.5,10926.25,10936.849609375,210500
2018-07-17,^CNXIT,14609.5498046875,14709.599609375,14539.599609375,14618.25,0
2018-07-17,^NSEI,10939.650390625,11018.5,10925.599609375,11008.0498046875,210600
2018-07-18,^CNXIT,14695.650390625,14762.2998046875,14568.5498046875,14631.7001953125,0
2018-07-18,^NSEI,11060.2001953125,11076.2001953125,10956.2998046875,10980.4501953125,225500
2018-07-19,^CNXIT,14638.099609375,14693.4501953125,14420,14489.849609375,0
2018-07-19,^NSEI,10999.5,11006.5,10935.4501953125,10957.099609375,215400
2018-07-20,^CNXIT,14541.349609375,14771.0498046875,14518.5,14701.400390625,0
2018-07-20,^NSEI,10963.5,11030.25,10946.2001953125,11010.2001953125,187300
2018-07-23,^CNXIT,14726.7001953125,14726.7001953125,14571.599609375,14683.2001953125,0
2018-07-23,^NSEI,11019.849609375,11093.400390625,11010.9501953125,11084.75,229100
2018-07-24,^CNXIT,14768.849609375,14768.900390625,14620.9501953125,14663.900390625,0
2018-07-24,^NSEI,11109,11143.400390625,11092.5,11134.2998046875,205800
2018-07-25,^CNXIT,14697.849609375,14697.849609375,14539.25,14575.349609375,0
2018-07-25,^NSEI,11148.400390625,11157.150390625,11113.25,11132,205900
2018-07-26,^CNXIT,14510.599609375,14559.5,14423.75,14468.099609375,0
2018-07-26,^NSEI,11132.9501953125,11185.849609375,11125.7001953125,11167.2998046875,365400
2018-07-27,^CNXIT,14476.4501953125,14553.7998046875,14450.150390625,14517.900390625,0
2018-07-27,^NSEI,11232.75,11283.400390625,11210.25,11278.349609375,314600
2018-07-30,^CNXIT,14538.900390625,14561.0498046875,14391.150390625,14420.5498046875,0
2018-07-30,^NSEI,11296.650390625,11328.099609375,11261.4501953125,11319.5498046875,278800
2018-07-31,^CNXIT,14432.599609375,14617.75,14386.7998046875,14587.7998046875,0
2018-07-31,^NSEI,11311.0498046875,11366,11267.75,11356.5,256500
2018-08-01,^CNXIT,14618.650390625,14690.599609375,14586.5498046875,14679.349609375,0
2018-08-01,^NSEI,11359.7998046875,11390.5498046875,11313.5498046875,11346.2001953125,269700
2018-08-02,^CNXIT,14689.099609375,14739.7998046875,14541.349609375,14552.599609375,0
2018-08-02,^NSEI,11328.900390625,11328.900390625,11234.9501953125,11244.7001953125,210000
2018-08-03,^CNXIT,14632.349609375,14663.599609375,14588.9501953125,14649.099609375,0
2018-08-03,^NSEI,11297.7998046875,11368,11294.5498046875,11360.7998046875,218300
2018-08-06,^CNXIT,14694.7001953125,14731.099609375,14572.900390625,14605.5498046875,0
2018-08-06,^NSEI,11401.5,11427.650390625,11370.599609375,11387.099609375,203700
2018-08-07,^CNXIT,14660.099609375,14688.099609375,14588.5498046875,14613.75,0
2018-08-07,^NSEI,11423.150390625,11428.9501953125,11359.7001953125,11389.4501953125,226400
2018-08-08,^CNXIT,14650.599609375,14663.0498046875,14534.599609375,14608.2001953125,0
2018-08-08,^NSEI,11412.5,11459.9501953125,11379.2998046875,11450,210500
2018-08-09,^CNXIT,14660.5498046875,14662.4501953125,14588.9501953125,14603.349609375,0
2018-08-09,^NSEI,11493.25,11495.2001953125,11454.099609375,11470.7001953125,302200
2018-08-10,^CNXIT,14661.900390625,14702.150390625,14568.2998046875,14679.2998046875,0
2018-08-10,^NSEI,11474.9501953125,11478.75,11419.650390625,11429.5,0
2018-08-13,^CNXIT,14697.7001953125,14902.400390625,14683,14880.25,0
2018-08-13,^NSEI,11369.599609375,11406.2998046875,11340.2998046875,11355.75,246900
2018-08-14,^CNXIT,14927.400390625,15090.900390625,14872.9501953125,15009.25,0
2018-08-14,^NSEI,11381.7001953125,11452.4501953125,11370.7998046875,11435.099609375,232600
2018-08-16,^CNXIT,15021.9501953125,15122.650390625,15017.25,15044.349609375,0
2018-08-16,^NSEI,11397.150390625,11449.849609375,11366.25,11385.0498046875,290600
2018-08-17,^CNXIT,15059.9501953125,15143.349609375,14982.349609375,15126.400390625,0
2018-08-17,^NSEI,11437.150390625,11486.4501953125,11431.7998046875,11470.75,234700
2018-08-20,^CNXIT,15033.650390625,15054.099609375,14946.5498046875,14996.099609375,0
2018-08-20,^NSEI,11502.099609375,11565.2998046875,11499.650390625,11551.75,232600
2018-08-21,^CNXIT,15072.4501953125,15183.25,15041.849609375,15134.650390625,0
2018-08-21,^NSEI,11576.2001953125,11581.75,11539.599609375,11570.900390625,224200
2018-08-23,^CNXIT,15195,15361.400390625,15185.25,15321.9501953125,0
2018-08-23,^NSEI,11620.7001953125,11620.7001953125,11546.7001953125,11582.75,248500
2018-08-24,^CNXIT,15337.900390625,15410.2001953125,15239.349609375,15260.0498046875,0
2018-08-24,^NSEI,11566.599609375,11604.599609375,11532,11557.099609375,218800
2018-08-27,^CNXIT,15285.099609375,15539.650390625,15274.349609375,15514.9501953125,0
2018-08-27,^NSEI,11605.849609375,11700.9501953125,11595.599609375,11691.9501953125,199500
2018-08-28,^CNXIT,15546.5,15641.400390625,15528.400390625,15583.0498046875,0
2018-08-28,^NSEI,11731.9501953125,11760.2001953125,11710.5,11738.5,241900
2018-08-29,^CNXIT,15617,15621.900390625,15439.4501953125,15524.9501953125,0
2018-08-29,^NSEI,11744.9501953125,11753.2001953125,11678.849609375,11691.900390625,251600
2018-08-30,^CNXIT,15519.599609375,15576.650390625,15428.099609375,15529.849609375,0
2018-08-30,^NSEI,11694.75,11698.7998046875,11639.7001953125,11676.7998046875,313800
2018-08-31,^CNXIT,15575.9501953125,15833.650390625,15567.5,15811.400390625,0
2018-08-31,^NSEI,11675.849609375,11727.650390625,11640.099609375,11680.5,346500
2018-09-03,^CNXIT,16013.0498046875,16048.25,15703,15724.7001953125,0
2018-09-03,^NSEI,11751.7998046875,11751.7998046875,11567.400390625,11582.349609375,234400
2018-09-04,^CNXIT,15799.349609375,16094.0498046875,15783.5498046875,16048.7001953125,0
2018-09-04,^NSEI,11598.75,11602.5498046875,11496.849609375,11520.2998046875,254800
2018-09-05,^CNXIT,16088.7001953125,16124.599609375,15976.4501953125,16039.900390625,0
2018-09-05,^NSEI,11514.849609375,11542.650390625,11393.849609375,11476.9501953125,246100
2018-09-06,^CNXIT,16047.9501953125,16121.5,15932.650390625,16081.650390625,0
2018-09-06,^NSEI,11514.150390625,11562.25,11436.0498046875,11536.900390625,247900
2018-09-07,^CNXIT,16126.25,16130.599609375,15975,16104.7998046875,0
2018-09-07,^NSEI,11558.25,11603,11484.400390625,11589.099609375,295900
2018-09-10,^CNXIT,16150.650390625,16229.849609375,16085.5,16105.2998046875,0
2018-09-10,^NSEI,11570.25,11573,11427.2998046875,11438.099609375,286700
2018-09-11,^CNXIT,16182,16217.75,15970.099609375,15993.2001953125,0
2018-09-11,^NSEI,11476.849609375,11479.400390625,11274,11287.5,0
2018-09-12,^CNXIT,16092.099609375,16124.5498046875,15977.849609375,16054.0498046875,0
2018-09-12,^NSEI,11340.099609375,11380.75,11250.2001953125,11369.900390625,268200
2018-09-14,^CNXIT,16046.400390625,16104.0498046875,15843.599609375,16072.5,0
2018-09-14,^NSEI,11443.5,11523.25,11430.5498046875,11515.2001953125,276600
2018-09-17,^CNXIT,16096.400390625,16207.5,16080.75,16119.7998046875,0
2018-09-17,^NSEI,11464.9501953125,11464.9501953125,11366.900390625,11377.75,201400
2018-09-18,^CNXIT,16152.849609375,16152.849609375,16003.2001953125,16031,0
2018-09-18,^NSEI,11381.5498046875,11411.4501953125,11268.9501953125,11278.900390625,240900
2018-09-19,^CNXIT,16092.650390625,16115.150390625,15982.0498046875,16063.9501953125,0
2018-09-19,^NSEI,11326.650390625,11332.0498046875,11210.900390625,11234.349609375,250600
2018-09-21,^CNXIT,16023.650390625,16047.2001953125,15579.9501953125,15833.5,0
2018-09-21,^NSEI,11271.2998046875,11346.7998046875,10866.4501953125,11143.099609375,719000
2018-09-24,^CNXIT,15862.400390625,16235.0498046875,15820.650390625,16175.2998046875,0
2018-09-24,^NSEI,11164.400390625,11170.150390625,10943.599609375,10967.400390625,0
2018-09-25,^CNXIT,16207,16360.599609375,16081.900390625,16234.900390625,0
2018-09-25,^NSEI,10969.9501953125,11080.599609375,10882.849609375,11067.4501953125,405000
2018-09-26,^CNXIT,16285.75,16292.2998046875,15877.900390625,15932.4501953125,0
2018-09-26,^NSEI,11145.5498046875,11145.5498046875,10993.0498046875,11053.7998046875,340500
2018-09-27,^CNXIT,15979.5,16094.0498046875,15943.900390625,16018,0
2018-09-27,^NSEI,11079.7998046875,11089.4501953125,10953.349609375,10977.5498046875,405700
2018-09-28,^CNXIT,15932.099609375,15972,15734.9501953125,15838.0498046875,0
2018-09-28,^NSEI,11008.099609375,11034.099609375,10850.2998046875,10930.4501953125,478100
2018-10-01,^CNXIT,15897.099609375,16282.0498046875,15861.5,16213.599609375,0
2018-10-01,^NSEI,10930.900390625,11035.650390625,10821.5498046875,11008.2998046875,387000
2018-10-03,^CNXIT,16208.75,16278,15874.25,15909.7998046875,0
2018-10-03,^NSEI,10982.7001953125,10989.0498046875,10843.75,10858.25,386800
2018-10-04,^CNXIT,15835.2001953125,15835.2001953125,15403.900390625,15441.099609375,0
2018-10-04,^NSEI,10754.7001953125,10754.7001953125,10547.25,10599.25,425100
2018-10-05,^CNXIT,15416.900390625,15710,15265.650390625,15591.650390625,0
2018-10-05,^NSEI,10514.099609375,10540.650390625,10261.900390625,10316.4501953125,606400
2018-10-08,^CNXIT,15538.2001953125,15644.2001953125,15198.25,15305.2001953125,0
2018-10-08,^NSEI,10310.150390625,10398.349609375,10198.400390625,10348.0498046875,456200
2018-10-09,^CNXIT,15305.150390625,15429.9501953125,15137.75,15369.7998046875,0
2018-10-09,^NSEI,10390.2998046875,10397.599609375,10279.349609375,10301.0498046875,430500
2018-10-10,^CNXIT,15356.2998046875,15380.849609375,15053.2998046875,15143.2001953125,0
2018-10-10,^NSEI,10331.849609375,10482.349609375,10318.25,10460.099609375,0
2018-10-11,^CNXIT,14721.099609375,14890.650390625,14554.25,14683,0
2018-10-11,^NSEI,10169.7998046875,10335.9501953125,10138.599609375,10234.650390625,483500
2018-10-12,^CNXIT,14701.849609375,14721.9501953125,14408.4501953125,14539.2001953125,0
2018-10-12,^NSEI,10331.5498046875,10492.4501953125,10322.150390625,10472.5,343500
2018-10-15,^CNXIT,14639.5,14846.9501953125,14564.2998046875,14797.2001953125,0
2018-10-15,^NSEI,10524.2001953125,10526.2998046875,10410.150390625,10512.5,259500
2018-10-16,^CNXIT,14876.0498046875,14975.5498046875,14743.900390625,14887.349609375,0
2018-10-16,^NSEI,10550.150390625,10604.900390625,10525.2998046875,10584.75,265200
2018-10-17,^CNXIT,15031.0498046875,15190.650390625,14903.5,14949.599609375,0
2018-10-17,^NSEI,10688.7001953125,10710.150390625,10436.4501953125,10453.0498046875,284800
2018-10-19,^CNXIT,14776.4501953125,14776.4501953125,14421.650390625,14476.849609375,0
2018-10-19,^NSEI,10339.7001953125,10380.099609375,10249.599609375,10303.5498046875,357500
2018-10-22,^CNXIT,14527.5498046875,14527.5498046875,14299.150390625,14421.4501953125,0
2018-10-22,^NSEI,10405.849609375,10408.5498046875,10224,10245.25,297300
2018-10-23,^CNXIT,14318.9501953125,14406.75,13977.650390625,14014.7001953125,0
2018-10-23,^NSEI,10152.599609375,10222.099609375,10102.349609375,10146.7998046875,302600
2018-10-24,^CNXIT,14125.5,14183.5498046875,13826.2998046875,14049.150390625,0
2018-10-24,^NSEI,10278.150390625,10290.650390625,10126.7001953125,10224.75,351400
2018-10-25,^CNXIT,13894.7998046875,14179.7001953125,13863.900390625,14070.7998046875,0
2018-10-25,^NSEI,10135.0498046875,10166.599609375,10079.2998046875,10124.900390625,0
2018-10-26,^CNXIT,14057.0498046875,14070.0498046875,13769.849609375,13798.599609375,0
2018-10-26,^NSEI,10122.349609375,10128.849609375,10004.5498046875,10030,364300
2018-10-29,^CNXIT,13837.650390625,14188,13696.5,14132.650390625,0
2018-10-29,^NSEI,10078.099609375,10275.2998046875,10020.349609375,10250.849609375,364400
2018-10-30,^CNXIT,14088.25,14437.599609375,14028.7998046875,14355.849609375,0
2018-10-30,^NSEI,10239.400390625,10285.099609375,10175.349609375,10198.400390625,289800
2018-10-31,^CNXIT,14428.7001953125,14994.849609375,14376.75,14940.099609375,0
2018-10-31,^NSEI,10209.5498046875,10396,10105.099609375,10386.599609375,375000
2018-11-01,^CNXIT,14991.599609375,14991.599609375,14541.2001953125,14622,0
2018-11-01,^NSEI,10441.7001953125,10441.900390625,10341.900390625,10380.4501953125,348500
2018-11-02,^CNXIT,14639.0498046875,14780.099609375,14356.099609375,14396.7001953125,0
2018-11-02,^NSEI,10462.2998046875,10606.9501953125,10457.7001953125,10553,421200
2018-11-05,^CNXIT,14377.5,14534.0498046875,14345.25,14471.75,0
2018-11-05,^NSEI,10558.75,10558.7998046875,10477,10524,301900
2018-11-06,^CNXIT,14499.7998046875,14660.150390625,14468.25,14577.2998046875,0
2018-11-06,^NSEI,10552,10600.25,10491.4501953125,10530,0
2018-11-07,^CNXIT,14654.25,14698.9501953125,14645.0498046875,14683.099609375,1800
2018-11-07,^NSEI,10614.4501953125,10616.4501953125,10582.2998046875,10598.400390625,31200
2018-11-09,^CNXIT,14793.75,14796.900390625,14483.349609375,14553.25,0
2018-11-09,^NSEI,10614.7001953125,10619.5498046875,10544.849609375,10585.2001953125,296600
2018-11-12,^CNXIT,14604.9501953125,14821.5498046875,14565.0498046875,14650.5,0
2018-11-12,^NSEI,10607.7998046875,10645.5,10464.0498046875,10482.2001953125,259700
2018-11-13,^CNXIT,14637.25,14780,14561.5498046875,14698.2001953125,0
2018-11-13,^NSEI,10451.900390625,10596.25,10440.5498046875,10582.5,254600
2018-11-14,^CNXIT,14662.2998046875,14662.7998046875,14236.7001953125,14338.5,0
2018-11-14,^NSEI,10634.900390625,10651.599609375,10532.7001953125,10576.2998046875,384500
2018-11-15,^CNXIT,14315.4501953125,14573.099609375,14264.599609375,14354.150390625,0
2018-11-15,^NSEI,10580.599609375,10646.5,10557.5,10616.7001953125,0
2018-11-16,^CNXIT,14426.7001953125,14504.5,14356.650390625,14473.150390625,0
2018-11-16,^NSEI,10644,10695.150390625,10631.150390625,10682.2001953125,342800
2018-11-19,^CNXIT,14544.7998046875,14618.25,14433.2001953125,14599.7998046875,0
2018-11-19,^NSEI,10731.25,10774.7001953125,10688.7998046875,10763.400390625,272100
2018-11-20,^CNXIT,14575.25,14575.25,14262.2998046875,14285.099609375,0
2018-11-20,^NSEI,10740.099609375,10740.849609375,10640.849609375,10656.2001953125,295200
2018-11-21,^CNXIT,14244.75,14245.0498046875,13827.150390625,13879.150390625,0
2018-11-21,^NSEI,10670.9501953125,10671.2998046875,10562.349609375,10600.0498046875,300900
2018-11-22,^CNXIT,13955,14109.4501953125,13819.7001953125,13835.7001953125,0
2018-11-22,^NSEI,10612.650390625,10646.25,10512,10526.75,239500
2018-11-26,^CNXIT,13836.9501953125,14083.7001953125,13581.349609375,14025.400390625,0
2018-11-26,^NSEI,10568.2998046875,10637.7998046875,10489.75,10628.599609375,0
2018-11-27,^CNXIT,14057.900390625,14265.25,14000.400390625,14225.349609375,0
2018-11-27,^NSEI,10621.4501953125,10695.150390625,10596.349609375,10685.599609375,0
2018-11-28,^CNXIT,14266.75,14658.900390625,14250.900390625,14632.900390625,0
2018-11-28,^NSEI,10708.75,10757.7998046875,10699.849609375,10728.849609375,424500
2018-11-29,^CNXIT,14726.75,14732.650390625,14433.0498046875,14465.2998046875,0
2018-11-29,^NSEI,10808.7001953125,10883.0498046875,10782.349609375,10858.7001953125,691300
2018-11-30,^CNXIT,14494.7001953125,14710.7998046875,14494.599609375,14638.0498046875,0
2018-11-30,^NSEI,10892.099609375,10922.4501953125,10835.099609375,10876.75,453900
2018-12-03,^CNXIT,14728.4501953125,14790.7998046875,14630.75,14740.400390625,0
2018-12-03,^NSEI,10930.7001953125,10941.2001953125,10845.349609375,10883.75,409700
2018-12-04,^CNXIT,14757.4501953125,15015.099609375,14728.2001953125,14999.900390625,0
2018-12-04,^NSEI,10877.099609375,10890.9501953125,10833.349609375,10869.5,322100
2018-12-05,^CNXIT,14932.4501953125,15062.400390625,14788.75,15012.9501953125,0
2018-12-05,^NSEI,10820.4501953125,10821.0498046875,10747.9501953125,10782.900390625,312300
2018-12-06,^CNXIT,14936.599609375,15064.25,14664.2998046875,14693.75,0
2018-12-06,^NSEI,10718.150390625,10722.650390625,10588.25,10601.150390625,318500
2018-12-07,^CNXIT,14686.7998046875,14700.0498046875,14461.9501953125,14662.900390625,0
2018-12-07,^NSEI,10644.7998046875,10704.5498046875,10599.349609375,10693.7001953125,325800
2018-12-10,^CNXIT,14486,14723.7001953125,14369.5,14419.2001953125,0
2018-12-10,^NSEI,10508.7001953125,10558.849609375,10474.9501953125,10488.4501953125,381300
2018-12-11,^CNXIT,14385.349609375,14684.4501953125,14307.2998046875,14579.599609375,0
2018-12-11,^NSEI,10350.0498046875,10567.150390625,10333.849609375,10549.150390625,425500
2018-12-12,^CNXIT,14640.150390625,14756.5,14521.2001953125,14738.5498046875,0
2018-12-12,^NSEI,10591,10752.2001953125,10560.7998046875,10737.599609375,360500
2018-12-13,^CNXIT,14782.349609375,14908.900390625,14652,14841,0
2018-12-13,^NSEI,10810.75,10838.599609375,10749.5,10791.5498046875,376200
2018-12-14,^CNXIT,14810.400390625,14913.7998046875,14741.7001953125,14851.400390625,0
2018-12-14,^NSEI,10784.5,10815.75,10752.099609375,10805.4501953125,340100
2018-12-17,^CNXIT,14931.0498046875,14931.0498046875,14801.150390625,14873.0498046875,0
2018-12-17,^NSEI,10853.2001953125,10900.349609375,10844.849609375,10888.349609375,296900
2018-12-18,^CNXIT,14776.4501953125,14809.5498046875,14662.099609375,14730.900390625,0
2018-12-18,^NSEI,10850.900390625,10915.400390625,10819.099609375,10908.7001953125,286100
2018-12-19,^CNXIT,14686.0498046875,14698.900390625,14463.75,14591.7998046875,0
2018-12-19,^NSEI,10930.5498046875,10985.150390625,10928,10967.2998046875,312100
2018-12-20,^CNXIT,14468.400390625,14621.7998046875,14461.2998046875,14542.150390625,0
2018-12-20,^NSEI,10885.2001953125,10962.5498046875,10880.0498046875,10951.7001953125,318900
2018-12-21,^CNXIT,14493.75,14505.5,14171.9501953125,14207.849609375,0
2018-12-21,^NSEI,10944.25,10963.650390625,10738.650390625,10754,377500
2018-12-24,^CNXIT,14296.7998046875,14371.75,14197.099609375,14247.75,0
2018-12-24,^NSEI,10780.900390625,10782.2998046875,10649.25,10663.5,223400
2018-12-26,^CNXIT,14229.2001953125,14229.2001953125,14018.400390625,14158.900390625,0
2018-12-26,^NSEI,10635.4501953125,10747.5,10534.5498046875,10729.849609375,263700
2018-12-27,^CNXIT,14300.9501953125,14460.7001953125,14273.849609375,14354.5,0
2018-12-27,^NSEI,10817.900390625,10834.2001953125,10764.4501953125,10779.7998046875,456100
2018-12-28,^CNXIT,14409.599609375,14451.7001953125,14368.7001953125,14385.7998046875,0
2018-12-28,^NSEI,10820.9501953125,10893.599609375,10817.150390625,10859.900390625,245500
2018-12-31,^CNXIT,14458.5,14481.400390625,14394.5498046875,14440.2998046875,0
2018-12-31,^NSEI,10913.2001953125,10923.5498046875,10853.2001953125,10862.5498046875,180900
2019-01-01,^CNXIT,14426.4501953125,14480.5498046875,14357.0498046875,14450.900390625,14000
2019-01-02,^CNXIT,14467.400390625,14593.849609375,14371,14447.099609375,0
2019-01-02,^NSEI,10868.849609375,10895.349609375,10735.0498046875,10792.5,309700
2019-01-03,^CNXIT,14479.75,14542.2998046875,14276.5,14322.150390625,0
2019-01-03,^NSEI,10796.7998046875,10814.0498046875,10661.25,10672.25,286200
2019-01-04,^CNXIT,14332.650390625,14359.2001953125,13958.849609375,14146.150390625,0
2019-01-04,^NSEI,10699.7001953125,10741.0498046875,10628.650390625,10727.349609375,296600
2019-01-07,^CNXIT,14238.0498046875,14316,14204.650390625,14291.5,0
2019-01-07,^NSEI,10804.849609375,10835.9501953125,10750.150390625,10771.7998046875,269400
2019-01-08,^CNXIT,14344.599609375,14357.75,14238.2001953125,14285.7001953125,0
2019-01-08,^NSEI,10786.25,10818.4501953125,10733.25,10802.150390625,277700
2019-01-09,^CNXIT,14417.2001953125,14495.7001953125,14162.2001953125,14326.099609375,0
2019-01-09,^NSEI,10862.400390625,10870.400390625,10749.400390625,10855.150390625,333000
2019-01-10,^CNXIT,14388.849609375,14393.4501953125,14272.25,14323.25,0
2019-01-10,^NSEI,10859.349609375,10859.349609375,10801.7998046875,10821.599609375,254400
2019-01-11,^CNXIT,14288.9501953125,14326.900390625,14134.25,14307.099609375,0
2019-01-11,^NSEI,10834.75,10850.150390625,10739.400390625,10794.9501953125,260800
2019-01-14,^CNXIT,14474.5,14495.7001953125,14196,14223.599609375,0
2019-01-14,^NSEI,10807,10808,10692.349609375,10737.599609375,298800
2019-01-15,^CNXIT,14265.7001953125,14685.5,14262.400390625,14658.5,0
2019-01-15,^NSEI,10777.5498046875,10896.9501953125,10777.5498046875,10886.7998046875,310700
2019-01-16,^CNXIT,14688.849609375,14732.75,14610.099609375,14707.7998046875,0
2019-01-16,^NSEI,10899.650390625,10928.150390625,10876.900390625,10890.2998046875,276500
2019-01-17,^CNXIT,14714.25,14813.900390625,14660.0498046875,14800.25,0
2019-01-17,^NSEI,10920.849609375,10930.650390625,10844.650390625,10905.2001953125,271700
2019-01-18,^CNXIT,14744.0498046875,14923.75,14709.4501953125,14893,0
2019-01-18,^NSEI,10914.849609375,10928.2001953125,10852.2001953125,10906.9501953125,323800
2019-01-21,^CNXIT,14920.349609375,15100.2001953125,14850,14966.400390625,0
2019-01-21,^NSEI,10919.349609375,10987.4501953125,10885.75,10961.849609375,288800
2019-01-22,^CNXIT,14927.150390625,15019.599609375,14814.9501953125,14962.599609375,0
2019-01-22,^NSEI,10949.7998046875,10949.7998046875,10864.150390625,10922.75,300800
2019-01-23,^CNXIT,14975.2001953125,15003.849609375,14856.849609375,14888.75,0
2019-01-23,^NSEI,10931.0498046875,10944.7998046875,10811.9501953125,10831.5,298900
2019-01-24,^CNXIT,14897.4501953125,15003.5498046875,14793.25,14971.900390625,0
2019-01-24,^NSEI,10844.0498046875,10866.599609375,10798.650390625,10849.7998046875,361100
2019-01-25,^CNXIT,14952.75,15161.2001953125,14927.25,15039.2998046875,0
2019-01-25,^NSEI,10859.75,10931.7001953125,10756.4501953125,10780.5498046875,463400
2019-01-28,^CNXIT,15085.0498046875,15161.7001953125,15026.75,15120.150390625,0
2019-01-28,^NSEI,10792.4501953125,10804.4501953125,10630.9501953125,10661.5498046875,419700
2019-01-29,^CNXIT,15126.150390625,15293,14986.7001953125,15231.2998046875,0
2019-01-29,^NSEI,10653.7001953125,10690.349609375,10583.650390625,10652.2001953125,356900
2019-01-30,^CNXIT,15304,15381.4501953125,15192.400390625,15255.2001953125,0
2019-01-30,^NSEI,10702.25,10710.2001953125,10612.849609375,10651.7998046875,410100
2019-01-31,^CNXIT,15299.4501953125,15513.4501953125,15276.0498046875,15499.2998046875,0
2019-01-31,^NSEI,10690.5498046875,10838.0498046875,10678.5498046875,10830.9501953125,604800
2019-02-01,^CNXIT,15522.5498046875,15751.75,15485.7001953125,15724.2998046875,0
2019-02-01,^NSEI,10851.349609375,10983.4501953125,10813.4501953125,10893.650390625,482300
2019-02-04,^CNXIT,15727.2001953125,15819.7001953125,15635.900390625,15754.7998046875,0
2019-02-04,^NSEI,10876.75,10927.900390625,10814.150390625,10912.25,318300
2019-02-05,^CNXIT,15709,15812.150390625,15634.9501953125,15738.7001953125,0
2019-02-05,^NSEI,10908.650390625,10956.7001953125,10886.7001953125,10934.349609375,268100
2019-02-06,^CNXIT,15857.7001953125,16090.7001953125,15835.7001953125,16055.599609375,0
2019-02-06,^NSEI,10965.099609375,11072.599609375,10962.7001953125,11062.4501953125,298500
2019-02-07,^CNXIT,16045.5498046875,16167.849609375,16031.150390625,16085.849609375,0
2019-02-07,^NSEI,11070.4501953125,11118.099609375,11043.599609375,11069.400390625,263500
2019-02-08,^CNXIT,16001.150390625,16145.7001953125,15979.7998046875,16019.7998046875,0
2019-02-08,^NSEI,11023.5,11041.2001953125,10925.4501953125,10943.599609375,352800
2019-02-11,^CNXIT,16050.2001953125,16159.0498046875,16002.5,16099.0498046875,0
2019-02-11,^NSEI,10930.900390625,10930.900390625,10857.099609375,10888.7998046875,286000
2019-02-12,^CNXIT,16093.4501953125,16094.599609375,15788.099609375,15938.650390625,0
2019-02-12,^NSEI,10879.7001953125,10910.900390625,10823.7998046875,10831.400390625,292300
2019-02-14,^CNXIT,15992.4501953125,16002.2001953125,15828.849609375,15861.650390625,0
2019-02-14,^NSEI,10786.099609375,10792.7001953125,10718.75,10746.0498046875,627000
2019-02-15,^CNXIT,15898.400390625,15912.4501953125,15620.4501953125,15815.599609375,0
2019-02-15,^NSEI,10780.25,10785.75,10620.400390625,10724.400390625,521900
2019-02-18,^CNXIT,15895.5,15948.099609375,15618.0498046875,15659,0
2019-02-18,^NSEI,10738.650390625,10759.900390625,10628.400390625,10640.9501953125,345400
2019-02-19,^CNXIT,15644.0498046875,15651.900390625,15287.5,15333.5,0
2019-02-19,^NSEI,10636.7001953125,10722.849609375,10585.650390625,10604.349609375,291500
2019-02-20,^CNXIT,15382.4501953125,15651.7001953125,15330.7998046875,15609.4501953125,0
2019-02-20,^NSEI,10655.4501953125,10752.7001953125,10646.400390625,10735.4501953125,289200
2019-02-21,^CNXIT,15609.150390625,15691.400390625,15492.2001953125,15588.900390625,0
2019-02-21,^NSEI,10744.099609375,10808.849609375,10721.5,10789.849609375,279600
2019-02-22,^CNXIT,15582.7998046875,15717.2998046875,15543.5,15684.7001953125,0
2019-02-22,^NSEI,10782.7001953125,10801.5498046875,10758.400390625,10791.650390625,396800
2019-02-25,^CNXIT,15738.9501953125,16029.9501953125,15729.25,16003.7001953125,0
2019-02-25,^NSEI,10813.25,10887.099609375,10788.0498046875,10880.099609375,385900
2019-02-26,^CNXIT,15933.7998046875,16069.400390625,15874.9501953125,15989.599609375,0
2019-02-26,^NSEI,10775.2998046875,10888.75,10729.2998046875,10835.2998046875,415000
2019-02-27,^CNXIT,15983.7998046875,16007.650390625,15803.7001953125,15902.099609375,0
2019-02-27,^NSEI,10881.2001953125,10939.7001953125,10751.2001953125,10806.650390625,381100
2019-02-28,^CNXIT,15974.099609375,15974.099609375,15694.849609375,15732,0
2019-02-28,^NSEI,10865.7001953125,10865.7001953125,10784.849609375,10792.5,644200
2019-03-01,^CNXIT,15778.150390625,15871.099609375,15752.2001953125,15848.2998046875,0
2019-03-01,^NSEI,10842.650390625,10877.900390625,10823.099609375,10863.5,308500
2019-03-05,^CNXIT,15839.2001953125,15839.2001953125,15634.5498046875,15664.099609375,0
2019-03-05,^NSEI,10864.849609375,10994.900390625,10817,10987.4501953125,373200
2019-03-06,^CNXIT,15732.349609375,15814.7001953125,15681.099609375,15735.0498046875,0
2019-03-06,^NSEI,11024.849609375,11062.2998046875,10998.849609375,11053,372600
2019-03-07,^CNXIT,15788.150390625,15788.150390625,15558.9501953125,15582.099609375,0
2019-03-07,^NSEI,11077.9501953125,11089.0498046875,11027.099609375,11058.2001953125,321200
2019-03-08,^CNXIT,15544.349609375,15545.650390625,15388.2001953125,15408.7001953125,0
2019-03-08,^NSEI,11038.849609375,11049,11008.9501953125,11035.400390625,326600
2019-03-11,^CNXIT,15432.900390625,15500.75,15349.599609375,15388.5,0
2019-03-11,^NSEI,11068.75,11180.900390625,11059.849609375,11168.0498046875,352200
2019-03-12,^CNXIT,15408.849609375,15497.2001953125,15349.7998046875,15384.5498046875,0
2019-03-12,^NSEI,11231.349609375,11320.400390625,11227,11301.2001953125,391300
2019-03-13,^CNXIT,15442.25,15550.849609375,15300.25,15342.900390625,0
2019-03-13,^NSEI,11326.2001953125,11352.2998046875,11276.599609375,11341.7001953125,383000
2019-03-14,^CNXIT,15422.599609375,15437.0498046875,15202.0498046875,15260.4501953125,0
2019-03-14,^NSEI,11382.5,11383.4501953125,11313.75,11343.25,294500
2019-03-15,^CNXIT,15346,15649.25,15324.849609375,15546.599609375,0
2019-03-15,^NSEI,11376.849609375,11487,11370.7998046875,11426.849609375,463700
2019-03-18,^CNXIT,15614.7998046875,15661.2998046875,15304.75,15359.4501953125,0
2019-03-18,^NSEI,11473.849609375,11530.150390625,11412.5,11462.2001953125,320300
2019-03-19,^CNXIT,15432.5,15545.4501953125,15296,15495.5498046875,0
2019-03-19,^NSEI,11500.2998046875,11543.849609375,11451.25,11532.400390625,326100
2019-03-20,^CNXIT,15563.9501953125,15735.25,15554.4501953125,15599.25,0
2019-03-20,^NSEI,11553.349609375,11556.099609375,11503.099609375,11521.0498046875,366300
2019-03-22,^CNXIT,15652.2998046875,15652.2998046875,15462.2001953125,15551.099609375,0
2019-03-22,^NSEI,11549.2001953125,11572.7998046875,11434.5498046875,11456.900390625,386200
2019-03-25,^CNXIT,15579.0498046875,15579.0498046875,15388.400390625,15416.849609375,0
2019-03-25,^NSEI,11395.650390625,11395.650390625,11311.599609375,11354.25,294500
2019-03-26,^CNXIT,15415.5,15426.25,15218.25,15356.599609375,0
2019-03-26,^NSEI,11375.2001953125,11496.75,11352.4501953125,11483.25,282600
2019-03-27,^CNXIT,15352.599609375,15421.849609375,15307.099609375,15339.400390625,0
2019-03-27,^NSEI,11531.4501953125,11546.2001953125,11413,11445.0498046875,350400
2019-03-28,^CNXIT,15410.349609375,15636.5,15399.4501953125,15566.75,0
2019-03-28,^NSEI,11463.650390625,11588.5,11452.4501953125,11570,527700
2019-04-01,^CNXIT,15668.7998046875,15922.0498046875,15662.5498046875,15840.650390625,0
2019-04-01,^NSEI,11665.2001953125,11738.099609375,11644.75,11669.150390625,379600
2019-04-02,^CNXIT,15902.900390625,16013.25,15874.650390625,15988.400390625,0
2019-04-02,^NSEI,11711.5498046875,11729.349609375,11655.849609375,11713.2001953125,386100
2019-04-03,^CNXIT,15996.5,16009.849609375,15862.5,15962.9501953125,0
2019-04-03,^NSEI,11735.2998046875,11761,11629.150390625,11643.9501953125,365800
2019-04-04,^CNXIT,15947.7998046875,15954.150390625,15691,15744.7998046875,0
2019-04-04,^NSEI,11660.2001953125,11662.5498046875,11559.2001953125,11598,349000
2019-04-05,^CNXIT,15800.4501953125,15952.5,15759.7998046875,15923.0498046875,0
2019-04-05,^NSEI,11638.400390625,11689.650390625,11609.5,11665.9501953125,266700
2019-04-08,^CNXIT,15982.849609375,16061.2998046875,15857.150390625,16028.25,0
2019-04-08,^NSEI,11704.349609375,11710.2998046875,11549.099609375,11604.5,260900
2019-04-09,^CNXIT,16048.25,16203.25,15999.650390625,16121.599609375,0
2019-04-09,^NSEI,11612.0498046875,11683.900390625,11569.7001953125,11671.9501953125,300500
2019-04-10,^CNXIT,16138.849609375,16172.7998046875,15978.2001953125,15999.150390625,0
2019-04-10,^NSEI,11646.849609375,11680.0498046875,11571.75,11584.2998046875,359900
2019-04-11,^CNXIT,16018,16030.849609375,15852.2998046875,15874.75,0
2019-04-11,^NSEI,11592.5498046875,11606.7001953125,11550.5498046875,11596.7001953125,279800
2019-04-12,^CNXIT,15918.099609375,15989.7001953125,15832,15911.099609375,0
2019-04-12,^NSEI,11612.849609375,11657.349609375,11578.7998046875,11643.4501953125,246000
2019-04-15,^CNXIT,15917.7001953125,16136.599609375,15862,16113.7001953125,0
2019-04-15,^NSEI,11667,11704.599609375,11648.25,11690.349609375,290000
2019-04-16,^CNXIT,16166.150390625,16176.599609375,16064.349609375,16084.900390625,0
2019-04-16,^NSEI,11736.2001953125,11810.9501953125,11731.5498046875,11787.150390625,354300
2019-04-18,^CNXIT,16177.849609375,16177.849609375,16021,16079.2998046875,0
2019-04-18,^NSEI,11856.150390625,11856.150390625,11738.5,11752.7998046875,339700
2019-04-22,^CNXIT,16077.5498046875,16204.2998046875,16057.900390625,16150.599609375,0
2019-04-22,^NSEI,11727.0498046875,11727.0498046875,11583.9501953125,11594.4501953125,260400
2019-04-23,^CNXIT,16179.4501953125,16193.599609375,16082.4501953125,16166.2998046875,0
2019-04-23,^NSEI,11612.9501953125,11645.9501953125,11564.7998046875,11575.9501953125,272500
2019-04-24,^CNXIT,16182.900390625,16405.80078125,16161.349609375,16370.349609375,0
2019-04-24,^NSEI,11601.5,11740.849609375,11578.849609375,11726.150390625,335200
2019-04-25,^CNXIT,16361,16388.55078125,16299.2001953125,16352.7998046875,0
2019-04-25,^NSEI,11735.7001953125,11796.75,11624.2998046875,11641.7998046875,604400
2019-04-26,^CNXIT,16393.80078125,16523.75,16381.4501953125,16504.44921875,0
2019-04-26,^NSEI,11683.75,11762.900390625,11661.75,11754.650390625,333500
2019-04-30,^CNXIT,16510.94921875,16720.400390625,16502.44921875,16705.400390625,0
2019-04-30,^NSEI,11748.75,11756.25,11655.900390625,11748.150390625,532600
2019-05-02,^CNXIT,16656.900390625,16673.599609375,16387.30078125,16403.69921875,0
2019-05-02,^NSEI,11725.5498046875,11789.2998046875,11699.5498046875,11724.75,380300
2019-05-03,^CNXIT,16259.5,16265.2998046875,16065.4501953125,16092.9501953125,0
2019-05-03,^NSEI,11722.599609375,11770.900390625,11699.349609375,11712.25,305500
2019-05-06,^CNXIT,15949.2998046875,16146.400390625,15925.400390625,16111.349609375,0
2019-05-06,^NSEI,11605.7998046875,11632.5498046875,11571.349609375,11598.25,299000
2019-05-07,^CNXIT,16145.650390625,16225.849609375,16100.650390625,16135.75,0
2019-05-07,^NSEI,11651.5,11657.0498046875,11484.4501953125,11497.900390625,337500
2019-05-08,^CNXIT,16106.0498046875,16129.400390625,15998.599609375,16061.599609375,0
2019-05-08,^NSEI,11478.7001953125,11479.099609375,11346.9501953125,11359.4501953125,372800
2019-05-09,^CNXIT,16031.599609375,16164.900390625,16002.4501953125,16132.849609375,0
2019-05-09,^NSEI,11322.400390625,11357.599609375,11255.0498046875,11301.7998046875,373000
2019-05-10,^CNXIT,16117.599609375,16146.349609375,15911.9501953125,15949.599609375,0
2019-05-10,^NSEI,11314.150390625,11345.7998046875,11251.0498046875,11278.900390625,387300
2019-05-13,^CNXIT,15949,16095.7001953125,15915.150390625,15955.2998046875,0
2019-05-13,^NSEI,11258.7001953125,11300.2001953125,11125.599609375,11148.2001953125,357600
2019-05-14,^CNXIT,15942.9501953125,15966.650390625,15642.9501953125,15762.75,0
2019-05-14,^NSEI,11151.650390625,11294.75,11108.2998046875,11222.0498046875,398100
2019-05-15,^CNXIT,15793.349609375,15896.2998046875,15743.7001953125,15776.7998046875,0
2019-05-15,^NSEI,11271.7001953125,11286.7998046875,11136.9501953125,11157,414200
2019-05-16,^CNXIT,15816.650390625,15994.25,15779.75,15934,0
2019-05-16,^NSEI,11180.349609375,11281.5498046875,11143.349609375,11257.099609375,350700
2019-05-17,^CNXIT,15962.400390625,16000.349609375,15803.2001953125,15843.400390625,0
2019-05-17,^NSEI,11261.900390625,11426.150390625,11259.849609375,11407.150390625,412100
2019-05-20,^CNXIT,15933.2998046875,16009.650390625,15642.7001953125,15968.2001953125,0
2019-05-20,^NSEI,11651.900390625,11845.2001953125,11591.7001953125,11828.25,452100
2019-05-21,^CNXIT,15982.2998046875,15989.0498046875,15737.150390625,15766.9501953125,0
2019-05-21,^NSEI,11863.650390625,11883.5498046875,11682.7998046875,11709.099609375,381000
2019-05-22,^CNXIT,15750.0498046875,15812.25,15640.599609375,15666.150390625,0
2019-05-22,^NSEI,11727.9501953125,11784.7998046875,11682.400390625,11737.900390625,355900
2019-05-23,^CNXIT,15772.0498046875,15819.0498046875,15506.2001953125,15538.849609375,0
2019-05-23,^NSEI,11901.2998046875,12041.150390625,11614.5,11657.0498046875,569000
2019-05-24,^CNXIT,15622.25,15626.349609375,15461.849609375,15569.849609375,0
2019-05-24,^NSEI,11748,11859,11658.099609375,11844.099609375,374600
2019-05-27,^CNXIT,15587.400390625,15629.599609375,15526.400390625,15556.650390625,0
2019-05-27,^NSEI,11855.5,11957.150390625,11812.400390625,11924.75,348400
2019-05-28,^CNXIT,15614.099609375,15806.2001953125,15554.900390625,15762.0498046875,0
2019-05-28,^NSEI,11958.349609375,11958.5498046875,11864.900390625,11928.75,598300
2019-05-29,^CNXIT,15773.2998046875,15973,15754.349609375,15865.599609375,0
2019-05-29,^NSEI,11905.7998046875,11931.900390625,11836.7998046875,11861.099609375,318100
2019-05-30,^CNXIT,15908.9501953125,16034.75,15879.2001953125,15997.349609375,0
2019-05-30,^NSEI,11865.2998046875,11968.5498046875,11859.400390625,11945.900390625,421200
2019-05-31,^CNXIT,16070.599609375,16197.349609375,16042.599609375,16160.650390625,0
2019-05-31,^NSEI,11999.7998046875,12039.25,11829.4501953125,11922.7998046875,438900
2019-06-03,^CNXIT,16159.5,16391,16082.7998046875,16360.5498046875,0
2019-06-03,^NSEI,11953.75,12103.0498046875,11920.099609375,12088.5498046875,315300
2019-06-04,^CNXIT,16276.7998046875,16285.849609375,16072.900390625,16105.2001953125,0
2019-06-04,^NSEI,12052.650390625,12095.2001953125,12005.849609375,12021.650390625,289200
2019-06-06,^CNXIT,16155.7998046875,16159.75,15991.400390625,16012.099609375,0
2019-06-06,^NSEI,12039.7998046875,12039.7998046875,11830.25,11843.75,415200
2019-06-07,^CNXIT,16042.2998046875,16155.0498046875,15972.75,16109.849609375,0
2019-06-07,^NSEI,11865.2001953125,11897.5,11769.5,11870.650390625,302500
2019-06-10,^CNXIT,16176.849609375,16381.650390625,16152.2001953125,16362.400390625,0
2019-06-10,^NSEI,11934.900390625,11975.0498046875,11871.75,11922.7001953125,303300
2019-06-11,^CNXIT,16406.25,16488.650390625,16380.5,16448.099609375,0
2019-06-11,^NSEI,11959.849609375,12000.349609375,11904.349609375,11965.599609375,332200
2019-06-12,^CNXIT,16441.75,16446.94921875,16283.650390625,16425.94921875,0
2019-06-12,^NSEI,11962.4501953125,11962.4501953125,11866.349609375,11906.2001953125,283700
2019-06-13,^CNXIT,16340.0498046875,16421.80078125,16282.650390625,16316.599609375,0
2019-06-13,^NSEI,11873.900390625,11931.349609375,11817.0498046875,11914.0498046875,447900
2019-06-14,^CNXIT,16326.7001953125,16336.099609375,16239.2001953125,16268.2001953125,0
2019-06-14,^NSEI,11910.099609375,11911.849609375,11797.7001953125,11823.2998046875,390300
2019-06-17,^CNXIT,16285,16313.5498046875,16190.900390625,16228.2001953125,0
2019-06-17,^NSEI,11844,11844.0498046875,11657.75,11672.150390625,295500
2019-06-18,^CNXIT,16215.7001953125,16352.400390625,16212.2998046875,16322.5,0
2019-06-18,^NSEI,11677.0498046875,11727.2001953125,11641.150390625,11691.5,365500
2019-06-19,^CNXIT,16358.75,16391.5,16215.9501953125,16282.7001953125,0
2019-06-19,^NSEI,11744.4501953125,11802.5,11625.099609375,11691.4501953125,446900
2019-06-20,^CNXIT,16039,16338.75,15994.9501953125,16316.9501953125,0
2019-06-20,^NSEI,11653.650390625,11843.5,11635.0498046875,11831.75,442000
2019-06-21,^CNXIT,16343.349609375,16358.9501953125,16154.849609375,16189.400390625,0
2019-06-21,^NSEI,11827.599609375,11827.9501953125,11705.099609375,11724.099609375,468400
2019-06-24,^CNXIT,16202.400390625,16231.599609375,16142.400390625,16187.400390625,0
2019-06-24,^NSEI,11725.7998046875,11754,11670.2001953125,11699.650390625,277600
2019-06-25,^CNXIT,16158.7998046875,16252.9501953125,16050.599609375,16214.4501953125,0
2019-06-25,^NSEI,11681,11814.400390625,11651,11796.4501953125,300500
2019-06-26,^CNXIT,16152.7001953125,16255.2001953125,16079.2001953125,16101.75,0
2019-06-26,^NSEI,11768.150390625,11871.849609375,11757.5498046875,11847.5498046875,327900
2019-06-27,^CNXIT,16096.2001953125,16129.400390625,15946.650390625,15991.7998046875,0
2019-06-27,^NSEI,11860.849609375,11911.150390625,11821.0498046875,11841.5498046875,480200
2019-06-28,^CNXIT,16069.900390625,16085.400390625,15904.7998046875,15936.4501953125,0
2019-06-28,^NSEI,11861.150390625,11871.7001953125,11775.5,11788.849609375,303900
2019-07-01,^CNXIT,15982.7001953125,16023.5498046875,15893.5498046875,15916.7001953125,16700
2019-07-01,^NSEI,11839.900390625,11884.650390625,11830.7998046875,11865.599609375,278400
2019-07-02,^CNXIT,15952.900390625,16096.9501953125,15886.4501953125,16074.099609375,0
2019-07-02,^NSEI,11890.2998046875,11917.4501953125,11814.7001953125,11910.2998046875,363200
2019-07-03,^CNXIT,16091.099609375,16097.150390625,15906.400390625,15927.650390625,16800
2019-07-03,^NSEI,11932.150390625,11945.2001953125,11887.0498046875,11916.75,340500
2019-07-04,^CNXIT,15901.4501953125,15992.599609375,15896.900390625,15942.400390625,12800
2019-07-04,^NSEI,11928.7998046875,11969.25,11923.650390625,11946.75,333600
2019-07-05,^CNXIT,15960.849609375,15979.4501953125,15520,15550.0498046875,0
2019-07-05,^NSEI,11964.75,11981.75,11797.900390625,11811.150390625,530700
2019-07-08,^CNXIT,15410.849609375,15480.150390625,15317.400390625,15376,27000
2019-07-08,^NSEI,11770.400390625,11771.900390625,11523.2998046875,11558.599609375,464000
2019-07-09,^CNXIT,15381.349609375,15434,15123.599609375,15254.5,23600
2019-07-09,^NSEI,11531.599609375,11582.5498046875,11461,11555.900390625,442500
2019-07-10,^CNXIT,15077,15322.75,15045.099609375,15168.599609375,23900
2019-07-10,^NSEI,11536.150390625,11593.7001953125,11475.650390625,11498.900390625,337600
2019-07-11,^CNXIT,15256.5498046875,15258.349609375,15060.900390625,15214.2998046875,20400
2019-07-11,^NSEI,11561.4501953125,11599,11519.5,11582.900390625,317300
2019-07-12,^CNXIT,15227.599609375,15293.349609375,15186.099609375,15227.400390625,24400
2019-07-12,^NSEI,11601.150390625,11639.5498046875,11538.599609375,11552.5,359400
2019-07-15,^CNXIT,15516.25,15697.4501953125,15406.25,15662.0498046875,44800
2019-07-15,^NSEI,11614.75,11618.400390625,11532.2998046875,11588.349609375,368800
2019-07-16,^CNXIT,15608.75,15630.599609375,15532.2998046875,15580.4501953125,25100
2019-07-16,^NSEI,11596.650390625,11670.0498046875,11573.9501953125,11662.599609375,480200
2019-07-17,^CNXIT,15602.7001953125,15708.7998046875,15508.9501953125,15676,31100
2019-07-17,^NSEI,11670.75,11706.650390625,11651.150390625,11687.5,464800
2019-07-18,^CNXIT,15554.900390625,15636.849609375,15455.0498046875,15498.5,51300
2019-07-18,^NSEI,11675.599609375,11677.150390625,11582.400390625,11596.900390625,498300
2019-07-19,^CNXIT,15520.7001953125,15611.599609375,15363.0498046875,15383.650390625,24100
2019-07-19,^NSEI,11627.9501953125,11640.349609375,11399.2998046875,11419.25,446000
2019-07-22,^CNXIT,15387.4501953125,15494.0498046875,15334.599609375,15448.25,21200
2019-07-22,^NSEI,11392.849609375,11398.150390625,11301.25,11346.2001953125,516000
2019-07-23,^CNXIT,15497.5498046875,15645.7001953125,15467.7001953125,15493.400390625,26600
2019-07-23,^NSEI,11372.25,11398.150390625,11302.7998046875,11331.0498046875,458900
2019-07-24,^CNXIT,15465.7998046875,15531.849609375,15332.849609375,15380.75,20100
2019-07-24,^NSEI,11322.4501953125,11359.75,11229.7998046875,11271.2998046875,413200
2019-07-25,^CNXIT,15383.150390625,15510.599609375,15343.0498046875,15474.650390625,0
2019-07-25,^NSEI,11290.400390625,11361.400390625,11239.349609375,11252.150390625,553700
2019-07-26,^CNXIT,15442.5,15461.650390625,15265.349609375,15348.0498046875,18000
2019-07-26,^NSEI,11247.4501953125,11307.599609375,11210.0498046875,11284.2998046875,522700
2019-07-29,^CNXIT,15365.099609375,15528.099609375,15297,15400.849609375,17700
2019-07-29,^NSEI,11307.5,11310.9501953125,11152.400390625,11189.2001953125,482900
2019-07-30,^CNXIT,15409.4501953125,15527.5,15361.4501953125,15501.650390625,24400
2019-07-30,^NSEI,11213.7001953125,11267.4501953125,11072.650390625,11085.400390625,479100
2019-07-31,^CNXIT,15437.599609375,15649.150390625,15303.7001953125,15620.2001953125,30800
2019-07-31,^NSEI,11034.0498046875,11145.2998046875,10999.400390625,11118,536700
2019-08-01,^CNXIT,15576.9501953125,15593.5498046875,15277.75,15332.099609375,0
2019-08-01,^NSEI,11060.2001953125,11076.75,10881,10980,499900
2019-08-02,^CNXIT,15277.650390625,15461.0498046875,15208.7998046875,15422.099609375,25300
2019-08-02,^NSEI,10930.2998046875,11080.150390625,10848.9501953125,10997.349609375,547400
2019-08-05,^CNXIT,15349.7001953125,15544.900390625,15312.5498046875,15518.5498046875,0
2019-08-05,^NSEI,10895.7998046875,10895.7998046875,10782.599609375,10862.599609375,506600
2019-08-06,^CNXIT,15479.2001953125,15636.5,15434.25,15514.7998046875,29700
2019-08-06,^NSEI,10815.400390625,11018.5498046875,10813.7998046875,10948.25,517900
2019-08-07,^CNXIT,15591.150390625,15730.7001953125,15522.849609375,15583.349609375,0
2019-08-07,^NSEI,10958.099609375,10975.650390625,10835.900390625,10855.5,548500
2019-08-08,^CNXIT,15677.4501953125,15919.2001953125,15654.4501953125,15867.9501953125,26600
2019-08-08,^NSEI,10899.2001953125,11058.0498046875,10842.9501953125,11032.4501953125,482500
2019-08-09,^CNXIT,15898,15945.400390625,15785.75,15821.349609375,32500
2019-08-09,^NSEI,11087.900390625,11181.4501953125,11062.7998046875,11109.650390625,538100
2019-08-13,^CNXIT,15809.25,15822.400390625,15379.599609375,15424.400390625,0
2019-08-13,^NSEI,11139.400390625,11145.900390625,10901.599609375,10925.849609375,624600
2019-08-14,^CNXIT,15467.349609375,15518.4501953125,15298.5,15466.25,20400
2019-08-14,^NSEI,11003.25,11078.150390625,10935.599609375,11029.400390625,511500
2019-08-16,^CNXIT,15547.400390625,15552.7001953125,15238.5498046875,15365.349609375,0
2019-08-16,^NSEI,11043.650390625,11068.650390625,10924.2998046875,11047.7998046875,470900
2019-08-19,^CNXIT,15420.0498046875,15514.900390625,15396,15415.150390625,0
2019-08-19,^NSEI,11094.7998046875,11146.900390625,11037.849609375,11053.900390625,369500
2019-08-20,^CNXIT,15503.7998046875,15691.650390625,15467.349609375,15597.75,27200
2019-08-20,^NSEI,11063.900390625,11076.2998046875,10985.2998046875,11017,444700
2019-08-21,^CNXIT,15598.5,15680.0498046875,15562,15578.150390625,0
2019-08-21,^NSEI,11018.150390625,11034.2001953125,10906.650390625,10918.7001953125,557900
2019-08-22,^CNXIT,15581.5,15703.150390625,15478.7998046875,15632,0
2019-08-22,^NSEI,10905.2998046875,10908.25,10718.2998046875,10741.349609375,668200
2019-08-23,^CNXIT,15647.650390625,15872.849609375,15639.400390625,15816.599609375,0
2019-08-23,^NSEI,10699.599609375,10862.5498046875,10637.150390625,10829.349609375,667100
2019-08-26,^CNXIT,15825.25,15922.5498046875,15628.099609375,15890.2001953125,0
2019-08-26,^NSEI,11000.2998046875,11070.2998046875,10756.5498046875,11057.849609375,684100
2019-08-27,^CNXIT,15817.2998046875,15833.5498046875,15631.5,15675.2998046875,0
2019-08-27,^NSEI,11106.5498046875,11141.75,11049.5,11105.349609375,685600
2019-08-28,^CNXIT,15704.099609375,15898,15703.099609375,15879.900390625,0
2019-08-28,^NSEI,11101.2998046875,11129.650390625,10987.650390625,11046.099609375,550000
2019-08-29,^CNXIT,15774.650390625,15943.2998046875,15754.900390625,15884.5498046875,0
2019-08-29,^NSEI,10996.0498046875,11021.099609375,10922.400390625,10948.2998046875,649900
2019-08-30,^CNXIT,15893.900390625,16039.25,15734.2001953125,16010.400390625,0
2019-08-30,^NSEI,10987.7998046875,11042.599609375,10874.7998046875,11023.25,628200
2019-09-03,^CNXIT,16027.099609375,16189.4501953125,15935.900390625,15984.900390625,0
2019-09-03,^NSEI,10960.9501953125,10967.5,10772.7001953125,10797.900390625,483000
2019-09-04,^CNXIT,15985.75,16090.849609375,15944.400390625,16032.5,0
2019-09-04,^NSEI,10790.400390625,10858.75,10746.349609375,10844.650390625,508800
2019-09-05,^CNXIT,16109.2001953125,16142.650390625,15972.2001953125,16030.9501953125,0
2019-09-05,^NSEI,10860.9501953125,10920.099609375,10816,10847.900390625,595700
2019-09-06,^CNXIT,16139.900390625,16218.7998046875,15991.0498046875,16034.5498046875,0
2019-09-06,^NSEI,10883.7998046875,10957.0498046875,10867.4501953125,10946.2001953125,497200
2019-09-09,^CNXIT,16023.9501953125,16030.4501953125,15883.599609375,15919.400390625,0
2019-09-09,^NSEI,10936.7001953125,11028.849609375,10889.7998046875,11003.0498046875,412500
2019-09-11,^CNXIT,15901.150390625,15955.2001953125,15669.2998046875,15701.7998046875,0
2019-09-11,^NSEI,11028.5,11054.7998046875,11011.650390625,11035.7001953125,687100
2019-09-12,^CNXIT,15674.2998046875,15725.75,15525.150390625,15583.25,0
2019-09-12,^NSEI,11058.2998046875,11081.75,10964.9501953125,10982.7998046875,551400
2019-09-13,^CNXIT,15608.099609375,15739.7001953125,15586.7001953125,15722.900390625,0
2019-09-13,^NSEI,10986.7998046875,11084.4501953125,10945.75,11075.900390625,624300
2019-09-16,^CNXIT,15774.4501953125,15854.150390625,15602.599609375,15743.150390625,0
2019-09-16,^NSEI,10994.849609375,11052.7001953125,10968.2001953125,11003.5,434500
2019-09-17,^CNXIT,15769.849609375,15769.849609375,15563.599609375,15625.650390625,0
2019-09-17,^NSEI,11000.099609375,11000.099609375,10796.5,10817.599609375,482000
2019-09-18,^CNXIT,15649.0498046875,15731.0498046875,15584.099609375,15702.2998046875,0
2019-09-18,^NSEI,10872.7998046875,10885.150390625,10804.849609375,10840.650390625,519200
2019-09-19,^CNXIT,15667,15675.150390625,15469.099609375,15522.4501953125,0
2019-09-19,^NSEI,10845.2001953125,10845.2001953125,10670.25,10704.7998046875,642600
2019-09-20,^CNXIT,15541.5498046875,15742.5498046875,15434.150390625,15491.099609375,0
2019-09-20,^NSEI,10746.7998046875,11381.900390625,10691,11274.2001953125,1356800
2019-09-23,^CNXIT,15611.7998046875,15611.7998046875,14735.5498046875,15040.650390625,0
2019-09-23,^NSEI,11542.7001953125,11694.849609375,11471.349609375,11600.2001953125,882800
2019-09-24,^CNXIT,15055.0498046875,15380.349609375,15055.0498046875,15338.650390625,0
2019-09-24,^NSEI,11590.7001953125,11655.0498046875,11539.2001953125,11588.2001953125,651700
2019-09-25,^CNXIT,15351.849609375,15471,15268.900390625,15379.900390625,0
2019-09-25,^NSEI,11564.849609375,11564.9501953125,11416.099609375,11440.2001953125,629100
2019-09-26,^CNXIT,15374.5,15456.849609375,15208.400390625,15312.900390625,0
2019-09-26,^NSEI,11469.849609375,11610.849609375,11466.349609375,11571.2001953125,844500
2019-09-27,^CNXIT,15297.7001953125,15412.900390625,15214.2001953125,15236.400390625,0
2019-09-27,^NSEI,11556.349609375,11593.599609375,11499.75,11512.400390625,650000
2019-09-30,^CNXIT,15277.150390625,15568.4501953125,15259.7998046875,15540.150390625,0
2019-09-30,^NSEI,11491.150390625,11508.25,11390.7998046875,11474.4501953125,756800
2019-10-01,^CNXIT,15559.650390625,15561.5,15240.9501953125,15300.25,20800
2019-10-01,^NSEI,11515.400390625,11554.2001953125,11247.900390625,11359.900390625,1305400
2019-10-03,^CNXIT,15318.7998046875,15417.25,15228.900390625,15277.9501953125,0
2019-10-03,^NSEI,11322.25,11370.400390625,11257.349609375,11314,1017500
2019-10-04,^CNXIT,15328.400390625,15418.7998046875,15285.150390625,15340.2998046875,0
2019-10-04,^NSEI,11388.4501953125,11400.2998046875,11158.349609375,11174.75,928500
2019-10-07,^CNXIT,15368.150390625,15472.349609375,15226.7001953125,15246.75,0
2019-10-07,^NSEI,11196.2001953125,11233.849609375,11112.650390625,11126.400390625,733200
2019-10-09,^CNXIT,15305.099609375,15317.150390625,15051.349609375,15128.75,0
2019-10-09,^NSEI,11152.9501953125,11321.599609375,11090.150390625,11313.2998046875,741100
2019-10-10,^CNXIT,15124.849609375,15235.599609375,15034.599609375,15093.7998046875,0
2019-10-10,^NSEI,11280.5,11293.349609375,11208.5498046875,11234.5498046875,562000
2019-10-11,^CNXIT,14871.4501953125,15388.9501953125,14865.099609375,15321.900390625,0
2019-10-11,^NSEI,11257.7001953125,11362.900390625,11189.400390625,11305.0498046875,737800
2019-10-14,^CNXIT,15202.2001953125,15338.599609375,15147.7001953125,15277.75,0
2019-10-14,^NSEI,11335.900390625,11420.4501953125,11290.0498046875,11341.150390625,587600
2019-10-15,^CNXIT,15254.400390625,15281.4501953125,15191.0498046875,15208.400390625,0
2019-10-15,^NSEI,11360.849609375,11462.349609375,11342.099609375,11428.2998046875,527400
2019-10-16,^CNXIT,15223.5,15373.349609375,15213.2001953125,15344.9501953125,0
2019-10-16,^NSEI,11464.9501953125,11481.0498046875,11411.099609375,11464,533500
2019-10-17,^CNXIT,15257.9501953125,15313.900390625,15160.2001953125,15281.900390625,0
2019-10-17,^NSEI,11466.2998046875,11599.099609375,11439.650390625,11586.349609375,797600
2019-10-18,^CNXIT,15271.9501953125,15434.5498046875,15241,15410.099609375,0
2019-10-18,^NSEI,11580.2998046875,11684.7001953125,11553.150390625,11661.849609375,853400
2019-10-22,^CNXIT,15033.2998046875,15085.4501953125,14659.4501953125,14688.650390625,0
2019-10-22,^NSEI,11657.150390625,11714.349609375,11573.650390625,11588.349609375,867600
2019-10-23,^CNXIT,14640.849609375,14911.2001953125,14566.5498046875,14833.349609375,0
2019-10-23,^NSEI,11596.2001953125,11651.599609375,11554.400390625,11604.099609375,664200
2019-10-24,^CNXIT,14956.650390625,14970.349609375,14756.5498046875,14781.5,0
2019-10-24,^NSEI,11661.650390625,11679.599609375,11534.650390625,11582.599609375,700500
2019-10-25,^CNXIT,14883.400390625,14943.75,14720.849609375,14898.849609375,0
2019-10-25,^NSEI,11646.150390625,11646.900390625,11490.75,11583.900390625,812000
2019-10-29,^CNXIT,14980.150390625,15199.900390625,14970.5,15181.400390625,0
2019-10-29,^NSEI,11643.9501953125,11809.400390625,11627.349609375,11786.849609375,951700
2019-10-30,^CNXIT,15343.7001953125,15419.650390625,15212.75,15395.650390625,0
2019-10-30,^NSEI,11883.900390625,11883.9501953125,11784.4501953125,11844.099609375,725200
2019-10-31,^CNXIT,15436.2998046875,15657.75,15417,15559.400390625,0
2019-10-31,^NSEI,11890.4501953125,11945,11855.099609375,11877.4501953125,1414800
2019-11-01,^CNXIT,15575.349609375,15636.2998046875,15411.7998046875,15471.2001953125,0
2019-11-01,^NSEI,11886.599609375,11918.2998046875,11843.349609375,11890.599609375,855300
2019-11-04,^CNXIT,15474,15803.349609375,15428.5,15591.2998046875,0
2019-11-04,^NSEI,11928.900390625,11989.150390625,11905.349609375,11941.2998046875,823100
2019-11-05,^CNXIT,15613.099609375,15613.099609375,15422.7998046875,15533.4501953125,0
2019-11-05,^NSEI,11974.599609375,11978.9501953125,11861.900390625,11917.2001953125,632000
2019-11-06,^CNXIT,15554.0498046875,15647.0498046875,15440.400390625,15561.2998046875,0
2019-11-06,^NSEI,11911.5,12002.900390625,11850.25,11966.0498046875,603400
2019-11-07,^CNXIT,15635.5,15639.7001953125,15532.150390625,15624.400390625,24300
2019-11-07,^NSEI,12021.099609375,12021.400390625,11946.849609375,12012.0498046875,563000
2019-11-08,^CNXIT,15646.400390625,15658.150390625,15355.7001953125,15383.2998046875,0
2019-11-08,^NSEI,11987.150390625,12034.150390625,11888.75,11908.150390625,789300
2019-11-11,^CNXIT,15343.25,15354.0498046875,15228.7998046875,15308.5498046875,0
2019-11-11,^NSEI,11879.2001953125,11932.650390625,11853.9501953125,11913.4501953125,549000
2019-11-13,^CNXIT,15307.900390625,15374.0498046875,15192.2998046875,15240.9501953125,0
2019-11-13,^NSEI,11908.2998046875,11946.7998046875,11823.2001953125,11840.4501953125,659000
2019-11-14,^CNXIT,15292.900390625,15410.2998046875,15217.2998046875,15388.75,0
2019-11-14,^NSEI,11858.75,11895.650390625,11802.650390625,11872.099609375,559500
2019-11-15,^CNXIT,15425.0498046875,15471.150390625,15287.099609375,15310.650390625,0
2019-11-15,^NSEI,11904.2001953125,11973.650390625,11879.25,11895.4501953125,580200
2019-11-18,^CNXIT,15326.7998046875,15373.849609375,15251,15295.25,0
2019-11-18,^NSEI,11915.150390625,11946.2001953125,11867.599609375,11884.5,514400
2019-11-19,^CNXIT,15318.650390625,15371.7998046875,15256.849609375,15304.849609375,0
2019-11-19,^NSEI,11919.4501953125,11958.849609375,11881.75,11940.099609375,613900
2019-11-20,^CNXIT,15349.0498046875,15349.0498046875,15235,15318.5,0
2019-11-20,^NSEI,12004.75,12038.599609375,11966.0498046875,11999.099609375,646700
2019-11-21,^CNXIT,15353.7001953125,15435.400390625,15279.400390625,15293.9501953125,0
2019-11-21,^NSEI,12025.650390625,12028.2001953125,11956.900390625,11968.400390625,557700
2019-11-22,^CNXIT,15216.5498046875,15220.0498046875,14931.349609375,14995.900390625,0
2019-11-22,^NSEI,11967.2998046875,11968.099609375,11883.5,11914.400390625,486800
2019-11-25,^CNXIT,15002.2001953125,15112.900390625,14950.9501953125,15100.599609375,0
2019-11-25,^NSEI,11922.4501953125,12084.5,11919.75,12073.75,534300
2019-11-26,^CNXIT,15174.650390625,15212.650390625,14867.4501953125,14922.150390625,0
2019-11-26,^NSEI,12110.2001953125,12132.4501953125,12006.349609375,12037.7001953125,1201300
2019-11-27,^CNXIT,14957.5,15049,14946.5498046875,15022.150390625,0
2019-11-27,^NSEI,12068.5,12114.900390625,12055.150390625,12100.7001953125,584200
2019-11-28,^CNXIT,15069.150390625,15136.2001953125,15042.650390625,15121.7998046875,14700
2019-11-28,^NSEI,12132.099609375,12158.7998046875,12099.9501953125,12151.150390625,620500
2019-11-29,^CNXIT,15132.9501953125,15147.25,14964.25,14998.0498046875,0
2019-11-29,^NSEI,12146.2001953125,12147.400390625,12017.400390625,12056.0498046875,804400
2019-12-02,^CNXIT,15056.849609375,15070.650390625,14819.400390625,14852,0
2019-12-02,^NSEI,12137.0498046875,12137.150390625,12023.7001953125,12048.2001953125,720900
2019-12-03,^CNXIT,14870.900390625,14956.4501953125,14808.400390625,14920.75,0
2019-12-03,^NSEI,12067.650390625,12068.599609375,11956.400390625,11994.2001953125,605800
2019-12-04,^CNXIT,14918.5,15188.5498046875,14896.599609375,15175.150390625,27200
2019-12-04,^NSEI,11969.9501953125,12054.7001953125,11935.2998046875,12043.2001953125,747200
2019-12-05,^CNXIT,15164.150390625,15385.4501953125,15101.7998046875,15367.5,28800
2019-12-05,^NSEI,12071.25,12081.2001953125,11998.75,12018.400390625,562200
2019-12-06,^CNXIT,15383.4501953125,15390.0498046875,15269.25,15289.599609375,16900
2019-12-06,^NSEI,12047.349609375,12057.0498046875,11888.849609375,11921.5,609200
2019-12-09,^CNXIT,15309.7001953125,15322.5498046875,15136.25,15157.150390625,18200
2019-12-09,^NSEI,11939.099609375,11981.9501953125,11888.0498046875,11937.5,599100
2019-12-10,^CNXIT,15120.0498046875,15123.349609375,14903.25,14946.5498046875,20100
2019-12-10,^NSEI,11950.5,11953.2001953125,11844.7001953125,11856.7998046875,650200
2019-12-11,^CNXIT,14972,15147.349609375,14963.650390625,15130.2998046875,23000
2019-12-11,^NSEI,11867.349609375,11923.2001953125,11832.2998046875,11910.150390625,997700
2019-12-12,^CNXIT,15151.099609375,15184.150390625,14890.599609375,14972.650390625,27100
2019-12-12,^NSEI,11944.2998046875,12005.5,11934,11971.7998046875,752600
2019-12-13,^CNXIT,14987.900390625,15221.4501953125,14965.150390625,15200.5498046875,30100
2019-12-13,^NSEI,12026.400390625,12098.849609375,12023.599609375,12086.7001953125,597700
2019-12-16,^CNXIT,15263.75,15446.25,15223.099609375,15348.75,28600
2019-12-16,^NSEI,12131.349609375,12134.650390625,12046.2998046875,12053.9501953125,437700
2019-12-17,^CNXIT,15417.5498046875,15670.349609375,15387.2001953125,15637.150390625,35700
2019-12-17,^NSEI,12082.4501953125,12182.75,12070.349609375,12165,499600
2019-12-18,^CNXIT,15680.5,15835.7998046875,15649.150390625,15710.650390625,46700
2019-12-18,^NSEI,12197,12237.7001953125,12163.4501953125,12221.650390625,518900
2019-12-19,^CNXIT,15741.2001953125,15835.5,15654.7001953125,15812.9501953125,25100
2019-12-19,^NSEI,12223.400390625,12268.349609375,12191.150390625,12259.7001953125,623100
2019-12-20,^CNXIT,15811.9501953125,15890.9501953125,15781.25,15844.5498046875,30000
2019-12-20,^NSEI,12266.4501953125,12293.900390625,12252.75,12271.7998046875,810700
2019-12-23,^CNXIT,15811.400390625,15936,15809.0498046875,15865.5,15900
2019-12-23,^NSEI,12235.4501953125,12287.150390625,12213.25,12262.75,604800
2019-12-24,^CNXIT,15877.400390625,15880.150390625,15739.4501953125,15778.2001953125,16000
2019-12-24,^NSEI,12269.25,12283.7001953125,12202.099609375,12214.5498046875,470300
2019-12-26,^CNXIT,15784.4501953125,15806.849609375,15690.9501953125,15706.4501953125,17800
2019-12-26,^NSEI,12211.849609375,12221.5498046875,12118.849609375,12126.5498046875,520300
2019-12-27,^CNXIT,15740.400390625,15824.150390625,15657.5,15780.7001953125,16700
2019-12-27,^NSEI,12172.900390625,12258.4501953125,12157.900390625,12245.7998046875,383800
2019-12-30,^CNXIT,15801.5,15868.9501953125,15715.099609375,15775,0
2019-12-30,^NSEI,12274.900390625,12286.4501953125,12213.7998046875,12255.849609375,411100
2019-12-31,^CNXIT,15754.0498046875,15775.25,15634.5,15652.400390625,19600
2019-12-31,^NSEI,12247.099609375,12247.099609375,12151.7998046875,12168.4501953125,426900
2020-01-01,^CNXIT,15705.900390625,15746.25,15676.7001953125,15722.150390625,9400
2020-01-01,^NSEI,12202.150390625,12222.2001953125,12165.2998046875,12182.5,304100
2020-01-02,^CNXIT,15754.900390625,15762.099609375,15679.650390625,15709.650390625,15200
2020-01-02,^NSEI,12198.5498046875,12289.900390625,12195.25,12282.2001953125,407700
2020-01-03,^CNXIT,15727.599609375,16004.4501953125,15722.650390625,15936.599609375,26000
2020-01-03,^NSEI,12261.099609375,12265.599609375,12191.349609375,12226.650390625,428800
2020-01-06,^CNXIT,15934.599609375,16067.650390625,15831.849609375,15879.7998046875,24000
2020-01-06,^NSEI,12170.599609375,12179.099609375,11974.2001953125,11993.0498046875,396500
2020-01-07,^CNXIT,15893.349609375,15988.7001953125,15799.7998046875,15895.2001953125,24200
2020-01-07,^NSEI,12079.099609375,12152.150390625,12005.349609375,12052.9501953125,447800
2020-01-08,^CNXIT,15840.900390625,15974.849609375,15816.7998046875,15953.4501953125,27400
2020-01-08,^NSEI,11939.099609375,12044.9501953125,11929.599609375,12025.349609375,446000
2020-01-09,^CNXIT,15970.650390625,16017.25,15857.25,15925.150390625,27900
2020-01-09,^NSEI,12153.150390625,12224.0498046875,12132.5498046875,12215.900390625,477500
2020-01-10,^CNXIT,16040.650390625,16059.349609375,15930.650390625,15959.900390625,20200
2020-01-10,^NSEI,12271,12311.2001953125,12213.2001953125,12256.7998046875,660600
2020-01-13,^CNXIT,16135.5,16275.2001953125,16075.75,16225.900390625,61100
2020-01-13,^NSEI,12296.7001953125,12337.75,12285.7998046875,12329.5498046875,501000
2020-01-14,^CNXIT,16238.150390625,16385.94921875,16226.900390625,16362.349609375,34500
2020-01-14,^NSEI,12333.099609375,12374.25,12308.7001953125,12362.2998046875,616300
2020-01-15,^CNXIT,16354.2001953125,16366.75,16217.099609375,16346.849609375,35200
2020-01-15,^NSEI,12349.400390625,12355.150390625,12278.75,12343.2998046875,684400
2020-01-16,^CNXIT,16372.150390625,16423.849609375,16277.25,16381.650390625,26200
2020-01-16,^NSEI,12347.099609375,12389.0498046875,12315.7998046875,12355.5,395700
2020-01-17,^CNXIT,16396.5,16447.349609375,16310.75,16356.599609375,20000
2020-01-17,^NSEI,12328.400390625,12385.4501953125,12321.400390625,12352.349609375,502100
2020-01-20,^CNXIT,16389.599609375,16465.05078125,16162.5,16207.150390625,27100
2020-01-20,^NSEI,12430.5,12430.5,12216.900390625,12224.5498046875,491600
2020-01-21,^CNXIT,16190.7998046875,16221.5,16133.599609375,16175.2001953125,17500
2020-01-21,^NSEI,12195.2998046875,12230.0498046875,12162.2998046875,12169.849609375,400
2020-01-22,^CNXIT,16245.9501953125,16404.599609375,16211.7998046875,16334.5498046875,26800
2020-01-22,^NSEI,12218.349609375,12225.0498046875,12087.900390625,12106.900390625,500
2020-01-23,^CNXIT,16380.599609375,16501.19921875,16367.75,16474.400390625,30000
2020-01-23,^NSEI,12123.75,12189,12094.099609375,12180.349609375,867700
2020-01-24,^CNXIT,16410.5,16498.75,16356.9501953125,16472.75,21200
2020-01-24,^NSEI,12174.5498046875,12272.150390625,12149.650390625,12248.25,593200
2020-01-27,^CNXIT,16456.19921875,16483.900390625,16385.650390625,16393.55078125,13600
2020-01-27,^NSEI,12197.099609375,12216.599609375,12107,12119,441200
2020-01-28,^CNXIT,16442.849609375,16448.05078125,16320.599609375,16429.75,19700
2020-01-28,^NSEI,12148.099609375,12163.5498046875,12024.5,12055.7998046875,478500
2020-01-29,^CNXIT,16513.19921875,16577.94921875,16452,16479.30078125,22200
2020-01-29,^NSEI,12114.900390625,12169.599609375,12103.7998046875,12129.5,514400
2020-01-30,^CNXIT,16509,16514.099609375,16287.75,16327.900390625,18900
2020-01-30,^NSEI,12147.75,12150.2998046875,12010.599609375,12035.7998046875,538100
2020-01-31,^CNXIT,16333.150390625,16365.7998046875,16098.4501953125,16144.150390625,26300
2020-01-31,^NSEI,12100.400390625,12103.5498046875,11945.849609375,11962.099609375,771300
2020-02-03,^CNXIT,16282,16418.900390625,16034.2998046875,16059.900390625,29000
2020-02-03,^NSEI,11627.4501953125,11749.849609375,11614.5,11707.900390625,669800
2020-02-04,^CNXIT,16174.7998046875,16377.4501953125,16155.7998046875,16350.849609375,25200
2020-02-04,^NSEI,11786.25,11986.150390625,11783.400390625,11979.650390625,560400
2020-02-05,^CNXIT,16354.4501953125,16463.599609375,16283.25,16448.55078125,21900
2020-02-05,^NSEI,12005.849609375,12098.150390625,11953.349609375,12089.150390625,758000
2020-02-06,^CNXIT,16480.75,16621.349609375,16330.650390625,16371.150390625,24000
2020-02-06,^NSEI,12120,12160.599609375,12084.650390625,12137.9501953125,565100
2020-02-07,^CNXIT,16453,16493.25,16382.400390625,16470.150390625,15700
2020-02-07,^NSEI,12151.150390625,12154.7001953125,12073.9501953125,12098.349609375,473500
2020-02-10,^CNXIT,16481.5,16522.400390625,16306.25,16431.94921875,18000
2020-02-10,^NSEI,12102.349609375,12103.5498046875,11990.75,12031.5,524700
2020-02-11,^CNXIT,16482.400390625,16512.099609375,16409.150390625,16452.30078125,17000
2020-02-11,^NSEI,12108.400390625,12172.2998046875,12099,12107.900390625,480000
2020-02-12,^CNXIT,16462.25,16599.05078125,16419.44921875,16538.099609375,18600
2020-02-12,^NSEI,12151,12231.75,12144.2998046875,12201.2001953125,411700
2020-02-13,^CNXIT,16578.75,16696.849609375,16513.75,16673.05078125,18900
2020-02-13,^NSEI,12219.5498046875,12225.650390625,12139.7998046875,12174.650390625,501200
2020-02-14,^CNXIT,16682.30078125,16828.19921875,16624.25,16642.75,19600
2020-02-14,^NSEI,12190.150390625,12246.7001953125,12091.2001953125,12113.4501953125,622800
2020-02-17,^CNXIT,16707.650390625,16737.650390625,16596.19921875,16647.69921875,0
2020-02-17,^NSEI,12131.7998046875,12159.599609375,12037,12045.7998046875,0
2020-02-18,^CNXIT,16586.900390625,16773.19921875,16526.400390625,16748.75,20800
2020-02-18,^NSEI,12028.25,12030.75,11908.0498046875,11992.5,676900
2020-02-19,^CNXIT,16796.400390625,16882.44921875,16754.25,16772.5,16900
2020-02-19,^NSEI,12090.599609375,12134.7001953125,12042.099609375,12125.900390625,513600
2020-02-20,^CNXIT,16826.30078125,16843.650390625,16623.900390625,16649.400390625,20300
2020-02-20,^NSEI,12119,12152,12071.4501953125,12080.849609375,502600
2020-02-24,^CNXIT,16642.75,16749.25,16416.849609375,16461.80078125,23400
2020-02-24,^NSEI,12012.5498046875,12012.5498046875,11813.400390625,11829.400390625,490800
2020-02-25,^CNXIT,16490.400390625,16642.400390625,16443.25,16562.5,25300
2020-02-25,^NSEI,11877.5,11883.0498046875,11779.900390625,11797.900390625,461000
2020-02-26,^CNXIT,16497.150390625,16539.25,16297.25,16332.25,26800
2020-02-26,^NSEI,11738.5498046875,11783.25,11639.599609375,11678.5,567600
2020-02-27,^CNXIT,16244.9501953125,16258.650390625,16053.7001953125,16123.7998046875,24500
2020-02-27,^NSEI,11661.25,11663.849609375,11536.7001953125,11633.2998046875,608600
2020-02-28,^CNXIT,15726.150390625,15788.4501953125,15156.7998046875,15212.9501953125,42900
2020-02-28,^NSEI,11382,11384.7998046875,11175.0498046875,11201.75,809900
2020-03-02,^CNXIT,15355.0498046875,15722,15298,15427.650390625,36500
2020-03-02,^NSEI,11387.349609375,11433,11036.25,11132.75,680800
2020-03-03,^CNXIT,15615.0498046875,15793.099609375,15495.7001953125,15723.2001953125,29600
2020-03-03,^NSEI,11217.5498046875,11342.25,11152.5498046875,11303.2998046875,696500
2020-03-04,^CNXIT,15824.900390625,15919.9501953125,15612.75,15864.2998046875,32100
2020-03-04,^NSEI,11351.349609375,11356.599609375,11082.150390625,11251,797700
2020-03-05,^CNXIT,15912.0498046875,16150.599609375,15841.099609375,15871.349609375,26900
2020-03-05,^NSEI,11306.0498046875,11389.5,11244.599609375,11269,1352500
2020-03-06,^CNXIT,15607.349609375,15699.9501953125,15443,15663.5,26000
2020-03-06,^NSEI,10942.650390625,11035.099609375,10827.400390625,10989.4501953125,1811000
2020-03-09,^CNXIT,15333.5498046875,15371,14705.400390625,14854.900390625,36800
2020-03-09,^NSEI,10742.0498046875,10751.5498046875,10294.4501953125,10451.4501953125,1565500
2020-03-11,^CNXIT,14524.150390625,14823.7998046875,14356.099609375,14681.400390625,43300
2020-03-11,^NSEI,10334.2998046875,10545.099609375,10334,10458.400390625,1218500
2020-03-12,^CNXIT,14177.400390625,14231.9501953125,13317.650390625,13384.849609375,42900
2020-03-12,^NSEI,10039.9501953125,10040.75,9508,9590.150390625,1343500
2020-03-13,^CNXIT,12561.9501953125,13835.349609375,11624.849609375,13539.099609375,47400
2020-03-13,^NSEI,9107.599609375,10159.400390625,8555.150390625,9955.2001953125,1388000
2020-03-16,^CNXIT,12963.7001953125,13078.650390625,12355.150390625,12451.349609375,49500
2020-03-16,^NSEI,9587.7998046875,9602.2001953125,9165.099609375,9197.400390625,897700
2020-03-17,^CNXIT,12517.5,12677.2001953125,11999.5498046875,12099.25,44100
2020-03-17,^NSEI,9285.400390625,9403.7998046875,8915.599609375,8967.0498046875,935600
2020-03-18,^CNXIT,12287.7998046875,12451.099609375,11643.900390625,11753,45500
2020-03-18,^NSEI,9088.4501953125,9127.5498046875,8407.0498046875,8468.7998046875,1516600
2020-03-19,^CNXIT,11183.9501953125,11698.2998046875,10991.25,11340,52500
2020-03-19,^NSEI,8063.2998046875,8575.4501953125,7832.5498046875,8263.4501953125,925700
2020-03-20,^CNXIT,11382.400390625,12710.5498046875,11363.5,12363.4501953125,66400
2020-03-20,^NSEI,8284.4501953125,8883,8178.2001953125,8745.4501953125,1071500
2020-03-23,^CNXIT,11328.25,11602.4501953125,11108.650390625,11179.599609375,44700
2020-03-23,^NSEI,7945.7001953125,8159.25,7583.60009765625,7610.25,653500
2020-03-24,^CNXIT,11159.75,12053.7998046875,11159.2998046875,11865.0498046875,51300
2020-03-24,^NSEI,7848.2998046875,8036.9501953125,7511.10009765625,7801.0498046875,738400
2020-03-25,^CNXIT,11856.900390625,12514.25,11657.25,12233.349609375,47600
2020-03-25,^NSEI,7735.14990234375,8376.75,7714.75,8317.849609375,736900
2020-03-26,^CNXIT,12496.9501953125,12751.5498046875,12306.349609375,12535.599609375,47100
2020-03-26,^NSEI,8451,8749.0498046875,8304.900390625,8641.4501953125,865600
2020-03-27,^CNXIT,12778.150390625,12949.599609375,12403.849609375,12569.099609375,43300
2020-03-27,^NSEI,8949.099609375,9038.900390625,8522.900390625,8660.25,801500
2020-03-30,^CNXIT,12152.9501953125,12774.599609375,12152.9501953125,12318.7998046875,40800
2020-03-30,^NSEI,8385.9501953125,8576,8244,8281.099609375,593300
2020-03-31,^CNXIT,12681.75,12930.7998046875,12466.599609375,12763.650390625,38800
2020-03-31,^NSEI,8529.349609375,8678.2998046875,8358,8597.75,712700
2020-04-01,^CNXIT,12680.5,12690.599609375,11989.599609375,12045.849609375,40900
2020-04-01,^NSEI,8584.099609375,8588.099609375,8198.349609375,8253.7998046875,506300
2020-04-03,^CNXIT,12129.849609375,12146.9501953125,11621.2001953125,11680.0498046875,40600
2020-04-03,^NSEI,8356.5498046875,8356.5498046875,8055.7998046875,8083.7998046875,697000
2020-04-07,^CNXIT,12147,12647.400390625,12132.2998046875,12588.9501953125,39400
2020-04-07,^NSEI,8446.2998046875,8819.400390625,8360.9501953125,8792.2001953125,814200
2020-04-08,^CNXIT,12468.599609375,12897.5,12437.75,12491.5498046875,40400
2020-04-08,^NSEI,8688.900390625,9131.7001953125,8653.900390625,8748.75,896500
2020-04-09,^CNXIT,12810.7998046875,12867.349609375,12648.7998046875,12728.5498046875,36100
2020-04-09,^NSEI,8973.0498046875,9128.349609375,8904.5498046875,9111.900390625,742100
2020-04-13,^CNXIT,12698.849609375,12795.7001953125,12527.150390625,12603.099609375,28500
2020-04-13,^NSEI,9103.9501953125,9112.0498046875,8912.400390625,8993.849609375,644000
2020-04-15,^CNXIT,12792.4501953125,12951.400390625,12661,12702.599609375,47900
2020-04-15,^NSEI,9196.400390625,9261.2001953125,8874.099609375,8925.2998046875,879100
2020-04-16,^CNXIT,12430.2998046875,12605.400390625,12205.900390625,12463.599609375,69400
2020-04-16,^NSEI,8851.25,9053.75,8821.900390625,8992.7998046875,719400
2020-04-17,^CNXIT,12878.349609375,12992.0498046875,12596.650390625,12649.25,46500
2020-04-17,^NSEI,9323.4501953125,9324,9091.349609375,9266.75,684200
2020-04-20,^CNXIT,12812.599609375,12937.9501953125,12742.5498046875,12847.650390625,39200
2020-04-20,^NSEI,9390.2001953125,9390.849609375,9230.7998046875,9261.849609375,726400
2020-04-21,^CNXIT,12513.650390625,12632.5,12375.7998046875,12408.849609375,37300
2020-04-21,^NSEI,9016.9501953125,9044.400390625,8909.400390625,8981.4501953125,655100
2020-04-22,^CNXIT,12393.900390625,12619.4501953125,12322.9501953125,12571.2998046875,27600
2020-04-22,^NSEI,9026.75,9209.75,8946.25,9187.2998046875,734400
2020-04-23,^CNXIT,12639.7998046875,13199.75,12596.599609375,13128.2001953125,39800
2020-04-23,^NSEI,9232.349609375,9343.599609375,9170.150390625,9313.900390625,666700
2020-04-24,^CNXIT,13001.900390625,13101.400390625,12792.900390625,12816.2001953125,32500
2020-04-24,^NSEI,9163.900390625,9296.900390625,9141.2998046875,9154.400390625,659400
2020-04-27,^CNXIT,12957.349609375,13248.9501953125,12928.0498046875,13121.150390625,40200
2020-04-27,^NSEI,9259.7001953125,9377.099609375,9250.349609375,9282.2998046875,512800
2020-04-28,^CNXIT,13301.9501953125,13317.2001953125,13067.75,13133.650390625,38800
2020-04-28,^NSEI,9389.7998046875,9404.400390625,9260,9380.900390625,614500
2020-04-29,^CNXIT,13250.599609375,13470.7998046875,13144.7998046875,13424.9501953125,37600
2020-04-29,^NSEI,9408.599609375,9599.849609375,9392.349609375,9553.349609375,653000
2020-04-30,^CNXIT,13841.599609375,14212.099609375,13750.25,14108.400390625,61200
2020-04-30,^NSEI,9753.5,9889.0498046875,9731.5,9859.900390625,931200
2020-05-04,^CNXIT,13646.099609375,13700.25,13424.349609375,13454.25,48700
2020-05-04,^NSEI,9533.5,9533.5,9266.9501953125,9293.5,687500
2020-05-05,^CNXIT,13637.7998046875,13667.849609375,13351.4501953125,13388.0498046875,35400
2020-05-05,^NSEI,9429.400390625,9450.900390625,9190.75,9205.599609375,725200
2020-05-06,^CNXIT,13437.2998046875,13580.0498046875,13262.25,13394.7001953125,39800
2020-05-06,^NSEI,9226.7998046875,9346.900390625,9116.5,9270.900390625,722200
2020-05-07,^CNXIT,13408,13489.5498046875,13268.400390625,13292.7001953125,48600
2020-05-07,^NSEI,9234.0498046875,9277.849609375,9175.900390625,9199.0498046875,708700
2020-05-08,^CNXIT,13509.4501953125,13530.849609375,13324,13403.599609375,0
2020-05-08,^NSEI,9376.9501953125,9382.650390625,9238.2001953125,9251.5,609100
2020-05-11,^CNXIT,13521.599609375,13763.7998046875,13489.25,13593.5498046875,29800
2020-05-11,^NSEI,9348.150390625,9439.900390625,9219.9501953125,9239.2001953125,704600
2020-05-12,^CNXIT,13537.150390625,13733.5,13480.75,13687.75,32000
2020-05-12,^NSEI,9168.849609375,9240.849609375,9043.9501953125,9196.5498046875,805500
2020-05-13,^CNXIT,13960.349609375,13960.349609375,13612.7998046875,13776.9501953125,26700
2020-05-13,^NSEI,9584.2001953125,9584.5,9351.099609375,9383.5498046875,846400
2020-05-14,^CNXIT,13396.0498046875,13483.7001953125,13246.7998046875,13293.75,40100
2020-05-14,^NSEI,9213.9501953125,9281.099609375,9119.75,9142.75,602600
2020-05-15,^CNXIT,13375.4501953125,13375.7998046875,13108.400390625,13196.349609375,30500
2020-05-15,^NSEI,9182.400390625,9182.400390625,9050,9136.849609375,575900
2020-05-18,^CNXIT,13278.25,13408.7998046875,13109.9501953125,13314.400390625,35400
2020-05-18,^NSEI,9158.2998046875,9158.2998046875,8806.75,8823.25,773000
2020-05-19,^CNXIT,13272.349609375,13524.2001953125,13197.599609375,13446.599609375,28300
2020-05-19,^NSEI,8961.7001953125,9030.349609375,8855.2998046875,8879.099609375,762200
2020-05-20,^CNXIT,13443.5,13556.900390625,13362.5498046875,13517.400390625,27900
2020-05-20,^NSEI,8889.150390625,9093.7998046875,8875.349609375,9066.5498046875,622300
2020-05-21,^CNXIT,13495.400390625,13732,13468.5,13647.900390625,28500
2020-05-21,^NSEI,9079.4501953125,9178.5498046875,9056.099609375,9106.25,631500
2020-05-22,^CNXIT,13622.25,13902.7998046875,13571.650390625,13842.650390625,37800
2020-05-22,^NSEI,9067.900390625,9149.599609375,8968.5498046875,9039.25,675800
2020-05-26,^CNXIT,13860.849609375,13930.849609375,13522.9501953125,13574.9501953125,28700
2020-05-26,^NSEI,9099.75,9161.650390625,8996.650390625,9029.0498046875,655000
2020-05-27,^CNXIT,13667.150390625,14017.0498046875,13488.099609375,13952.900390625,40500
2020-05-27,^NSEI,9082.2001953125,9334,9004.25,9314.9501953125,763500
2020-05-28,^CNXIT,13964.900390625,14068.2998046875,13759.150390625,14028.599609375,41100
2020-05-28,^NSEI,9364.9501953125,9511.25,9336.5,9490.099609375,837900
2020-05-29,^CNXIT,13893.400390625,14080.5498046875,13762.9501953125,14010.5,86600
2020-05-29,^NSEI,9422.2001953125,9598.849609375,9376.900390625,9580.2998046875,967000
2020-06-01,^CNXIT,14155.650390625,14431.349609375,14140.849609375,14307.099609375,45100
2020-06-01,^NSEI,9726.849609375,9931.599609375,9706.9501953125,9826.150390625,794200
2020-06-02,^CNXIT,14358,14492.2998046875,14269.7001953125,14422.400390625,34100
2020-06-02,^NSEI,9880.849609375,9995.599609375,9824.0498046875,9979.099609375,770200
2020-06-03,^CNXIT,14507.25,14549,14317.2001953125,14361.7001953125,40000
2020-06-03,^NSEI,10108.2998046875,10176.2001953125,10035.5498046875,10061.5498046875,794700
2020-06-04,^CNXIT,14380.849609375,14695.099609375,14380.849609375,14627.4501953125,44600
2020-06-04,^NSEI,10054.25,10123.849609375,9944.25,10029.099609375,775100
2020-06-05,^CNXIT,14715.900390625,14732.849609375,14599.75,14627.4501953125,38700
2020-06-05,^NSEI,10093.7998046875,10177.7998046875,10040.75,10142.150390625,987100
2020-06-08,^CNXIT,14824.75,14990.25,14713.4501953125,14894.599609375,48700
2020-06-08,^NSEI,10326.75,10328.5,10120.25,10167.4501953125,936500
2020-06-09,^CNXIT,14869.400390625,14983.2001953125,14712.2998046875,14737.849609375,39000
2020-06-09,^NSEI,10181.150390625,10291.150390625,10021.4501953125,10046.650390625,754200
2020-06-10,^CNXIT,14774.7998046875,14882.599609375,14690.900390625,14842.0498046875,39400
2020-06-10,^NSEI,10072.599609375,10148.75,10036.849609375,10116.150390625,632400
2020-06-11,^CNXIT,14823.9501953125,14840.650390625,14585.4501953125,14619.4501953125,34700
2020-06-11,^NSEI,10094.099609375,10112.0498046875,9885.0498046875,9902,715500
2020-06-12,^CNXIT,14125.7998046875,14442.650390625,14123.5498046875,14402.75,35500
2020-06-12,^NSEI,9544.9501953125,9996.0498046875,9544.349609375,9972.900390625,796300
2020-06-15,^CNXIT,14444.25,14571.9501953125,14238.0498046875,14396.7001953125,0
2020-06-15,^NSEI,9919.349609375,9943.349609375,9726.349609375,9813.7001953125,716100
2020-06-16,^CNXIT,14634,14667.400390625,14375.5,14450.7998046875,0
2020-06-16,^NSEI,10014.7998046875,10046.150390625,9728.5,9914,899900
2020-06-17,^CNXIT,14418.7998046875,14559.5498046875,14382.9501953125,14478.4501953125,0
2020-06-17,^NSEI,9876.7001953125,10003.599609375,9833.7998046875,9881.150390625,685400
2020-06-18,^CNXIT,14478.650390625,14623.9501953125,14443,14551.25,0
2020-06-18,^NSEI,9863.25,10111.2001953125,9845.0498046875,10091.650390625,622900
2020-06-19,^CNXIT,14532.7001953125,14625.7998046875,14422.4501953125,14499.7998046875,0
2020-06-19,^NSEI,10119,10272.400390625,10072.650390625,10244.400390625,892100
2020-06-22,^CNXIT,14537.7998046875,14550.349609375,14432.4501953125,14463.7001953125,27900
2020-06-22,^NSEI,10318.75,10393.650390625,10277.599609375,10311.2001953125,685400
2020-06-23,^CNXIT,14398.4501953125,14725.400390625,14320.7001953125,14680.400390625,45700
2020-06-23,^NSEI,10347.9501953125,10484.7001953125,10301.75,10471,669200
2020-06-24,^CNXIT,14675.7001953125,14761.2001953125,14547.2001953125,14581.4501953125,36300
2020-06-24,^NSEI,10529.25,10553.150390625,10281.9501953125,10305.2998046875,854800
2020-06-25,^CNXIT,14486.400390625,14590.5,14383.599609375,14411.2001953125,36300
2020-06-25,^NSEI,10235.5498046875,10361.7998046875,10194.5,10288.900390625,994200
2020-06-26,^CNXIT,14496.7001953125,15086,14476.4501953125,14994.650390625,77800
2020-06-26,^NSEI,10378.900390625,10409.849609375,10311.25,10383,671900
2020-06-29,^CNXIT,14874.2001953125,14979.2001953125,14737.4501953125,14768,28100
2020-06-29,^NSEI,10311.9501953125,10337.9501953125,10223.599609375,10312.400390625,574500
2020-06-30,ITBEES.NS,14.759300231933594,14.759300231933594,14.759300231933594,14.759300231933594,0
2020-06-30,^CNXIT,14812.7001953125,14854.400390625,14692.4501953125,14754.2998046875,25900
2020-06-30,^NSEI,10382.599609375,10401.0498046875,10267.349609375,10302.099609375,556200
2020-07-01,ITBEES.NS,14.736800193786621,14.736800193786621,14.736800193786621,14.736800193786621,0
2020-07-01,^CNXIT,14767.349609375,14842.849609375,14704.5,14732.150390625,19800
2020-07-01,^NSEI,10323.7998046875,10447.0498046875,10299.599609375,10430.0498046875,573600
2020-07-02,ITBEES.NS,15.141799926757812,15.141799926757812,15.141799926757812,15.141799926757812,0
2020-07-02,^CNXIT,14803.5,15195.2001953125,14782.4501953125,15122.5498046875,41200
2020-07-02,^NSEI,10493.0498046875,10598.2001953125,10485.5498046875,10551.7001953125,597400
2020-07-03,ITBEES.NS,15.303199768066406,15.303199768066406,15.303199768066406,15.303199768066406,0
2020-07-03,^CNXIT,15164.25,15336.849609375,15148.5,15285.900390625,27200
2020-07-03,^NSEI,10614.9501953125,10631.2998046875,10562.650390625,10607.349609375,525200
2020-07-06,ITBEES.NS,15.482600212097168,15.482600212097168,15.482600212097168,15.482600212097168,0
2020-07-06,^CNXIT,15351.7001953125,15580.5,15351.7001953125,15464.9501953125,31900
2020-07-06,^NSEI,10723.849609375,10811.400390625,10695.099609375,10763.650390625,571200
2020-07-07,ITBEES.NS,15.79889965057373,15.79889965057373,15.79889965057373,15.79889965057373,0
2020-07-07,^CNXIT,15528.0498046875,15806.849609375,15440.099609375,15784.9501953125,51600
2020-07-07,^NSEI,10802.849609375,10813.7998046875,10689.7001953125,10799.650390625,636800
2020-07-08,ITBEES.NS,15.530500411987305,15.530500411987305,15.530500411987305,15.530500411987305,0
2020-07-08,^CNXIT,15765,15765.0498046875,15473.5,15513.650390625,28400
2020-07-08,^NSEI,10818.650390625,10847.849609375,10676.5498046875,10705.75,767900
2020-07-09,ITBEES.NS,15.55679988861084,15.55679988861084,15.55679988861084,15.55679988861084,0
2020-07-09,^CNXIT,15572.349609375,15663.4501953125,15468.400390625,15535.9501953125,26600
2020-07-09,^NSEI,10755.5498046875,10836.849609375,10733,10813.4501953125,618700
2020-07-10,ITBEES.NS,15.585599899291992,15.585599899291992,15.585599899291992,15.585599899291992,0
2020-07-10,^CNXIT,15471.7001953125,15656.0498046875,15417.5,15565.2001953125,27600
2020-07-10,^NSEI,10764.099609375,10819.400390625,10713,10768.0498046875,590700
2020-07-13,ITBEES.NS,15.836400032043457,15.836400032043457,15.836400032043457,15.836400032043457,0
2020-07-13,^CNXIT,15643.099609375,15885.5498046875,15624.7998046875,15819.2001953125,44800
2020-07-13,^NSEI,10851.849609375,10894.0498046875,10756.0498046875,10802.7001953125,554100
2020-07-14,ITBEES.NS,15.659700393676758,15.659700393676758,15.659700393676758,15.659700393676758,0
2020-07-14,^CNXIT,15779.5,15941.650390625,15611.849609375,15640.5498046875,42000
2020-07-14,^NSEI,10750.849609375,10755.650390625,10562.900390625,10607.349609375,532400
2020-07-15,ITBEES.NS,16.46980094909668,16.46980094909668,16.46980094909668,16.46980094909668,0
2020-07-15,^CNXIT,15853.7998046875,16624.650390625,15830.5,16459.849609375,193800
2020-07-15,^NSEI,10701,10827.4501953125,10577.75,10618.2001953125,715900
2020-07-16,ITBEES.NS,16.940799713134766,16.940799713134766,16.940799713134766,16.940799713134766,0
2020-07-16,^CNXIT,16971.25,17491.150390625,16715.75,16926.05078125,190500
2020-07-16,^NSEI,10706.2001953125,10755.2998046875,10595.2001953125,10739.9501953125,694400
2020-07-17,ITBEES.NS,16.837499618530273,16.837499618530273,16.837499618530273,16.837499618530273,0
2020-07-17,^CNXIT,16936.94921875,16975.19921875,16693.349609375,16821.349609375,88200
2020-07-17,^NSEI,10752,10933.4501953125,10749.650390625,10901.7001953125,676900
2020-07-20,ITBEES.NS,17.269899368286133,17.269899368286133,17.269899368286133,17.269899368286133,0
2020-07-20,^CNXIT,16880.349609375,17376.150390625,16849.150390625,17258.30078125,61200
2020-07-20,^NSEI,10999.4501953125,11037.900390625,10953,11022.2001953125,554300
2020-07-21,ITBEES.NS,17.284900665283203,17.284900665283203,17.284900665283203,17.284900665283203,0
2020-07-21,^CNXIT,17453.349609375,17514.05078125,17219.69921875,17273.19921875,63700
2020-07-21,^NSEI,11126.099609375,11179.5498046875,11113.25,11162.25,772000
2020-07-22,ITBEES.NS,17.088899612426758,17.088899612426758,17.088899612426758,17.088899612426758,0
2020-07-22,^CNXIT,17317.30078125,17321.69921875,16978.400390625,17076.05078125,38300
2020-07-22,^NSEI,11231.2001953125,11238.099609375,11056.5498046875,11132.599609375,765100
2020-07-23,ITBEES.NS,17.076299667358398,17.076299667358398,17.076299667358398,17.076299667358398,0
2020-07-23,^CNXIT,17071.80078125,17082.55078125,16949.150390625,17045.19921875,35700
2020-07-23,^NSEI,11135,11239.7998046875,11103.150390625,11215.4501953125,621600
2020-07-24,ITBEES.NS,17.31559944152832,17.31559944152832,17.31559944152832,17.31559944152832,0
2020-07-24,^CNXIT,16944.55078125,17322.69921875,16944.55078125,17286,75700
2020-07-24,^NSEI,11149.9501953125,11225.400390625,11090.2998046875,11194.150390625,678900
2020-07-27,ITBEES.NS,17.653999328613281,17.653999328613281,17.653999328613281,17.653999328613281,0
2020-07-27,^CNXIT,17323,17735.650390625,17290.55078125,17626.75,65300
2020-07-27,^NSEI,11225,11225,11087.849609375,11131.7998046875,588100
2020-07-28,ITBEES.NS,18.067699432373047,18.067699432373047,18.067699432373047,18.067699432373047,0
2020-07-28,^CNXIT,17647.900390625,18103.650390625,17634.400390625,18042.75,74600
2020-07-28,^NSEI,11154.099609375,11317.75,11151.400390625,11300.5498046875,683900
2020-07-29,ITBEES.NS,17.906200408935547,17.906200408935547,17.906200408935547,17.906200408935547,0
2020-07-29,^CNXIT,17959.80078125,18108.69921875,17783.30078125,17880.5,45700
2020-07-29,^NSEI,11276.900390625,11341.400390625,11149.75,11202.849609375,600700
2020-07-30,ITBEES.NS,18.028799057006836,18.028799057006836,18.028799057006836,18.028799057006836,0
2020-07-30,^CNXIT,17995.25,18252.69921875,17967.19921875,18003.55078125,63700
2020-07-30,^NSEI,11254.2998046875,11299.9501953125,11084.9501953125,11102.150390625,677800
2020-07-31,ITBEES.NS,18.096900939941406,18.096900939941406,18.096900939941406,18.096900939941406,0
2020-07-31,^CNXIT,18166.30078125,18353.5,17909.30078125,18071.849609375,47100
2020-07-31,^NSEI,11139.5,11150.400390625,11026.650390625,11073.4501953125,642600
2020-08-03,ITBEES.NS,17.991600036621094,17.991600036621094,17.991600036621094,17.991600036621094,0
2020-08-03,^CNXIT,18099.400390625,18140.849609375,17840.30078125,17965.80078125,33100
2020-08-03,^NSEI,11057.5498046875,11058.0498046875,10882.25,10891.599609375,680900
2020-08-04,ITBEES.NS,17.834499359130859,17.834499359130859,17.834499359130859,17.834499359130859,0
2020-08-04,^CNXIT,18029.400390625,18092,17716.400390625,17808,0
2020-08-04,^NSEI,10946.650390625,11112.25,10908.099609375,11095.25,625700
2020-08-05,ITBEES.NS,17.895700454711914,17.895700454711914,17.895700454711914,17.895700454711914,0
2020-08-05,^CNXIT,17889.55078125,18139.25,17818.150390625,17869.80078125,35500
2020-08-05,^NSEI,11155.75,11225.650390625,11064.0498046875,11101.650390625,667600
2020-08-06,ITBEES.NS,18.212799072265625,18.212799072265625,18.212799072265625,18.212799072265625,0
2020-08-06,^CNXIT,18009.69921875,18222.80078125,17943.849609375,18188.75,43900
2020-08-06,^NSEI,11185.7001953125,11256.7998046875,11127.2998046875,11200.150390625,600400
2020-08-07,ITBEES.NS,18.029300689697266,18.029300689697266,18.029300689697266,18.029300689697266,0
2020-08-07,^CNXIT,18182.30078125,18182.30078125,17977.69921875,18004.150390625,32100
2020-08-07,^NSEI,11186.650390625,11231.900390625,11142.0498046875,11214.0498046875,452600
2020-08-10,ITBEES.NS,18.183799743652344,18.183799743652344,18.183799743652344,18.183799743652344,0
2020-08-10,^CNXIT,18090.25,18205.25,18016.80078125,18159.55078125,26000
2020-08-10,^NSEI,11270.25,11337.2998046875,11238,11270.150390625,492000
2020-08-11,ITBEES.NS,18.082000732421875,18.082000732421875,18.082000732421875,18.082000732421875,0
2020-08-11,^CNXIT,18202.5,18331.650390625,18036.5,18057.099609375,30800
2020-08-11,^NSEI,11322.25,11373.599609375,11299.150390625,11322.5,586100
2020-08-12,ITBEES.NS,18.090900421142578,18.090900421142578,18.090900421142578,18.090900421142578,0
2020-08-12,^CNXIT,18077.150390625,18109.80078125,17900,18066,38900
2020-08-12,^NSEI,11289,11322,11242.650390625,11308.400390625,609900
2020-08-13,ITBEES.NS,18.131900787353516,18.131900787353516,18.131900787353516,18.131900787353516,0
2020-08-13,^CNXIT,18141.349609375,18344.05078125,18032.900390625,18107.19921875,35300
2020-08-13,^NSEI,11334.849609375,11359.2998046875,11269.9501953125,11300.4501953125,562400
2020-08-14,ITBEES.NS,18.047300338745117,18.047300338745117,18.047300338745117,18.047300338745117,0
2020-08-14,^CNXIT,18137.30078125,18230.099609375,17994.650390625,18022.650390625,25700
2020-08-14,^NSEI,11353.2998046875,11366.25,11111.4501953125,11178.400390625,645100
2020-08-17,ITBEES.NS,18.247600555419922,18.247600555419922,18.247600555419922,18.247600555419922,0
2020-08-17,^CNXIT,18136.650390625,18306.94921875,18103.30078125,18223.599609375,39300
2020-08-17,^NSEI,11248.900390625,11267.099609375,11144.5,11247.099609375,634000
2020-08-18,ITBEES.NS,18.294200897216797,18.294200897216797,18.294200897216797,18.294200897216797,0
2020-08-18,^CNXIT,18318.599609375,18375.150390625,18209.55078125,18270.349609375,0
2020-08-18,^NSEI,11259.7998046875,11401.7001953125,11253.150390625,11385.349609375,579200
2020-08-19,ITBEES.NS,18.234699249267578,18.234699249267578,18.234699249267578,18.234699249267578,0
2020-08-19,^CNXIT,18340,18354.80078125,18187.55078125,18210.849609375,0
2020-08-19,^NSEI,11452.150390625,11460.349609375,11394.099609375,11408.400390625,626200
2020-08-20,ITBEES.NS,18.149999618530273,18.149999618530273,18.149999618530273,18.149999618530273,0
2020-08-20,^CNXIT,18181.400390625,18252.30078125,18083.25,18126.099609375,0
2020-08-20,^NSEI,11317.4501953125,11361.4501953125,11289.7998046875,11312.2001953125,791600
2020-08-21,ITBEES.NS,18.089199066162109,18.089199066162109,18.089199066162109,18.089199066162109,0
2020-08-21,^CNXIT,18266.900390625,18282.55078125,18047.94921875,18065.30078125,0
2020-08-21,^NSEI,11409.650390625,11418.5,11362.2001953125,11371.599609375,668700
2020-08-24,ITBEES.NS,18.034599304199219,18.034599304199219,18.034599304199219,18.034599304199219,0
2020-08-24,^CNXIT,18092.55078125,18112.900390625,17915.599609375,18010.94921875,0
2020-08-24,^NSEI,11412,11497.25,11410.650390625,11466.4501953125,532900
2020-08-25,ITBEES.NS,17.997400283813477,17.997400283813477,17.997400283813477,17.997400283813477,0
2020-08-25,^CNXIT,18028.80078125,18047.5,17914.5,17973.69921875,0
2020-08-25,^NSEI,11513.099609375,11525.900390625,11423.349609375,11472.25,638200
2020-08-26,ITBEES.NS,18.151300430297852,18.151300430297852,18.151300430297852,18.151300430297852,0
2020-08-26,^CNXIT,18022.69921875,18156.150390625,17940.69921875,18128,0
2020-08-26,^NSEI,11512.849609375,11561.75,11461.849609375,11549.599609375,743400
2020-08-27,ITBEES.NS,18.125900268554688,18.125900268554688,18.125900268554688,18.125900268554688,0
2020-08-27,^CNXIT,18231.94921875,18305.55078125,18075.75,18102.650390625,0
2020-08-27,^NSEI,11609.2998046875,11617.349609375,11540.599609375,11559.25,719800
2020-08-28,ITBEES.NS,18.145200729370117,18.145200729370117,18.145200729370117,18.145200729370117,0
2020-08-28,^CNXIT,18216.30078125,18253.599609375,18093.44921875,18122,0
2020-08-28,^NSEI,11602.9501953125,11686.0498046875,11589.400390625,11647.599609375,807000
2020-08-31,ITBEES.NS,17.95159912109375,17.95159912109375,17.95159912109375,17.95159912109375,0
2020-08-31,^CNXIT,18163.25,18426.400390625,17791.849609375,17928.849609375,0
2020-08-31,^NSEI,11777.5498046875,11794.25,11325.849609375,11387.5,1371800
2020-09-01,ITBEES.NS,17.836599349975586,17.836599349975586,17.836599349975586,17.836599349975586,0
2020-09-01,^CNXIT,17954.599609375,18154.400390625,17775.650390625,17814.05078125,0
2020-09-01,^NSEI,11464.2998046875,11553.5498046875,11366.900390625,11470.25,783800
2020-09-02,ITBEES.NS,18.099700927734375,18.099700927734375,18.099700927734375,18.099700927734375,0
2020-09-02,^CNXIT,17860.650390625,18114.849609375,17858.30078125,18077,0
2020-09-02,^NSEI,11478.5498046875,11554.75,11430.400390625,11535,593500
2020-09-03,ITBEES.NS,18.371400833129883,18.371400833129883,18.371400833129883,18.371400833129883,0
2020-09-03,^CNXIT,18148.25,18497.94921875,18108,18348.55078125,0
2020-09-03,^NSEI,11566.2001953125,11584.9501953125,11507.650390625,11527.4501953125,607100
2020-09-04,ITBEES.NS,18.096500396728516,18.096500396728516,18.096500396728516,18.096500396728516,0
2020-09-04,^CNXIT,18049.19921875,18259.80078125,18012.80078125,18073.94921875,0
2020-09-04,^NSEI,11354.400390625,11452.0498046875,11303.650390625,11333.849609375,681300
2020-09-07,ITBEES.NS,18.198999404907227,18.198999404907227,18.198999404907227,18.198999404907227,0
2020-09-07,^CNXIT,18093.05078125,18208.94921875,17962.349609375,18176.80078125,28400
2020-09-07,^NSEI,11359.599609375,11381.150390625,11251.7001953125,11355.0498046875,560300
2020-09-08,ITBEES.NS,18.418500900268555,18.418500900268555,18.418500900268555,18.418500900268555,0
2020-09-08,^CNXIT,18304.25,18671.75,18213.55078125,18395.75,0
2020-09-08,^NSEI,11378.5498046875,11437.25,11290.4501953125,11317.349609375,572200
2020-09-09,ITBEES.NS,18.284299850463867,18.284299850463867,18.284299850463867,18.284299850463867,0
2020-09-09,^CNXIT,18264.19921875,18439.55078125,18193.44921875,18261.5,0
2020-09-09,^NSEI,11218.599609375,11298.150390625,11185.150390625,11278,728900
2020-09-10,ITBEES.NS,18.419000625610352,18.419000625610352,18.419000625610352,18.419000625610352,0
2020-09-10,^CNXIT,18385.94921875,18416.75,18217.099609375,18395.849609375,0
2020-09-10,^NSEI,11363.2998046875,11464.0498046875,11327.400390625,11449.25,679400
2020-09-11,ITBEES.NS,18.656499862670898,18.656499862670898,18.656499862670898,18.656499862670898,0
2020-09-11,^CNXIT,18347.650390625,18740.849609375,18338.099609375,18633.25,0
2020-09-11,^NSEI,11447.7998046875,11493.5,11419.900390625,11464.4501953125,554800
2020-09-14,ITBEES.NS,19.534099578857422,19.534099578857422,19.534099578857422,19.534099578857422,0
2020-09-14,^CNXIT,18804.849609375,19592.30078125,18799.55078125,19505.099609375,0
2020-09-14,^NSEI,11540.150390625,11568.900390625,11383.5498046875,11440.0498046875,642300
2020-09-15,ITBEES.NS,19.65679931640625,19.65679931640625,19.65679931640625,19.65679931640625,0
2020-09-15,^CNXIT,19511.5,19823,19392.349609375,19627.30078125,0
2020-09-15,^NSEI,11487.2001953125,11535.9501953125,11442.25,11521.7998046875,506700
2020-09-16,ITBEES.NS,19.799800872802734,19.799800872802734,19.799800872802734,19.799800872802734,0
2020-09-16,^CNXIT,19642.30078125,19802.400390625,19533.69921875,19770.349609375,0
2020-09-16,^NSEI,11538.4501953125,11618.099609375,11516.75,11604.5498046875,527800
2020-09-17,ITBEES.NS,19.847299575805664,19.847299575805664,19.847299575805664,19.847299575805664,0
2020-09-17,^CNXIT,19660.44921875,20014.650390625,19605.05078125,19817.69921875,0
2020-09-17,^NSEI,11539.400390625,11587.2001953125,11498.5,11516.099609375,0
2020-09-18,ITBEES.NS,19.856800079345703,19.856800079345703,19.856800079345703,19.856800079345703,0
2020-09-18,^CNXIT,19889.94921875,20067.69921875,19777.75,19827.099609375,0
2020-09-18,^NSEI,11584.099609375,11584.099609375,11446.099609375,11504.9501953125,764200
2020-09-21,ITBEES.NS,21.399999618530273,21.399999618530273,19.799999237060547,19.819999694824219,4693158
2020-09-21,^CNXIT,19855.55078125,20331.599609375,19683.849609375,19729,0
2020-09-21,^NSEI,11503.7998046875,11535.25,11218.5,11250.5498046875,602900
2020-09-22,ITBEES.NS,19.819999694824219,20.299999237060547,19.430000305175781,19.950000762939453,294156
2020-09-22,^CNXIT,19813.349609375,20113.400390625,19376.69921875,19866.099609375,0
2020-09-22,^NSEI,11301.75,11302.2001953125,11084.650390625,11153.650390625,672200
2020-09-23,ITBEES.NS,20.979999542236328,20.979999542236328,19.75,19.879999160766602,2306373
2020-09-23,^CNXIT,20016.80078125,20226.30078125,19615.150390625,19805.650390625,0
2020-09-23,^NSEI,11258.75,11259.5498046875,11024.400390625,11131.849609375,714900
2020-09-24,ITBEES.NS,19.850000381469727,19.899999618530273,19,19.049999237060547,1095042
2020-09-24,^CNXIT,19630.30078125,19658,18914.69921875,18973.05078125,0
2020-09-24,^NSEI,11011,11015.2998046875,10790.2001953125,10805.5498046875,706100
2020-09-25,ITBEES.NS,19.780000686645508,19.780000686645508,19.059999465942383,19.700000762939453,170585
2020-09-25,^CNXIT,19108.75,19678.5,19077.849609375,19629.349609375,0
2020-09-25,^NSEI,10910.400390625,11072.599609375,10854.849609375,11050.25,559600
2020-09-28,ITBEES.NS,20.5,20.5,19.540000915527344,19.790000915527344,163937
2020-09-28,^CNXIT,19774.75,19836.94921875,19463.650390625,19783.05078125,0
2020-09-28,^NSEI,11140.849609375,11239.349609375,11099.849609375,11227.5498046875,472800
2020-09-29,ITBEES.NS,20.75,20.799999237060547,19.760000228881836,19.850000381469727,203254
2020-09-29,^CNXIT,19891.05078125,20146.349609375,19782.349609375,19831.80078125,0
2020-09-29,^NSEI,11288.599609375,11305.400390625,11181,11222.400390625,498300
2020-09-30,ITBEES.NS,19.850000381469727,20.100000381469727,19.700000762939453,20,84748
2020-09-30,^CNXIT,19880.599609375,20048.55078125,19741.650390625,19951.349609375,0
2020-09-30,^NSEI,11244.4501953125,11295.400390625,11184.5498046875,11247.5498046875,499300
2020-10-01,ITBEES.NS,20.5,20.979999542236328,19.950000762939453,20.200000762939453,157472
2020-10-01,^CNXIT,20129.80078125,20196.05078125,20009.30078125,20110.400390625,0
2020-10-01,^NSEI,11364.4501953125,11428.599609375,11347.0498046875,11416.9501953125,447700
2020-10-05,ITBEES.NS,20.899999618530273,20.969999313354492,20.200000762939453,20.870000839233398,274107
2020-10-05,^CNXIT,20375.900390625,20940.900390625,20341.44921875,20809,0
2020-10-05,^NSEI,11487.7998046875,11578.0498046875,11452.2998046875,11503.349609375,530600
2020-10-06,ITBEES.NS,22,22,20.690000534057617,21.010000228881836,350564
2020-10-06,^CNXIT,20995.30078125,20995.30078125,20573.900390625,20896.75,0
2020-10-06,^NSEI,11603.4501953125,11680.2998046875,11564.2998046875,11662.400390625,561400
2020-10-07,ITBEES.NS,21.200000762939453,21.219999313354492,20.799999237060547,21.120000839233398,140260
2020-10-07,^CNXIT,20897.55078125,21121.599609375,20771.650390625,21017.400390625,0
2020-10-07,^NSEI,11679.25,11763.0498046875,11629.349609375,11738.849609375,513400
2020-10-08,ITBEES.NS,21.420000076293945,22.270000457763672,21.420000076293945,21.760000228881836,707131
2020-10-08,^CNXIT,21531.849609375,22169.30078125,21501.94921875,21697.25,0
2020-10-08,^NSEI,11835.400390625,11905.7001953125,11791.150390625,11834.599609375,608800
2020-10-09,ITBEES.NS,22.200000762939453,22.450000762939453,21.649999618530273,21.930000305175781,1592487
2020-10-09,^CNXIT,21703.44921875,21922.75,21540.650390625,21837.650390625,0
2020-10-09,^NSEI,11852.0498046875,11938.599609375,11805.2001953125,11914.2001953125,611100
2020-10-12,ITBEES.NS,22.799999237060547,23,21.930000305175781,22.309999465942383,341965
2020-10-12,^CNXIT,21990.849609375,22320,21845.05078125,22202.099609375,0
2020-10-12,^NSEI,11973.5498046875,12022.0498046875,11867.2001953125,11930.9501953125,522600
2020-10-13,ITBEES.NS,22.979999542236328,26.200000762939453,22.229999542236328,23.709999084472656,6414326
2020-10-13,^CNXIT,22230.19921875,22619,22186.05078125,22492.599609375,0
2020-10-13,^NSEI,11934.650390625,11988.2001953125,11888.900390625,11934.5,458300
2020-10-14,ITBEES.NS,24.25,24.25,22.219999313354492,22.389999389648438,1610196
2020-10-14,^CNXIT,22475.849609375,22490.30078125,22129.94921875,22204.05078125,0
2020-10-14,^NSEI,11917.400390625,11997.2001953125,11822.150390625,11971.0498046875,569200
2020-10-15,ITBEES.NS,23.149999618530273,23.149999618530273,21.450000762939453,21.680000305175781,1117198
2020-10-15,^CNXIT,22473.650390625,22570.5,21364.150390625,21567.30078125,0
2020-10-15,^NSEI,12023.4501953125,12025.4501953125,11661.2998046875,11680.349609375,608900
2020-10-16,ITBEES.NS,22.200000762939453,22.479999542236328,21.350000381469727,21.639999389648438,407931
2020-10-16,^CNXIT,21638.25,21908.80078125,21247.55078125,21538.150390625,0
2020-10-16,^NSEI,11727.400390625,11789.75,11667.849609375,11762.4501953125,555800
2020-10-19,ITBEES.NS,22,22.399999618530273,21,21.479999542236328,561677
2020-10-19,^CNXIT,21683.80078125,21683.80078125,21354.900390625,21391.900390625,0
2020-10-19,^NSEI,11879.2001953125,11898.25,11820.400390625,11873.0498046875,541400
2020-10-20,ITBEES.NS,21.739999771118164,21.989999771118164,21,21.739999771118164,233437
2020-10-20,^CNXIT,21397.5,21779.80078125,21346.05078125,21694.349609375,0
2020-10-20,^NSEI,11861,11949.25,11837.25,11896.7998046875,453600
2020-10-21,ITBEES.NS,21.989999771118164,22.100000381469727,21.5,21.659999847412109,979354
2020-10-21,^CNXIT,21757.05078125,21892.30078125,21406.099609375,21577.650390625,0
2020-10-21,^NSEI,11958.5498046875,12018.650390625,11775.75,11937.650390625,623700
2020-10-22,ITBEES.NS,21.989999771118164,21.989999771118164,21.399999618530273,21.549999237060547,409892
2020-10-22,^CNXIT,21480.69921875,21767.05078125,21290.44921875,21413.5,0
2020-10-22,^NSEI,11890,11939.5498046875,11823.4501953125,11896.4501953125,544900
2020-10-23,ITBEES.NS,21.729999542236328,21.770000457763672,21.5,21.620000839233398,1477245
2020-10-23,^CNXIT,21546.650390625,21621.599609375,21385.150390625,21523.599609375,0
2020-10-23,^NSEI,11957.900390625,11974.5498046875,11908.75,11930.349609375,502300
2020-10-26,ITBEES.NS,21.940000534057617,21.940000534057617,21.299999237060547,21.430000305175781,249260
2020-10-26,^CNXIT,21493.30078125,21595.80078125,21148.650390625,21265.69921875,0
2020-10-26,^NSEI,11937.400390625,11942.849609375,11711.7001953125,11767.75,519800
2020-10-27,ITBEES.NS,21.5,21.700000762939453,21.110000610351562,21.260000228881836,461455
2020-10-27,^CNXIT,21287.099609375,21371.599609375,20932.69921875,21023.400390625,0
2020-10-27,^NSEI,11807.099609375,11899.0498046875,11723,11889.400390625,616300
2020-10-28,ITBEES.NS,21.440000534057617,21.440000534057617,20.899999618530273,21,679426
2020-10-28,^CNXIT,21121.900390625,21194.75,20701,20810.30078125,0
2020-10-28,^NSEI,11922.599609375,11929.400390625,11684.849609375,11729.599609375,704000
2020-10-29,ITBEES.NS,21.090000152587891,21.389999389648438,20.649999618530273,21.129999160766602,197419
2020-10-29,^CNXIT,20667.69921875,20961.05078125,20548.30078125,20876.94921875,0
2020-10-29,^NSEI,11633.2998046875,11744.150390625,11606.4501953125,11670.7998046875,555000
2020-10-30,ITBEES.NS,21.350000381469727,21.5,21,21.159999847412109,264714
2020-10-30,^CNXIT,20912.94921875,21197.30078125,20797.5,20916.849609375,0
2020-10-30,^NSEI,11678.4501953125,11748.9501953125,11535.4501953125,11642.400390625,553700
2020-11-02,ITBEES.NS,20.959999084472656,21.350000381469727,20.559999465942383,20.940000534057617,294584
2020-11-02,^CNXIT,20964.150390625,21012.44921875,20669.349609375,20732.30078125,0
2020-11-02,^NSEI,11697.349609375,11725.650390625,11557.400390625,11669.150390625,568400
2020-11-03,ITBEES.NS,22.200000762939453,22.200000762939453,20.860000610351562,20.920000076293945,190983
2020-11-03,^CNXIT,20792.25,21017.94921875,20679.650390625,20736,0
2020-11-03,^NSEI,11734.4501953125,11836.2001953125,11723.2998046875,11813.5,674300
2020-11-04,ITBEES.NS,21.149999618530273,21.649999618530273,20.979999542236328,21.329999923706055,1398380
2020-11-04,^CNXIT,20769.900390625,21468.44921875,20765.80078125,21104.55078125,0
2020-11-04,^NSEI,11783.349609375,11929.650390625,11756.400390625,11908.5,667300
2020-11-05,ITBEES.NS,21.600000381469727,22.399999618530273,21.479999542236328,21.590000152587891,402503
2020-11-05,^CNXIT,21383.69921875,21596,21284.599609375,21385.650390625,0
2020-11-05,^NSEI,12062.400390625,12131.099609375,12027.599609375,12120.2998046875,632500
2020-11-06,ITBEES.NS,21.899999618530273,21.899999618530273,21.399999618530273,21.659999847412109,273232
2020-11-06,^CNXIT,21435.150390625,21582.19921875,21251.55078125,21492.30078125,0
2020-11-06,^NSEI,12156.650390625,12280.400390625,12131.849609375,12263.5498046875,576800
2020-11-09,ITBEES.NS,22.829999923706055,22.829999923706055,21.75,22.049999237060547,858291
2020-11-09,^CNXIT,21751.650390625,21926.900390625,21620.55078125,21820.150390625,0
2020-11-09,^NSEI,12399.400390625,12474.0498046875,12367.349609375,12461.0498046875,553400
2020-11-10,ITBEES.NS,22.049999237060547,22.450000762939453,21.010000228881836,21.209999084472656,5348287
2020-11-10,^CNXIT,21633.099609375,21633.099609375,20862.69921875,20978.5,0
2020-11-10,^NSEI,12556.400390625,12643.900390625,12475.25,12631.099609375,847500
2020-11-11,ITBEES.NS,21.520000457763672,21.799999237060547,21.200000762939453,21.590000152587891,583031
2020-11-11,^CNXIT,21029.25,21365.650390625,20967.80078125,21330.5,0
2020-11-11,^NSEI,12680.599609375,12769.75,12571.099609375,12749.150390625,880500
2020-11-12,ITBEES.NS,21.649999618530273,21.889999389648438,21.409999847412109,21.569999694824219,409196
2020-11-12,^CNXIT,21380.19921875,21610.05078125,21291.69921875,21363.349609375,0
2020-11-12,^NSEI,12702.150390625,12741.150390625,12624.849609375,12690.7998046875,622000
2020-11-13,ITBEES.NS,21.790000915527344,21.790000915527344,21.409999847412109,21.540000915527344,232053
2020-11-13,^CNXIT,21305.349609375,21462,21219.80078125,21436.849609375,0
2020-11-13,^NSEI,12659.7001953125,12735.9501953125,12607.7001953125,12719.9501953125,513900
2020-11-14,ITBEES.NS,21.75,21.790000915527344,21.5,21.670000076293945,146111
2020-11-17,ITBEES.NS,21.920000076293945,21.920000076293945,21.5,21.719999313354492,258662
2020-11-17,^CNXIT,21704.05078125,21706.19921875,21361.44921875,21488.55078125,0
2020-11-17,^NSEI,12932.5,12934.0498046875,12797.099609375,12874.2001953125,707700
2020-11-18,ITBEES.NS,21.799999237060547,21.799999237060547,21.290000915527344,21.540000915527344,3892756
2020-11-18,^CNXIT,21519.150390625,21557.099609375,21153.849609375,21314.849609375,0
2020-11-18,^NSEI,12860.099609375,12948.849609375,12819.349609375,12938.25,731300
2020-11-19,ITBEES.NS,21.540000915527344,21.950000762939453,21.299999237060547,21.360000610351562,712437
2020-11-19,^CNXIT,21285.75,21451.80078125,21070.25,21114.44921875,0
2020-11-19,^NSEI,12839.5,12963,12745.75,12771.7001953125,768800
2020-11-20,ITBEES.NS,22.049999237060547,22.049999237060547,21.350000381469727,21.520000457763672,2469419
2020-11-20,^CNXIT,21275.349609375,21500.650390625,21121.75,21409.25,0
2020-11-20,^NSEI,12813.400390625,12892.4501953125,12730.25,12859.0498046875,664000
2020-11-23,ITBEES.NS,21.899999618530273,22.200000762939453,21.200000762939453,22.139999389648438,6444692
2020-11-23,^CNXIT,21551.849609375,22047.05078125,21432.650390625,22007.05078125,0
2020-11-23,^NSEI,12960.2998046875,12968.849609375,12825.7001953125,12926.4501953125,633100
2020-11-24,ITBEES.NS,22.270000457763672,22.590000152587891,22.159999847412109,22.190000534057617,370587
2020-11-24,^CNXIT,22099.599609375,22281.849609375,22016.94921875,22064.30078125,0
2020-11-24,^NSEI,13002.599609375,13079.099609375,12978,13055.150390625,571900
2020-11-25,ITBEES.NS,22.600000381469727,22.75,21.899999618530273,22.030000686645508,557892
2020-11-25,^CNXIT,22087.900390625,22132.900390625,21675.900390625,21705.900390625,0
2020-11-25,^NSEI,13130,13145.849609375,12833.650390625,12858.400390625,679000
2020-11-26,ITBEES.NS,22.200000762939453,22.200000762939453,21.700000762939453,22.020000457763672,287713
2020-11-26,^CNXIT,21717.400390625,21919.150390625,21544.05078125,21859.900390625,36600
2020-11-26,^NSEI,12906.4501953125,13018,12790.400390625,12987,549800
2020-11-27,ITBEES.NS,22.090000152587891,22.190000534057617,21.809999465942383,22,4381192
2020-11-27,^CNXIT,21879.150390625,21972.94921875,21701.30078125,21764.900390625,81500
2020-11-27,^NSEI,13012.0498046875,13035.2998046875,12914.2998046875,12968.9501953125,1162400
2020-12-01,ITBEES.NS,21.889999389648438,22.450000762939453,21.25,22.219999313354492,2524866
2020-12-01,^CNXIT,21921.099609375,22216.44921875,21814.400390625,22170.900390625,0
2020-12-01,^NSEI,13062.2001953125,13128.400390625,12962.7998046875,13109.0498046875,583600
2020-12-02,ITBEES.NS,22.280000686645508,22.5,22,22.329999923706055,486672
2020-12-02,^CNXIT,22149.349609375,22371.55078125,21961.44921875,22319,0
2020-12-02,^NSEI,13121.400390625,13128.5,12983.5498046875,13113.75,717700
2020-12-03,ITBEES.NS,23.229999542236328,23.229999542236328,22.260000228881836,22.360000610351562,308561
2020-12-03,^CNXIT,22458.75,22458.80078125,22147.30078125,22202.19921875,0
2020-12-03,^NSEI,13215.2998046875,13216.599609375,13107.900390625,13133.900390625,713700
2020-12-04,ITBEES.NS,22.399999618530273,22.75,22.260000228881836,22.440000534057617,209038
2020-12-04,^CNXIT,22222.25,22347.849609375,22130.30078125,22309.80078125,0
2020-12-04,^NSEI,13177.400390625,13280.0498046875,13152.849609375,13258.5498046875,640500
2020-12-07,ITBEES.NS,22.879999160766602,22.879999160766602,22.379999160766602,22.649999618530273,230351
2020-12-07,^CNXIT,22333.30078125,22482.900390625,22271,22440.900390625,0
2020-12-07,^NSEI,13264.849609375,13366.650390625,13241.9501953125,13355.75,591700
2020-12-08,ITBEES.NS,22.75,22.950000762939453,22.069999694824219,22.840000152587891,368062
2020-12-08,^CNXIT,22484.349609375,22737.94921875,22387.349609375,22617.400390625,0
2020-12-08,^NSEI,13393.849609375,13435.4501953125,13311.0498046875,13392.9501953125,543200
2020-12-09,ITBEES.NS,22.729999542236328,23.059999465942383,22.5,22.899999618530273,349273
2020-12-09,^CNXIT,22799.94921875,22895.5,22720.5,22803.44921875,0
2020-12-09,^NSEI,13458.099609375,13548.900390625,13449.599609375,13529.099609375,502600
2020-12-10,ITBEES.NS,23,23,22.700000762939453,22.930000305175781,124028
2020-12-10,^CNXIT,22693.94921875,22809.55078125,22606.599609375,22755.75,0
2020-12-10,^NSEI,13488.5,13503.5498046875,13399.2998046875,13478.2998046875,553400
2020-12-11,ITBEES.NS,23.129999160766602,23.149999618530273,22.75,22.809999465942383,244207
2020-12-11,^CNXIT,22754.5,22901.75,22541.099609375,22664,0
2020-12-11,^NSEI,13512.2998046875,13579.349609375,13402.849609375,13513.849609375,787700
2020-12-14,ITBEES.NS,23,23,22.719999313354492,22.850000381469727,168607
2020-12-14,^CNXIT,22786,22792.44921875,22487.30078125,22746.69921875,30500
2020-12-14,^NSEI,13571.4501953125,13597.5,13472.4501953125,13558.150390625,558400
2020-12-15,ITBEES.NS,23.020000457763672,23.030000686645508,22.700000762939453,22.879999160766602,150980
2020-12-15,^CNXIT,22656.349609375,22779.69921875,22608.349609375,22715.099609375,29900
2020-12-15,^NSEI,13547.2001953125,13589.650390625,13447.0498046875,13567.849609375,497600
2020-12-16,ITBEES.NS,23.069999694824219,23.090000152587891,22.860000610351562,23.040000915527344,191519
2020-12-16,^CNXIT,22830.400390625,22933.80078125,22701.55078125,22906.25,0
2020-12-16,^NSEI,13663.099609375,13692.349609375,13606.4501953125,13682.7001953125,462200
2020-12-17,ITBEES.NS,23.110000610351562,23.139999389648438,22.850000381469727,23.059999465942383,204836
2020-12-17,^CNXIT,22913.150390625,22960.5,22835.400390625,22892.25,0
2020-12-17,^NSEI,13713.5498046875,13773.25,13673.5498046875,13740.7001953125,416000
2020-12-18,ITBEES.NS,23.219999313354492,23.75,23.149999618530273,23.469999313354492,289821
2020-12-18,^CNXIT,23173.150390625,23416.5,23148.5,23256.599609375,0
2020-12-18,^NSEI,13764.400390625,13772.849609375,13658.599609375,13760.5498046875,519400
2020-12-21,ITBEES.NS,22.950000762939453,23.930000305175781,22.440000534057617,23.010000228881836,607157
2020-12-21,^CNXIT,23233.5,23506.69921875,22458.150390625,22844.599609375,0
2020-12-21,^NSEI,13741.900390625,13777.5,13131.4501953125,13328.400390625,687300
2020-12-22,ITBEES.NS,23.989999771118164,24,22.600000381469727,23.829999923706055,483858
2020-12-22,^CNXIT,22921.849609375,23680.900390625,22745.25,23611.599609375,0
2020-12-22,^NSEI,13373.650390625,13492.0498046875,13192.900390625,13466.2998046875,696200
2020-12-23,ITBEES.NS,24.100000381469727,24.5,23.840000152587891,24.360000610351562,574239
2020-12-23,^CNXIT,23787.80078125,24228.80078125,23758.400390625,24167.75,0
2020-12-23,^NSEI,13473.5,13619.4501953125,13432.2001953125,13601.099609375,458700
2020-12-24,ITBEES.NS,24.889999389648438,24.889999389648438,24.049999237060547,24.229999542236328,644095
2020-12-24,^CNXIT,24163.19921875,24163.19921875,23828.05078125,24009.25,0
2020-12-24,^NSEI,13672.150390625,13771.75,13626.900390625,13749.25,471400
2020-12-28,ITBEES.NS,24.229999542236328,24.520000457763672,24.200000762939453,24.319999694824219,460551
2020-12-28,^CNXIT,24065.400390625,24192.05078125,24037.80078125,24100.30078125,0
2020-12-28,^NSEI,13815.150390625,13885.2998046875,13811.5498046875,13873.2001953125,403600
2020-12-29,ITBEES.NS,24.5,24.629999160766602,24.350000381469727,24.469999313354492,288532
2020-12-29,^CNXIT,24093.05078125,24424.19921875,24090.30078125,24274.05078125,0
2020-12-29,^NSEI,13910.349609375,13967.599609375,13859.900390625,13932.599609375,439600
2020-12-30,ITBEES.NS,24.889999389648438,24.889999389648438,24.409999847412109,24.590000152587891,579138
2020-12-30,^CNXIT,24312.5,24394.75,24176.25,24330.05078125,0
2020-12-30,^NSEI,13980.900390625,13997,13864.9501953125,13981.9501953125,380700
2020-12-31,ITBEES.NS,24.889999389648438,25,24.399999618530273,24.540000915527344,1070563
2020-12-31,^CNXIT,24255.94921875,24295.19921875,24137.80078125,24251.349609375,0
2020-12-31,^NSEI,13970,14024.849609375,13936.4501953125,13981.75,452400
2021-01-01,ITBEES.NS,25.200000762939453,25.200000762939453,24.549999237060547,24.700000762939453,433350
2021-01-01,^CNXIT,24300.19921875,24500.69921875,24288.94921875,24456.099609375,17800
2021-01-01,^NSEI,13996.099609375,14049.849609375,13991.349609375,14018.5,358100
2021-01-04,ITBEES.NS,25.200000762939453,25.670000076293945,24.700000762939453,25.350000381469727,7090064
2021-01-04,^CNXIT,24612.05078125,25158.849609375,24508.94921875,25110.05078125,0
2021-01-04,^NSEI,14104.349609375,14147.9501953125,13953.75,14132.900390625,495000
2021-01-05,ITBEES.NS,25.350000381469727,26,25.100000381469727,25.950000762939453,732906
2021-01-05,^CNXIT,25057.650390625,25824.150390625,25029.849609375,25769.150390625,0
2021-01-05,^NSEI,14075.150390625,14215.599609375,14048.150390625,14199.5,492500
2021-01-06,ITBEES.NS,26,26.270000457763672,25.399999618530273,25.629999160766602,1214454
2021-01-06,^CNXIT,25841.30078125,26036.69921875,25240.5,25419.150390625,0
2021-01-06,^NSEI,14240.9501953125,14244.150390625,14039.900390625,14146.25,632300
2021-01-07,ITBEES.NS,26,26.200000762939453,25.309999465942383,25.440000534057617,1100977
2021-01-07,^CNXIT,25692.05078125,25702.30078125,25131.900390625,25251.19921875,0
2021-01-07,^NSEI,14253.75,14256.25,14123.099609375,14137.349609375,559200
2021-01-08,ITBEES.NS,26.069999694824219,26.549999237060547,25.399999618530273,26.430000305175781,1795251
2021-01-08,^CNXIT,25558.30078125,26227.5,25523.75,26162.400390625,0
2021-01-08,^NSEI,14258.400390625,14367.2998046875,14221.650390625,14347.25,613500
2021-01-11,ITBEES.NS,26.700000762939453,27.5,26.5,27.200000762939453,7520125
2021-01-11,^CNXIT,26703.19921875,27095.75,26528,27027.75,0
2021-01-11,^NSEI,14474.0498046875,14498.2001953125,14383.099609375,14484.75,672900
2021-01-12,ITBEES.NS,27.100000381469727,27.489999771118164,26.930000305175781,27.149999618530273,1727273
2021-01-12,^CNXIT,27008,27127.25,26805,26982.099609375,0
2021-01-12,^NSEI,14473.7998046875,14590.650390625,14432.849609375,14563.4501953125,929600
2021-01-13,ITBEES.NS,27.75,27.75,26.930000305175781,27.190000534057617,790750
2021-01-13,^CNXIT,27077.69921875,27103.900390625,26737.400390625,27004.30078125,0
2021-01-13,^NSEI,14639.7998046875,14653.349609375,14435.7001953125,14564.849609375,874000
2021-01-14,ITBEES.NS,27.090000152587891,27.489999771118164,26.399999618530273,27.129999160766602,5598186
2021-01-14,^CNXIT,26804.650390625,27176.5,26245.099609375,26965.55078125,0
2021-01-14,^NSEI,14550.0498046875,14617.7998046875,14471.5,14595.599609375,620200
2021-01-15,ITBEES.NS,27.25,27.399999618530273,26.5,26.799999237060547,1433680
2021-01-15,^CNXIT,26939.69921875,27037.650390625,26301.400390625,26362.80078125,0
2021-01-15,^NSEI,14594.349609375,14617.4501953125,14357.849609375,14433.7001953125,789600
2021-01-18,ITBEES.NS,27.350000381469727,27.350000381469727,26.200000762939453,26.600000381469727,1131556
2021-01-18,^CNXIT,26395.599609375,26423.599609375,25830.400390625,25916.25,54400
2021-01-18,^NSEI,14453.2998046875,14459.150390625,14222.7998046875,14281.2998046875,762000
2021-01-19,ITBEES.NS,27.120000839233398,27.120000839233398,26.200000762939453,26.260000228881836,969183
2021-01-19,^CNXIT,26080.099609375,26254.05078125,25987.30078125,26043.5,41600
2021-01-19,^NSEI,14371.650390625,14546.0498046875,14350.849609375,14521.150390625,546100
2021-01-20,ITBEES.NS,26.479999542236328,27.200000762939453,26.100000381469727,26.920000076293945,619132
2021-01-20,^CNXIT,26147.19921875,26758.099609375,26142.94921875,26619.69921875,0
2021-01-20,^NSEI,14538.2998046875,14666.4501953125,14517.5498046875,14644.7001953125,623100
2021-01-21,ITBEES.NS,27.299999237060547,27.299999237060547,26.5,26.670000076293945,465063
2021-01-21,^CNXIT,26808.5,26872.94921875,26321.80078125,26450.150390625,0
2021-01-21,^NSEI,14730.9501953125,14753.5498046875,14517.25,14590.349609375,704600
2021-01-22,ITBEES.NS,26.770000457763672,27,26.510000228881836,26.780000686645508,897928
2021-01-22,^CNXIT,26316.55078125,26667.55078125,26292.80078125,26489.75,0
2021-01-22,^NSEI,14583.400390625,14619.900390625,14357.75,14371.900390625,776800
2021-01-25,ITBEES.NS,27,27.090000152587891,26.190000534057617,26.280000686645508,1106758
2021-01-25,^CNXIT,26607.650390625,26685.80078125,25911.80078125,26023.30078125,0
2021-01-25,^NSEI,14477.7998046875,14491.099609375,14218.599609375,14238.900390625,618600
2021-01-27,ITBEES.NS,26.889999389648438,26.889999389648438,25.770000457763672,26.110000610351562,796153
2021-01-27,^CNXIT,26073.099609375,26236.55078125,25628.69921875,25865.30078125,0
2021-01-27,^NSEI,14237.9501953125,14237.9501953125,13929.2998046875,13967.5,660700
2021-01-28,ITBEES.NS,26.670000076293945,26.670000076293945,25.489999771118164,25.540000915527344,677655
2021-01-28,^CNXIT,25639.900390625,25807.650390625,25239.69921875,25301.25,0
2021-01-28,^NSEI,13810.400390625,13898.25,13713.25,13817.5498046875,637900
2021-01-29,ITBEES.NS,25.75,25.950000762939453,24.799999237060547,24.950000762939453,1181527
2021-01-29,^CNXIT,25516.80078125,25539.849609375,24559.650390625,24645.75,0
2021-01-29,^NSEI,13946.599609375,13966.849609375,13596.75,13634.599609375,753200
2021-02-01,ITBEES.NS,25.399999618530273,25.399999618530273,24.520000457763672,25.030000686645508,3976564
2021-02-01,^CNXIT,24709.25,25139.150390625,24308.900390625,24922.69921875,0
2021-02-01,^NSEI,13758.599609375,14336.349609375,13661.75,14281.2001953125,870500
2021-02-02,ITBEES.NS,25.700000762939453,25.979999542236328,25.299999237060547,25.680000305175781,4411370
2021-02-02,^CNXIT,25277.44921875,25574.75,25107.19921875,25447.80078125,38500
2021-02-02,^NSEI,14481.099609375,14731.7001953125,14469.150390625,14647.849609375,915000
2021-02-03,ITBEES.NS,26,26.149999618530273,25.629999160766602,25.950000762939453,707854
2021-02-03,^CNXIT,25590.05078125,25949.69921875,25341.400390625,25680.900390625,35500
2021-02-03,^NSEI,14754.900390625,14868.849609375,14574.150390625,14789.9501953125,869500
2021-02-04,ITBEES.NS,26.5,26.5,25.770000457763672,25.840000152587891,751042
2021-02-04,^CNXIT,25749.69921875,25862.5,25505.25,25570.05078125,0
2021-02-04,^NSEI,14789.0498046875,14913.7001953125,14714.75,14895.650390625,884700
2021-02-05,ITBEES.NS,25.739999771118164,26.25,25.200000762939453,25.610000610351562,2303036
2021-02-05,^CNXIT,25689.69921875,25733.5,25188.400390625,25331.599609375,0
2021-02-05,^NSEI,14952.599609375,15014.650390625,14864.75,14924.25,935600
2021-02-08,ITBEES.NS,26.370000839233398,26.399999618530273,25.680000305175781,26.219999313354492,3084798
2021-02-08,^CNXIT,25588.5,26028,25415.94921875,25915.599609375,0
2021-02-08,^NSEI,15064.2998046875,15159.900390625,15041.0498046875,15115.7998046875,671200
2021-02-09,ITBEES.NS,26.850000381469727,26.850000381469727,25.920000076293945,26.069999694824219,1395689
2021-02-09,^CNXIT,25933.80078125,26301.19921875,25659.900390625,25779.150390625,0
2021-02-09,^NSEI,15164.150390625,15257.099609375,15064.2998046875,15109.2998046875,713300
2021-02-10,ITBEES.NS,26.219999313354492,26.219999313354492,25.909999847412109,26.069999694824219,472873
2021-02-10,^CNXIT,25779.900390625,25941.05078125,25570.19921875,25885.30078125,0
2021-02-10,^NSEI,15119.0498046875,15168.25,14977.2001953125,15106.5,624800
2021-02-11,ITBEES.NS,26.180000305175781,26.370000839233398,25.879999160766602,26.299999237060547,408286
2021-02-11,^CNXIT,25860.849609375,26080.150390625,25795.849609375,26043.44921875,0
2021-02-11,^NSEI,15073.25,15188.5,15065.400390625,15173.2998046875,500100
2021-02-12,ITBEES.NS,26.799999237060547,26.870000839233398,26.280000686645508,26.379999160766602,872848
2021-02-12,^CNXIT,26111.80078125,26455.05078125,26012.25,26093.80078125,0
2021-02-12,^NSEI,15186.2001953125,15243.5,15081,15163.2998046875,571800
2021-02-15,ITBEES.NS,26.5,26.780000686645508,26.120000839233398,26.200000762939453,963201
2021-02-15,^CNXIT,26243.099609375,26279.30078125,25959.099609375,26001.099609375,0
2021-02-15,^NSEI,15270.2998046875,15340.150390625,15243.400390625,15314.7001953125,456000
2021-02-16,ITBEES.NS,26.360000610351562,26.370000839233398,25.739999771118164,25.75,6346400
2021-02-16,^CNXIT,26130.400390625,26167.849609375,25519.94921875,25613.94921875,0
2021-02-16,^NSEI,15371.4501953125,15431.75,15242.2001953125,15313.4501953125,648500
2021-02-17,ITBEES.NS,27.100000381469727,27.100000381469727,25.549999237060547,25.579999923706055,516308
2021-02-17,^CNXIT,25610.400390625,25672.25,25234.69921875,25282.94921875,0
2021-02-17,^NSEI,15279.900390625,15314.2998046875,15170.75,15208.900390625,504800
2021-02-18,ITBEES.NS,25.680000305175781,25.950000762939453,25.579999923706055,25.840000152587891,875805
2021-02-18,^CNXIT,25270.94921875,25686.849609375,25262.650390625,25618.55078125,0
2021-02-18,^NSEI,15238.7001953125,15250.75,15078.0498046875,15118.9501953125,770600
2021-02-19,ITBEES.NS,26.5,26.5,25.520000457763672,25.780000686645508,735281
2021-02-19,^CNXIT,25634.94921875,25676,25292.650390625,25503.19921875,0
2021-02-19,^NSEI,15074.7998046875,15144.0498046875,14898.2001953125,14981.75,712200
2021-02-22,ITBEES.NS,26.399999618530273,26.399999618530273,24.899999618530273,25.120000839233398,1596142
2021-02-22,^CNXIT,25579.75,25617.349609375,24646.44921875,24766.44921875,0
2021-02-22,^NSEI,14999.0498046875,15010.099609375,14635.0498046875,14675.7001953125,609900
2021-02-23,ITBEES.NS,25.340000152587891,25.399999618530273,24.950000762939453,25.049999237060547,491442
2021-02-23,^CNXIT,24933.69921875,25199.599609375,24709.150390625,24807.80078125,0
2021-02-23,^NSEI,14782.25,14854.5,14651.849609375,14707.7998046875,744100
2021-02-24,ITBEES.NS,25.770000457763672,25.790000915527344,24.520000457763672,25.020000457763672,546086
2021-02-24,^CNXIT,24814.55078125,24872.349609375,24518.69921875,24779.400390625,19700
2021-02-24,^NSEI,14729.150390625,15008.7998046875,14504.5,14982,403800
2021-02-25,ITBEES.NS,25.399999618530273,25.899999618530273,25.110000610351562,25.170000076293945,730870
2021-02-25,^CNXIT,24979,25199.80078125,24830.69921875,24872.44921875,34500
2021-02-25,^NSEI,15079.849609375,15176.5,15065.349609375,15097.349609375,803900
2021-02-26,ITBEES.NS,26.200000762939453,26.200000762939453,24.5,24.559999465942383,1519482
2021-02-26,^CNXIT,24611.19921875,24689,24212.80078125,24301.44921875,0
2021-02-26,^NSEI,14888.599609375,14919.4501953125,14467.75,14529.150390625,1103600
2021-03-01,ITBEES.NS,25.370000839233398,25.5,24.649999618530273,24.790000915527344,1015752
2021-03-01,^CNXIT,24494.650390625,24846.099609375,24451.44921875,24556.30078125,0
2021-03-01,^NSEI,14702.5,14806.7998046875,14638.5498046875,14761.5498046875,507300
2021-03-02,ITBEES.NS,25.389999389648438,25.809999465942383,24.649999618530273,25.620000839233398,877371
2021-03-02,^CNXIT,24809.69921875,25435.400390625,24770.349609375,25301.849609375,0
2021-03-02,^NSEI,14865.2998046875,14959.099609375,14760.7998046875,14919.099609375,621700
2021-03-03,ITBEES.NS,25.799999237060547,26.100000381469727,25.559999465942383,26.010000228881836,819899
2021-03-03,^CNXIT,25582.599609375,25814.900390625,25331.400390625,25772.650390625,0
2021-03-03,^NSEI,15064.400390625,15273.150390625,14995.7998046875,15245.599609375,544200
2021-03-04,ITBEES.NS,25.909999847412109,26.149999618530273,25.540000915527344,25.899999618530273,684385
2021-03-04,^CNXIT,25471.69921875,25981.349609375,25450.44921875,25631.849609375,0
2021-03-04,^NSEI,15026.75,15202.349609375,14980.2001953125,15080.75,534900
2021-03-05,ITBEES.NS,25.940000534057617,26,25.370000839233398,25.579999923706055,721846
2021-03-05,^CNXIT,25504.69921875,25697.75,25113.44921875,25229.599609375,0
2021-03-05,^NSEI,14977.9501953125,15092.349609375,14862.099609375,14938.099609375,640700
2021-03-08,ITBEES.NS,25.299999237060547,26.200000762939453,25.100000381469727,25.629999160766602,791361
2021-03-08,^CNXIT,25368.19921875,25549.30078125,25259.599609375,25347.94921875,0
2021-03-08,^NSEI,15002.4501953125,15111.150390625,14919.900390625,14956.2001953125,0
2021-03-09,ITBEES.NS,26.549999237060547,26.549999237060547,25.350000381469727,25.989999771118164,721180
2021-03-09,^CNXIT,25388.80078125,25685.80078125,25095.349609375,25582.349609375,0
2021-03-09,^NSEI,15049.900390625,15126.849609375,14925.4501953125,15098.400390625,675300
2021-03-10,ITBEES.NS,26.309999465942383,26.5,25.920000076293945,26.260000228881836,1521944
2021-03-10,^CNXIT,25862.05078125,26136.55078125,25782.30078125,26010.099609375,0
2021-03-10,^NSEI,15202.150390625,15218.4501953125,15100.849609375,15174.7998046875,404600
2021-03-12,ITBEES.NS,26.5,26.799999237060547,26,26.219999313354492,2282495
2021-03-12,^CNXIT,26060.44921875,26298,25819.900390625,25888.25,0
2021-03-12,^NSEI,15321.150390625,15336.2998046875,14953.599609375,15030.9501953125,493200
2021-03-15,ITBEES.NS,26.399999618530273,26.579999923706055,25.850000381469727,26.280000686645508,2030485
2021-03-15,^CNXIT,25859.150390625,26094.150390625,25651.80078125,26032.05078125,0
2021-03-15,^NSEI,15048.400390625,15048.400390625,14745.849609375,14929.5,467500
2021-03-16,ITBEES.NS,26.649999618530273,26.850000381469727,26.280000686645508,26.680000305175781,5953302
2021-03-16,^CNXIT,26132.44921875,26602.650390625,26111.099609375,26363.849609375,0
2021-03-16,^NSEI,14996.099609375,15051.599609375,14890.650390625,14910.4501953125,100
2021-03-17,ITBEES.NS,27,27,26.350000381469727,26.420000076293945,486334
2021-03-17,^CNXIT,26378.19921875,26657.099609375,26113.75,26183.5,0
2021-03-17,^NSEI,14946.5498046875,14956.5498046875,14696.0498046875,14721.2998046875,100
2021-03-18,ITBEES.NS,26.879999160766602,26.889999389648438,25.319999694824219,25.639999389648438,680474
2021-03-18,^CNXIT,26365.900390625,26395.94921875,25012.5,25373.349609375,0
2021-03-18,^NSEI,14855.5,14875.2001953125,14478.599609375,14557.849609375,542200
2021-03-19,ITBEES.NS,26.110000610351562,26.110000610351562,25.229999542236328,25.799999237060547,2250896
2021-03-19,^CNXIT,25273.349609375,25687.400390625,25028.30078125,25562.75,0
2021-03-19,^NSEI,14471.150390625,14788.25,14350.099609375,14744,919200
2021-03-22,ITBEES.NS,26.75,26.75,25.719999313354492,26.360000610351562,443269
2021-03-22,^CNXIT,25649.05078125,26102.80078125,25418.44921875,26035.349609375,0
2021-03-22,^NSEI,14736.2998046875,14763.900390625,14597.849609375,14736.400390625,459000
2021-03-23,ITBEES.NS,26.5,26.639999389648438,26.090000152587891,26.290000915527344,1161694
2021-03-23,^CNXIT,26105.69921875,26315.80078125,25928,26105.69921875,0
2021-03-23,^NSEI,14768.5498046875,14878.599609375,14707,14814.75,474200
2021-03-24,ITBEES.NS,26.790000915527344,26.790000915527344,24,25.75,707084
2021-03-24,^CNXIT,25863.55078125,26114.599609375,25738.150390625,25802.94921875,0
2021-03-24,^NSEI,14712.4501953125,14752.349609375,14535,14549.400390625,456400
2021-03-25,ITBEES.NS,26,26.370000839233398,25.549999237060547,25.819999694824219,709302
2021-03-25,^CNXIT,25739.80078125,25766,25131.400390625,25237.099609375,0
2021-03-25,^NSEI,14570.900390625,14575.599609375,14264.400390625,14324.900390625,606800
2021-03-26,ITBEES.NS,25.600000381469727,26.25,24.799999237060547,25.829999923706055,1284631
2021-03-26,^CNXIT,25475.30078125,25687.05078125,25276.599609375,25385.099609375,0
2021-03-26,^NSEI,14506.2998046875,14572.900390625,14414.25,14507.2998046875,481000
2021-03-30,ITBEES.NS,26,27.100000381469727,25.809999465942383,26.840000152587891,862517
2021-03-30,^CNXIT,25531.099609375,26306.650390625,25429.19921875,26121.099609375,44200
2021-03-30,^NSEI,14628.5,14876.2998046875,14617.599609375,14845.099609375,594500
2021-03-31,ITBEES.NS,27,27.5,26.079999923706055,26.170000076293945,1027093
2021-03-31,^CNXIT,26130.599609375,26130.599609375,25788,25855,0
2021-03-31,^NSEI,14811.849609375,14813.75,14670.25,14690.7001953125,463900
2021-04-01,ITBEES.NS,27,27,26.200000762939453,26.319999694824219,461572
2021-04-01,^CNXIT,26039.849609375,26289.099609375,25855.349609375,25980.400390625,0
2021-04-01,^NSEI,14798.400390625,14883.2001953125,14692.4501953125,14867.349609375,445000
2021-04-05,ITBEES.NS,26,26.829999923706055,25.600000381469727,26.709999084472656,691588
2021-04-05,^CNXIT,26035.5,26630.80078125,25978.94921875,26491.400390625,0
2021-04-05,^NSEI,14837.7001953125,14849.849609375,14459.5,14637.7998046875,509700
2021-04-06,ITBEES.NS,27.299999237060547,27.299999237060547,26.159999847412109,26.799999237060547,4393270
2021-04-06,^CNXIT,26715.19921875,26715.19921875,26403.44921875,26532.19921875,0
2021-04-06,^NSEI,14737,14779.099609375,14573.900390625,14683.5,475300
2021-04-07,ITBEES.NS,27,27.5,26.350000381469727,27.110000610351562,1048345
2021-04-07,^CNXIT,26514.94921875,26899.19921875,26401.69921875,26831,0
2021-04-07,^NSEI,14716.4501953125,14879.7998046875,14649.849609375,14819.0498046875,0
2021-04-08,ITBEES.NS,27.100000381469727,27.629999160766602,26.930000305175781,27.329999923706055,4584773
2021-04-08,^CNXIT,26899.5,27413.55078125,26845.849609375,27148.400390625,0
2021-04-08,^NSEI,14875.650390625,14984.150390625,14821.099609375,14873.7998046875,514800
2021-04-09,ITBEES.NS,27.329999923706055,27.649999618530273,27.329999923706055,27.549999237060547,489255
2021-04-09,^CNXIT,27322.05078125,27520.099609375,27109.94921875,27367.05078125,0
2021-04-09,^NSEI,14882.650390625,14918.4501953125,14785.650390625,14834.849609375,504100
2021-04-12,ITBEES.NS,26.600000381469727,27.799999237060547,26.559999465942383,26.870000839233398,1126423
2021-04-12,^CNXIT,27504.400390625,27524.599609375,26545.650390625,26727.80078125,0
2021-04-12,^NSEI,14644.650390625,14652.5,14248.7001953125,14310.7998046875,650200
2021-04-13,ITBEES.NS,27,27.770000457763672,25.809999465942383,26.129999160766602,1448657
2021-04-13,^CNXIT,26737.69921875,26759.19921875,25513.400390625,25851.30078125,0
2021-04-13,^NSEI,14364.900390625,14528.900390625,14274.900390625,14504.7998046875,605100
2021-04-15,ITBEES.NS,25.899999618530273,26.239999771118164,25.729999542236328,26.159999847412109,571163
2021-04-15,^CNXIT,25577,26084.150390625,25293.30078125,26010.849609375,0
2021-04-15,^NSEI,14522.400390625,14597.5498046875,14353.2001953125,14581.4501953125,568000
2021-04-16,ITBEES.NS,26.25,26.670000076293945,26.25,26.420000076293945,479711
2021-04-16,^CNXIT,26183.44921875,26476.650390625,26131.19921875,26324.900390625,0
2021-04-16,^NSEI,14599.599609375,14697.7001953125,14559,14617.849609375,577200
2021-04-19,ITBEES.NS,27.799999237060547,27.799999237060547,25.959999084472656,26.479999542236328,985927
2021-04-19,^CNXIT,26012.400390625,26524.650390625,25875.900390625,26236.900390625,0
2021-04-19,^NSEI,14306.599609375,14382.2998046875,14191.400390625,14359.4501953125,512300
2021-04-20,ITBEES.NS,27,27,26.020000457763672,26.100000381469727,352610
2021-04-20,^CNXIT,26495.599609375,26496.5,25736.44921875,25877.599609375,0
2021-04-20,^NSEI,14526.7001953125,14526.9501953125,14207.2998046875,14296.400390625,467400
2021-04-22,ITBEES.NS,26.569999694824219,26.569999694824219,25.909999847412109,26.059999465942383,255127
2021-04-22,^CNXIT,25902.599609375,26055,25718.599609375,25826.69921875,64600
2021-04-22,^NSEI,14219.150390625,14424.75,14151.400390625,14406.150390625,524600
2021-04-23,ITBEES.NS,26.299999237060547,26.299999237060547,25.75,25.829999923706055,541887
2021-04-23,^CNXIT,25746.44921875,25926.05078125,25531.94921875,25609.099609375,0
2021-04-23,^NSEI,14326.349609375,14461.150390625,14273.2998046875,14341.349609375,498100
2021-04-26,ITBEES.NS,25.829999923706055,26.139999389648438,25.770000457763672,25.930000305175781,368749
2021-04-26,^CNXIT,25633.099609375,25887.099609375,25521.19921875,25680.30078125,0
2021-04-26,^NSEI,14449.4501953125,14557.5,14421.2998046875,14485,452700
2021-04-27,ITBEES.NS,25.930000305175781,26.149999618530273,25.850000381469727,26.030000686645508,221594
2021-04-27,^CNXIT,25737.19921875,25871.44921875,25686.94921875,25815.75,0
2021-04-27,^NSEI,14493.7998046875,14667.5498046875,14484.849609375,14653.0498046875,451800
2021-04-28,ITBEES.NS,26.030000686645508,26.180000305175781,25.989999771118164,26.129999160766602,495892
2021-04-28,^CNXIT,25952.650390625,25992.5,25781.150390625,25962.099609375,0
2021-04-28,^NSEI,14710.5,14890.25,14694.9501953125,14864.5498046875,457000
2021-04-29,ITBEES.NS,26.440000534057617,26.440000534057617,26.110000610351562,26.129999160766602,350077
2021-04-29,^CNXIT,26162.19921875,26162.19921875,25827.150390625,25874.30078125,0
2021-04-29,^NSEI,14979,15044.349609375,14814.4501953125,14894.900390625,517500
2021-04-30,ITBEES.NS,26.120000839233398,26.370000839233398,25.850000381469727,25.950000762939453,463667
2021-04-30,^CNXIT,25777.75,26154.30078125,25593.900390625,25664.44921875,0
2021-04-30,^NSEI,14747.349609375,14855.4501953125,14601.7001953125,14631.099609375,613900
2021-05-03,ITBEES.NS,26.159999847412109,26.159999847412109,25.700000762939453,25.969999313354492,593346
2021-05-03,^CNXIT,25544.849609375,25785.599609375,25427.900390625,25676.05078125,26600
2021-05-03,^NSEI,14481.0498046875,14673.849609375,14416.25,14634.150390625,448900
2021-05-04,ITBEES.NS,26.450000762939453,26.450000762939453,25.5,25.75,439016
2021-05-04,^CNXIT,25783.19921875,25801.25,25398.94921875,25489,27200
2021-05-04,^NSEI,14687.25,14723.400390625,14461.5,14496.5,503400
2021-05-05,ITBEES.NS,26,26.649999618530273,25.559999465942383,25.979999542236328,306225
2021-05-05,^CNXIT,25670.55078125,25857.650390625,25564.599609375,25786.94921875,0
2021-05-05,^NSEI,14604.150390625,14637.900390625,14506.599609375,14617.849609375,455900
2021-05-06,ITBEES.NS,26.110000610351562,26.549999237060547,25.850000381469727,26.440000534057617,717227
2021-05-06,^CNXIT,25868.25,26387.650390625,25639.599609375,26258.69921875,0
2021-05-06,^NSEI,14668.349609375,14743.900390625,14611.5,14724.7998046875,467800
2021-05-07,ITBEES.NS,27.200000762939453,27.200000762939453,26.200000762939453,26.459999084472656,324199
2021-05-07,^CNXIT,26378.80078125,26454.099609375,26180.25,26269.44921875,0
2021-05-07,^NSEI,14816.849609375,14863.0498046875,14765.5,14823.150390625,488000
2021-05-10,ITBEES.NS,26.760000228881836,26.879999160766602,26.350000381469727,26.469999313354492,207514
2021-05-10,^CNXIT,26340.599609375,26390.80078125,26106.349609375,26273.44921875,0
2021-05-10,^NSEI,14928.25,14966.900390625,14892.5,14942.349609375,522000
2021-05-11,ITBEES.NS,26.639999389648438,26.639999389648438,26.239999771118164,26.319999694824219,215197
2021-05-11,^CNXIT,26098.900390625,26146.5,25968.099609375,26106.69921875,0
2021-05-11,^NSEI,14789.7001953125,14900,14771.400390625,14850.75,647400
2021-05-12,ITBEES.NS,26.450000762939453,26.450000762939453,26.040000915527344,26.139999389648438,381755
2021-05-12,^CNXIT,26105.19921875,26105.19921875,25728.44921875,25855.44921875,0
2021-05-12,^NSEI,14823.5498046875,14824.0498046875,14649.7001953125,14696.5,643800
2021-05-14,ITBEES.NS,26.139999389648438,26.399999618530273,25.760000228881836,25.860000610351562,795391
2021-05-14,^CNXIT,25896.19921875,25901.19921875,25461.94921875,25588.19921875,0
2021-05-14,^NSEI,14749.400390625,14749.650390625,14591.900390625,14677.7998046875,620700
2021-05-17,ITBEES.NS,28,28,25.75,25.940000534057617,356021
2021-05-17,^CNXIT,25650.44921875,25770.5,25499.44921875,25703.55078125,0
2021-05-17,^NSEI,14756.25,14938,14725.349609375,14923.150390625,546400
2021-05-18,ITBEES.NS,26.489999771118164,26.489999771118164,25.940000534057617,26.239999771118164,413252
2021-05-18,^CNXIT,25898.900390625,26094.099609375,25840.55078125,25958.25,0
2021-05-18,^NSEI,15067.2001953125,15137.25,15043.7001953125,15108.099609375,583900
2021-05-19,ITBEES.NS,26.399999618530273,26.469999313354492,26.069999694824219,26.229999542236328,236448
2021-05-19,^CNXIT,25949.55078125,26262.69921875,25869.650390625,25982.80078125,0
2021-05-19,^NSEI,15058.599609375,15133.400390625,15008.849609375,15030.150390625,569100
2021-05-20,ITBEES.NS,26.420000076293945,26.420000076293945,26.139999389648438,26.219999313354492,257640
2021-05-20,^CNXIT,26075.400390625,26118.25,25821.55078125,25894.5,0
2021-05-20,^NSEI,15042.599609375,15069.7998046875,14884.900390625,14906.0498046875,480300
2021-05-21,ITBEES.NS,26.420000076293945,26.760000228881836,26.239999771118164,26.290000915527344,175985
2021-05-21,^CNXIT,26012.849609375,26154,25936.599609375,26105.30078125,0
2021-05-21,^NSEI,14987.7998046875,15190,14985.849609375,15175.2998046875,572900
2021-05-24,ITBEES.NS,26.399999618530273,26.649999618530273,26.209999084472656,26.370000839233398,365732
2021-05-24,^CNXIT,26150.599609375,26298.55078125,26095.400390625,26144.19921875,0
2021-05-24,^NSEI,15211.349609375,15256.25,15145.4501953125,15197.7001953125,579800
2021-05-25,ITBEES.NS,26.370000839233398,26.75,26.370000839233398,26.600000381469727,459253
2021-05-25,^CNXIT,26275.44921875,26550.55078125,26241.150390625,26393.900390625,0
2021-05-25,^NSEI,15291.75,15293.849609375,15163.400390625,15208.4501953125,441500
2021-05-26,ITBEES.NS,26.760000228881836,27.299999237060547,26.600000381469727,27.190000534057617,874381
2021-05-26,^CNXIT,26450.69921875,26905.75,26380.5,26857.349609375,0
2021-05-26,^NSEI,15257.0498046875,15319.900390625,15194.9501953125,15301.4501953125,384000
2021-05-27,ITBEES.NS,27.190000534057617,27.549999237060547,27.170000076293945,27.370000839233398,760493
2021-05-27,^CNXIT,26921.80078125,27350.25,26916.849609375,27164.80078125,0
2021-05-27,^NSEI,15323.9501953125,15384.5498046875,15272.5,15337.849609375,0
2021-05-28,ITBEES.NS,27.700000762939453,27.700000762939453,27.260000228881836,27.329999923706055,7382404
2021-05-28,^CNXIT,27238.099609375,27278.69921875,27041.900390625,27122.80078125,0
2021-05-28,^NSEI,15421.2001953125,15469.650390625,15394.75,15435.650390625,468100
2021-05-31,ITBEES.NS,27.5,27.540000915527344,27.280000686645508,27.389999389648438,389115
2021-05-31,^CNXIT,27144.099609375,27203.900390625,26886.80078125,27115.05078125,0
2021-05-31,^NSEI,15437.75,15606.349609375,15374,15582.7998046875,436000
2021-06-01,ITBEES.NS,27.559999465942383,27.579999923706055,27.069999694824219,27.450000762939453,4298796
2021-06-01,^CNXIT,27216.75,27254.150390625,26953.5,27144.400390625,0
2021-06-01,^NSEI,15629.650390625,15660.75,15528.2998046875,15574.849609375,409600
2021-06-02,ITBEES.NS,27.600000381469727,27.600000381469727,27.129999160766602,27.290000915527344,388602
2021-06-02,^CNXIT,27051.400390625,27118.69921875,26737.150390625,26939.650390625,0
2021-06-02,^NSEI,15520.349609375,15597.4501953125,15459.849609375,15576.2001953125,428600
2021-06-03,ITBEES.NS,27.440000534057617,27.489999771118164,27,27.329999923706055,274190
2021-06-03,^CNXIT,27088.44921875,27159.94921875,26855.19921875,26987.900390625,0
2021-06-03,^NSEI,15655.5498046875,15705.099609375,15611,15690.349609375,410200
2021-06-04,ITBEES.NS,27.489999771118164,27.489999771118164,27.260000228881836,27.379999160766602,215099
2021-06-04,^CNXIT,27031.599609375,27167.5,26914.599609375,26996.75,0
2021-06-04,^NSEI,15712.5,15733.599609375,15622.349609375,15670.25,414200
2021-06-07,ITBEES.NS,27.559999465942383,27.649999618530273,27.260000228881836,27.559999465942383,484610
2021-06-07,^CNXIT,27078.400390625,27330.400390625,26997.80078125,27295.650390625,0
2021-06-07,^NSEI,15725.099609375,15773.4501953125,15678.099609375,15751.650390625,394000
2021-06-08,ITBEES.NS,27.680000305175781,28.299999237060547,27.610000610351562,28.010000228881836,1141610
2021-06-08,^CNXIT,27400.80078125,27732.349609375,27376.94921875,27623.80078125,0
2021-06-08,^NSEI,15773.900390625,15778.7998046875,15680,15740.099609375,378200
2021-06-09,ITBEES.NS,28.899999618530273,28.899999618530273,27.729999542236328,27.840000152587891,1066800
2021-06-09,^CNXIT,27691.30078125,27793.80078125,27436.349609375,27539,0
2021-06-09,^NSEI,15766.2998046875,15800.4501953125,15566.900390625,15635.349609375,457900
2021-06-10,ITBEES.NS,28,28.129999160766602,27.840000152587891,28.100000381469727,370673
2021-06-10,^CNXIT,27676.5,27822.099609375,27649.94921875,27798,0
2021-06-10,^NSEI,15692.099609375,15751.25,15648.5,15737.75,298300
2021-06-11,ITBEES.NS,28.170000076293945,28.700000762939453,28.049999237060547,28.639999389648438,763197
2021-06-11,^CNXIT,27866.25,28347.5,27820.5,28217.5,0
2021-06-11,^NSEI,15796.4501953125,15835.5498046875,15749.7998046875,15799.349609375,363000
2021-06-14,ITBEES.NS,28.700000762939453,29.370000839233398,28.540000915527344,28.700000762939453,826640
2021-06-14,^CNXIT,28371.900390625,28467.349609375,28134.650390625,28314.099609375,0
2021-06-14,^NSEI,15791.400390625,15823.0498046875,15606.5,15811.849609375,392900
2021-06-15,ITBEES.NS,29.459999084472656,29.459999084472656,28.680000305175781,28.819999694824219,296528
2021-06-15,^CNXIT,28384.69921875,28544.599609375,28325.900390625,28377.849609375,0
2021-06-15,^NSEI,15866.9501953125,15901.599609375,15842.400390625,15869.25,323300
2021-06-16,ITBEES.NS,29,29.280000686645508,28.5,28.799999237060547,738153
2021-06-16,^CNXIT,28384.150390625,28600.19921875,28241.25,28448.849609375,0
2021-06-16,^NSEI,15847.5,15880.849609375,15742.599609375,15767.5498046875,340200
2021-06-17,ITBEES.NS,28.549999237060547,29.190000534057617,28.549999237060547,29.040000915527344,2858905
2021-06-17,^CNXIT,28355.150390625,28714.599609375,28343.05078125,28611.349609375,0
2021-06-17,^NSEI,15648.2998046875,15769.349609375,15616.75,15691.400390625,357600
2021-06-18,ITBEES.NS,29.370000839233398,29.479999542236328,28.600000381469727,28.819999694824219,717128
2021-06-18,^CNXIT,28829.5,28934.05078125,28227.55078125,28445.599609375,0
2021-06-18,^NSEI,15756.5,15761.5,15450.900390625,15683.349609375,640800
2021-06-21,ITBEES.NS,28.850000381469727,28.899999618530273,27.829999923706055,28.770000457763672,738849
2021-06-21,^CNXIT,28224.099609375,28393.05078125,28083.75,28367,0
2021-06-21,^NSEI,15525.849609375,15765.150390625,15505.650390625,15746.5,351500
2021-06-22,ITBEES.NS,29.209999084472656,29.209999084472656,28.809999465942383,28.950000762939453,280614
2021-06-22,^CNXIT,28514.150390625,28656.400390625,28396.5,28523.55078125,0
2021-06-22,^NSEI,15840.5,15895.75,15752.099609375,15772.75,322200
2021-06-23,ITBEES.NS,29.190000534057617,29.190000534057617,28.629999160766602,28.680000305175781,357180
2021-06-23,^CNXIT,28719.650390625,28719.650390625,28229.349609375,28258.5,0
2021-06-23,^NSEI,15862.7998046875,15862.9501953125,15673.9501953125,15686.9501953125,287500
2021-06-24,ITBEES.NS,28.899999618530273,29.459999084472656,28.729999542236328,29.350000381469727,622630
2021-06-24,^CNXIT,28395.44921875,29098.94921875,28357.30078125,29048,0
2021-06-24,^NSEI,15737.2998046875,15821.400390625,15702.7001953125,15790.4501953125,316700
2021-06-25,ITBEES.NS,29.350000381469727,29.75,29.350000381469727,29.620000839233398,1310321
2021-06-25,^CNXIT,29176.75,29284,28874.599609375,29210.55078125,0
2021-06-25,^NSEI,15839.349609375,15870.7998046875,15772.2998046875,15860.349609375,314600
2021-06-28,ITBEES.NS,32.5,32.5,29.420000076293945,29.530000686645508,641497
2021-06-28,^CNXIT,29259.599609375,29259.599609375,28977.75,29068.55078125,0
2021-06-28,^NSEI,15915.349609375,15915.650390625,15792.150390625,15814.7001953125,255100
2021-06-29,ITBEES.NS,29.700000762939453,29.840000152587891,29.370000839233398,29.450000762939453,465144
2021-06-29,^CNXIT,29049.650390625,29183.849609375,28934.150390625,28986.25,0
2021-06-29,^NSEI,15807.5,15835.900390625,15724.0498046875,15748.4501953125,360300
2021-06-30,ITBEES.NS,29.840000152587891,29.840000152587891,29.450000762939453,29.620000839233398,387594
2021-06-30,^CNXIT,29057.150390625,29311.55078125,29036.94921875,29168,0
2021-06-30,^NSEI,15776.900390625,15839.099609375,15708.75,15721.5,262400
2021-07-01,ITBEES.NS,30.239999771118164,30.239999771118164,29.399999618530273,29.469999313354492,491875
2021-07-01,^CNXIT,29193.05078125,29193.05078125,28953.05078125,29003.099609375,15900
2021-07-01,^NSEI,15755.0498046875,15755.5498046875,15667.0498046875,15680,224900
2021-07-02,ITBEES.NS,30.649999618530273,30.649999618530273,29.159999847412109,29.459999084472656,518356
2021-07-02,^CNXIT,28983.5,29028.349609375,28704,29007.94921875,16400
2021-07-02,^NSEI,15705.849609375,15738.349609375,15635.9501953125,15722.2001953125,254800
2021-07-05,ITBEES.NS,29.459999084472656,29.729999542236328,29.360000610351562,29.409999847412109,471882
2021-07-05,^CNXIT,29117.44921875,29185.599609375,28907.75,28950.599609375,0
2021-07-05,^NSEI,15793.400390625,15845.9501953125,15762.0498046875,15834.349609375,207000
2021-07-06,ITBEES.NS,29.780000686645508,29.850000381469727,29.010000228881836,29.110000610351562,761220
2021-07-06,^CNXIT,28924,28986.099609375,28607.599609375,28649.400390625,0
2021-07-06,^NSEI,15813.75,15914.2001953125,15801,15818.25,391400
2021-07-07,ITBEES.NS,29.399999618530273,29.399999618530273,28.870000839233398,29.180000305175781,439679
2021-07-07,^CNXIT,28708.599609375,28790.30078125,28381.30078125,28734.650390625,0
2021-07-07,^NSEI,15819.599609375,15893.5498046875,15779.7001953125,15879.650390625,329300
2021-07-08,ITBEES.NS,29.629999160766602,29.629999160766602,29,29.159999847412109,395746
2021-07-08,^CNXIT,28821.75,28934.44921875,28541.94921875,28749,0
2021-07-08,^NSEI,15855.400390625,15885.75,15682.900390625,15727.900390625,307900
2021-07-09,ITBEES.NS,29.209999084472656,29.270000457763672,28.959999084472656,29.090000152587891,359131
2021-07-09,^CNXIT,28669.19921875,28898.849609375,28549.25,28662.19921875,0
2021-07-09,^NSEI,15688.25,15730.849609375,15632.75,15689.7998046875,243200
2021-07-12,ITBEES.NS,30.239999771118164,30.239999771118164,28.879999160766602,28.940000534057617,566377
2021-07-12,^CNXIT,28837.05078125,28854.55078125,28421.55078125,28532.349609375,0
2021-07-12,^NSEI,15766.7998046875,15789.2001953125,15644.75,15692.599609375,216300
2021-07-13,ITBEES.NS,29,29.139999389648438,28.809999465942383,28.879999160766602,275197
2021-07-13,^CNXIT,28674.69921875,28681.19921875,28381.900390625,28439.75,0
2021-07-13,^NSEI,15794,15820.7998046875,15744.599609375,15812.349609375,246700
2021-07-14,ITBEES.NS,28.809999465942383,29.690000534057617,28.809999465942383,29.649999618530273,774186
2021-07-14,^CNXIT,28581.25,29376.900390625,28534.849609375,29339.849609375,0
2021-07-14,^NSEI,15808.7001953125,15877.349609375,15764.2001953125,15853.9501953125,0
2021-07-15,ITBEES.NS,29.680000305175781,30.239999771118164,29.440000534057617,30.090000152587891,658040
2021-07-15,^CNXIT,29303.349609375,29835.900390625,29284.80078125,29718.05078125,0
2021-07-15,^NSEI,15872.150390625,15952.349609375,15855,15924.2001953125,284900
2021-07-16,ITBEES.NS,30.350000381469727,31,29.729999542236328,29.780000686645508,459625
2021-07-16,^CNXIT,29734.75,29734.75,29287.25,29400.25,0
2021-07-16,^NSEI,15958.349609375,15962.25,15882.599609375,15923.400390625,276300
2021-07-19,ITBEES.NS,30.110000610351562,30.350000381469727,29.610000610351562,29.709999084472656,341796
2021-07-19,^CNXIT,29248.30078125,29592.349609375,29167.349609375,29264,0
2021-07-19,^NSEI,15754.5,15836.900390625,15707.5,15752.400390625,242100
2021-07-20,ITBEES.NS,29.819999694824219,29.819999694824219,29.409999847412109,29.590000152587891,413020
2021-07-20,^CNXIT,29282.80078125,29410.5,28992,29252.5,0
2021-07-20,^NSEI,15703.9501953125,15728.4501953125,15578.5498046875,15632.099609375,274300
2021-07-22,ITBEES.NS,30.110000610351562,30.190000534057617,29.590000152587891,30.090000152587891,788215
2021-07-22,^CNXIT,29335.69921875,29808.44921875,29335.69921875,29779.94921875,0
2021-07-22,^NSEI,15736.599609375,15834.7998046875,15726.400390625,15824.0498046875,265300
2021-07-23,ITBEES.NS,30.979999542236328,30.979999542236328,30.020000457763672,30.329999923706055,566248
2021-07-23,^CNXIT,29895.599609375,30059.69921875,29848.05078125,29894.30078125,0
2021-07-23,^NSEI,15856.7998046875,15899.7998046875,15768.400390625,15856.0498046875,294100
2021-07-26,ITBEES.NS,30.299999237060547,30.899999618530273,30.100000381469727,30.489999771118164,441636
2021-07-26,^CNXIT,29886.19921875,30139.19921875,29859.599609375,29940.400390625,0
2021-07-26,^NSEI,15849.2998046875,15893.349609375,15797,15824.4501953125,267100
2021-07-27,ITBEES.NS,30.600000381469727,30.889999389648438,30.25,30.420000076293945,225093
2021-07-27,^CNXIT,29967.900390625,30048.349609375,29698.94921875,29892.55078125,0
2021-07-27,^NSEI,15860.5,15881.5498046875,15701,15746.4501953125,311000
2021-07-28,ITBEES.NS,30.600000381469727,30.600000381469727,30.100000381469727,30.489999771118164,586105
2021-07-28,^CNXIT,29934.05078125,29993.55078125,29510.349609375,29954.150390625,0
2021-07-28,^NSEI,15761.5498046875,15767.5,15513.4501953125,15709.400390625,318600
2021-07-29,ITBEES.NS,30.530000686645508,30.899999618530273,30.209999084472656,30.850000381469727,1158688
2021-07-29,^CNXIT,30037.19921875,30406,30037.099609375,30371.400390625,0
2021-07-29,^NSEI,15762.7001953125,15817.349609375,15737.7998046875,15778.4501953125,401600
2021-07-30,ITBEES.NS,31,31.440000534057617,30.850000381469727,31.059999465942383,386170
2021-07-30,^CNXIT,30546.849609375,30818.55078125,30438.349609375,30480.05078125,0
2021-07-30,^NSEI,15800.599609375,15862.7998046875,15744.849609375,15763.0498046875,400000
2021-08-02,ITBEES.NS,31.5,31.770000457763672,31.079999923706055,31.329999923706055,427459
2021-08-02,^CNXIT,30681.94921875,30832.30078125,30547,30803.05078125,0
2021-08-02,^NSEI,15874.900390625,15892.900390625,15834.650390625,15885.150390625,244800
2021-08-03,ITBEES.NS,31.600000381469727,31.770000457763672,31.389999389648438,31.629999160766602,323818
2021-08-03,^CNXIT,30974.75,31196.44921875,30872.349609375,31165.849609375,0
2021-08-03,^NSEI,15951.5498046875,16146.900390625,15914.349609375,16130.75,341300
2021-08-04,ITBEES.NS,32.090000152587891,32.090000152587891,31.469999313354492,31.569999694824219,486928
2021-08-04,^CNXIT,31296.80078125,31338.80078125,30895.44921875,30977.150390625,0
2021-08-04,^NSEI,16195.25,16290.2001953125,16176.150390625,16258.7998046875,427300
2021-08-05,ITBEES.NS,32.400001525878906,32.400001525878906,31.5,31.819999694824219,472175
2021-08-05,^CNXIT,31025.150390625,31560.19921875,30980.900390625,31211.19921875,0
2021-08-05,^NSEI,16288.9501953125,16349.4501953125,16210.2998046875,16294.599609375,418200
2021-08-06,ITBEES.NS,31.819999694824219,32.200000762939453,31.610000610351562,31.909999847412109,510583
2021-08-06,^CNXIT,31251.19921875,31460.30078125,31057.599609375,31303.30078125,0
2021-08-06,^NSEI,16304.400390625,16336.75,16223.2998046875,16238.2001953125,320100
2021-08-09,ITBEES.NS,32.599998474121094,32.599998474121094,31.709999084472656,32,388071
2021-08-09,^CNXIT,31523.5,31685.400390625,31324.75,31441,0
2021-08-09,^NSEI,16281.349609375,16320.75,16179.0498046875,16258.25,240500
2021-08-10,ITBEES.NS,32.650001525878906,32.650001525878906,31.899999618530273,32.25,656886
2021-08-10,^CNXIT,31489.94921875,31812.75,31431.150390625,31713.400390625,29900
2021-08-10,^NSEI,16274.7998046875,16359.25,16202.25,16280.099609375,288000
2021-08-11,ITBEES.NS,32.419998168945312,32.439998626708984,31.959999084472656,32.049999237060547,478496
2021-08-11,^CNXIT,31767.900390625,31799.75,31522.400390625,31670,21200
2021-08-11,^NSEI,16327.2998046875,16338.75,16162.5498046875,16282.25,277900
2021-08-12,ITBEES.NS,32.200000762939453,32.75,31.909999847412109,32.720001220703125,499296
2021-08-12,^CNXIT,31667.349609375,32289.849609375,31667.349609375,32245.099609375,29100
2021-08-12,^NSEI,16303.650390625,16375.5,16286.900390625,16364.400390625,280200
2021-08-13,ITBEES.NS,32.680000305175781,33.389999389648438,32.680000305175781,33.319999694824219,774412
2021-08-13,^CNXIT,32308.849609375,32821.8984375,32264.150390625,32678.80078125,32200
2021-08-13,^NSEI,16385.69921875,16543.599609375,16376.2998046875,16529.099609375,321900
2021-08-16,ITBEES.NS,33.599998474121094,33.970001220703125,33.060001373291016,33.189998626708984,828990
2021-08-16,^CNXIT,32671.75,32905.3515625,32438.25,32577.94921875,18000
2021-08-16,^NSEI,16518.400390625,16589.400390625,16480.75,16563.05078125,254000
2021-08-17,ITBEES.NS,33.5,34.200000762939453,33.119998931884766,34.049999237060547,5100390
2021-08-17,^CNXIT,32614,33487.1015625,32449.650390625,33414.75,42300
2021-08-17,^NSEI,16545.25,16628.55078125,16495.400390625,16614.599609375,297400
2021-08-18,ITBEES.NS,34.189998626708984,34.770000457763672,33.849998474121094,34.049999237060547,1039609
2021-08-18,^CNXIT,33482.8515625,33840.44921875,33268.6015625,33448.8984375,29400
2021-08-18,^NSEI,16691.94921875,16701.849609375,16535.849609375,16568.849609375,251800
2021-08-20,ITBEES.NS,32.799999237060547,34.380001068115234,32.799999237060547,33.939998626708984,828344
2021-08-20,^CNXIT,32954.19921875,33652.3984375,32949.8984375,33351.3515625,28500
2021-08-20,^NSEI,16382.5,16509.55078125,16376.0498046875,16450.5,350800
2021-08-23,ITBEES.NS,33.950000762939453,34.75,33.799999237060547,34.590000152587891,854655
2021-08-23,^CNXIT,33582.1484375,34153.3984375,33567.3515625,33919.80078125,36600
2021-08-23,^NSEI,16592.25,16592.5,16395.69921875,16496.44921875,275600
2021-08-24,ITBEES.NS,34.799999237060547,35.099998474121094,34.229999542236328,34.290000915527344,1595193
2021-08-24,^CNXIT,34145.25,34262.6015625,33634.75,33838.3984375,28600
2021-08-24,^NSEI,16561.400390625,16647.099609375,16495.30078125,16624.599609375,275400
2021-08-25,ITBEES.NS,35.270000457763672,35.270000457763672,34.099998474121094,34.590000152587891,852479
2021-08-25,^CNXIT,33887.75,34399.8515625,33764.1015625,34083.94921875,25300
2021-08-25,^NSEI,16654,16712.44921875,16617.5,16634.650390625,265900
2021-08-26,ITBEES.NS,35.630001068115234,35.630001068115234,34.590000152587891,34.680000305175781,626016
2021-08-26,^CNXIT,34092.8984375,34375.94921875,33929.69921875,34041.1015625,21000
2021-08-26,^NSEI,16627.94921875,16683.69921875,16603.400390625,16636.900390625,253500
2021-08-27,ITBEES.NS,35.700000762939453,35.700000762939453,34.340000152587891,34.880001068115234,5284343
2021-08-27,^CNXIT,34036.44921875,34392.8515625,33799.05078125,34309.80078125,26200
2021-08-27,^NSEI,16642.55078125,16722.05078125,16565.599609375,16705.19921875,217400
2021-08-30,ITBEES.NS,35.880001068115234,35.880001068115234,34.470001220703125,34.659999847412109,4794091
2021-08-30,^CNXIT,34338.75,34480.1484375,34027.5,34109.25,21200
2021-08-30,^NSEI,16775.849609375,16951.5,16764.849609375,16931.05078125,283500
2021-08-31,ITBEES.NS,34.659999847412109,35.240001678466797,34.650001525878906,35.040000915527344,710203
2021-08-31,^CNXIT,34205.80078125,34680.6484375,34043.6015625,34570.25,40000
2021-08-31,^NSEI,16947.5,17153.5,16915.849609375,17132.19921875,464400
2021-09-01,ITBEES.NS,32.189998626708984,35.599998474121094,32.189998626708984,34.779998779296875,1031365
2021-09-01,^CNXIT,34698.75,34780,34037.1484375,34110.5,22300
2021-09-01,^NSEI,17185.599609375,17225.75,17055.05078125,17076.25,301900
2021-09-02,ITBEES.NS,34.990001678466797,35.349998474121094,34.639999389648438,35.209999084472656,1000964
2021-09-02,^CNXIT,34218.25,34846.8984375,34051.8984375,34680.30078125,27500
2021-09-02,^NSEI,17095.400390625,17245.5,17059.69921875,17234.150390625,242400
2021-09-03,ITBEES.NS,35.799999237060547,35.799999237060547,35.080001831054688,35.520000457763672,953538
2021-09-03,^CNXIT,34744.44921875,34997.69921875,34490.6484375,34891.19921875,20900
2021-09-03,^NSEI,17262.44921875,17340.099609375,17212.19921875,17323.599609375,261400
2021-09-06,ITBEES.NS,35.520000457763672,36.25,35.099998474121094,36.040000915527344,685694
2021-09-06,^CNXIT,34992.05078125,35464.3984375,34855.94921875,35415.1015625,27600
2021-09-06,^NSEI,17399.349609375,17429.55078125,17345.55078125,17377.80078125,228000
2021-09-07,ITBEES.NS,35.75,36.439998626708984,35.569999694824219,35.610000610351562,1851092
2021-09-07,^CNXIT,35549.30078125,35581.55078125,34906.8515625,34951.30078125,19400
2021-09-07,^NSEI,17401.55078125,17436.5,17287,17362.099609375,243400
2021-09-08,ITBEES.NS,35.939998626708984,35.939998626708984,35.169998168945312,35.330001831054688,691218
2021-09-08,^CNXIT,34973.8984375,34979.30078125,34515.44921875,34678.19921875,22700
2021-09-08,^NSEI,17375.75,17383.400390625,17254.19921875,17353.5,252700
2021-09-09,ITBEES.NS,35.770000457763672,35.770000457763672,35.099998474121094,35.409999847412109,521874
2021-09-09,^CNXIT,34676.19921875,34862.8515625,34530,34802.30078125,18000
2021-09-09,^NSEI,17312.849609375,17379.650390625,17302.69921875,17369.25,241500
2021-09-13,ITBEES.NS,35.700000762939453,35.840000152587891,35.080001831054688,35.770000457763672,959846
2021-09-13,^CNXIT,34688.30078125,35242.5,34573.69921875,35129.6015625,21100
2021-09-13,^NSEI,17363.55078125,17378.349609375,17269.150390625,17355.30078125,241100
2021-09-14,ITBEES.NS,35.900001525878906,36.099998474121094,35.799999237060547,35.990001678466797,698294
2021-09-14,^CNXIT,35224.25,35476.8984375,35020.69921875,35431.5,20200
2021-09-14,^NSEI,17420.349609375,17438.55078125,17367.05078125,17380,230400
2021-09-15,ITBEES.NS,36.299999237060547,36.840000152587891,35.950000762939453,36.639999389648438,1232511
2021-09-15,^CNXIT,35462.3515625,36200,35375.3515625,36075.19921875,23100
2021-09-15,^NSEI,17387.650390625,17532.69921875,17386.900390625,17519.44921875,388200
2021-09-16,ITBEES.NS,36.639999389648438,37.200000762939453,36.409999847412109,36.569999694824219,965085
2021-09-16,^CNXIT,36151.3515625,36310.75,35694.8515625,35852.44921875,19500
2021-09-16,^NSEI,17539.19921875,17644.599609375,17510.44921875,17629.5,503300
2021-09-17,ITBEES.NS,37.240001678466797,37.240001678466797,36.270000457763672,36.369998931884766,1490080
2021-09-17,^CNXIT,35915.3984375,36131.25,35527,35646.5,30300
2021-09-17,^NSEI,17709.650390625,17792.94921875,17537.650390625,17585.150390625,508300
2021-09-20,ITBEES.NS,36.369998931884766,36.790000915527344,36,36.119998931884766,2882736
2021-09-20,^CNXIT,35462.3984375,36130.55078125,35346.19921875,35400.05078125,22500
2021-09-20,^NSEI,17443.849609375,17622.75,17361.80078125,17396.900390625,339100
2021-09-21,ITBEES.NS,36.380001068115234,36.770000457763672,36.009998321533203,36.659999847412109,851205
2021-09-21,^CNXIT,35609.1015625,36127.80078125,35332.8515625,36086.05078125,19600
2021-09-21,^NSEI,17450.5,17578.349609375,17326.099609375,17562,363600
2021-09-22,ITBEES.NS,36.849998474121094,37.290000915527344,36.700000762939453,37.150001525878906,971786
2021-09-22,^CNXIT,36154.05078125,36713.1484375,36145.94921875,36422.44921875,25700
2021-09-22,^NSEI,17580.900390625,17610.44921875,17524,17546.650390625,295200
2021-09-23,ITBEES.NS,37.490001678466797,37.700000762939453,37.200000762939453,37.529998779296875,646068
2021-09-23,^CNXIT,36691.94921875,36867.44921875,36532.44921875,36816.8984375,16700
2021-09-23,^NSEI,17670.849609375,17843.900390625,17646.55078125,17822.94921875,320500
2021-09-24,ITBEES.NS,37.599998474121094,38.560001373291016,37.599998474121094,37.810001373291016,1796055
2021-09-24,^CNXIT,37128.75,37823.1484375,37055,37103.25,39400
2021-09-24,^NSEI,17897.44921875,17947.650390625,17819.400390625,17853.19921875,360100
2021-09-27,ITBEES.NS,38,38.389999389648438,36.709999084472656,36.779998779296875,5606483
2021-09-27,^CNXIT,37335.8984375,37345.05078125,35968.75,36034.3984375,29900
2021-09-27,^NSEI,17932.19921875,17943.5,17802.900390625,17855.099609375,295700
2021-09-28,ITBEES.NS,36.799999237060547,36.939998626708984,35.560001373291016,35.959999084472656,4325018
2021-09-28,^CNXIT,36082,36082,34924.55078125,35239.94921875,34200
2021-09-28,^NSEI,17906.44921875,17912.849609375,17576.099609375,17748.599609375,398000
2021-09-29,ITBEES.NS,36.799999237060547,36.799999237060547,35.299999237060547,36.049999237060547,1320636
2021-09-29,^CNXIT,34894.8984375,35578.30078125,34733.94921875,35282.6484375,37000
2021-09-29,^NSEI,17657.94921875,17781.75,17608.150390625,17711.30078125,562200
2021-09-30,ITBEES.NS,36.25,36.439998626708984,35.650001525878906,35.700000762939453,1007573
2021-09-30,^CNXIT,35394.8984375,35408.1015625,34975.6015625,35028,25400
2021-09-30,^NSEI,17718.900390625,17742.150390625,17585.349609375,17618.150390625,378600
2021-10-01,ITBEES.NS,36.990001678466797,36.990001678466797,35.400001525878906,35.430000305175781,942563
2021-10-01,^CNXIT,34955.5,35100.8984375,34719.80078125,34780.6015625,20000
2021-10-01,^NSEI,17531.900390625,17557.150390625,17452.900390625,17532.05078125,305800
2021-10-04,ITBEES.NS,35.900001525878906,35.900001525878906,35.430000305175781,35.779998779296875,798390
2021-10-04,^CNXIT,34923.80078125,35184.55078125,34778.25,35126.1484375,16800
2021-10-04,^NSEI,17615.55078125,17750.900390625,17581.349609375,17691.25,295800
2021-10-05,ITBEES.NS,36,36.290000915527344,35.299999237060547,36.200000762939453,825106
2021-10-05,^CNXIT,34978.3984375,35650.8515625,34781.6015625,35544.30078125,20600
2021-10-05,^NSEI,17661.349609375,17833.44921875,17640.900390625,17822.30078125,427000
2021-10-06,ITBEES.NS,36.340000152587891,36.479999542236328,35.5,35.619998931884766,1114792
2021-10-06,^CNXIT,35689.55078125,35801.5,35003.05078125,35075.80078125,18500
2021-10-06,^NSEI,17861.5,17884.599609375,17613.150390625,17646,395800
2021-10-07,ITBEES.NS,35.799999237060547,36.479999542236328,35.720001220703125,36.279998779296875,1091596
2021-10-07,^CNXIT,35323.6015625,35903.94921875,35233.30078125,35703.8515625,17800
2021-10-07,^NSEI,17810.55078125,17857.55078125,17763.80078125,17790.349609375,419900
2021-10-08,ITBEES.NS,36.560001373291016,37.299999237060547,36.299999237060547,37.029998779296875,1840892
2021-10-08,^CNXIT,35920.55078125,36703.55078125,35786.30078125,36402,31000
2021-10-08,^NSEI,17886.849609375,17941.849609375,17840.349609375,17895.19921875,324100
2021-10-11,ITBEES.NS,37.490001678466797,37.490001678466797,35.650001525878906,35.869998931884766,3104578
2021-10-11,^CNXIT,35494.3984375,35690.3984375,34768.94921875,35179.94921875,43100
2021-10-11,^NSEI,17867.55078125,18041.94921875,17839.099609375,17945.94921875,375800
2021-10-12,ITBEES.NS,37.299999237060547,37.299999237060547,35.200000762939453,35.560001373291016,1871809
2021-10-12,^CNXIT,35179.19921875,35294.1484375,34512.80078125,34869.75,41100
2021-10-12,^NSEI,17915.80078125,18008.650390625,17864.94921875,17991.94921875,355600
2021-10-13,ITBEES.NS,35.799999237060547,35.939998626708984,35.520000457763672,35.869998931884766,599050
2021-10-13,^CNXIT,35053.69921875,35324.44921875,34872.3984375,35285.6015625,29400
2021-10-13,^NSEI,18097.849609375,18197.80078125,18050.75,18161.75,506700
2021-10-14,ITBEES.NS,37.150001525878906,37.150001525878906,36.099998474121094,36.340000152587891,8332570
2021-10-14,^CNXIT,35921.44921875,36412.44921875,35571.3984375,35744.8515625,111700
2021-10-14,^NSEI,18272.849609375,18350.75,18248.69921875,18338.55078125,538700
2021-10-18,ITBEES.NS,35.099998474121094,36.970001220703125,32,36.860000610351562,5427616
2021-10-18,^CNXIT,36012,36400.6015625,35863.3984375,36306.3515625,58800
2021-10-18,^NSEI,18500.099609375,18543.150390625,18445.30078125,18477.05078125,469900
2021-10-19,ITBEES.NS,37.349998474121094,38.110000610351562,36.5,37.700000762939453,7048630
2021-10-19,^CNXIT,36841.6015625,37491.8515625,36720,37106.3515625,53800
2021-10-19,^NSEI,18602.349609375,18604.44921875,18377.69921875,18418.75,368200
2021-10-20,ITBEES.NS,37.939998626708984,38.119998931884766,37.25,37.409999847412109,1701588
2021-10-20,^CNXIT,37188.1484375,37463.8984375,36534.5,36846.80078125,37500
2021-10-20,^NSEI,18439.900390625,18458.30078125,18209.349609375,18266.599609375,371300
2021-10-21,ITBEES.NS,37.799999237060547,37.799999237060547,36.299999237060547,36.619998931884766,1591987
2021-10-21,^CNXIT,36988.8984375,36988.8984375,35624.5,35913.6015625,38300
2021-10-21,^NSEI,18382.69921875,18384.19921875,18048,18178.099609375,365900
2021-10-22,ITBEES.NS,37,37,35.779998779296875,36.090000152587891,5016656
2021-10-22,^CNXIT,35892.6484375,36297.19921875,35098.19921875,35394.6484375,30400
2021-10-22,^NSEI,18230.69921875,18314.25,18034.349609375,18114.900390625,324700
2021-10-25,ITBEES.NS,36.090000152587891,36.450000762939453,35.180000305175781,35.509998321533203,7313735
2021-10-25,^CNXIT,35467.1015625,35521.05078125,34529.8515625,35005.3984375,32100
2021-10-25,^NSEI,18229.5,18241.400390625,17968.5,18125.400390625,418700
2021-10-26,ITBEES.NS,35.25,36.349998474121094,35.25,35.919998168945312,979884
2021-10-26,^CNXIT,35181.69921875,35699.8515625,34957.75,35162.3515625,40800
2021-10-26,^NSEI,18154.5,18310.44921875,18099.30078125,18268.400390625,341400
2021-10-27,ITBEES.NS,36.849998474121094,36.849998474121094,35.919998168945312,36.189998626708984,343658
2021-10-27,^CNXIT,35245.05078125,35578,35163.05078125,35503.8984375,23600
2021-10-27,^NSEI,18295.849609375,18342.05078125,18167.900390625,18210.94921875,335200
2021-10-28,ITBEES.NS,36.189998626708984,36.5,35.610000610351562,35.75,717681
2021-10-28,^CNXIT,35575.6484375,35575.6484375,34787.1015625,34913.6015625,22600
2021-10-28,^NSEI,18187.650390625,18190.69921875,17799.44921875,17857.25,374200
2021-10-29,ITBEES.NS,36,36,35.099998474121094,35.240001678466797,892255
2021-10-29,^CNXIT,34820.30078125,35178.75,34288.55078125,34408.75,26900
2021-10-29,^NSEI,17833.05078125,17915.849609375,17613.099609375,17671.650390625,336500
2021-11-01,ITBEES.NS,35.5,36.040000915527344,35.310001373291016,35.970001220703125,805019
2021-11-01,^CNXIT,34677.30078125,35328.55078125,34654.94921875,35290,19700
2021-11-01,^NSEI,17783.150390625,17954.099609375,17697.099609375,17929.650390625,281200
2021-11-02,ITBEES.NS,36.400001525878906,36.400001525878906,35.849998474121094,36.029998779296875,428816
2021-11-02,^CNXIT,35334.25,35522.3515625,35076.1484375,35177.3515625,17700
2021-11-02,^NSEI,17970.900390625,18012.25,17847.599609375,17888.94921875,296400
2021-11-03,ITBEES.NS,36.029998779296875,36.389999389648438,35.549999237060547,35.889999389648438,501752
2021-11-03,^CNXIT,35351.44921875,35525.75,35093.05078125,35177.1015625,15000
2021-11-03,^NSEI,17947.94921875,17988.75,17757.94921875,17829.19921875,331000
2021-11-04,ITBEES.NS,36.419998168945312,36.419998168945312,35.939998626708984,36.099998474121094,227382
2021-11-04,^CNXIT,35403,35452.3515625,35302.44921875,35334.25,2200
2021-11-04,^NSEI,17935.05078125,17947.55078125,17900.599609375,17916.80078125,48500
2021-11-08,ITBEES.NS,35.939998626708984,36.590000152587891,35.650001525878906,36.5,989996
2021-11-08,^CNXIT,35606,35852.5,35177.94921875,35782.3515625,22100
2021-11-08,^NSEI,18040.19921875,18087.80078125,17836.099609375,18068.55078125,338900
2021-11-09,ITBEES.NS,36.650001525878906,36.849998474121094,36.330001831054688,36.650001525878906,589568
2021-11-09,^CNXIT,35839.19921875,36117.94921875,35763.8515625,35815.1015625,18300
2021-11-09,^NSEI,18084.349609375,18112.599609375,17983.05078125,18044.25,270200
2021-11-10,ITBEES.NS,36.900001525878906,37.090000152587891,36.340000152587891,36.590000152587891,388082
2021-11-10,^CNXIT,35635.05078125,35862.44921875,35576.19921875,35722.94921875,15500
2021-11-10,^NSEI,17973.44921875,18061.25,17915,18017.19921875,261400
2021-11-11,ITBEES.NS,36.650001525878906,36.650001525878906,35.919998168945312,36.279998779296875,1112869
2021-11-11,^CNXIT,35626.6484375,35697,35141.30078125,35583.6484375,19600
2021-11-11,^NSEI,17967.44921875,17971.349609375,17798.19921875,17873.599609375,232100
2021-11-12,ITBEES.NS,36.279998779296875,37.189998626708984,36.279998779296875,37.049999237060547,1800650
2021-11-12,^CNXIT,35860.1015625,36378.05078125,35732.75,36332.30078125,23500
2021-11-12,^NSEI,17977.599609375,18123,17905.900390625,18102.75,249100
2021-11-15,ITBEES.NS,37.049999237060547,37.479999542236328,37,37.240001678466797,1106679
2021-11-15,^CNXIT,36391.1015625,36646.25,36302.94921875,36465.30078125,18700
2021-11-15,^NSEI,18140.94921875,18210.150390625,18071.30078125,18109.44921875,280400
2021-11-16,ITBEES.NS,37.5,37.599998474121094,37.240001678466797,37.430000305175781,865912
2021-11-16,^CNXIT,36555.25,36794.25,36429.8984375,36643.8984375,23800
2021-11-16,^NSEI,18127.05078125,18132.650390625,17958.80078125,17999.19921875,267400
2021-11-17,ITBEES.NS,37.409999847412109,37.580001831054688,37.150001525878906,37.409999847412109,713532
2021-11-17,^CNXIT,36623.75,36835.94921875,36431.25,36660.8984375,19700
2021-11-17,^NSEI,17939.349609375,18022.650390625,17879.25,17898.650390625,295700
2021-11-18,ITBEES.NS,37.599998474121094,37.659999847412109,36.700000762939453,36.860000610351562,673336
2021-11-18,^CNXIT,36641.55078125,36702.3984375,35867.30078125,36007,22000
2021-11-18,^NSEI,17890.55078125,17945.599609375,17688.5,17764.80078125,278400
2021-11-22,ITBEES.NS,40,40,36.099998474121094,36.430000305175781,783607
2021-11-22,^CNXIT,36097,36097,35224.55078125,35478.94921875,24300
2021-11-22,^NSEI,17796.25,17805.25,17280.44921875,17416.55078125,356400
2021-11-23,ITBEES.NS,36.430000305175781,36.5,35.599998474121094,36.319999694824219,897327
2021-11-23,^CNXIT,35206,35645.44921875,34707.8515625,35504.3984375,24100
2021-11-23,^NSEI,17281.75,17553.69921875,17216.099609375,17503.349609375,308800
2021-11-24,ITBEES.NS,36.270000457763672,36.680000305175781,35.700000762939453,35.790000915527344,552844
2021-11-24,^CNXIT,35627.94921875,35662.6015625,34828.30078125,34966.25,20200
2021-11-24,^NSEI,17550.05078125,17600.599609375,17354,17415.05078125,298100
2021-11-25,ITBEES.NS,36.090000152587891,36.180000305175781,35.599998474121094,36.029998779296875,469259
2021-11-25,^CNXIT,34978,35365.75,34934.55078125,35300.25,16900
2021-11-25,^NSEI,17417.30078125,17564.349609375,17351.69921875,17536.25,255900
2021-11-26,ITBEES.NS,36.119998931884766,36.299999237060547,35.349998474121094,35.439998626708984,1000886
2021-11-26,^CNXIT,35024.69921875,35190.1015625,34512.6015625,34606.1484375,17400
2021-11-26,^NSEI,17338.75,17355.400390625,16985.69921875,17026.44921875,356300
2021-11-29,ITBEES.NS,38.599998474121094,38.599998474121094,34.919998168945312,35.610000610351562,1034034
2021-11-29,^CNXIT,34382.3984375,35104.3515625,33953.8984375,34870.75,21000
2021-11-29,^NSEI,17055.80078125,17160.69921875,16782.400390625,17053.94921875,348900
2021-11-30,ITBEES.NS,35.950000762939453,36.389999389648438,35.099998474121094,35.950000762939453,1005936
2021-11-30,^CNXIT,35018.8984375,35654.19921875,34918.6015625,35043.75,68200
2021-11-30,^NSEI,17051.150390625,17324.650390625,16931.400390625,16983.19921875,498000
2021-12-01,ITBEES.NS,36.349998474121094,36.380001068115234,35.759998321533203,36.319999694824219,841827
2021-12-01,^CNXIT,35143,35652.19921875,35123.94921875,35429,20200
2021-12-01,^NSEI,17104.400390625,17213.05078125,17064.25,17166.900390625,295500
2021-12-02,ITBEES.NS,38.159999847412109,38.159999847412109,36.209999084472656,36.840000152587891,1083003
2021-12-02,^CNXIT,35504.80078125,36195.6484375,35418.25,36157.8515625,23600
2021-12-02,^NSEI,17183.19921875,17420.349609375,17149.30078125,17401.650390625,279900
2021-12-03,ITBEES.NS,37.590000152587891,37.590000152587891,36.659999847412109,36.759998321533203,882117
2021-12-03,^CNXIT,36314.80078125,36518.80078125,35784.1484375,35848.05078125,22500
2021-12-03,^NSEI,17424.900390625,17489.80078125,17180.80078125,17196.69921875,292500
2021-12-06,ITBEES.NS,37,37,35.680000305175781,35.729999542236328,1027511
2021-12-06,^CNXIT,35835.44921875,35953.75,34828.1484375,34879.3984375,17500
2021-12-06,^NSEI,17209.05078125,17216.75,16891.69921875,16912.25,231700
2021-12-07,ITBEES.NS,36,36.400001525878906,35.639999389648438,35.970001220703125,668157
2021-12-07,^CNXIT,35136.55078125,35384,34756.6015625,35272.30078125,16200
2021-12-07,^NSEI,17044.099609375,17251.650390625,16987.75,17176.69921875,254100
2021-12-08,ITBEES.NS,36.25,36.869998931884766,36.150001525878906,36.680000305175781,842857
2021-12-08,^CNXIT,35584.80078125,36131.94921875,35576.8515625,35959.05078125,18600
2021-12-08,^NSEI,17315.25,17484.599609375,17308.94921875,17469.75,257800
2021-12-09,ITBEES.NS,37.509998321533203,37.509998321533203,36.419998168945312,36.669998168945312,658819
2021-12-09,^CNXIT,35963.69921875,36114,35573.3515625,35946.3515625,12400
2021-12-09,^NSEI,17524.400390625,17543.25,17379.599609375,17516.849609375,237200
2021-12-10,ITBEES.NS,36.990001678466797,36.990001678466797,36.409999847412109,36.630001068115234,593722
2021-12-10,^CNXIT,35820.05078125,35974.75,35652.19921875,35939.6015625,11800
2021-12-10,^NSEI,17476.05078125,17534.349609375,17405.25,17511.30078125,204500
2021-12-13,ITBEES.NS,37.189998626708984,37.919998168945312,36.700000762939453,36.830001831054688,666357
2021-12-13,^CNXIT,36104.3515625,36507.30078125,35984.55078125,36050.55078125,20400
2021-12-13,^NSEI,17619.099609375,17639.5,17355.94921875,17368.25,256600
2021-12-14,ITBEES.NS,36.970001220703125,37,36.5,36.779998779296875,488222
2021-12-14,^CNXIT,35946.75,36252.05078125,35637.8515625,36102.55078125,17400
2021-12-14,^NSEI,17283.19921875,17376.19921875,17225.80078125,17324.900390625,271000
2021-12-15,ITBEES.NS,36.779998779296875,37.040000915527344,36.360000610351562,36.560001373291016,495132
2021-12-15,^CNXIT,36033.8984375,36060,35536.1484375,35737.19921875,13100
2021-12-15,^NSEI,17323.650390625,17351.19921875,17192.19921875,17221.400390625,215000
2021-12-16,ITBEES.NS,36.849998474121094,37.189998626708984,36.720001220703125,36.860000610351562,289959
2021-12-16,^CNXIT,36078.30078125,36354.8515625,35979.1484375,36160.30078125,18900
2021-12-16,^NSEI,17373,17379.349609375,17184.94921875,17248.400390625,219500
2021-12-17,ITBEES.NS,37.200000762939453,37.779998779296875,36.950000762939453,37.470001220703125,2203134
2021-12-17,^CNXIT,36704.19921875,37013.25,36497.94921875,36647.8984375,89100
2021-12-17,^NSEI,17276,17298.150390625,16966.44921875,16985.19921875,354600
2021-12-20,ITBEES.NS,37.889999389648438,37.889999389648438,36.400001525878906,36.75,4862578
2021-12-20,^CNXIT,36411.8515625,36598.3515625,35559.30078125,35916.44921875,29300
2021-12-20,^NSEI,16824.25,16840.099609375,16410.19921875,16614.19921875,330600
2021-12-21,ITBEES.NS,37.5,37.700000762939453,37,37.490001678466797,778284
2021-12-21,^CNXIT,36159.19921875,36970.55078125,36147.6015625,36627.1484375,32300
2021-12-21,^NSEI,16773.150390625,16936.400390625,16688.25,16770.849609375,241000
2021-12-22,ITBEES.NS,37.849998474121094,37.900001525878906,37.520000457763672,37.830001831054688,349574
2021-12-22,^CNXIT,36853.8515625,37014.75,36669,36989.1484375,18900
2021-12-22,^NSEI,16865.55078125,16971,16819.5,16955.44921875,207900
2021-12-23,ITBEES.NS,37.819999694824219,38.349998474121094,37.450000762939453,38.110000610351562,981494
2021-12-23,^CNXIT,37190.30078125,37528,37086.8984375,37362.8515625,18500
2021-12-23,^NSEI,17066.80078125,17118.650390625,17015.55078125,17072.599609375,197000
2021-12-24,ITBEES.NS,38.419998168945312,38.799999237060547,38.299999237060547,38.700000762939453,2333065
2021-12-24,^CNXIT,37657.1484375,37822.1484375,37417.6484375,37727.80078125,34400
2021-12-24,^NSEI,17149.5,17155.599609375,16909.599609375,17003.75,182600
2021-12-27,ITBEES.NS,38.790000915527344,39.200000762939453,38.220001220703125,38.830001831054688,964232
2021-12-27,^CNXIT,37722.8984375,38029.30078125,37431,37988.5,19000
2021-12-27,^NSEI,16937.75,17112.05078125,16833.19921875,17086.25,144800
2021-12-28,ITBEES.NS,38.75,39.400001525878906,38.75,39.200000762939453,677408
2021-12-28,^CNXIT,38184.6015625,38500.25,38164.44921875,38357.80078125,19000
2021-12-28,^NSEI,17177.599609375,17250.25,17161.150390625,17233.25,176000
2021-12-29,ITBEES.NS,39.389999389648438,39.389999389648438,39.009998321533203,39.169998168945312,420611
2021-12-29,^CNXIT,38269.1015625,38484.8984375,38181.8984375,38274.6484375,14200
2021-12-29,^NSEI,17220.099609375,17285.94921875,17176.650390625,17213.599609375,161700
2021-12-30,ITBEES.NS,39.169998168945312,39.799999237060547,38.930000305175781,39.599998474121094,641964
2021-12-30,^CNXIT,38231.1484375,38897.6015625,38153.3515625,38658.80078125,27100
2021-12-30,^NSEI,17201.44921875,17264.05078125,17146.349609375,17203.94921875,320800
2021-12-31,ITBEES.NS,39.790000915527344,39.930000305175781,39.330001831054688,39.650001525878906,3465196
2021-12-31,^CNXIT,38708.1484375,38861.1015625,38468.3984375,38701.05078125,16300
2021-12-31,^NSEI,17244.5,17400.80078125,17238.5,17354.05078125,167000
2022-01-03,ITBEES.NS,40.139999389648438,40.200000762939453,39.659999847412109,40,783547
2022-01-03,^CNXIT,38752.6015625,39286.3515625,38752.55078125,39123.80078125,16700
2022-01-03,^NSEI,17387.150390625,17646.650390625,17383.30078125,17625.69921875,200500
2022-01-04,ITBEES.NS,40.200000762939453,40.259998321533203,39.709999084472656,40.139999389648438,786354
2022-01-04,^CNXIT,39243.5,39446.69921875,38828.6015625,39370.69921875,19900
2022-01-04,^NSEI,17681.400390625,17827.599609375,17593.55078125,17805.25,247400
2022-01-05,ITBEES.NS,40.340000152587891,40.340000152587891,39.349998474121094,39.529998779296875,1511071
2022-01-05,^CNXIT,39261.55078125,39293.1484375,38409.25,38609.1484375,25200
2022-01-05,^NSEI,17820.099609375,17944.69921875,17748.849609375,17925.25,251500
2022-01-06,ITBEES.NS,39.75,39.75,38.669998168945312,38.930000305175781,2739255
2022-01-06,^CNXIT,38181.3515625,38206.6015625,37757.19921875,38009,25900
2022-01-06,^NSEI,17768.5,17797.94921875,17655.55078125,17745.900390625,236500
2022-01-07,ITBEES.NS,39.540000915527344,39.540000915527344,38.900001525878906,39.049999237060547,1278536
2022-01-07,^CNXIT,38140.1484375,38394.80078125,38003.1484375,38139.8515625,21600
2022-01-07,^NSEI,17797.599609375,17905,17704.55078125,17812.69921875,239300
2022-01-10,ITBEES.NS,40,40,38.900001525878906,39.080001831054688,1197178
2022-01-10,^CNXIT,38596.75,38621.8984375,37991.30078125,38212.19921875,32800
2022-01-10,^NSEI,17913.30078125,18017.44921875,17879.150390625,18003.30078125,232400
2022-01-11,ITBEES.NS,39.889999389648438,39.889999389648438,38.930000305175781,39.389999389648438,756650
2022-01-11,^CNXIT,38186.94921875,38664.3984375,38138,38605.44921875,26600
2022-01-11,^NSEI,17997.75,18081.25,17964.400390625,18055.75,220200
2022-01-12,ITBEES.NS,39.389999389648438,39.790000915527344,39.340000152587891,39.419998168945312,759698
2022-01-12,^CNXIT,38857.75,38902.80078125,38424.75,38604.75,28100
2022-01-12,^NSEI,18170.400390625,18227.94921875,18128.80078125,18212.349609375,245000
2022-01-13,ITBEES.NS,39.400001525878906,39.75,39,39.470001220703125,1394765
2022-01-13,^CNXIT,38768.8515625,38886.8515625,38151.05078125,38607,61200
2022-01-13,^NSEI,18257,18272.25,18163.80078125,18257.80078125,303700
2022-01-14,ITBEES.NS,39.900001525878906,39.990001678466797,38.959999084472656,39.689998626708984,739666
2022-01-14,^CNXIT,38351.3515625,38892.6484375,38049.6015625,38826.8515625,35700
2022-01-14,^NSEI,18185,18286.94921875,18119.650390625,18255.75,229500
2022-01-17,ITBEES.NS,40.279998779296875,40.279998779296875,39.409999847412109,39.639999389648438,908021
2022-01-17,^CNXIT,38764.6484375,38993.25,38486.3515625,38804.94921875,35400
2022-01-17,^NSEI,18235.650390625,18321.55078125,18228.75,18308.099609375,266700
2022-01-18,ITBEES.NS,40.349998474121094,40.349998474121094,38.900001525878906,39,1436886
2022-01-18,^CNXIT,38830.1484375,38990.55078125,38004.25,38091.75,28100
2022-01-18,^NSEI,18337.19921875,18350.94921875,18085.900390625,18113.05078125,227500
2022-01-19,ITBEES.NS,39.139999389648438,39.139999389648438,38.130001068115234,38.169998168945312,1570403
2022-01-19,^CNXIT,38011.8984375,38011.8984375,37236.1484375,37281.69921875,32700
2022-01-19,^NSEI,18129.19921875,18129.19921875,17884.900390625,17938.400390625,276700
2022-01-20,ITBEES.NS,38.349998474121094,38.349998474121094,37.409999847412109,37.569999694824219,1870619
2022-01-20,^CNXIT,37175,37249.05078125,36512.5,36662.19921875,32000
2022-01-20,^NSEI,17921,17943.69921875,17648.44921875,17757,258100
2022-01-21,ITBEES.NS,41.080001831054688,41.080001831054688,36.689998626708984,36.709999084472656,5282602
2022-01-21,^CNXIT,36354.30078125,36579.6484375,35836.6484375,36054.6015625,34500
2022-01-21,^NSEI,17613.69921875,17707.599609375,17485.849609375,17617.150390625,277600
2022-01-24,ITBEES.NS,36.950000762939453,36.950000762939453,35.470001220703125,35.729999542236328,2707808
2022-01-24,^CNXIT,35934.19921875,35969.8515625,34563.19921875,34821.6015625,36400
2022-01-24,^NSEI,17575.150390625,17599.400390625,16997.849609375,17149.099609375,323800
2022-01-25,ITBEES.NS,35.709999084472656,35.970001220703125,34.790000915527344,35.599998474121094,1613841
2022-01-25,^CNXIT,34490.3515625,35065.80078125,33956.55078125,34707.44921875,41900
2022-01-25,^NSEI,17001.55078125,17309.150390625,16836.80078125,17277.94921875,326500
2022-01-27,ITBEES.NS,38.5,38.5,34.099998474121094,34.439998626708984,4491156
2022-01-27,^CNXIT,34338.1015625,34362.8515625,33251.69921875,33475.05078125,49300
2022-01-27,^NSEI,17062,17182.5,16866.75,17110.150390625,395600
2022-01-28,ITBEES.NS,34.75,35.290000915527344,34.450000762939453,34.720001220703125,2483134
2022-01-28,^CNXIT,33608.44921875,34473.5,33608.44921875,33851.94921875,48300
2022-01-28,^NSEI,17208.30078125,17373.5,17077.099609375,17101.94921875,355300
2022-01-31,ITBEES.NS,35.25,35.849998474121094,35,35.700000762939453,1098847
2022-01-31,^CNXIT,34519.30078125,34972.25,34440.30078125,34824.55078125,40400
2022-01-31,^NSEI,17301.05078125,17410,17264.150390625,17339.849609375,321700
2022-02-01,ITBEES.NS,36,36.599998474121094,35.799999237060547,36.279998779296875,1327433
2022-02-01,^CNXIT,35337.94921875,35435.5,34754.3515625,35371.6484375,29800
2022-02-01,^NSEI,17529.44921875,17622.400390625,17244.55078125,17576.849609375,386400
2022-02-02,ITBEES.NS,36.979999542236328,36.979999542236328,36.110000610351562,36.689998626708984,1161248
2022-02-02,^CNXIT,35556.5,35845.30078125,35278.55078125,35788.75,32400
2022-02-02,^NSEI,17706.19921875,17794.599609375,17674.80078125,17780,271200
2022-02-03,ITBEES.NS,36.950000762939453,36.950000762939453,35.849998474121094,35.950000762939453,1392350
2022-02-03,^CNXIT,35656.8515625,35693.3984375,34962.44921875,35056.80078125,21200
2022-02-03,^NSEI,17767.75,17781.150390625,17511.150390625,17560.19921875,226600
2022-02-04,ITBEES.NS,38.099998474121094,38.099998474121094,35.549999237060547,35.860000610351562,2674377
2022-02-04,^CNXIT,34982.69921875,35194.6015625,34539.8984375,35080.1015625,21600
2022-02-04,^NSEI,17590.19921875,17617.80078125,17462.55078125,17516.30078125,261400
2022-02-07,ITBEES.NS,36.200000762939453,36.200000762939453,35.259998321533203,35.389999389648438,1260356
2022-02-07,^CNXIT,34898,35148,34372.94921875,34621.25,21600
2022-02-07,^NSEI,17456.30078125,17536.75,17119.400390625,17213.599609375,265000
2022-02-08,ITBEES.NS,35.860000610351562,35.860000610351562,35,35.400001525878906,908148
2022-02-08,^CNXIT,34687.8515625,34862.1015625,34189.6484375,34521.55078125,22700
2022-02-08,^NSEI,17279.849609375,17306.44921875,17043.650390625,17266.75,268500
2022-02-09,ITBEES.NS,35.299999237060547,35.889999389648438,35.229999542236328,35.819999694824219,705039
2022-02-09,^CNXIT,34741.8515625,35052.6484375,34707.6484375,34983.30078125,18600
2022-02-09,^NSEI,17370.099609375,17477.150390625,17339,17463.80078125,236400
2022-02-10,ITBEES.NS,35.779998779296875,36.150001525878906,35.779998779296875,36.090000152587891,738673
2022-02-10,^CNXIT,35255.94921875,35379.8515625,34994.75,35341.8515625,17800
2022-02-10,^NSEI,17554.099609375,17639.44921875,17427.150390625,17605.849609375,273600
2022-02-11,ITBEES.NS,36,36,35.150001525878906,35.229999542236328,1908788
2022-02-11,^CNXIT,34889.44921875,34917.8515625,34313.25,34379.05078125,28100
2022-02-11,^NSEI,17451,17454.75,17303,17374.75,253100
2022-02-14,ITBEES.NS,35.900001525878906,35.900001525878906,34.549999237060547,34.729999542236328,2415009
2022-02-14,^CNXIT,33857.3984375,34466.6484375,33666.25,33880.6484375,29100
2022-02-14,^NSEI,17076.150390625,17099.5,16809.650390625,16842.80078125,305500
2022-02-15,ITBEES.NS,34.799999237060547,35.830001831054688,34.75,35.689998626708984,1024769
2022-02-15,^CNXIT,34268.30078125,35017.1015625,34081.05078125,34913.30078125,22600
2022-02-15,^NSEI,16933.25,17375,16839.25,17352.44921875,298700
2022-02-16,ITBEES.NS,36.139999389648438,36.139999389648438,35.5,35.580001831054688,1505614
2022-02-16,^CNXIT,35103.19921875,35209.69921875,34712.30078125,34801.94921875,21700
2022-02-16,^NSEI,17408.44921875,17490.599609375,17257.69921875,17322.19921875,244500
2022-02-17,ITBEES.NS,35.580001831054688,35.790000915527344,35.299999237060547,35.439998626708984,543220
2022-02-17,^CNXIT,35022.8515625,35052.3515625,34564.19921875,34634.1015625,18800
2022-02-17,^NSEI,17396.55078125,17442.900390625,17235.849609375,17304.599609375,232100
2022-02-18,ITBEES.NS,35.299999237060547,35.5,34.75,35.330001831054688,588809
2022-02-18,^CNXIT,34359.94921875,34727.1015625,34295.69921875,34483.1015625,21700
2022-02-18,^NSEI,17236.05078125,17380.80078125,17219.19921875,17276.30078125,189600
2022-02-21,ITBEES.NS,35.590000152587891,35.590000152587891,34.849998474121094,35.189998626708984,915941
2022-02-21,^CNXIT,34372,34692.3515625,33989.30078125,34472.05078125,27100
2022-02-21,^NSEI,17192.25,17351.05078125,17070.69921875,17206.650390625,215200
2022-02-22,ITBEES.NS,36,36,34.5,34.919998168945312,1548103
2022-02-22,^CNXIT,33678.3515625,34287.19921875,33600.44921875,34129.55078125,32900
2022-02-22,^NSEI,16847.94921875,17148.55078125,16843.80078125,17092.19921875,300100
2022-02-23,ITBEES.NS,35.150001525878906,35.25,34.819999694824219,34.900001525878906,882882
2022-02-23,^CNXIT,34385.1015625,34430.94921875,34042.69921875,34114.30078125,19900
2022-02-23,^NSEI,17194.5,17220.69921875,17027.849609375,17063.25,200200
2022-02-24,ITBEES.NS,34.900001525878906,34.900001525878906,33.200000762939453,33.430000305175781,3427846
2022-02-24,^CNXIT,33077.6484375,33396.25,32438.25,32547.900390625,44300
2022-02-24,^NSEI,16548.900390625,16705.25,16203.25,16247.9501953125,458000
2022-02-25,ITBEES.NS,33.799999237060547,34.5,33.560001373291016,34.229999542236328,1127226
2022-02-25,^CNXIT,33214.3515625,33678,33058.80078125,33476.94921875,27500
2022-02-25,^NSEI,16515.650390625,16748.80078125,16478.30078125,16658.400390625,329800
2022-02-28,ITBEES.NS,37.450000762939453,37.450000762939453,33.709999084472656,34.709999084472656,1345702
2022-02-28,^CNXIT,33180.3515625,33961.05078125,32858.75,33847.8515625,39200
2022-02-28,^NSEI,16481.599609375,16815.900390625,16356.2998046875,16793.900390625,404200
2022-03-02,ITBEES.NS,34.900001525878906,34.900001525878906,34.340000152587891,34.599998474121094,884919
2022-03-02,^CNXIT,33748.3984375,33924.75,33484.6015625,33720,25400
2022-03-02,^NSEI,16593.099609375,16678.5,16478.650390625,16605.94921875,517700
2022-03-03,ITBEES.NS,34.75,35.229999542236328,34.599998474121094,34.970001220703125,4416396
2022-03-03,^CNXIT,34032.19921875,34410.69921875,33887.55078125,34130.30078125,31900
2022-03-03,^NSEI,16723.19921875,16768.94921875,16442.94921875,16498.05078125,442100
2022-03-04,ITBEES.NS,34.970001220703125,35.259998321533203,34.319999694824219,34.990001678466797,1226885
2022-03-04,^CNXIT,33720.6484375,34504.8515625,33462.19921875,34177.69921875,34400
2022-03-04,^NSEI,16339.4501953125,16456,16133.7998046875,16245.349609375,456100
2022-03-07,ITBEES.NS,34.869998931884766,35.119998931884766,34.119998931884766,34.939998626708984,2052369
2022-03-07,^CNXIT,33524.6015625,34435.6015625,33499.3515625,34135.8984375,34500
2022-03-07,^NSEI,15867.9501953125,15944.599609375,15711.4501953125,15863.150390625,585400
2022-03-08,ITBEES.NS,34.939998626708984,35.849998474121094,34.669998168945312,35.759998321533203,1497036
2022-03-08,^CNXIT,33977.8984375,35162.94921875,33977.8984375,35055.55078125,34100
2022-03-08,^NSEI,15747.75,16028.75,15671.4501953125,16013.4501953125,543600
2022-03-09,ITBEES.NS,36.150001525878906,36.490001678466797,35.900001525878906,36.310001373291016,1444548
2022-03-09,^CNXIT,35218.1484375,35726.25,35154.19921875,35440.55078125,35100
2022-03-09,^NSEI,16078,16418.05078125,15990,16345.349609375,462200
2022-03-10,ITBEES.NS,36.5,36.880001068115234,36.099998474121094,36.279998779296875,1138055
2022-03-10,^CNXIT,35931.1484375,35931.1484375,35265.5,35399.1015625,29000
2022-03-10,^NSEI,16757.099609375,16757.30078125,16447.900390625,16594.900390625,486400
2022-03-11,ITBEES.NS,36.549999237060547,36.549999237060547,35.740001678466797,36.099998474121094,845356
2022-03-11,^CNXIT,35203.80078125,35478.3515625,35148.1015625,35348.69921875,17400
2022-03-11,^NSEI,16528.80078125,16694.400390625,16470.900390625,16630.44921875,343700
2022-03-14,ITBEES.NS,36.240001678466797,36.979999542236328,35.900001525878906,36.75,1681542
2022-03-14,^CNXIT,35347.94921875,36071.3984375,35347.94921875,36028,28700
2022-03-14,^NSEI,16633.69921875,16887.94921875,16606.5,16871.30078125,314700
2022-03-15,ITBEES.NS,37,37.099998474121094,35.900001525878906,36.009998321533203,1250136
2022-03-15,^CNXIT,36131.44921875,36131.44921875,34996.55078125,35097.8515625,26400
2022-03-15,^NSEI,16900.650390625,16927.75,16555,16663,381600
2022-03-16,ITBEES.NS,36.25,36.599998474121094,36.110000610351562,36.450000762939453,12443682
2022-03-16,^CNXIT,35601.3515625,35787.94921875,35369.69921875,35729.6484375,20900
2022-03-16,^NSEI,16876.650390625,16987.900390625,16837.849609375,16975.349609375,260000
2022-03-17,ITBEES.NS,36.509998321533203,37,36.349998474121094,36.529998779296875,3866479
2022-03-17,^CNXIT,36245.05078125,36246.44921875,35466.19921875,35643.6015625,42400
2022-03-17,^NSEI,17202.900390625,17344.599609375,17175.75,17287.05078125,448300
2022-03-21,ITBEES.NS,36.930000305175781,37.029998779296875,36.220001220703125,36.290000915527344,1033446
2022-03-21,^CNXIT,35829.19921875,36135.5,35299.1015625,35377.75,26700
2022-03-21,^NSEI,17329.5,17353.349609375,17096.400390625,17117.599609375,285500
2022-03-22,ITBEES.NS,36.900001525878906,36.900001525878906,36.020000457763672,36.840000152587891,1001351
2022-03-22,^CNXIT,35425.94921875,36119.8515625,35309.55078125,36070.44921875,25700
2022-03-22,^NSEI,17120.400390625,17334.400390625,17006.30078125,17315.5,338300
2022-03-23,ITBEES.NS,37,37.150001525878906,36.700000762939453,36.900001525878906,987874
2022-03-23,^CNXIT,36251.8515625,36362.94921875,35883.1015625,36082,21300
2022-03-23,^NSEI,17405.05078125,17442.400390625,17199.599609375,17245.650390625,292100
2022-03-24,ITBEES.NS,37,37.360000610351562,36.720001220703125,37.310001373291016,1642035
2022-03-24,^CNXIT,35872.55078125,36597.80078125,35853.1015625,36516.75,16600
2022-03-24,^NSEI,17094.94921875,17291.75,17091.150390625,17222.75,290300
2022-03-25,ITBEES.NS,37.5,37.5,36.849998474121094,36.950000762939453,1032413
2022-03-25,^CNXIT,36630.19921875,36710.5,35914.80078125,36152.30078125,17500
2022-03-25,^NSEI,17289,17294.900390625,17076.55078125,17153,237100
2022-03-28,ITBEES.NS,36.950000762939453,37.290000915527344,36.599998474121094,36.919998168945312,503436
2022-03-28,^CNXIT,36108.5,36207.75,35669.6015625,36026.05078125,18400
2022-03-28,^NSEI,17181.849609375,17235.099609375,17003.900390625,17222,253200
2022-03-29,ITBEES.NS,37,37.189998626708984,36.75,36.939998626708984,411975
2022-03-29,^CNXIT,36075.44921875,36256.30078125,35982.94921875,36146.75,17500
2022-03-29,^NSEI,17297.19921875,17343.650390625,17235.69921875,17325.30078125,235100
2022-03-30,ITBEES.NS,37.25,37.349998474121094,36.900001525878906,37.290000915527344,818348
2022-03-30,^CNXIT,36493.1015625,36519.75,36244.44921875,36463.55078125,26800
2022-03-30,^NSEI,17468.150390625,17522.5,17387.19921875,17498.25,505000
2022-03-31,ITBEES.NS,39.959999084472656,39.959999084472656,37.110000610351562,37.240001678466797,1099063
2022-03-31,^CNXIT,36517.94921875,36663.19921875,36164.8984375,36317.19921875,21700
2022-03-31,^NSEI,17519.19921875,17559.80078125,17435.19921875,17464.75,281100
2022-04-01,ITBEES.NS,37.240001678466797,37.450000762939453,36.5,37.209999084472656,2713831
2022-04-01,^CNXIT,36228.25,36424.6015625,36039.6484375,36343.3984375,18600
2022-04-01,^NSEI,17436.900390625,17703.69921875,17422.69921875,17670.44921875,291800
2022-04-04,ITBEES.NS,38.680000305175781,38.680000305175781,37,37.310001373291016,862544
2022-04-04,^CNXIT,36347.55078125,36526.75,36130.3515625,36442.8984375,18800
2022-04-04,^NSEI,17809.099609375,18114.650390625,17791.400390625,18053.400390625,345500
2022-04-05,ITBEES.NS,37.299999237060547,37.599998474121094,37.299999237060547,37.380001068115234,907861
2022-04-05,^CNXIT,36534.94921875,36813.1015625,36423.5,36466.55078125,22100
2022-04-05,^NSEI,18080.599609375,18095.44921875,17921.55078125,17957.400390625,283500
2022-04-06,ITBEES.NS,37.5,37.590000152587891,36.680000305175781,36.720001220703125,7060204
2022-04-06,^CNXIT,36371,36371.8984375,35781.5,35871.5,19000
2022-04-06,^NSEI,17842.75,17901,17779.849609375,17807.650390625,328800
2022-04-07,ITBEES.NS,36.990001678466797,36.990001678466797,36.25,36.319999694824219,1212225
2022-04-07,^CNXIT,35744.6484375,35817.44921875,35379.19921875,35423.25,24700
2022-04-07,^NSEI,17723.30078125,17787.5,17623.69921875,17639.55078125,308800
2022-04-08,ITBEES.NS,36.689998626708984,36.689998626708984,36.119998931884766,36.319999694824219,1469863
2022-04-08,^CNXIT,35599.30078125,35679.30078125,35219.6484375,35394.44921875,21400
2022-04-08,^NSEI,17698.150390625,17842.75,17600.55078125,17784.349609375,274400
2022-04-11,ITBEES.NS,36.599998474121094,37.090000152587891,35.729999542236328,35.799999237060547,2256108
2022-04-11,^CNXIT,35429.6484375,35443.80078125,34832.8515625,34895.8984375,29900
2022-04-11,^NSEI,17740.900390625,17779.05078125,17650.94921875,17674.94921875,251700
2022-04-12,ITBEES.NS,39.430000305175781,39.430000305175781,35.069999694824219,35.25,2113016
2022-04-12,^CNXIT,34683.8515625,34747.75,34204.1015625,34379.5,26600
2022-04-12,^NSEI,17584.849609375,17595.30078125,17442.349609375,17530.30078125,266000
2022-04-13,ITBEES.NS,36.830001831054688,36.830001831054688,35.040000915527344,35.099998474121094,2516945
2022-04-13,^CNXIT,34553.1015625,34591,34231.80078125,34354.80078125,18500
2022-04-13,^NSEI,17599.900390625,17663.650390625,17457.400390625,17475.650390625,245100
2022-04-18,ITBEES.NS,35,35,33.450000762939453,33.630001068115234,9224396
2022-04-18,^CNXIT,33174.55078125,33366.1484375,32600.900390625,32780.05078125,57300
2022-04-18,^NSEI,17183.44921875,17237.75,17067.849609375,17173.650390625,376100
2022-04-19,ITBEES.NS,37.700000762939453,37.700000762939453,32.380001068115234,32.590000152587891,5452837
2022-04-19,^CNXIT,33108.6484375,33108.6484375,31569.349609375,31804.19921875,38800
2022-04-19,^NSEI,17258.94921875,17275.650390625,16824.69921875,16958.650390625,401400
2022-04-20,ITBEES.NS,33.110000610351562,33.25,32.5,32.869998931884766,3069963
2022-04-20,^CNXIT,32030.75,32306.349609375,31718.150390625,32173.400390625,27900
2022-04-20,^NSEI,17045.25,17186.900390625,16978.94921875,17136.55078125,286100
2022-04-21,ITBEES.NS,33,33.549999237060547,32.869998931884766,33.430000305175781,1338540
2022-04-21,^CNXIT,32399.599609375,32700,32145.30078125,32611.599609375,26500
2022-04-21,^NSEI,17234.599609375,17414.69921875,17215.5,17392.599609375,285200
2022-04-22,ITBEES.NS,34.060001373291016,34.060001373291016,33,33.25,872613
2022-04-22,^CNXIT,32287.849609375,32748.849609375,32186.400390625,32426.69921875,30100
2022-04-22,^NSEI,17242.75,17315.30078125,17149.19921875,17171.94921875,262700
2022-04-25,ITBEES.NS,33.5,33.799999237060547,32.439998626708984,32.569999694824219,2019678
2022-04-25,^CNXIT,32103.19921875,32130.44921875,31637.44921875,31744,22500
2022-04-25,^NSEI,17009.05078125,17054.30078125,16888.69921875,16953.94921875,275700
2022-04-26,ITBEES.NS,32.880001068115234,33.090000152587891,32.479999542236328,32.529998779296875,2649166
2022-04-26,^CNXIT,32088.94921875,32141.44921875,31683.19921875,31840.05078125,19500
2022-04-26,^NSEI,17121.30078125,17223.849609375,17064.44921875,17200.80078125,261100
2022-04-27,ITBEES.NS,32.729999542236328,32.729999542236328,31.989999771118164,32.380001068115234,6906980
2022-04-27,^CNXIT,31689.849609375,31689.849609375,31276.150390625,31594.349609375,26900
2022-04-27,^NSEI,17073.349609375,17110.69921875,16958.44921875,17038.400390625,265100
2022-04-28,ITBEES.NS,32.650001525878906,32.979999542236328,32.25,32.720001220703125,4275821
2022-04-28,^CNXIT,31858.5,32156.30078125,31468.150390625,31914.349609375,28000
2022-04-28,^NSEI,17189.5,17322.5,17071.05078125,17245.05078125,312900
2022-04-29,ITBEES.NS,32.720001220703125,33.200000762939453,32.369998931884766,32.450000762939453,2901582
2022-04-29,^CNXIT,32135.900390625,32212.900390625,31541.349609375,31622.400390625,33500
2022-04-29,^NSEI,17329.25,17377.650390625,17053.25,17102.55078125,336200
2022-05-02,ITBEES.NS,32.490001678466797,32.490001678466797,31.760000228881836,31.969999313354492,2213670
2022-05-02,^CNXIT,31377.349609375,31409.650390625,30940.650390625,31138.80078125,37000
2022-05-02,^NSEI,16924.44921875,17092.25,16917.25,17069.099609375,278200
2022-05-04,ITBEES.NS,32.200000762939453,32.290000915527344,31.5,31.600000381469727,1931849
2022-05-04,^CNXIT,31260.400390625,31452.80078125,30663.400390625,30794.599609375,25000
2022-05-04,^NSEI,17096.599609375,17132.849609375,16623.94921875,16677.599609375,310600
2022-05-05,ITBEES.NS,31.799999237060547,32.299999237060547,31.649999618530273,32.25,1117648
2022-05-05,^CNXIT,31215.69921875,31470.150390625,31117.5,31432.44921875,21100
2022-05-05,^NSEI,16854.75,16945.69921875,16651.849609375,16682.650390625,265800
2022-05-06,ITBEES.NS,32,32.200000762939453,31.020000457763672,31.549999237060547,2992538
2022-05-06,^CNXIT,30803.75,30881.099609375,30278.849609375,30719.44921875,31900
2022-05-06,^NSEI,16415.55078125,16484.19921875,16340.900390625,16411.25,300500
2022-05-09,ITBEES.NS,31.229999542236328,31.760000228881836,30.829999923706055,31.579999923706055,1413564
2022-05-09,^CNXIT,30490.94921875,30934.44921875,30019.80078125,30733.30078125,31400
2022-05-09,^NSEI,16227.7001953125,16403.69921875,16142.099609375,16301.849609375,288400
2022-05-10,ITBEES.NS,32,32,31.100000381469727,31.200000762939453,905508
2022-05-10,^CNXIT,30635,30785.94921875,30343.099609375,30427.19921875,22900
2022-05-10,^NSEI,16248.900390625,16404.55078125,16197.2998046875,16240.0498046875,283100
2022-05-11,ITBEES.NS,33,36.680000305175781,30.399999618530273,30.879999160766602,1596371
2022-05-11,^CNXIT,30425.55078125,30548.55078125,29669.25,30050.25,29100
2022-05-11,^NSEI,16270.0498046875,16318.75,15992.599609375,16167.099609375,284300
2022-05-12,ITBEES.NS,31.139999389648438,31.139999389648438,30,30.639999389648438,1982983
2022-05-12,^CNXIT,29744.5,30184.349609375,29497.25,29756.849609375,26400
2022-05-12,^NSEI,16021.099609375,16041.9501953125,15735.75,15808,314900
2022-05-13,ITBEES.NS,31.590000152587891,31.590000152587891,30.299999237060547,30.420000076293945,1796966
2022-05-13,^CNXIT,30062.80078125,30115.05078125,29539.05078125,29624.849609375,24100
2022-05-13,^NSEI,15977,16083.599609375,15740.849609375,15782.150390625,369100
2022-05-16,ITBEES.NS,35.880001068115234,35.880001068115234,30.069999694824219,30.200000762939453,1268623
2022-05-16,^CNXIT,29680.650390625,29875.25,29278.349609375,29403.5,18000
2022-05-16,^NSEI,15845.099609375,15977.9501953125,15739.650390625,15842.2998046875,217600
2022-05-17,ITBEES.NS,30.399999618530273,31.059999465942383,30.200000762939453,30.969999313354492,1498791
2022-05-17,^CNXIT,29503.30078125,30313.900390625,29339.650390625,30218.75,23400
2022-05-17,^NSEI,15912.599609375,16284.25,15900.7998046875,16259.2998046875,295700
2022-05-18,ITBEES.NS,30.969999313354492,32.029998779296875,30.850000381469727,30.909999847412109,1134833
2022-05-18,^CNXIT,30367.5,30823.150390625,30045.650390625,30077.69921875,27900
2022-05-18,^NSEI,16318.150390625,16399.80078125,16211.2001953125,16240.2998046875,290400
2022-05-19,ITBEES.NS,31,31,29,29.110000610351562,5069988
2022-05-19,^CNXIT,29448.44921875,29495.150390625,28193.599609375,28352.150390625,45400
2022-05-19,^NSEI,15917.400390625,15984.75,15775.2001953125,15809.400390625,313900
2022-05-20,ITBEES.NS,29.149999618530273,29.879999160766602,29.149999618530273,29.569999694824219,1045906
2022-05-20,^CNXIT,28884.75,28897.44921875,28577.650390625,28789.400390625,26500
2022-05-20,^NSEI,16043.7998046875,16283.0498046875,16003.849609375,16266.150390625,252400
2022-05-23,ITBEES.NS,29.870000839233398,30.059999465942383,29.420000076293945,29.860000610351562,1282649
2022-05-23,^CNXIT,28861.349609375,29308.25,28604.69921875,29079.30078125,22000
2022-05-23,^NSEI,16290.9501953125,16414.69921875,16185.75,16214.7001953125,293800
2022-05-24,ITBEES.NS,32.810001373291016,32.810001373291016,29.200000762939453,29.309999465942383,989734
2022-05-24,^CNXIT,29123.599609375,29141.55078125,28425.400390625,28531.5,23400
2022-05-24,^NSEI,16225.5498046875,16262.7998046875,16078.599609375,16125.150390625,249800
2022-05-25,ITBEES.NS,29.489999771118164,29.489999771118164,28.219999313354492,28.379999160766602,4012088
2022-05-25,^CNXIT,28470.900390625,28479.349609375,27423.80078125,27566.099609375,33600
2022-05-25,^NSEI,16196.349609375,16223.349609375,16006.9501953125,16025.7998046875,243300
2022-05-26,ITBEES.NS,28.889999389648438,28.889999389648438,28.010000228881836,28.729999542236328,1922520
2022-05-26,^CNXIT,27729.150390625,28040.25,27516.400390625,27932.55078125,31500
2022-05-26,^NSEI,16105,16204.4501953125,15903.7001953125,16170.150390625,314300
2022-05-27,ITBEES.NS,29.879999160766602,29.879999160766602,28.940000534057617,29.370000839233398,2243968
2022-05-27,^CNXIT,28302.30078125,28728.30078125,28210.80078125,28641.599609375,25700
2022-05-27,^NSEI,16296.599609375,16370.599609375,16221.9501953125,16352.4501953125,274100
2022-05-30,ITBEES.NS,30.5,30.729999542236328,29.649999618530273,30.549999237060547,3182273
2022-05-30,^CNXIT,29084.099609375,29837.650390625,29069,29753.30078125,28000
2022-05-30,^NSEI,16527.900390625,16695.5,16506.150390625,16661.400390625,251400
2022-05-31,ITBEES.NS,32,33,30.129999160766602,30.620000839233398,5286646
2022-05-31,^CNXIT,29609.099609375,29807.349609375,29294.349609375,29679.05078125,55300
2022-05-31,^NSEI,16578.44921875,16690.75,16521.900390625,16584.55078125,651600
2022-06-01,ITBEES.NS,30.629999160766602,30.879999160766602,30,30.159999847412109,1783539
2022-06-01,^CNXIT,29822.150390625,29829.75,29148.55078125,29260.75,22400
2022-06-01,^NSEI,16594.400390625,16649.19921875,16438.849609375,16522.75,249600
2022-06-02,ITBEES.NS,30.299999237060547,30.780000686645508,30.040000915527344,30.739999771118164,2088521
2022-06-02,^CNXIT,29249.80078125,29875.349609375,29197.900390625,29792.400390625,24100
2022-06-02,^NSEI,16481.650390625,16646.400390625,16443.05078125,16628,236000
2022-06-03,ITBEES.NS,34.680000305175781,34.680000305175781,30.700000762939453,30.790000915527344,4467277
2022-06-03,^CNXIT,30169.94921875,30559,29858.150390625,29903.80078125,33100
2022-06-03,^NSEI,16761.650390625,16793.849609375,16567.900390625,16584.30078125,245500
2022-06-06,ITBEES.NS,28.209999084472656,31.290000915527344,28.209999084472656,30.760000228881836,1024809
2022-06-06,^CNXIT,29750.69921875,29972.849609375,29281.44921875,29819.80078125,22400
2022-06-06,^NSEI,16530.69921875,16610.94921875,16444.55078125,16569.55078125,233600
2022-06-07,ITBEES.NS,30.690000534057617,30.690000534057617,30.110000610351562,30.280000686645508,1153771
2022-06-07,^CNXIT,29593.44921875,29650.55078125,29243.900390625,29351.69921875,14300
2022-06-07,^NSEI,16469.599609375,16487.25,16347.099609375,16416.349609375,233800
2022-06-08,ITBEES.NS,29.649999618530273,30.489999771118164,29.649999618530273,30.379999160766602,761239
2022-06-08,^CNXIT,29519.650390625,29588.400390625,29155.599609375,29472.150390625,14200
2022-06-08,^NSEI,16474.94921875,16514.30078125,16293.349609375,16356.25,243500
2022-06-09,ITBEES.NS,30.379999160766602,30.719999313354492,30.049999237060547,30.610000610351562,692827
2022-06-09,^CNXIT,29254.400390625,29802.80078125,29062.19921875,29761.55078125,14100
2022-06-09,^NSEI,16263.849609375,16492.80078125,16243.849609375,16478.099609375,205000
2022-06-10,ITBEES.NS,30.389999389648438,30.389999389648438,29.950000762939453,30.059999465942383,1724939
2022-06-10,^CNXIT,29299.5,29350.599609375,29022.75,29114.30078125,23600
2022-06-10,^NSEI,16283.9501953125,16324.7001953125,16172.599609375,16201.7998046875,189700
2022-06-13,ITBEES.NS,30.059999465942383,30.059999465942383,28.700000762939453,28.819999694824219,3994367
2022-06-13,^CNXIT,28419.849609375,28443.849609375,27792.099609375,27914.599609375,22900
2022-06-13,^NSEI,15877.5498046875,15886.150390625,15684,15774.400390625,225500
2022-06-14,ITBEES.NS,33.209999084472656,33.209999084472656,28.549999237060547,28.829999923706055,1924452
2022-06-14,^CNXIT,27626.19921875,28249.599609375,27502.05078125,27953.349609375,25900
2022-06-14,^NSEI,15674.25,15858,15659.4501953125,15732.099609375,225400
2022-06-15,ITBEES.NS,29,29.170000076293945,28.709999084472656,28.739999771118164,1071766
2022-06-15,^CNXIT,28017.94921875,28131.150390625,27786.650390625,27812.44921875,18600
2022-06-15,^NSEI,15729.25,15783.650390625,15678.900390625,15692.150390625,183000
2022-06-16,ITBEES.NS,29,29.290000915527344,27.899999618530273,28.010000228881836,3490595
2022-06-16,^CNXIT,28191.849609375,28224.5,27067.44921875,27136.44921875,29200
2022-06-16,^NSEI,15832.25,15863.150390625,15335.099609375,15360.599609375,264700
2022-06-17,ITBEES.NS,27.989999771118164,27.989999771118164,27.299999237060547,27.600000381469727,3890130
2022-06-17,^CNXIT,26866.599609375,26993.55078125,26399.75,26732.44921875,50900
2022-06-17,^NSEI,15272.650390625,15400.400390625,15183.400390625,15293.5,342600
2022-06-20,ITBEES.NS,29.040000915527344,29.040000915527344,27.389999389648438,27.809999465942383,8900147
2022-06-20,^CNXIT,26819.44921875,27112.650390625,26544.80078125,26966.19921875,22800
2022-06-20,^NSEI,15334.5,15382.5,15191.099609375,15350.150390625,260000
2022-06-21,ITBEES.NS,28,29.180000305175781,28,28.690000534057617,2786080
2022-06-21,^CNXIT,27202.900390625,27895,27137.900390625,27810.650390625,23000
2022-06-21,^NSEI,15455.9501953125,15707.25,15419.849609375,15638.7998046875,262800
2022-06-22,ITBEES.NS,28.860000610351562,28.879999160766602,28.299999237060547,28.379999160766602,1641608
2022-06-22,^CNXIT,27656.30078125,27824.05078125,27426.05078125,27488.400390625,25100
2022-06-22,^NSEI,15545.650390625,15565.400390625,15385.9501953125,15413.2998046875,220900
2022-06-23,ITBEES.NS,28.75,29.200000762939453,28.379999160766602,28.979999542236328,1733171
2022-06-23,^CNXIT,27532.75,28100.05078125,27532.75,28027.80078125,26700
2022-06-23,^NSEI,15451.5498046875,15628.4501953125,15367.5,15556.650390625,259200
2022-06-24,ITBEES.NS,29.25,29.290000915527344,28.409999847412109,28.639999389648438,4769472
2022-06-24,^CNXIT,28261,28361.19921875,27631.44921875,27777.80078125,24600
2022-06-24,^NSEI,15657.400390625,15749.25,15619.4501953125,15699.25,219600
2022-06-27,ITBEES.NS,28.639999389648438,29.399999618530273,28.639999389648438,29.219999313354492,1457984
2022-06-27,^CNXIT,28293.19921875,28588.69921875,28251.400390625,28345.94921875,22500
2022-06-27,^NSEI,15926.2001953125,15927.4501953125,15815.5,15832.0498046875,210900
2022-06-28,ITBEES.NS,29.5,29.5,28.709999084472656,29.329999923706055,999787
2022-06-28,^CNXIT,28218.5,28602.05078125,27983.599609375,28509.099609375,19200
2022-06-28,^NSEI,15757.4501953125,15892.099609375,15710.150390625,15850.2001953125,251900
2022-06-29,ITBEES.NS,29.600000381469727,29.600000381469727,28.5,29.010000228881836,959477
2022-06-29,^CNXIT,28105.69921875,28446.44921875,28046.75,28140.099609375,25400
2022-06-29,^NSEI,15701.7001953125,15861.599609375,15687.7998046875,15799.099609375,444900
2022-06-30,ITBEES.NS,29.280000686645508,29.280000686645508,28.5,28.649999618530273,8471537
2022-06-30,^CNXIT,28131.94921875,28325.650390625,27775.75,27843.349609375,27100
2022-06-30,^NSEI,15774.5,15890,15728.849609375,15780.25,306000
2022-07-01,ITBEES.NS,28.75,29.040000915527344,28.399999618530273,28.799999237060547,5810243
2022-07-01,^CNXIT,27718.80078125,28151,27524.30078125,28064.25,17400
2022-07-01,^NSEI,15703.7001953125,15793.9501953125,15511.0498046875,15752.0498046875,364100
2022-07-04,ITBEES.NS,28.799999237060547,29,28.489999771118164,28.709999084472656,1442284
2022-07-04,^CNXIT,28084.25,28174.400390625,27643.650390625,27890.650390625,16500
2022-07-04,^NSEI,15710.5,15852.349609375,15661.7998046875,15835.349609375,304300
2022-07-05,ITBEES.NS,28.909999847412109,29.120000839233398,28.530000686645508,28.569999694824219,7514373
2022-07-05,^CNXIT,28020.30078125,28233.05078125,27642.599609375,27695.150390625,22700
2022-07-05,^NSEI,15909.150390625,16025.75,15785.4501953125,15810.849609375,254200
2022-07-06,ITBEES.NS,28.75,29,28.430000305175781,28.879999160766602,1430239
2022-07-06,^CNXIT,27778.650390625,28148.900390625,27628.55078125,28007.599609375,19400
2022-07-06,^NSEI,15818.2001953125,16011.349609375,15800.900390625,15989.7998046875,288400
2022-07-07,ITBEES.NS,29,29.299999237060547,28.940000534057617,29.079999923706055,979338
2022-07-07,^CNXIT,28217.80078125,28459.25,28077.05078125,28196.349609375,17500
2022-07-07,^NSEI,16113.75,16150.5,16045.9501953125,16132.900390625,264600
2022-07-08,ITBEES.NS,29.25,29.299999237060547,29,29.139999389648438,6109965
2022-07-08,^CNXIT,28450.55078125,28459.55078125,28095.349609375,28250.30078125,18400
2022-07-08,^NSEI,16273.650390625,16275.5,16157.900390625,16220.599609375,281100
2022-07-11,ITBEES.NS,29,29,28.120000839233398,28.299999237060547,3915442
2022-07-11,^CNXIT,27855.75,27941.19921875,27195.650390625,27380.55078125,31000
2022-07-11,^NSEI,16136.150390625,16248.5498046875,16115.5,16216,255900
2022-07-12,ITBEES.NS,28.25,28.5,27.940000534057617,27.979999542236328,5267317
2022-07-12,^CNXIT,27248.19921875,27504.400390625,27022.849609375,27063.75,22900
2022-07-12,^NSEI,16126.2001953125,16158.75,16031.150390625,16058.2998046875,208600
2022-07-13,ITBEES.NS,28,28.25,27.799999237060547,27.870000839233398,1479222
2022-07-13,^CNXIT,27228.94921875,27247.44921875,26872.75,26949.75,32800
2022-07-13,^NSEI,16128.2001953125,16140,15950.150390625,15966.650390625,233300
2022-07-14,ITBEES.NS,28,28.149999618530273,27.180000305175781,27.430000305175781,8490117
2022-07-14,^CNXIT,27155,27162.900390625,26298,26523.30078125,29800
2022-07-14,^NSEI,16018.849609375,16070.849609375,15858.2001953125,15938.650390625,228600
2022-07-15,ITBEES.NS,27.5,27.590000152587891,27.100000381469727,27.399999618530273,2817705
2022-07-15,^CNXIT,26664.30078125,26734,26189.400390625,26484.75,34100
2022-07-15,^NSEI,16010.7998046875,16066.9501953125,15927.2998046875,16049.2001953125,205800
2022-07-18,ITBEES.NS,27.5,28.299999237060547,27.5,28.25,2630126
2022-07-18,^CNXIT,26801.75,27376.19921875,26785.80078125,27322.94921875,28800
2022-07-18,^NSEI,16151.400390625,16287.9501953125,16142.2001953125,16278.5,227700
2022-07-19,ITBEES.NS,28.5,28.5,27.850000381469727,28.260000228881836,1654743
2022-07-19,^CNXIT,27071.80078125,27399.5,27065.80078125,27346.150390625,23300
2022-07-19,^NSEI,16187.0498046875,16359.5,16187.0498046875,16340.5498046875,222600
2022-07-20,ITBEES.NS,28.5,29.100000381469727,28.5,29.049999237060547,11306543
2022-07-20,^CNXIT,27701.05078125,28175.5,27631.400390625,28146.349609375,35900
2022-07-20,^NSEI,16562.80078125,16588,16490.94921875,16520.849609375,284400
2022-07-21,ITBEES.NS,29.049999237060547,29.420000076293945,28.899999618530273,29.319999694824219,1723345
2022-07-21,^CNXIT,28116.55078125,28369.94921875,27848.75,28342.900390625,42400
2022-07-21,^NSEI,16523.55078125,16626.94921875,16483.900390625,16605.25,243600
2022-07-22,ITBEES.NS,29.299999237060547,29.600000381469727,28.899999618530273,29.190000534057617,2033800
2022-07-22,^CNXIT,28429.55078125,28549.25,27862.05078125,28168.150390625,27400
2022-07-22,^NSEI,16661.25,16752.25,16610.900390625,16719.44921875,190900
2022-07-25,ITBEES.NS,29.25,29.319999694824219,28.899999618530273,29.239999771118164,1961343
2022-07-25,^CNXIT,28006.650390625,28320.849609375,27890.650390625,28216,23800
2022-07-25,^NSEI,16662.55078125,16706.05078125,16564.25,16631,211400
2022-07-26,ITBEES.NS,29.25,29.25,28.399999618530273,28.440000534057617,2843569
2022-07-26,^CNXIT,28157.5,28157.5,27383.94921875,27418.849609375,29900
2022-07-26,^NSEI,16632.900390625,16636.099609375,16463.30078125,16483.849609375,208200
2022-07-27,ITBEES.NS,28.5,28.879999160766602,28.329999923706055,28.840000152587891,1345790
2022-07-27,^CNXIT,27420.650390625,27908.25,27339.94921875,27878.80078125,19700
2022-07-27,^NSEI,16475.349609375,16653.44921875,16438.75,16641.80078125,185200
2022-07-28,ITBEES.NS,29.059999465942383,29.75,29.059999465942383,29.690000534057617,4244782
2022-07-28,^CNXIT,28225.099609375,28703.400390625,28170.44921875,28663.05078125,27400
2022-07-28,^NSEI,16774.849609375,16947.650390625,16746.25,16929.599609375,376300
2022-07-29,ITBEES.NS,30.280000686645508,30.389999389648438,29.879999160766602,30.139999389648438,2890077
2022-07-29,^CNXIT,28983.25,29355,28909.150390625,29152.30078125,31500
2022-07-29,^NSEI,17079.5,17172.80078125,17018.150390625,17158.25,436100
2022-08-01,ITBEES.NS,30.25,30.5,30,30.260000228881836,1630276
2022-08-01,^CNXIT,29376.650390625,29376.650390625,28928.94921875,29220,16500
2022-08-01,^NSEI,17243.19921875,17356.25,17154.80078125,17340.05078125,381500
2022-08-02,ITBEES.NS,30.260000228881836,30.260000228881836,29.909999847412109,30.059999465942383,1471059
2022-08-02,^CNXIT,29131.099609375,29153.05078125,28871.19921875,29024.650390625,21400
2022-08-02,^NSEI,17310.150390625,17390.150390625,17215.849609375,17345.44921875,333600
2022-08-03,ITBEES.NS,30.200000762939453,30.569999694824219,29.920000076293945,30.520000457763672,2985852
2022-08-03,^CNXIT,29002.30078125,29453.349609375,28929.900390625,29416.94921875,25600
2022-08-03,^NSEI,17349.25,17407.5,17225.849609375,17388.150390625,285400
2022-08-04,ITBEES.NS,30.600000381469727,31.049999237060547,30.270000457763672,30.809999465942383,4038878
2022-08-04,^CNXIT,29694.05078125,29972.349609375,29278.150390625,29782.900390625,30900
2022-08-04,^NSEI,17463.099609375,17490.69921875,17161.25,17382,325000
2022-08-05,ITBEES.NS,31,31.159999847412109,30.819999694824219,31.030000686645508,2452979
2022-08-05,^CNXIT,29891.849609375,30080.19921875,29799.19921875,29973.55078125,20200
2022-08-05,^NSEI,17423.650390625,17474.400390625,17348.75,17397.5,355300
2022-08-08,ITBEES.NS,31.25,31.25,30.719999313354492,30.979999542236328,5268005
2022-08-08,^CNXIT,29999.150390625,30036.75,29694.150390625,29967.69921875,15200
2022-08-08,^NSEI,17401.5,17548.80078125,17359.75,17525.099609375,257000
2022-08-10,ITBEES.NS,31.180000305175781,31.180000305175781,30.520000457763672,30.709999084472656,4279551
2022-08-10,^CNXIT,30013.44921875,30013.44921875,29456.80078125,29701.150390625,19600
2022-08-10,^NSEI,17566.099609375,17566.099609375,17442.80078125,17534.75,312700
2022-08-11,ITBEES.NS,31,31.479999542236328,31,31.270000457763672,3070770
2022-08-11,^CNXIT,30164.19921875,30388.900390625,30073.94921875,30233.69921875,18800
2022-08-11,^NSEI,17711.650390625,17719.30078125,17631.94921875,17659,311200
2022-08-12,ITBEES.NS,31.709999084472656,31.709999084472656,30.899999618530273,30.989999771118164,2132283
2022-08-12,^CNXIT,30184.94921875,30195,29819.150390625,29885.900390625,15100
2022-08-12,^NSEI,17659.650390625,17724.650390625,17597.849609375,17698.150390625,303900
2022-08-16,ITBEES.NS,31.200000762939453,31.790000915527344,30.909999847412109,31.010000228881836,1455860
2022-08-16,^CNXIT,30130.900390625,30141.349609375,29826.25,29909,0
2022-08-16,^NSEI,17797.19921875,17839.099609375,17764.05078125,17825.25,0
2022-08-17,ITBEES.NS,31.200000762939453,31.420000076293945,30.920000076293945,31.340000152587891,3921077
2022-08-17,^CNXIT,29917.349609375,30328.150390625,29784.150390625,30256.900390625,22100
2022-08-17,^NSEI,17868.150390625,17965.94921875,17833.349609375,17944.25,262800
2022-08-18,ITBEES.NS,31.290000915527344,31.290000915527344,31,31.139999389648438,2176456
2022-08-18,^CNXIT,30148.80078125,30166.099609375,29857.650390625,30018.900390625,22300
2022-08-18,^NSEI,17898.650390625,17968.44921875,17852.05078125,17956.5,263900
2022-08-19,ITBEES.NS,31.950000762939453,31.950000762939453,30.979999542236328,31.100000381469727,3088197
2022-08-19,^CNXIT,30095.44921875,30474.650390625,29943.900390625,30036.099609375,25500
2022-08-19,^NSEI,17966.55078125,17992.19921875,17710.75,17758.44921875,295600
2022-08-22,ITBEES.NS,31.200000762939453,31.200000762939453,30.479999542236328,30.5,3013629
2022-08-22,^CNXIT,29847.349609375,29881.75,29430.94921875,29478.900390625,19900
2022-08-22,^NSEI,17682.900390625,17690.05078125,17467.349609375,17490.69921875,287600
2022-08-23,ITBEES.NS,30.75,30.75,29.799999237060547,30,4633765
2022-08-23,^CNXIT,29041.599609375,29188.900390625,28714.150390625,28957.849609375,25300
2022-08-23,^NSEI,17357.349609375,17625.55078125,17345.19921875,17577.5,285600
2022-08-24,ITBEES.NS,30.149999618530273,30.280000686645508,29.819999694824219,29.920000076293945,3563751
2022-08-24,^CNXIT,28981.349609375,29120.30078125,28762.44921875,28859.849609375,13500
2022-08-24,^NSEI,17525.44921875,17623.650390625,17499.25,17604.94921875,262000
2022-08-25,ITBEES.NS,31.149999618530273,31.149999618530273,29.659999847412109,29.700000762939453,8440759
2022-08-25,^CNXIT,29061.55078125,29081.75,28561.80078125,28608.650390625,18200
2022-08-25,^NSEI,17679,17726.5,17487.44921875,17522.44921875,230200
2022-08-26,ITBEES.NS,30,30.100000381469727,29.719999313354492,29.770000457763672,2104871
2022-08-26,^CNXIT,28862.349609375,29067.55078125,28638.94921875,28691.599609375,14900
2022-08-26,^NSEI,17619.30078125,17685.849609375,17519.349609375,17558.900390625,266600
2022-08-29,ITBEES.NS,29.25,29.350000381469727,28.110000610351562,28.670000076293945,8977849
2022-08-29,^CNXIT,27648.099609375,27773.099609375,27333.05078125,27678.94921875,35900
2022-08-29,^NSEI,17188.650390625,17380.150390625,17166.19921875,17312.900390625,244900
2022-08-30,ITBEES.NS,28.899999618530273,29.479999542236328,28.799999237060547,29.409999847412109,2625519
2022-08-30,^CNXIT,27971.94921875,28466.80078125,27831.349609375,28407.900390625,30100
2022-08-30,^NSEI,17414.94921875,17777.650390625,17401.5,17759.30078125,324700
2022-09-01,ITBEES.NS,30.75,30.75,28.780000686645508,28.920000076293945,6255360
2022-09-01,^CNXIT,27987.349609375,28020,27710.05078125,27846.80078125,28400
2022-09-01,^NSEI,17485.69921875,17695.599609375,17468.44921875,17542.80078125,308500
2022-09-02,ITBEES.NS,29.100000381469727,29.379999160766602,28.760000228881836,28.780000686645508,3515216
2022-09-02,^CNXIT,28083.30078125,28085.349609375,27717.150390625,27745.80078125,17000
2022-09-02,^NSEI,17598.400390625,17643.849609375,17476.44921875,17539.44921875,256300
2022-09-05,ITBEES.NS,30.739999771118164,30.739999771118164,28.709999084472656,28.860000610351562,2453066
2022-09-05,^CNXIT,27727,27978.80078125,27669.400390625,27836.599609375,20000
2022-09-05,^NSEI,17546.44921875,17683.150390625,17540.349609375,17665.80078125,230300
2022-09-06,ITBEES.NS,28.950000762939453,28.950000762939453,28.610000610351562,28.770000457763672,2648047
2022-09-06,^CNXIT,27884.849609375,27967.099609375,27580.349609375,27742.80078125,21200
2022-09-06,^NSEI,17695.69921875,17764.650390625,17587.650390625,17655.599609375,251200
2022-09-07,ITBEES.NS,29,29,28.540000915527344,28.899999618530273,3546303
2022-09-07,^CNXIT,27500.5,27917.80078125,27487.69921875,27832.400390625,17900
2022-09-07,^NSEI,17519.400390625,17650.75,17484.30078125,17624.400390625,354100
2022-09-08,ITBEES.NS,29.680000305175781,29.680000305175781,28.899999618530273,29.120000839233398,2236225
2022-09-08,^CNXIT,28109.69921875,28206.599609375,27959.650390625,28102.400390625,19800
2022-09-08,^NSEI,17748.150390625,17807.650390625,17691.94921875,17798.75,279800
2022-09-09,ITBEES.NS,29.120000839233398,29.889999389648438,29.120000839233398,29.799999237060547,5269564
2022-09-09,^CNXIT,28343.80078125,28848.400390625,28127.44921875,28724.05078125,21500
2022-09-09,^NSEI,17923.349609375,17925.94921875,17786,17833.349609375,270300
2022-09-12,ITBEES.NS,30,30.350000381469727,29.920000076293945,30.229999542236328,8053605
2022-09-12,^CNXIT,28975.900390625,29296.19921875,28932.05078125,29131.19921875,23700
2022-09-12,^NSEI,17890.849609375,17980.55078125,17889.150390625,17936.349609375,228200
2022-09-13,ITBEES.NS,30.770000457763672,30.780000686645508,30.110000610351562,30.209999084472656,5241356
2022-09-13,^CNXIT,29334.05078125,29344.900390625,29062.599609375,29116.849609375,18100
2022-09-13,^NSEI,18044.44921875,18088.30078125,18015.44921875,18070.05078125,259900
2022-09-14,ITBEES.NS,30.200000762939453,30.200000762939453,29.149999618530273,29.209999084472656,16271974
2022-09-14,^CNXIT,28215.75,28284.05078125,28040.30078125,28137.650390625,43300
2022-09-14,^NSEI,17771.150390625,18091.55078125,17771.150390625,18003.75,365900
2022-09-15,ITBEES.NS,29.340000152587891,29.399999618530273,28.709999084472656,28.790000915527344,9477427
2022-09-15,^CNXIT,28232.849609375,28265.75,27684.400390625,27734.349609375,28100
2022-09-15,^NSEI,18046.349609375,18096.150390625,17861.5,17877.400390625,289600
2022-09-16,ITBEES.NS,28.770000457763672,28.770000457763672,27.649999618530273,27.739999771118164,18047742
2022-09-16,^CNXIT,27530.599609375,27575.55078125,26632.94921875,26706.44921875,50200
2022-09-16,^NSEI,17796.80078125,17820.05078125,17497.25,17530.849609375,468500
2022-09-19,ITBEES.NS,33.720001220703125,33.720001220703125,27.5,27.819999694824219,8508789
2022-09-19,^CNXIT,26882.650390625,27034,26506.900390625,26810.150390625,22600
2022-09-19,^NSEI,17540.650390625,17667.19921875,17429.69921875,17622.25,258300
2022-09-20,ITBEES.NS,30.290000915527344,30.290000915527344,28,28.040000915527344,6018221
2022-09-20,^CNXIT,27079.150390625,27370.349609375,26969.55078125,27020.599609375,19600
2022-09-20,^NSEI,17770.400390625,17919.30078125,17744.400390625,17816.25,263100
2022-09-21,ITBEES.NS,28.200000762939453,28.389999389648438,27.799999237060547,27.850000381469727,4722316
2022-09-21,^CNXIT,26896.80078125,27020.5,26805.44921875,26843.25,25900
2022-09-21,^NSEI,17766.349609375,17838.69921875,17663.599609375,17718.349609375,245500
2022-09-22,ITBEES.NS,27.850000381469727,28,27.549999237060547,27.790000915527344,7014573
2022-09-22,^CNXIT,26659.05078125,27009.05078125,26552.44921875,26782.650390625,27300
2022-09-22,^NSEI,17609.650390625,17722.75,17532.44921875,17629.80078125,284100
2022-09-23,ITBEES.NS,28.5,28.5,27.549999237060547,27.590000152587891,7372426
2022-09-23,^CNXIT,26715.650390625,27063.5,26560.94921875,26592.349609375,27900
2022-09-23,^NSEI,17593.849609375,17642.150390625,17291.650390625,17327.349609375,390800
2022-09-26,ITBEES.NS,28.090000152587891,28.090000152587891,27.260000228881836,27.739999771118164,13692171
2022-09-26,^CNXIT,26431.900390625,27049.19921875,26186.69921875,26743.650390625,31600
2022-09-26,^NSEI,17156.30078125,17196.400390625,16978.30078125,17016.30078125,492000
2022-09-27,ITBEES.NS,28,28.139999389648438,27.700000762939453,27.989999771118164,4191072
2022-09-27,^CNXIT,26922.5,27101.099609375,26682.150390625,27004.150390625,27400
2022-09-27,^NSEI,17110.900390625,17176.44921875,16942.349609375,17007.400390625,359900
2022-09-28,ITBEES.NS,28.549999237060547,28.549999237060547,27.75,28.059999465942383,5296343
2022-09-28,^CNXIT,26778.849609375,27243.19921875,26773.80078125,27067.650390625,22600
2022-09-28,^NSEI,16870.55078125,17037.599609375,16820.400390625,16858.599609375,323900
2022-09-29,ITBEES.NS,28.239999771118164,28.379999160766602,27.719999313354492,27.850000381469727,4013288
2022-09-29,^CNXIT,27273.900390625,27300,26721.94921875,26819.05078125,25000
2022-09-29,^NSEI,16993.599609375,17026.05078125,16788.599609375,16818.099609375,340000
2022-09-30,ITBEES.NS,27.940000534057617,28.040000915527344,27.450000762939453,27.940000534057617,8203546
2022-09-30,^CNXIT,26713.05078125,27091,26453,26981.150390625,27600
2022-09-30,^NSEI,16798.05078125,17187.099609375,16747.69921875,17094.349609375,376100
2022-10-03,ITBEES.NS,28.170000076293945,28.170000076293945,27.579999923706055,27.709999084472656,4574684
2022-10-03,^CNXIT,26950.05078125,27011.5,26597.55078125,26729.099609375,16700
2022-10-03,^NSEI,17102.099609375,17114.650390625,16855.55078125,16887.349609375,278400
2022-10-04,ITBEES.NS,27.790000915527344,28.440000534057617,27.790000915527344,28.409999847412109,4724569
2022-10-04,^CNXIT,27163.349609375,27530.80078125,27106.5,27496.94921875,22500
2022-10-04,^NSEI,17147.44921875,17287.30078125,17117.30078125,17274.30078125,226000
2022-10-06,ITBEES.NS,29.889999389648438,29.889999389648438,28.510000228881836,28.850000381469727,5525355
2022-10-06,^CNXIT,27734.849609375,28009.30078125,27726.05078125,27928.75,22200
2022-10-06,^NSEI,17379.25,17428.80078125,17315.650390625,17331.80078125,265500
2022-10-07,ITBEES.NS,28.920000076293945,28.950000762939453,28.590000152587891,28.739999771118164,3242425
2022-10-07,^CNXIT,27874.849609375,27972.75,27656.650390625,27733.599609375,14900
2022-10-07,^NSEI,17287.19921875,17337.349609375,17216.94921875,17314.650390625,216300
2022-10-10,ITBEES.NS,29.889999389648438,29.889999389648438,28.209999084472656,28.979999542236328,4357791
2022-10-10,^CNXIT,27259.400390625,28097.599609375,27259.400390625,28027.599609375,23400
2022-10-10,^NSEI,17094.349609375,17280.150390625,17064.69921875,17241,234000
2022-10-11,ITBEES.NS,29.090000152587891,29.260000228881836,28.409999847412109,28.479999542236328,4784667
2022-10-11,^CNXIT,28065.150390625,28313.30078125,27400.05078125,27469.5,36400
2022-10-11,^NSEI,17256.05078125,17261.80078125,16950.30078125,16983.55078125,282600
2022-10-12,ITBEES.NS,28.590000152587891,28.729999542236328,28.360000610351562,28.620000839233398,2842813
2022-10-12,^CNXIT,27609.650390625,27752,27416.69921875,27694.650390625,20500
2022-10-12,^NSEI,17025.55078125,17142.349609375,16960.05078125,17123.599609375,256000
2022-10-13,ITBEES.NS,28.989999771118164,28.989999771118164,28.340000152587891,28.459999084472656,2693282
2022-10-13,^CNXIT,27625.75,27705.25,27346.5,27506.19921875,61300
2022-10-13,^NSEI,17087.349609375,17112.349609375,16956.94921875,17014.349609375,266400
2022-10-14,ITBEES.NS,29,29.309999465942383,28.709999084472656,28.930000305175781,8718079
2022-10-14,^CNXIT,28221.05078125,28371.30078125,27842.69921875,27954.05078125,44900
2022-10-14,^NSEI,17322.30078125,17348.55078125,17169.75,17185.69921875,227000
2022-10-17,ITBEES.NS,29.159999847412109,29.159999847412109,28.809999465942383,28.959999084472656,4063243
2022-10-17,^CNXIT,27903.349609375,28128.849609375,27798.69921875,28019.150390625,19000
2022-10-17,^NSEI,17144.80078125,17328.55078125,17098.55078125,17311.80078125,212200
2022-10-18,ITBEES.NS,28.969999313354492,29.399999618530273,28.969999313354492,29.260000228881836,4334617
2022-10-18,^CNXIT,28342.5,28402.94921875,28211.55078125,28315.19921875,24100
2022-10-18,^NSEI,17438.75,17527.80078125,17434.05078125,17486.94921875,239500
2022-10-19,ITBEES.NS,29,29.479999542236328,29,29.059999465942383,2017520
2022-10-19,^CNXIT,28370.5,28376.69921875,28007.05078125,28060.349609375,15200
2022-10-19,^NSEI,17568.150390625,17607.599609375,17472.849609375,17512.25,210500
2022-10-20,ITBEES.NS,29.170000076293945,29.450000762939453,28.930000305175781,29.399999618530273,3099606
2022-10-20,^CNXIT,27905.599609375,28462.25,27901.05078125,28432.19921875,19700
2022-10-20,^NSEI,17423.099609375,17584.150390625,17421,17563.94921875,249600
2022-10-21,ITBEES.NS,29.489999771118164,29.489999771118164,29.25,29.319999694824219,1801731
2022-10-21,^CNXIT,28428.400390625,28476.150390625,28207.30078125,28336.94921875,14700
2022-10-21,^NSEI,17622.849609375,17670.150390625,17520.75,17576.30078125,277700
2022-10-24,ITBEES.NS,29.690000534057617,29.75,29.370000839233398,29.629999160766602,2440411
2022-10-24,^CNXIT,28632.849609375,28663.650390625,28504.55078125,28534.30078125,3800
2022-10-24,^NSEI,17736.349609375,17777.55078125,17707.400390625,17730.75,45000
2022-10-25,ITBEES.NS,29.649999618530273,29.829999923706055,29.510000228881836,29.719999313354492,3136947
2022-10-25,^CNXIT,28687.900390625,28820.150390625,28544.650390625,28722.849609375,16500
2022-10-25,^NSEI,17808.30078125,17811.5,17637,17656.349609375,251400
2022-10-27,ITBEES.NS,29.940000534057617,29.940000534057617,29.520000457763672,29.659999847412109,2557970
2022-10-27,^CNXIT,28787.099609375,28827.44921875,28403.30078125,28572.19921875,22300
2022-10-27,^NSEI,17771.400390625,17783.900390625,17654.5,17736.94921875,324600
2022-10-28,ITBEES.NS,29.790000915527344,29.799999237060547,29.399999618530273,29.459999084472656,1775493
2022-10-28,^CNXIT,28567.650390625,28629.55078125,28267.19921875,28318.349609375,13800
2022-10-28,^NSEI,17756.400390625,17838.900390625,17723.69921875,17786.80078125,250000
2022-10-31,ITBEES.NS,29.889999389648438,29.930000305175781,29.540000915527344,29.809999465942383,3422731
2022-10-31,^CNXIT,28588.69921875,28843.150390625,28573.25,28727.599609375,16000
2022-10-31,^NSEI,17910.19921875,18022.80078125,17899.900390625,18012.19921875,227200
2022-11-01,ITBEES.NS,29.909999847412109,30.399999618530273,29.819999694824219,30.360000610351562,7243729
2022-11-01,^CNXIT,28924.25,29296.150390625,28874.650390625,29270.650390625,21500
2022-11-01,^NSEI,18130.69921875,18175.80078125,18060.150390625,18145.400390625,349900
2022-11-02,ITBEES.NS,30,30.479999542236328,30,30.229999542236328,2933081
2022-11-02,^CNXIT,29299.400390625,29307,29023.5,29138.650390625,15600
2022-11-02,^NSEI,18177.900390625,18178.75,18048.650390625,18082.849609375,270900
2022-11-03,ITBEES.NS,30.239999771118164,30.469999313354492,29.850000381469727,29.959999084472656,2998703
2022-11-03,^CNXIT,28866.349609375,28969.19921875,28643.5,28795.75,16600
2022-11-03,^NSEI,17968.349609375,18106.30078125,17959.19921875,18052.69921875,213000
2022-11-04,ITBEES.NS,31.450000762939453,31.450000762939453,29.600000381469727,29.819999694824219,3296469
2022-11-04,^CNXIT,28756.75,28757.94921875,28425.599609375,28693.05078125,15700
2022-11-04,^NSEI,18053.400390625,18135.099609375,18017.150390625,18117.150390625,267900
2022-11-07,ITBEES.NS,30.520000457763672,30.520000457763672,29.659999847412109,29.879999160766602,2093271
2022-11-07,^CNXIT,28815.94921875,28944.19921875,28480.650390625,28741.30078125,16300
2022-11-07,^NSEI,18211.75,18255.5,18064.75,18202.80078125,314800
2022-11-09,ITBEES.NS,30,30.079999923706055,29.700000762939453,29.809999465942383,1430334
2022-11-09,^CNXIT,28940.400390625,28940.400390625,28505.30078125,28626.80078125,14000
2022-11-09,^NSEI,18288.25,18296.400390625,18117.5,18157,307200
2022-11-10,ITBEES.NS,29.799999237060547,29.799999237060547,29.219999313354492,29.719999313354492,3387949
2022-11-10,^CNXIT,28287.849609375,28667.849609375,28284.650390625,28505.75,14500
2022-11-10,^NSEI,18044.349609375,18103.099609375,17969.400390625,18028.19921875,256500
2022-11-11,ITBEES.NS,30.579999923706055,30.879999160766602,30.100000381469727,30.770000457763672,8638963
2022-11-11,^CNXIT,29182.349609375,29733.150390625,29163.75,29591.94921875,37800
2022-11-11,^NSEI,18272.349609375,18362.30078125,18259.349609375,18349.69921875,378500
2022-11-14,ITBEES.NS,31.709999084472656,31.709999084472656,30.799999237060547,31.040000915527344,3806633
2022-11-14,^CNXIT,29709.75,29945.150390625,29610.55078125,29849.30078125,21700
2022-11-14,^NSEI,18376.400390625,18399.44921875,18311.400390625,18329.150390625,301400
2022-11-15,ITBEES.NS,31.200000762939453,31.200000762939453,30.75,31.040000915527344,2751329
2022-11-15,^CNXIT,29789.849609375,29926.150390625,29531.650390625,29865.30078125,17000
2022-11-15,^NSEI,18362.75,18427.94921875,18282,18403.400390625,250900
2022-11-16,ITBEES.NS,32.25,32.25,31,31.190000534057617,2911065
2022-11-16,^CNXIT,29920.650390625,30125.19921875,29812.900390625,29951.5,18100
2022-11-16,^NSEI,18398.25,18442.150390625,18344.150390625,18409.650390625,219300
2022-11-17,ITBEES.NS,31.209999084472656,31.290000915527344,30.850000381469727,30.920000076293945,2356969
2022-11-17,^CNXIT,29810.44921875,29838.599609375,29610.099609375,29681.400390625,14000
2022-11-17,^NSEI,18358.69921875,18417.599609375,18312.94921875,18343.900390625,200500
2022-11-18,ITBEES.NS,30.909999847412109,31.120000839233398,30.649999618530273,30.870000839233398,2525788
2022-11-18,^CNXIT,29739.19921875,29890.5,29398.94921875,29669.25,15000
2022-11-18,^NSEI,18382.94921875,18394.599609375,18209.80078125,18307.650390625,198800
2022-11-21,ITBEES.NS,30.989999771118164,30.989999771118164,30.399999618530273,30.450000762939453,1996455
2022-11-21,^CNXIT,29520.150390625,29576.150390625,29153.900390625,29209.55078125,13000
2022-11-21,^NSEI,18246.400390625,18262.30078125,18133.349609375,18159.94921875,213800
2022-11-22,ITBEES.NS,30.780000686645508,30.780000686645508,30.25,30.590000152587891,2076319
2022-11-22,^CNXIT,29195.69921875,29478,29020.349609375,29446.900390625,15000
2022-11-22,^NSEI,18179.150390625,18261.849609375,18137.69921875,18244.19921875,177700
2022-11-23,ITBEES.NS,30.600000381469727,30.819999694824219,30.520000457763672,30.569999694824219,1351311
2022-11-23,^CNXIT,29574.650390625,29592.05078125,29365.25,29405.650390625,13100
2022-11-23,^NSEI,18325.19921875,18325.400390625,18246,18267.25,178800
2022-11-24,ITBEES.NS,30.569999694824219,31.450000762939453,30.559999465942383,31.350000381469727,11380756
2022-11-24,^CNXIT,29507.55078125,30258,29464.75,30178.650390625,20800
2022-11-24,^NSEI,18326.099609375,18529.69921875,18294.25,18484.099609375,204000
2022-11-25,ITBEES.NS,31.590000152587891,31.700000762939453,31.170000076293945,31.620000839233398,4559111
2022-11-25,^CNXIT,30233.900390625,30400.349609375,29981.150390625,30334.599609375,18600
2022-11-25,^NSEI,18528.44921875,18534.900390625,18445.099609375,18512.75,205900
2022-11-28,ITBEES.NS,31.639999389648438,31.870000839233398,31.450000762939453,31.590000152587891,4568415
2022-11-28,^CNXIT,30207.75,30619.650390625,30152.849609375,30309.650390625,18400
2022-11-28,^NSEI,18430.55078125,18614.25,18365.599609375,18562.75,206500
2022-11-29,ITBEES.NS,31.549999237060547,31.770000457763672,31.450000762939453,31.610000610351562,2783819
2022-11-29,^CNXIT,30242.400390625,30568.349609375,30228.099609375,30345.650390625,13300
2022-11-29,^NSEI,18552.44921875,18678.099609375,18552.150390625,18618.05078125,195300
2022-11-30,ITBEES.NS,31.649999618530273,31.75,31.409999847412109,31.629999160766602,2348503
2022-11-30,^CNXIT,30274.5,30499.349609375,30133.94921875,30391.69921875,34400
2022-11-30,^NSEI,18625.69921875,18816.05078125,18616.55078125,18758.349609375,345600
2022-12-01,ITBEES.NS,32.150001525878906,32.689998626708984,31,32.380001068115234,7532471
2022-12-01,^CNXIT,30749.44921875,31227.599609375,30723.25,31120.5,30800
2022-12-01,^NSEI,18871.94921875,18887.599609375,18778.19921875,18812.5,325000
2022-12-02,ITBEES.NS,32.590000152587891,32.590000152587891,32.180000305175781,32.369998931884766,4277306
2022-12-02,^CNXIT,31097.55078125,31135.19921875,30869.69921875,31052.099609375,22900
2022-12-02,^NSEI,18752.400390625,18781.94921875,18639.19921875,18696.099609375,254400
2022-12-05,ITBEES.NS,32.25,32.569999694824219,32.049999237060547,32.229999542236328,4297396
2022-12-05,^CNXIT,31052,31104.099609375,30750.55078125,30891.5,17100
2022-12-05,^NSEI,18719.55078125,18728.599609375,18591.349609375,18701.05078125,288400
2022-12-06,ITBEES.NS,32.180000305175781,32.180000305175781,31.620000839233398,31.739999771118164,3787204
2022-12-06,^CNXIT,30656.19921875,30690.400390625,30323.94921875,30443,17000
2022-12-06,^NSEI,18600.650390625,18654.900390625,18577.900390625,18642.75,217800
2022-12-07,ITBEES.NS,31.780000686645508,31.780000686645508,31.399999618530273,31.459999084472656,2577854
2022-12-07,^CNXIT,30319.25,30337.30078125,30091.19921875,30187.05078125,15200
2022-12-07,^NSEI,18638.849609375,18668.30078125,18528.400390625,18560.5,200500
2022-12-08,ITBEES.NS,31.989999771118164,31.989999771118164,31.219999313354492,31.399999618530273,1914722
2022-12-08,^CNXIT,30175.849609375,30226.55078125,29983.400390625,30115,14400
2022-12-08,^NSEI,18570.849609375,18625,18536.94921875,18609.349609375,202800
2022-12-09,ITBEES.NS,31.600000381469727,31.600000381469727,30.290000915527344,30.440000534057617,10348745
2022-12-09,^CNXIT,30196.25,30196.25,29038.599609375,29168.44921875,36300
2022-12-09,^NSEI,18662.400390625,18664.69921875,18410.099609375,18496.599609375,215800
2022-12-12,ITBEES.NS,30.719999313354492,30.729999542236328,29.879999160766602,30.270000457763672,4343646
2022-12-12,^CNXIT,28940.94921875,29183.80078125,28661.099609375,29050.5,22600
2022-12-12,^NSEI,18402.150390625,18521.55078125,18345.69921875,18497.150390625,193900
2022-12-13,ITBEES.NS,30.479999542236328,30.629999160766602,30.219999313354492,30.590000152587891,2820376
2022-12-13,^CNXIT,29103.5,29421.099609375,28993.80078125,29376.55078125,17100
2022-12-13,^NSEI,18524.400390625,18617.25,18490.19921875,18608,187600
2022-12-14,ITBEES.NS,30.799999237060547,31.010000228881836,30.590000152587891,30.860000610351562,3383731
2022-12-14,^CNXIT,29546.94921875,29810.349609375,29503.099609375,29713.900390625,18400
2022-12-14,^NSEI,18671.25,18696.099609375,18632.900390625,18660.30078125,208000
2022-12-15,ITBEES.NS,30.909999847412109,30.930000305175781,30.299999237060547,30.340000152587891,3598899
2022-12-15,^CNXIT,29609.599609375,29615.94921875,29039.25,29087.94921875,20500
2022-12-15,^NSEI,18614.400390625,18652.900390625,18387.69921875,18414.900390625,183100
2022-12-16,ITBEES.NS,32.060001373291016,32.060001373291016,29.850000381469727,29.909999847412109,6906162
2022-12-16,^CNXIT,28805.94921875,29131.849609375,28623.650390625,28702.19921875,32700
2022-12-16,^NSEI,18319.099609375,18440.94921875,18255.150390625,18269,277700
2022-12-19,ITBEES.NS,29.909999847412109,30.829999923706055,29.649999618530273,29.780000686645508,4566774
2022-12-19,^CNXIT,28567.69921875,28698.25,28374.44921875,28556.44921875,19000
2022-12-19,^NSEI,18288.099609375,18431.650390625,18244.55078125,18420.44921875,154800
2022-12-20,ITBEES.NS,29.75,29.889999389648438,29.309999465942383,29.809999465942383,5264865
2022-12-20,^CNXIT,28464.849609375,28644.099609375,28109.150390625,28612.5,19300
2022-12-20,^NSEI,18340.30078125,18404.900390625,18202.650390625,18385.30078125,169000
2022-12-21,ITBEES.NS,29.819999694824219,30.149999618530273,29.819999694824219,29.909999847412109,3656105
2022-12-21,^CNXIT,28742.30078125,28958.150390625,28658.69921875,28764.25,19500
2022-12-21,^NSEI,18435.150390625,18473.349609375,18162.75,18199.099609375,187600
2022-12-22,ITBEES.NS,30.200000762939453,30.239999771118164,29.780000686645508,29.969999313354492,2826116
2022-12-22,^CNXIT,28973.349609375,29022.30078125,28629.849609375,28763.900390625,18200
2022-12-22,^NSEI,18288.80078125,18318.75,18068.599609375,18127.349609375,195700
2022-12-23,ITBEES.NS,30,30,29.370000839233398,29.430000305175781,4273441
2022-12-23,^CNXIT,28442.80078125,28603.599609375,28179.55078125,28237.05078125,19000
2022-12-23,^NSEI,17977.650390625,18050.44921875,17779.5,17806.80078125,221500
2022-12-26,ITBEES.NS,29.690000534057617,29.690000534057617,29.350000381469727,29.559999465942383,2857679
2022-12-26,^CNXIT,28268.25,28493.19921875,28209.94921875,28385.69921875,12400
2022-12-26,^NSEI,17830.400390625,18084.099609375,17774.25,18014.599609375,176700
2022-12-27,ITBEES.NS,29.790000915527344,29.889999389648438,29.540000915527344,29.850000381469727,2474775
2022-12-27,^CNXIT,28551.75,28685,28333.80078125,28636.25,12800
2022-12-27,^NSEI,18089.80078125,18149.25,17967.44921875,18132.30078125,214300
2022-12-28,ITBEES.NS,29.850000381469727,29.850000381469727,29.559999465942383,29.729999542236328,2444887
2022-12-28,^CNXIT,28495.75,28715.30078125,28346.25,28583.44921875,13400
2022-12-28,^NSEI,18084.75,18173.099609375,18068.349609375,18122.5,193900
2022-12-29,ITBEES.NS,29.979999542236328,29.979999542236328,29.549999237060547,29.840000152587891,1358626
2022-12-29,^CNXIT,28408.30078125,28724.75,28386.650390625,28687.19921875,16200
2022-12-29,^NSEI,18045.69921875,18229.69921875,17992.80078125,18191,281100
2022-12-30,ITBEES.NS,29.25,30.200000762939453,29,29.829999923706055,1769542
2022-12-30,^CNXIT,28887.80078125,29027,28564.75,28621.69921875,15500
2022-12-30,^NSEI,18259.099609375,18265.25,18080.30078125,18105.30078125,192000
2023-01-02,ITBEES.NS,30.010000228881836,30.010000228881836,29.690000534057617,29.870000839233398,1591337
2023-01-02,^CNXIT,28681.55078125,28777.599609375,28474.69921875,28737.30078125,1084494200
2023-01-02,^NSEI,18131.69921875,18215.150390625,18086.5,18197.44921875,256100
2023-01-03,ITBEES.NS,29.989999771118164,30.229999542236328,29.829999923706055,30.180000305175781,1982509
2023-01-03,^CNXIT,28713.69921875,29032.400390625,28636.400390625,28962.30078125,14200
2023-01-03,^NSEI,18163.19921875,18251.94921875,18149.80078125,18232.55078125,208700
2023-01-04,ITBEES.NS,30.190000534057617,30.190000534057617,29.799999237060547,29.889999389648438,1682922
2023-01-04,^CNXIT,28912.599609375,28925.44921875,28600.75,28677.80078125,17300
2023-01-04,^NSEI,18230.650390625,18243,18020.599609375,18042.94921875,235200
2023-01-05,ITBEES.NS,30,30.030000686645508,29.600000381469727,29.729999542236328,2083144
2023-01-05,^CNXIT,28803.05078125,28803.05078125,28386,28527.75,21300
2023-01-05,^NSEI,18101.94921875,18120.30078125,17892.599609375,17992.150390625,269900
2023-01-06,ITBEES.NS,30.950000762939453,30.950000762939453,29.100000381469727,29.180000305175781,6913399
2023-01-06,^CNXIT,28466.900390625,28507.150390625,27908.75,27956.44921875,18900
2023-01-06,^NSEI,18008.05078125,18047.400390625,17795.55078125,17859.44921875,238200
2023-01-09,ITBEES.NS,29.459999084472656,29.899999618530273,29.350000381469727,29.870000839233398,2830850
2023-01-09,^CNXIT,28134.05078125,28780,28134.05078125,28748.150390625,26300
2023-01-09,^NSEI,17952.55078125,18141.400390625,17936.150390625,18101.19921875,257200
2023-01-10,ITBEES.NS,30,31.200000762939453,29.450000762939453,29.620000839233398,3031202
2023-01-10,^CNXIT,28627.80078125,28661.69921875,28242.900390625,28502.69921875,19600
2023-01-10,^NSEI,18121.30078125,18127.599609375,17856,17914.150390625,283300
2023-01-11,ITBEES.NS,29.620000839233398,30.079999923706055,29.620000839233398,29.819999694824219,2318386
2023-01-11,^CNXIT,28550.650390625,28946,28460,28596.349609375,19400
2023-01-11,^NSEI,17924.25,17976.349609375,17824.349609375,17895.69921875,259900
2023-01-12,ITBEES.NS,29.819999694824219,30.129999160766602,29.729999542236328,29.879999160766602,1261107
2023-01-12,^CNXIT,28722.44921875,28832.599609375,28509.5,28720.30078125,21500
2023-01-12,^NSEI,17920.849609375,17945.80078125,17761.650390625,17858.19921875,227800
2023-01-13,ITBEES.NS,29.909999847412109,30.190000534057617,29.5,30.100000381469727,4298282
2023-01-13,^CNXIT,28717,29060.94921875,28292.30078125,28933.75,34600
2023-01-13,^NSEI,17867.5,17999.349609375,17774.25,17956.599609375,256700
2023-01-16,ITBEES.NS,30.239999771118164,30.510000228881836,30.139999389648438,30.489999771118164,7685213
2023-01-16,^CNXIT,29037.05078125,29327.900390625,28895.400390625,29264.650390625,30100
2023-01-16,^NSEI,18033.150390625,18049.650390625,17853.650390625,17894.849609375,206200
2023-01-17,ITBEES.NS,30.649999618530273,30.659999847412109,30.399999618530273,30.620000839233398,2684417
2023-01-17,^CNXIT,29291.150390625,29518.849609375,29259.099609375,29498,22500
2023-01-17,^NSEI,17922.80078125,18072.05078125,17886.94921875,18053.30078125,219100
2023-01-18,ITBEES.NS,30.600000381469727,30.930000305175781,30.600000381469727,30.770000457763672,3277243
2023-01-18,^CNXIT,29580.25,29715.80078125,29541.94921875,29617.80078125,25500
2023-01-18,^NSEI,18074.30078125,18183.75,18032.44921875,18165.349609375,255800
2023-01-19,ITBEES.NS,30.670000076293945,31.989999771118164,30.5,30.809999465942383,2459928
2023-01-19,^CNXIT,29487.5,29714.94921875,29396.05078125,29632.349609375,19700
2023-01-19,^NSEI,18119.80078125,18155.19921875,18063.75,18107.849609375,237800
2023-01-20,ITBEES.NS,30.889999389648438,30.959999084472656,30.549999237060547,30.700000762939453,3979960
2023-01-20,^CNXIT,29574.44921875,29783.80078125,29479.69921875,29529.650390625,24000
2023-01-20,^NSEI,18115.599609375,18145.44921875,18016.19921875,18027.650390625,237200
2023-01-23,ITBEES.NS,33.659999847412109,33.659999847412109,30.690000534057617,31.260000228881836,4172616
2023-01-23,^CNXIT,29620.25,30124.05078125,29505.5,30086,18300
2023-01-23,^NSEI,18118.44921875,18162.599609375,18063.44921875,18118.55078125,202500
2023-01-24,ITBEES.NS,31.299999237060547,31.700000762939453,31.260000228881836,31.489999771118164,6702312
2023-01-24,^CNXIT,30220.5,30499.75,30151.55078125,30316.900390625,23100
2023-01-24,^NSEI,18183.94921875,18201.25,18078.650390625,18118.30078125,216900
2023-01-25,ITBEES.NS,31.5,31.5,31.200000762939453,31.219999313354492,5334550
2023-01-25,^CNXIT,30208.099609375,30231.400390625,30004.75,30043.900390625,14000
2023-01-25,^NSEI,18093.349609375,18100.599609375,17846.150390625,17891.94921875,257200
2023-01-27,ITBEES.NS,32.150001525878906,32.150001525878906,30.75,30.979999542236328,5265449
2023-01-27,^CNXIT,30052.69921875,30234.349609375,29542.44921875,29766.44921875,19800
2023-01-27,^NSEI,17877.19921875,17884.75,17493.55078125,17604.349609375,476300
2023-01-30,ITBEES.NS,31.059999465942383,31.489999771118164,30.620000839233398,31.350000381469727,3393735
2023-01-30,^CNXIT,29842.69921875,30224.5,29606.349609375,30094.849609375,21200
2023-01-30,^NSEI,17541.94921875,17709.150390625,17405.55078125,17648.94921875,432400
2023-01-31,ITBEES.NS,31.489999771118164,31.489999771118164,30.819999694824219,31,3476747
2023-01-31,^CNXIT,30163.19921875,30172.75,29556.30078125,29740.349609375,29500
2023-01-31,^NSEI,17731.44921875,17735.69921875,17537.55078125,17662.150390625,398300
2023-02-01,ITBEES.NS,31.090000152587891,31.350000381469727,30.860000610351562,31.229999542236328,3106760
2023-02-01,^CNXIT,29885.94921875,30083.400390625,29659,30018.25,17600
2023-02-01,^NSEI,17811.599609375,17972.19921875,17353.400390625,17616.30078125,512900
2023-02-02,ITBEES.NS,31.590000152587891,31.920000076293945,31.229999542236328,31.829999923706055,5137658
2023-02-02,^CNXIT,30124.900390625,30610.099609375,30107.099609375,30566.75,23900
2023-02-02,^NSEI,17517.099609375,17653.900390625,17445.94921875,17610.400390625,490100
2023-02-03,ITBEES.NS,31.889999389648438,32.139999389648438,31.709999084472656,31.829999923706055,3900420
2023-02-03,^CNXIT,30839.05078125,30849.599609375,30417.900390625,30597.650390625,20000
2023-02-03,^NSEI,17721.75,17870.30078125,17584.19921875,17854.05078125,424100
2023-02-06,ITBEES.NS,31.989999771118164,31.989999771118164,31.370000839233398,31.629999160766602,2747959
2023-02-06,^CNXIT,30502.900390625,30534.69921875,30186.69921875,30411.099609375,14200
2023-02-06,^NSEI,17818.55078125,17823.69921875,17698.349609375,17764.599609375,282500
2023-02-07,ITBEES.NS,31.510000228881836,31.780000686645508,31.5,31.540000915527344,2150711
2023-02-07,^CNXIT,30429.75,30544.099609375,30250.75,30310.69921875,13700
2023-02-07,^NSEI,17790.099609375,17811.150390625,17652.55078125,17721.5,354400
2023-02-08,ITBEES.NS,31.930000305175781,32.430000305175781,31.620000839233398,32.119998931884766,12866864
2023-02-08,^CNXIT,30415.599609375,30938.400390625,30415.599609375,30774.05078125,21900
2023-02-08,^NSEI,17750.30078125,17898.69921875,17744.150390625,17871.69921875,291000
2023-02-09,ITBEES.NS,31.989999771118164,32.330001831054688,31.840000152587891,32.290000915527344,2412999
2023-02-09,^CNXIT,30769.80078125,31012.94921875,30665.44921875,30990.849609375,15900
2023-02-09,^NSEI,17885.5,17916.900390625,17779.80078125,17893.44921875,260900
2023-02-10,ITBEES.NS,32.159999847412109,32.479999542236328,31.299999237060547,32.209999084472656,1713550
2023-02-10,^CNXIT,30839.25,30900.150390625,30636.400390625,30870.19921875,13800
2023-02-10,^NSEI,17847.55078125,17876.94921875,17801,17856.5,232000
2023-02-13,ITBEES.NS,32.209999084472656,32.209999084472656,31.549999237060547,31.610000610351562,2700456
2023-02-13,^CNXIT,30790.19921875,30792.849609375,30238.05078125,30289.650390625,20400
2023-02-13,^NSEI,17859.099609375,17880.69921875,17719.75,17770.900390625,231300
2023-02-14,ITBEES.NS,31.690000534057617,32,31.690000534057617,31.850000381469727,1829198
2023-02-14,^CNXIT,30481.5,30759.44921875,30457.400390625,30588.75,16900
2023-02-14,^NSEI,17840.349609375,17954.55078125,17800.05078125,17929.849609375,244500
2023-02-15,ITBEES.NS,31.709999084472656,32.25,31.600000381469727,32.200000762939453,2587295
2023-02-15,^CNXIT,30512,30959.30078125,30324.19921875,30934.349609375,17300
2023-02-15,^NSEI,17896.599609375,18034.099609375,17853.80078125,18015.849609375,229300
2023-02-16,ITBEES.NS,32.650001525878906,33,32.209999084472656,32.759998321533203,13364915
2023-02-16,^CNXIT,31042.30078125,31587.349609375,31024.150390625,31434.849609375,32200
2023-02-16,^NSEI,18094.75,18134.75,18000.650390625,18035.849609375,230200
2023-02-17,ITBEES.NS,32.790000915527344,32.790000915527344,32.299999237060547,32.419998168945312,3153940
2023-02-17,^CNXIT,31147.099609375,31218.25,30963.05078125,31054.849609375,15800
2023-02-17,^NSEI,17974.849609375,18034.25,17884.599609375,17944.19921875,208100
2023-02-20,ITBEES.NS,32.590000152587891,32.75,32.099998474121094,32.580001831054688,2438759
2023-02-20,^CNXIT,31056.05078125,31405.30078125,30961.94921875,31222.349609375,15900
2023-02-20,^NSEI,17965.55078125,18004.349609375,17818.400390625,17844.599609375,174600
2023-02-21,ITBEES.NS,32.610000610351562,32.779998779296875,32.200000762939453,32.330001831054688,2139105
2023-02-21,^CNXIT,31318.349609375,31393,30911.05078125,30947.25,13400
2023-02-21,^NSEI,17905.80078125,17924.900390625,17800.30078125,17826.69921875,198200
2023-02-22,ITBEES.NS,32.209999084472656,32.209999084472656,31.780000686645508,31.870000839233398,7823495
2023-02-22,^CNXIT,30621.099609375,30815.900390625,30503.349609375,30608.19921875,14900
2023-02-22,^NSEI,17755.349609375,17772.5,17529.44921875,17554.30078125,204000
2023-02-23,ITBEES.NS,31.899999618530273,32.180000305175781,31.700000762939453,31.829999923706055,2381247
2023-02-23,^CNXIT,30759.599609375,30899.400390625,30497.55078125,30598.400390625,15700
2023-02-23,^NSEI,17574.650390625,17620.05078125,17455.400390625,17511.25,240800
2023-02-24,ITBEES.NS,32,32.099998474121094,31.700000762939453,31.760000228881836,1210917
2023-02-24,^CNXIT,30732.44921875,30859.69921875,30445.900390625,30514.900390625,11300
2023-02-24,^NSEI,17591.349609375,17599.75,17421.80078125,17465.80078125,209400
2023-02-27,ITBEES.NS,31.770000457763672,31.770000457763672,30.850000381469727,31.149999618530273,8723658
2023-02-27,^CNXIT,30338.69921875,30345.5,29667.099609375,29919.19921875,15700
2023-02-27,^NSEI,17428.599609375,17451.599609375,17299,17392.69921875,246400
2023-02-28,ITBEES.NS,31.159999847412109,31.5,30.870000839233398,30.940000534057617,8815676
2023-02-28,^CNXIT,29986.19921875,30294.44921875,29608.94921875,29663.94921875,46200
2023-02-28,^NSEI,17383.25,17440.44921875,17255.19921875,17303.94921875,420900
2023-03-01,ITBEES.NS,31.170000076293945,31.459999084472656,30.959999084472656,31.430000305175781,1703739
2023-03-01,^CNXIT,29722.150390625,30121.650390625,29712.80078125,30097.75,14100
2023-03-01,^NSEI,17360.099609375,17467.75,17345.25,17450.900390625,272900
2023-03-02,ITBEES.NS,31.290000915527344,31.379999160766602,30.940000534057617,31.040000915527344,2013128
2023-03-02,^CNXIT,29883.099609375,29936.400390625,29618.599609375,29717.44921875,15800
2023-03-02,^NSEI,17421.5,17445.80078125,17306,17321.900390625,310700
2023-03-03,ITBEES.NS,31.159999847412109,31.340000152587891,31.079999923706055,31.139999389648438,1616421
2023-03-03,^CNXIT,29968.75,29988.55078125,29774.05078125,29817.05078125,14800
2023-03-03,^NSEI,17451.25,17644.75,17427.69921875,17594.349609375,356200
2023-03-06,ITBEES.NS,31.260000228881836,31.600000381469727,31.260000228881836,31.420000076293945,2027392
2023-03-06,^CNXIT,30048.69921875,30340.94921875,30032.05078125,30179.75,19000
2023-03-06,^NSEI,17680.349609375,17799.94921875,17671.94921875,17711.44921875,362800
2023-03-08,ITBEES.NS,31.379999160766602,31.379999160766602,31.059999465942383,31.25,4140692
2023-03-08,^CNXIT,29944.19921875,30096.69921875,29729.25,30065.75,15000
2023-03-08,^NSEI,17665.75,17766.5,17602.25,17754.400390625,267000
2023-03-09,ITBEES.NS,31.340000152587891,31.5,31.020000457763672,31.040000915527344,1310165
2023-03-09,^CNXIT,30090.25,30096.599609375,29712,29742.349609375,14000
2023-03-09,^NSEI,17772.05078125,17772.349609375,17573.599609375,17589.599609375,262400
2023-03-10,ITBEES.NS,31.139999389648438,31.139999389648438,30.549999237060547,30.860000610351562,2146238
2023-03-10,^CNXIT,29418.599609375,29584.44921875,29324,29545.5,11300
2023-03-10,^NSEI,17443.80078125,17451.5,17324.349609375,17412.900390625,235900
2023-03-13,ITBEES.NS,30.909999847412109,31.290000915527344,30.450000762939453,30.530000686645508,3374331
2023-03-13,^CNXIT,29695,30051.599609375,29187.099609375,29267,31200
2023-03-13,^NSEI,17421.900390625,17529.900390625,17113.44921875,17154.30078125,254900
2023-03-14,ITBEES.NS,30.799999237060547,30.799999237060547,29.899999618530273,30.040000915527344,6142150
2023-03-14,^CNXIT,29281.25,29402.25,28638.900390625,28784.69921875,25500
2023-03-14,^NSEI,17160.55078125,17224.650390625,16987.099609375,17043.30078125,290600
2023-03-15,ITBEES.NS,30.25,30.489999771118164,29.899999618530273,29.950000762939453,2232390
2023-03-15,^CNXIT,29080.349609375,29179.5,28689.400390625,28716.5,19100
2023-03-15,^NSEI,17166.44921875,17211.349609375,16938.900390625,16972.150390625,248200
2023-03-16,ITBEES.NS,30.129999160766602,30.129999160766602,29.600000381469727,29.770000457763672,3408586
2023-03-16,^CNXIT,28694.30078125,28746.349609375,28400.349609375,28517.25,18800
2023-03-16,^NSEI,16994.650390625,17062.44921875,16850.150390625,16985.599609375,349800
2023-03-17,ITBEES.NS,29.959999084472656,30.290000915527344,29.879999160766602,29.979999542236328,2883625
2023-03-17,^CNXIT,28737.69921875,29120.75,28721.099609375,28854.44921875,31800
2023-03-17,^NSEI,17111.80078125,17145.80078125,16958.150390625,17100.05078125,408100
2023-03-20,ITBEES.NS,30.030000686645508,30.030000686645508,29.030000686645508,29.530000686645508,5483845
2023-03-20,^CNXIT,28732.849609375,28744.30078125,28209.05078125,28442.94921875,22400
2023-03-20,^NSEI,17066.599609375,17066.599609375,16828.349609375,16988.400390625,241800
2023-03-21,ITBEES.NS,30.399999618530273,30.399999618530273,29.25,29.340000152587891,3684358
2023-03-21,^CNXIT,28455.650390625,28552,28124.25,28164.849609375,21600
2023-03-21,^NSEI,17060.400390625,17127.69921875,17016,17107.5,246700
2023-03-22,ITBEES.NS,30.200000762939453,30.200000762939453,29.399999618530273,29.450000762939453,2137174
2023-03-22,^CNXIT,28375.900390625,28549,28148.400390625,28217.599609375,0
2023-03-22,^NSEI,17177.44921875,17207.25,17107.849609375,17151.900390625,0
2023-03-23,ITBEES.NS,30.350000381469727,30.350000381469727,29.069999694824219,29.170000076293945,4287575
2023-03-23,^CNXIT,28065.80078125,28116.44921875,27843.25,27999.25,19300
2023-03-23,^NSEI,17097.400390625,17205.400390625,17045.30078125,17076.900390625,219200
2023-03-24,ITBEES.NS,29.25,29.600000381469727,29.100000381469727,29.159999847412109,2816588
2023-03-24,^CNXIT,28208.349609375,28453.849609375,27869.5,27935.650390625,19400
2023-03-24,^NSEI,17076.19921875,17109.44921875,16917.349609375,16945.05078125,228000
2023-03-27,ITBEES.NS,29.370000839233398,29.459999084472656,29.010000228881836,29.170000076293945,1824541
2023-03-27,^CNXIT,27985.650390625,28193.599609375,27818.25,27948.75,13400
2023-03-27,^NSEI,16984.30078125,17091,16918.55078125,16985.69921875,218400
2023-03-28,ITBEES.NS,29.430000305175781,29.430000305175781,28.889999389648438,28.909999847412109,3667253
2023-03-28,^CNXIT,27998.30078125,28090.75,27674.69921875,27702.80078125,19000
2023-03-28,^NSEI,17031.75,17061.75,16913.75,16951.69921875,238800
2023-03-29,ITBEES.NS,29.799999237060547,29.889999389648438,28.850000381469727,29.219999313354492,2587327
2023-03-29,^CNXIT,27777.94921875,28113.94921875,27639.650390625,28011.30078125,23500
2023-03-29,^NSEI,16977.30078125,17126.150390625,16940.599609375,17080.69921875,345900
2023-03-31,ITBEES.NS,29.219999313354492,29.899999618530273,28.790000915527344,29.840000152587891,3603698
2023-03-31,^CNXIT,28379.75,28741.599609375,28277,28698.599609375,22600
2023-03-31,^NSEI,17210.349609375,17381.599609375,17204.650390625,17359.75,263900
2023-04-03,ITBEES.NS,29.690000534057617,30.290000915527344,29.340000152587891,29.819999694824219,2672664
2023-04-03,^CNXIT,28841.599609375,28841.599609375,28449.25,28633,13100
2023-04-03,^NSEI,17427.94921875,17428.05078125,17312.75,17398.05078125,230200
2023-04-05,ITBEES.NS,29.819999694824219,30.579999923706055,29.709999084472656,30.139999389648438,2584892
2023-04-05,^CNXIT,28520,29032.650390625,28506.69921875,28977.19921875,21500
2023-04-05,^NSEI,17422.30078125,17570.55078125,17402.69921875,17557.05078125,248300
2023-04-06,ITBEES.NS,30.200000762939453,30.200000762939453,29.909999847412109,30.010000228881836,2097596
2023-04-06,^CNXIT,28876.19921875,29004.80078125,28666,28764.55078125,16900
2023-04-06,^NSEI,17533.849609375,17638.69921875,17502.849609375,17599.150390625,242700
2023-04-10,ITBEES.NS,30.190000534057617,30.25,29.909999847412109,30.200000762939453,1586566
2023-04-10,^CNXIT,28810.849609375,29086.400390625,28739.400390625,29041.599609375,12600
2023-04-10,^NSEI,17634.900390625,17694.099609375,17597.94921875,17624.05078125,254800
2023-04-11,ITBEES.NS,30.260000228881836,30.280000686645508,29.760000228881836,29.909999847412109,3013481
2023-04-11,^CNXIT,29051.75,29095.44921875,28530.5,28675.75,17700
2023-04-11,^NSEI,17704.80078125,17748.75,17655.150390625,17722.30078125,304300
2023-04-12,ITBEES.NS,30,30.209999084472656,29.799999237060547,30.159999847412109,2036527
2023-04-12,^CNXIT,28773.400390625,29031.05078125,28578.099609375,28980.349609375,16300
2023-04-12,^NSEI,17759.55078125,17825.75,17717.25,17812.400390625,232800
2023-04-13,ITBEES.NS,30.030000686645508,30.030000686645508,29.479999542236328,29.590000152587891,7126674
2023-04-13,^CNXIT,28713.650390625,28736.69921875,28230,28342.80078125,27400
2023-04-13,^NSEI,17807.30078125,17842.150390625,17729.650390625,17828,285800
2023-04-17,ITBEES.NS,28.700000762939453,29.799999237060547,27.559999465942383,28.180000305175781,42580688
2023-04-17,^CNXIT,27059.150390625,27076.150390625,26184.44921875,27008.19921875,84900
2023-04-17,^NSEI,17863,17863,17574.05078125,17706.849609375,357400
2023-04-18,ITBEES.NS,28.399999618530273,28.75,28.020000457763672,28.340000152587891,9031716
2023-04-18,^CNXIT,27189.400390625,27189.400390625,26851.69921875,27166.94921875,28100
2023-04-18,^NSEI,17766.599609375,17766.599609375,17610.19921875,17660.150390625,258900
2023-04-19,ITBEES.NS,28.399999618530273,28.489999771118164,27.809999465942383,27.850000381469727,12380722
2023-04-19,^CNXIT,27174.599609375,27193.099609375,26640.19921875,26687.44921875,26900
2023-04-19,^NSEI,17653.349609375,17666.150390625,17579.849609375,17618.75,281500
2023-04-20,ITBEES.NS,28.190000534057617,28.399999618530273,27.75,27.790000915527344,7193527
2023-04-20,^CNXIT,26694.099609375,26868.900390625,26597.94921875,26637.150390625,19800
2023-04-20,^NSEI,17638.599609375,17684.44921875,17584.349609375,17624.44921875,215100
2023-04-21,ITBEES.NS,28.010000228881836,28.280000686645508,27.75,27.969999313354492,5052195
2023-04-21,^CNXIT,26701.69921875,26835.69921875,26602.80078125,26822.099609375,27000
2023-04-21,^NSEI,17639.75,17663.19921875,17553.94921875,17624.05078125,230200
2023-04-24,ITBEES.NS,28.010000228881836,28.25,27.850000381469727,28.159999847412109,4394615
2023-04-24,^CNXIT,26910.69921875,27034.900390625,26721.5,27013.650390625,24400
2023-04-24,^NSEI,17707.55078125,17754.5,17612.5,17743.400390625,255700
2023-04-25,ITBEES.NS,28.479999542236328,28.479999542236328,27.969999313354492,28.120000839233398,3814512
2023-04-25,^CNXIT,27028.80078125,27082.099609375,26820.69921875,26985.80078125,18000
2023-04-25,^NSEI,17761.55078125,17807.44921875,17716.849609375,17769.25,297400
2023-04-26,ITBEES.NS,28.120000839233398,28.270000457763672,28.010000228881836,28.229999542236328,3115600
2023-04-26,^CNXIT,27007.55078125,27158.75,26977.55078125,27065,16600
2023-04-26,^NSEI,17767.30078125,17827.75,17711.19921875,17813.599609375,233000
2023-04-27,ITBEES.NS,28.260000228881836,28.530000686645508,28.190000534057617,28.489999771118164,5412830
2023-04-27,^CNXIT,27079,27378.099609375,27024.150390625,27355.25,24400
2023-04-27,^NSEI,17813.099609375,17931.599609375,17797.900390625,17915.05078125,241400
2023-04-28,ITBEES.NS,28.590000152587891,28.920000076293945,28.590000152587891,28.860000610351562,6925822
2023-04-28,^CNXIT,27401.94921875,27743,27388.80078125,27708.19921875,39000
2023-04-28,^NSEI,17950.400390625,18089.150390625,17885.30078125,18065,290300
2023-05-02,ITBEES.NS,29.190000534057617,29.340000152587891,28.879999160766602,29.239999771118164,7294402
2023-05-02,^CNXIT,27792.69921875,28154.099609375,27756,28025,26000
2023-05-02,^NSEI,18124.80078125,18180.25,18101.75,18147.650390625,265200
2023-05-03,ITBEES.NS,29.389999389648438,29.389999389648438,28.909999847412109,28.959999084472656,5274698
2023-05-03,^CNXIT,27872.400390625,27883.44921875,27693.30078125,27743.75,16100
2023-05-03,^NSEI,18113.80078125,18116.349609375,18042.400390625,18089.849609375,226200
2023-05-04,ITBEES.NS,29.010000228881836,29.190000534057617,28.850000381469727,29.079999923706055,3694105
2023-05-04,^CNXIT,27716.55078125,27912.5,27685.55078125,27883.19921875,14100
2023-05-04,^NSEI,18081,18267.44921875,18066.69921875,18255.80078125,226600
2023-05-05,ITBEES.NS,29.090000152587891,29.190000534057617,28.850000381469727,28.920000076293945,3499336
2023-05-05,^CNXIT,27905.349609375,27915.25,27634.849609375,27719.94921875,14900
2023-05-05,^NSEI,18117.30078125,18216.94921875,18055.44921875,18069,239700
2023-05-08,ITBEES.NS,29.159999847412109,29.159999847412109,28.950000762939453,29.120000839233398,3255048
2023-05-08,^CNXIT,27837.30078125,27947,27735.150390625,27920.94921875,14900
2023-05-08,^NSEI,18120.599609375,18286.94921875,18100.30078125,18264.400390625,228400
2023-05-09,ITBEES.NS,29.190000534057617,29.350000381469727,29.120000839233398,29.309999465942383,4363866
2023-05-09,^CNXIT,27961,28168.44921875,27910.650390625,28125.5,15500
2023-05-09,^NSEI,18303.400390625,18344.19921875,18229.650390625,18265.94921875,245400
2023-05-10,ITBEES.NS,29.350000381469727,29.479999542236328,29.219999313354492,29.329999923706055,3382518
2023-05-10,^CNXIT,28220.44921875,28236.849609375,27998.94921875,28091.75,14700
2023-05-10,^NSEI,18313.599609375,18326.75,18211.94921875,18315.099609375,220500
2023-05-11,ITBEES.NS,29.600000381469727,29.690000534057617,29.299999237060547,29.360000610351562,3760371
2023-05-11,^CNXIT,28298.25,28348.349609375,28039.19921875,28102,16100
2023-05-11,^NSEI,18357.80078125,18389.69921875,18270.400390625,18297,248900
2023-05-12,ITBEES.NS,29.510000228881836,29.510000228881836,29.129999160766602,29.290000915527344,3048329
2023-05-12,^CNXIT,28070.849609375,28164.44921875,27874.099609375,28028.400390625,15500
2023-05-12,^NSEI,18273.75,18342.75,18194.55078125,18314.80078125,241700
2023-05-15,ITBEES.NS,29.75,29.75,29.200000762939453,29.399999618530273,3674918
2023-05-15,^CNXIT,28083.75,28323.55078125,27957.5,28165.400390625,13700
2023-05-15,^NSEI,18339.30078125,18458.900390625,18287.900390625,18398.849609375,216100
2023-05-16,ITBEES.NS,29.569999694824219,29.639999389648438,29.440000534057617,29.479999542236328,3132017
2023-05-16,^CNXIT,28252.75,28421.05078125,28178.69921875,28216,12300
2023-05-16,^NSEI,18432.349609375,18432.349609375,18264.349609375,18286.5,219500
2023-05-17,ITBEES.NS,29.659999847412109,29.659999847412109,29.040000915527344,29.200000762939453,6834728
2023-05-17,^CNXIT,28197.80078125,28300.099609375,27776.80078125,27942.94921875,22400
2023-05-17,^NSEI,18300.44921875,18309,18115.349609375,18181.75,229900
2023-05-18,ITBEES.NS,29.399999618530273,29.450000762939453,29.100000381469727,29.139999389648438,2250759
2023-05-18,^CNXIT,28125.44921875,28137.69921875,27858.75,27892.55078125,13800
2023-05-18,^NSEI,18287.5,18297.19921875,18104.849609375,18129.94921875,272100
2023-05-19,ITBEES.NS,29.159999847412109,29.569999694824219,29.159999847412109,29.530000686645508,5858166
2023-05-19,^CNXIT,28063.349609375,28369.400390625,28007.05078125,28303.650390625,22900
2023-05-19,^NSEI,18186.150390625,18218.099609375,18060.400390625,18203.400390625,260900
2023-05-22,ITBEES.NS,29.520000457763672,30.309999465942383,29.430000305175781,30.270000457763672,9060888
2023-05-22,^CNXIT,28357.599609375,29062.05078125,28294.25,29007.30078125,22200
2023-05-22,^NSEI,18201.099609375,18335.25,18178.849609375,18314.400390625,262600
2023-05-23,ITBEES.NS,30.379999160766602,30.600000381469727,30.120000839233398,30.159999847412109,8142095
2023-05-23,^CNXIT,29076.5,29319.900390625,28830,28873.69921875,20800
2023-05-23,^NSEI,18362.900390625,18419.75,18324.19921875,18348,270400
2023-05-24,ITBEES.NS,30.139999389648438,30.239999771118164,29.870000839233398,30.120000839233398,3844959
2023-05-24,^CNXIT,28721.150390625,28959.349609375,28655,28890.80078125,14800
2023-05-24,^NSEI,18294.80078125,18392.599609375,18262.94921875,18285.400390625,232600
2023-05-25,ITBEES.NS,30.229999542236328,30.229999542236328,29.979999542236328,30.200000762939453,2615957
2023-05-25,^CNXIT,28854.94921875,28970.94921875,28686.19921875,28928.75,16200
2023-05-25,^NSEI,18268.900390625,18338.099609375,18202.400390625,18321.150390625,235900
2023-05-26,ITBEES.NS,30.200000762939453,30.700000762939453,30.190000534057617,30.579999923706055,5965881
2023-05-26,^CNXIT,28975.94921875,29384.849609375,28975.94921875,29355.900390625,17500
2023-05-26,^NSEI,18368.349609375,18508.55078125,18333.150390625,18499.349609375,198700
2023-05-29,ITBEES.NS,30.670000076293945,30.950000762939453,30.5,30.540000915527344,6481035
2023-05-29,^CNXIT,29629.75,29659.599609375,29200.25,29240.19921875,13600
2023-05-29,^NSEI,18619.150390625,18641.19921875,18581.25,18598.650390625,265300
2023-05-30,ITBEES.NS,30.690000534057617,30.709999084472656,30.479999542236328,30.600000381469727,3215006
2023-05-30,^CNXIT,29253.5,29405.19921875,29172.69921875,29297.650390625,17300
2023-05-30,^NSEI,18606.650390625,18662.44921875,18575.5,18633.849609375,234400
2023-05-31,ITBEES.NS,30.639999389648438,30.770000457763672,30.260000228881836,30.610000610351562,3206848
2023-05-31,^CNXIT,29248.05078125,29495.05078125,29212.5,29319.75,46000
2023-05-31,^NSEI,18594.19921875,18603.900390625,18483.849609375,18534.400390625,696500
2023-06-01,ITBEES.NS,30.680000305175781,30.889999389648438,30.670000076293945,30.719999313354492,3586465
2023-06-01,^CNXIT,29455.349609375,29599.099609375,29382.05078125,29446.25,13600
2023-06-01,^NSEI,18579.400390625,18580.30078125,18464.55078125,18487.75,265600
2023-06-02,ITBEES.NS,30.719999313354492,30.940000534057617,30.680000305175781,30.739999771118164,2539968
2023-06-02,^CNXIT,29485.849609375,29550.150390625,29272.55078125,29328.150390625,21200
2023-06-02,^NSEI,18550.849609375,18573.69921875,18478.400390625,18534.099609375,270900
2023-06-05,ITBEES.NS,30.780000686645508,30.989999771118164,30.600000381469727,30.629999160766602,3617842
2023-06-05,^CNXIT,29459.150390625,29533.400390625,29217.349609375,29238.75,14800
2023-06-05,^NSEI,18612,18640.150390625,18582.80078125,18593.849609375,256100
2023-06-06,ITBEES.NS,30.729999542236328,30.729999542236328,29.870000839233398,30.079999923706055,11928841
2023-06-06,^CNXIT,29003.5,29013.900390625,28485.849609375,28689.05078125,27300
2023-06-06,^NSEI,18600.80078125,18622.75,18531.599609375,18599,220800
2023-06-07,ITBEES.NS,30.25,30.350000381469727,30.149999618530273,30.290000915527344,3735765
2023-06-07,^CNXIT,28886.69921875,28937.94921875,28754.849609375,28913.69921875,16900
2023-06-07,^NSEI,18665.599609375,18738.94921875,18636,18726.400390625,260100
2023-06-08,ITBEES.NS,30.290000915527344,30.370000839233398,29.950000762939453,29.959999084472656,5305261
2023-06-08,^CNXIT,28892.650390625,28918.05078125,28568.599609375,28591.099609375,19000
2023-06-08,^NSEI,18725.349609375,18777.900390625,18615.599609375,18634.55078125,286500
2023-06-09,ITBEES.NS,30.090000152587891,30.090000152587891,29.700000762939453,29.739999771118164,6596678
2023-06-09,^CNXIT,28645.69921875,28674.44921875,28322.150390625,28355.349609375,19100
2023-06-09,^NSEI,18655.900390625,18676.650390625,18555.400390625,18563.400390625,221800
2023-06-12,ITBEES.NS,29.979999542236328,30.149999618530273,29.75,30.110000610351562,3597013
2023-06-12,^CNXIT,28457.44921875,28844.30078125,28402.55078125,28784,18200
2023-06-12,^NSEI,18595.05078125,18633.599609375,18559.75,18601.5,179500
2023-06-13,ITBEES.NS,30.239999771118164,30.440000534057617,30.159999847412109,30.209999084472656,4511847
2023-06-13,^CNXIT,28935.900390625,28974.150390625,28866.19921875,28899.30078125,17900
2023-06-13,^NSEI,18631.80078125,18728.900390625,18631.80078125,18716.150390625,233200
2023-06-14,ITBEES.NS,30.270000457763672,30.280000686645508,30.010000228881836,30.159999847412109,3735998
2023-06-14,^CNXIT,28896.25,28928.650390625,28666.900390625,28855.05078125,18300
2023-06-14,^NSEI,18744.599609375,18769.69921875,18690,18755.900390625,261400
2023-06-15,ITBEES.NS,30,30.290000915527344,30,30.090000152587891,2957289
2023-06-15,^CNXIT,28824.599609375,28833.25,28645.80078125,28699,27900
2023-06-15,^NSEI,18774.44921875,18794.099609375,18669.05078125,18688.099609375,263000
2023-06-16,ITBEES.NS,30.170000076293945,30.170000076293945,29.870000839233398,30.030000686645508,4671864
2023-06-16,^CNXIT,28671.099609375,28759.400390625,28441.05078125,28588.80078125,42600
2023-06-16,^NSEI,18723.30078125,18864.69921875,18710.5,18826,272800
2023-06-19,ITBEES.NS,30.030000686645508,30.139999389648438,30,30.120000839233398,2556984
2023-06-19,^CNXIT,28641.44921875,28750.69921875,28568.55078125,28708.30078125,16300
2023-06-19,^NSEI,18873.30078125,18881.44921875,18719.150390625,18755.44921875,219800
2023-06-20,ITBEES.NS,30.120000839233398,30.379999160766602,30.059999465942383,30.329999923706055,3844658
2023-06-20,^CNXIT,28728.5,28966.94921875,28640.30078125,28930.80078125,20000
2023-06-20,^NSEI,18752.349609375,18839.69921875,18660.650390625,18816.69921875,211600
2023-06-21,ITBEES.NS,30.489999771118164,30.489999771118164,30.280000686645508,30.389999389648438,3587280
2023-06-21,^CNXIT,29022.69921875,29084.44921875,28869.80078125,29025.69921875,15600
2023-06-21,^NSEI,18849.400390625,18875.900390625,18794.849609375,18856.849609375,217500
2023-06-22,ITBEES.NS,30.430000305175781,30.440000534057617,30.180000305175781,30.25,3045221
2023-06-22,^CNXIT,28969.150390625,28977.900390625,28750.400390625,28811.150390625,17600
2023-06-22,^NSEI,18853.599609375,18886.599609375,18759.5,18771.25,252700
2023-06-23,ITBEES.NS,30.260000228881836,30.260000228881836,29.920000076293945,29.989999771118164,6722203
2023-06-23,^CNXIT,28747.599609375,28752.5,28482.150390625,28554.30078125,18300
2023-06-23,^NSEI,18741.849609375,18756.400390625,18647.099609375,18665.5,210600
2023-06-26,ITBEES.NS,29.989999771118164,30.090000152587891,29.889999389648438,29.950000762939453,4451725
2023-06-26,^CNXIT,28539.80078125,28631.75,28451.150390625,28590.099609375,12100
2023-06-26,^NSEI,18682.349609375,18722.05078125,18646.69921875,18691.19921875,171300
2023-06-27,ITBEES.NS,30.239999771118164,30.239999771118164,29.989999771118164,30.129999160766602,3126168
2023-06-27,^CNXIT,28681.94921875,28821.849609375,28630.44921875,28800.150390625,11700
2023-06-27,^NSEI,18748.55078125,18829.25,18714.25,18817.400390625,222500
2023-06-28,ITBEES.NS,30.25,30.430000305175781,30.149999618530273,30.219999313354492,3097658
2023-06-28,^CNXIT,28945,28997.349609375,28778.150390625,28843,16000
2023-06-28,^NSEI,18908.150390625,19011.25,18861.349609375,18972.099609375,398800
2023-06-30,ITBEES.NS,30.489999771118164,30.989999771118164,30.260000228881836,30.940000534057617,11011331
2023-06-30,^CNXIT,29013.150390625,29594.19921875,28957.150390625,29563,28000
2023-06-30,^NSEI,19076.849609375,19201.69921875,19024.599609375,19189.05078125,247900
2023-07-03,ITBEES.NS,30.950000762939453,31.229999542236328,30.790000915527344,30.809999465942383,8368303
2023-07-03,^CNXIT,29648.400390625,29718.94921875,29334.400390625,29424.80078125,19300
2023-07-03,^NSEI,19246.5,19345.099609375,19234.400390625,19322.55078125,226100
2023-07-04,ITBEES.NS,30.969999313354492,31.159999847412109,30.860000610351562,31.129999160766602,4769712
2023-07-04,^CNXIT,29557.55078125,29743.349609375,29444.80078125,29729.849609375,19000
2023-07-04,^NSEI,19406.599609375,19434.150390625,19300,19389,226900
2023-07-05,ITBEES.NS,31.399999618530273,31.790000915527344,31.139999389648438,31.260000228881836,6190922
2023-07-05,^CNXIT,29910,29910.349609375,29702.650390625,29841.849609375,21300
2023-07-05,^NSEI,19405.94921875,19421.599609375,19339.599609375,19398.5,224400
2023-07-06,ITBEES.NS,31.229999542236328,31.430000305175781,31.159999847412109,31.299999237060547,4489622
2023-07-06,^CNXIT,29792.099609375,29848.05078125,29690.25,29805.19921875,18400
2023-07-06,^NSEI,19385.69921875,19512.19921875,19373,19497.30078125,268300
2023-07-07,ITBEES.NS,31.25,31.389999389648438,30.979999542236328,31.020000457763672,6503608
2023-07-07,^CNXIT,29654.25,29937.75,29508.849609375,29560.44921875,18800
2023-07-07,^NSEI,19422.80078125,19523.599609375,19303.599609375,19331.80078125,237100
2023-07-10,ITBEES.NS,31.360000610351562,31.360000610351562,30.579999923706055,30.670000076293945,6403766
2023-07-10,^CNXIT,29609.849609375,29609.849609375,29116.30078125,29194.75,15800
2023-07-10,^NSEI,19400.349609375,19435.849609375,19327.099609375,19355.900390625,268200
2023-07-11,ITBEES.NS,30.670000076293945,30.889999389648438,30.610000610351562,30.809999465942383,4101168
2023-07-11,^CNXIT,29299.30078125,29371.5,29092.69921875,29324.80078125,20100
2023-07-11,^NSEI,19427.099609375,19515.099609375,19406.44921875,19439.400390625,251300
2023-07-12,ITBEES.NS,30.899999618530273,30.959999084472656,30.510000228881836,30.610000610351562,3856575
2023-07-12,^CNXIT,29412.5,29424.75,29020.19921875,29118.05078125,24400
2023-07-12,^NSEI,19497.44921875,19507.69921875,19361.75,19384.30078125,327900
2023-07-13,ITBEES.NS,30.25,31.329999923706055,30.25,31.079999923706055,8026452
2023-07-13,^CNXIT,29158.55078125,29903.650390625,29115.69921875,29628.19921875,39800
2023-07-13,^NSEI,19495.19921875,19567,19385.80078125,19413.75,310400
2023-07-14,ITBEES.NS,31.420000076293945,32.5,31.239999771118164,32.419998168945312,17791917
2023-07-14,^CNXIT,29860.55078125,31017.55078125,29847.05078125,30945.5,53600
2023-07-14,^NSEI,19493.44921875,19595.349609375,19433.5,19564.5,291200
2023-07-17,ITBEES.NS,32.5,33.200000762939453,32.400001525878906,32.580001831054688,15900581
2023-07-17,^CNXIT,31007.599609375,31658.099609375,30805,31041.599609375,51100
2023-07-17,^NSEI,19612.150390625,19731.849609375,19562.94921875,19711.44921875,268700
2023-07-18,ITBEES.NS,32.939998626708984,33,32.400001525878906,32.919998168945312,8246711
2023-07-18,^CNXIT,31089.900390625,31491.75,30865.849609375,31371.150390625,37100
2023-07-18,^NSEI,19787.5,19819.44921875,19690.19921875,19749.25,286400
2023-07-19,ITBEES.NS,32.990001678466797,33.299999237060547,32.639999389648438,32.909999847412109,7007118
2023-07-19,^CNXIT,31490.44921875,31653.849609375,31068.150390625,31353.55078125,30000
2023-07-19,^NSEI,19802.94921875,19851.69921875,19727.44921875,19833.150390625,259700
2023-07-20,ITBEES.NS,33,33,32.590000152587891,32.759998321533203,5164401
2023-07-20,^CNXIT,31292.349609375,31348.599609375,30960.75,31145.94921875,20500
2023-07-20,^NSEI,19831.69921875,19991.849609375,19758.400390625,19979.150390625,274700
2023-07-21,ITBEES.NS,32.689998626708984,32.689998626708984,31.319999694824219,31.430000305175781,26631865
2023-07-21,^CNXIT,29854.25,30338.099609375,29701.19921875,29871.05078125,78300
2023-07-21,^NSEI,19800.44921875,19887.400390625,19700,19745,312500
2023-07-24,ITBEES.NS,31.590000152587891,31.770000457763672,31.350000381469727,31.409999847412109,5518476
2023-07-24,^CNXIT,29993.849609375,30112.900390625,29807.150390625,29843.44921875,21700
2023-07-24,^NSEI,19748.44921875,19782.75,19658.30078125,19672.349609375,265600
2023-07-25,ITBEES.NS,31.420000076293945,31.719999313354492,31.25,31.319999694824219,4262851
2023-07-25,^CNXIT,29899,29921.400390625,29685.400390625,29761.150390625,18000
2023-07-25,^NSEI,19729.349609375,19729.349609375,19615.94921875,19680.599609375,369700
2023-07-26,ITBEES.NS,31.340000152587891,31.540000915527344,31.340000152587891,31.370000839233398,3460430
2023-07-26,^CNXIT,29854.400390625,29988.900390625,29770.19921875,29800.400390625,16000
2023-07-26,^NSEI,19733.349609375,19825.599609375,19716.69921875,19778.30078125,244700
2023-07-27,ITBEES.NS,31.479999542236328,31.5,31.229999542236328,31.309999465942383,5254347
2023-07-27,^CNXIT,29826,29895,29670.5,29745,36200
2023-07-27,^NSEI,19850.900390625,19867.55078125,19603.55078125,19659.900390625,334900
2023-07-28,ITBEES.NS,31.469999313354492,31.469999313354492,30.879999160766602,31.049999237060547,6702575
2023-07-28,^CNXIT,29741.150390625,29829.75,29339.349609375,29490.25,19400
2023-07-28,^NSEI,19659.75,19695.900390625,19563.099609375,19646.05078125,258700
2023-07-31,ITBEES.NS,31.059999465942383,31.5,31.049999237060547,31.469999313354492,4614644
2023-07-31,^CNXIT,29605.5,29951.599609375,29452.349609375,29928.44921875,22500
2023-07-31,^NSEI,19666.349609375,19772.75,19597.599609375,19753.80078125,295100
2023-08-01,ITBEES.NS,31.469999313354492,31.850000381469727,31.409999847412109,31.780000686645508,5390920
2023-08-01,^CNXIT,29998.150390625,30348.75,29948,30288.650390625,20700
2023-08-01,^NSEI,19784,19795.599609375,19704.599609375,19733.55078125,298000
2023-08-02,ITBEES.NS,32.439998626708984,32.439998626708984,31.309999465942383,31.579999923706055,4442374
2023-08-02,^CNXIT,30253.099609375,30259.400390625,29801.55078125,30043.599609375,19300
2023-08-02,^NSEI,19655.400390625,19678.25,19423.55078125,19526.55078125,290700
2023-08-03,ITBEES.NS,31.549999237060547,31.600000381469727,31.25,31.489999771118164,3441688
2023-08-03,^CNXIT,29913.650390625,30054.349609375,29685.150390625,29971.150390625,17300
2023-08-03,^NSEI,19463.75,19537.650390625,19296.44921875,19381.650390625,315700
2023-08-04,ITBEES.NS,31.629999160766602,32.090000152587891,31.5,31.959999084472656,7368929
2023-08-04,^CNXIT,30082.55078125,30555.80078125,30027.30078125,30436.099609375,22500
2023-08-04,^NSEI,19462.80078125,19538.849609375,19436.44921875,19517,280800
2023-08-07,ITBEES.NS,31.959999084472656,32.349998474121094,31.959999084472656,32.299999237060547,5578693
2023-08-07,^CNXIT,30582.44921875,30809,30451.349609375,30779.25,15000
2023-08-07,^NSEI,19576.849609375,19620.44921875,19524.80078125,19597.30078125,216600
2023-08-08,ITBEES.NS,32.5,32.5,32.200000762939453,32.360000610351562,4321466
2023-08-08,^CNXIT,30817.25,30910.55078125,30670.150390625,30824.94921875,22500
2023-08-08,^NSEI,19627.19921875,19634.400390625,19533.099609375,19570.849609375,260300
2023-08-09,ITBEES.NS,32.229999542236328,32.5,32.130001068115234,32.479999542236328,4360598
2023-08-09,^CNXIT,30772.5,30964.69921875,30590.55078125,30940.05078125,17000
2023-08-09,^NSEI,19578.80078125,19645.5,19467.5,19632.55078125,266500
2023-08-10,ITBEES.NS,32.479999542236328,32.889999389648438,32.330001831054688,32.389999389648438,2932817
2023-08-10,^CNXIT,30845.650390625,30967.75,30722.19921875,30867,16900
2023-08-10,^NSEI,19605.55078125,19623.599609375,19495.400390625,19543.099609375,312200
2023-08-11,ITBEES.NS,32.430000305175781,32.689998626708984,32.340000152587891,32.419998168945312,4228524
2023-08-11,^CNXIT,30950.30078125,31164.30078125,30764.5,30819.150390625,23300
2023-08-11,^NSEI,19554.25,19557.75,19412.75,19428.30078125,235500
2023-08-14,ITBEES.NS,32.419998168945312,32.639999389648438,32.110000610351562,32.549999237060547,4591187
2023-08-14,^CNXIT,30755.80078125,31058.900390625,30570.5,31028.900390625,13700
2023-08-14,^NSEI,19383.94921875,19465.849609375,19257.900390625,19434.55078125,243900
2023-08-16,ITBEES.NS,32.959999084472656,32.959999084472656,32.299999237060547,32.75,4747272
2023-08-16,^CNXIT,31129.30078125,31304.75,31047,31212.099609375,0
2023-08-16,^NSEI,19369,19482.75,19317.19921875,19465,0
2023-08-17,ITBEES.NS,32.770000457763672,32.869998931884766,32.5,32.619998931884766,2853560
2023-08-17,^CNXIT,31205.30078125,31238.25,30885.400390625,31060.19921875,17300
2023-08-17,^NSEI,19450.55078125,19461.55078125,19326.25,19365.25,268700
2023-08-18,ITBEES.NS,32.639999389648438,32.650001525878906,32.099998474121094,32.220001220703125,5938412
2023-08-18,^CNXIT,30907.44921875,30934.099609375,30515,30604.05078125,20000
2023-08-18,^NSEI,19301.75,19373.80078125,19253.599609375,19310.150390625,256100
2023-08-21,ITBEES.NS,32.689998626708984,32.689998626708984,32.099998474121094,32.459999084472656,2748368
2023-08-21,^CNXIT,30626.25,30987.650390625,30597.05078125,30937.599609375,12900
2023-08-21,^NSEI,19320.650390625,19425.94921875,19296.30078125,19393.599609375,262600
2023-08-22,ITBEES.NS,32.490001678466797,32.599998474121094,32.349998474121094,32.490001678466797,3352457
2023-08-22,^CNXIT,30973.900390625,31024.599609375,30785.69921875,30902.400390625,11400
2023-08-22,^NSEI,19417.099609375,19443.5,19381.30078125,19396.44921875,208700
2023-08-23,ITBEES.NS,33,33,32.419998168945312,32.5,2868215
2023-08-23,^CNXIT,31036.94921875,31084.650390625,30887.44921875,30924.099609375,12200
2023-08-23,^NSEI,19439.19921875,19472.05078125,19366.599609375,19444,225200
2023-08-24,ITBEES.NS,32.520000457763672,32.759998321533203,32.520000457763672,32.650001525878906,3081903
2023-08-24,^CNXIT,31084.55078125,31212.44921875,31004.75,31112.150390625,37500
2023-08-24,^NSEI,19535.150390625,19584.44921875,19369,19386.69921875,268300
2023-08-25,ITBEES.NS,32.639999389648438,32.639999389648438,32.299999237060547,32.409999847412109,2831595
2023-08-25,^CNXIT,30907.849609375,30998.94921875,30803,30914.55078125,15200
2023-08-25,^NSEI,19297.400390625,19339.55078125,19229.69921875,19265.80078125,466500
2023-08-28,ITBEES.NS,32.419998168945312,32.639999389648438,32.270000457763672,32.299999237060547,2216996
2023-08-28,^CNXIT,30975.349609375,31025.75,30745,30773.599609375,11100
2023-08-28,^NSEI,19298.349609375,19366.849609375,19249.69921875,19306.05078125,248200
2023-08-29,ITBEES.NS,32.479999542236328,32.5,32.310001373291016,32.389999389648438,1862725
2023-08-29,^CNXIT,30899.94921875,30978.25,30784.849609375,30866.05078125,11400
2023-08-29,^NSEI,19374.849609375,19377.900390625,19309.099609375,19342.650390625,307400
2023-08-30,ITBEES.NS,32.959999084472656,32.959999084472656,32.509998321533203,32.729999542236328,5078770
2023-08-30,^CNXIT,31069.849609375,31197.75,31023.75,31103.900390625,11800
2023-08-30,^NSEI,19433.44921875,19452.80078125,19334.75,19347.44921875,233000
2023-08-31,ITBEES.NS,32.909999847412109,33,32.650001525878906,32.720001220703125,5243808
2023-08-31,^CNXIT,31175.099609375,31428,31067.69921875,31164.900390625,35300
2023-08-31,^NSEI,19375.55078125,19388.19921875,19223.650390625,19253.80078125,562600
2023-09-01,ITBEES.NS,32.680000305175781,33.119998931884766,32.349998474121094,33.069999694824219,5183323
2023-09-01,^CNXIT,31166.599609375,31550.94921875,31149.25,31514.349609375,14300
2023-09-01,^NSEI,19258.150390625,19458.55078125,19255.69921875,19435.30078125,333000
2023-09-04,ITBEES.NS,33.349998474121094,33.860000610351562,33.049999237060547,33.819999694824219,10409479
2023-09-04,^CNXIT,31552.5,32197.849609375,31454.5,32163.94921875,30800
2023-09-04,^NSEI,19525.05078125,19545.150390625,19432.849609375,19528.80078125,296800
2023-09-05,ITBEES.NS,34.299999237060547,34.299999237060547,33.650001525878906,33.970001220703125,7150162
2023-09-05,^CNXIT,32207.400390625,32482.650390625,32014.94921875,32365.30078125,24000
2023-09-05,^NSEI,19564.650390625,19587.05078125,19525.75,19574.900390625,256800
2023-09-06,ITBEES.NS,33.099998474121094,34.209999084472656,32.680000305175781,33.950000762939453,5404696
2023-09-06,^CNXIT,32437.849609375,32515.05078125,32038.55078125,32312.30078125,19400
2023-09-06,^NSEI,19581.19921875,19636.44921875,19491.5,19611.05078125,287600
2023-09-07,ITBEES.NS,33.959999084472656,34.139999389648438,33.799999237060547,34.049999237060547,4118840
2023-09-07,^CNXIT,32264.5,32497.650390625,32153.400390625,32448.349609375,17700
2023-09-07,^NSEI,19598.650390625,19737,19550.05078125,19727.05078125,304900
2023-09-08,ITBEES.NS,34.060001373291016,34.240001678466797,34,34.069999694824219,3542507
2023-09-08,^CNXIT,32450.75,32561.25,32353.400390625,32415.650390625,12700
2023-09-08,^NSEI,19774.80078125,19867.150390625,19727.05078125,19819.94921875,288100
2023-09-11,ITBEES.NS,34.069999694824219,34.5,34.049999237060547,34.279998779296875,4928562
2023-09-11,^CNXIT,32531,32674.44921875,32458.05078125,32642.80078125,15300
2023-09-11,^NSEI,19890,20008.150390625,19865.349609375,19996.349609375,248800
2023-09-12,ITBEES.NS,34.349998474121094,34.849998474121094,34.029998779296875,34.680000305175781,9603553
2023-09-12,^CNXIT,32758.55078125,33114.1484375,32429.5,32977.8984375,24400
2023-09-12,^NSEI,20110.150390625,20110.349609375,19914.650390625,19993.19921875,328100
2023-09-13,ITBEES.NS,34.990001678466797,35,34.409999847412109,34.599998474121094,5104094
2023-09-13,^CNXIT,32943.1484375,32982.3515625,32713.099609375,32886.69921875,14900
2023-09-13,^NSEI,19989.5,20096.900390625,19944.099609375,20070,251400
2023-09-14,ITBEES.NS,34.700000762939453,34.939998626708984,34.299999237060547,34.720001220703125,5474816
2023-09-14,^CNXIT,32991.44921875,33240.19921875,32949.55078125,33045.3984375,24000
2023-09-14,^NSEI,20127.94921875,20167.650390625,20043.44921875,20103.099609375,275100
2023-09-15,ITBEES.NS,34.970001220703125,35.139999389648438,34.779998779296875,35.069999694824219,5518889
2023-09-15,^CNXIT,33216.8984375,33402.75,33156.19921875,33355.05078125,31900
2023-09-15,^NSEI,20156.44921875,20222.44921875,20129.69921875,20192.349609375,438200
2023-09-18,ITBEES.NS,35.080001831054688,35.340000152587891,34.75,34.819999694824219,5119972
2023-09-18,^CNXIT,33255.1015625,33266.8984375,33030.3515625,33129.5,14200
2023-09-18,^NSEI,20155.94921875,20195.349609375,20115.69921875,20133.30078125,264900
2023-09-20,ITBEES.NS,35,35,34.459999084472656,34.599998474121094,4390674
2023-09-20,^CNXIT,32860.8984375,33167.30078125,32851.75,32949.19921875,16600
2023-09-20,^NSEI,19980.75,20050.650390625,19878.849609375,19901.400390625,378100
2023-09-21,ITBEES.NS,34.490001678466797,35.200000762939453,34.119998931884766,34.520000457763672,4710172
2023-09-21,^CNXIT,32849.8984375,32976.8515625,32504.75,32919.94921875,20700
2023-09-21,^NSEI,19840.55078125,19848.75,19709.94921875,19742.349609375,275100
2023-09-22,ITBEES.NS,34.450000762939453,34.799999237060547,34.299999237060547,34.590000152587891,3520423
2023-09-22,^CNXIT,32799.05078125,33109.6484375,32664.400390625,32906.30078125,22900
2023-09-22,^NSEI,19744.849609375,19798.650390625,19657.5,19674.25,246400
2023-09-25,ITBEES.NS,35.25,35.25,34.209999084472656,34.310001373291016,2910682
2023-09-25,^CNXIT,32881.3515625,32960.94921875,32581.150390625,32648.599609375,15200
2023-09-25,^NSEI,19678.19921875,19734.150390625,19601.55078125,19674.55078125,188400
2023-09-26,ITBEES.NS,34.360000610351562,34.389999389648438,34.069999694824219,34.139999389648438,2433942
2023-09-26,^CNXIT,32675.099609375,32693.25,32391.44921875,32471,12200
2023-09-26,^NSEI,19682.80078125,19699.349609375,19637.44921875,19664.69921875,204900
2023-09-27,ITBEES.NS,34.290000915527344,34.5,33.959999084472656,34.290000915527344,2185038
2023-09-27,^CNXIT,32439.05078125,32651,32339.94921875,32594.650390625,13800
2023-09-27,^NSEI,19637.05078125,19730.69921875,19554,19716.44921875,203600
2023-09-28,ITBEES.NS,34.299999237060547,34.490001678466797,33.450000762939453,33.540000915527344,5964955
2023-09-28,^CNXIT,32616.05078125,32623.349609375,31808.75,31879.599609375,26100
2023-09-28,^NSEI,19761.80078125,19766.650390625,19492.099609375,19523.55078125,352800
2023-09-29,ITBEES.NS,34.009998321533203,34.009998321533203,33.169998168945312,33.490001678466797,4880071
2023-09-29,^CNXIT,31814.650390625,32020.349609375,31514.900390625,31784.400390625,22000
2023-09-29,^NSEI,19581.19921875,19726.25,19551.05078125,19638.30078125,243500
2023-10-03,ITBEES.NS,34.150001525878906,34.150001525878906,33.130001068115234,33.349998474121094,3615285
2023-10-03,^CNXIT,31772.75,31852.650390625,31499.349609375,31717.25,14300
2023-10-03,^NSEI,19622.400390625,19623.19921875,19479.650390625,19528.75,221700
2023-10-04,ITBEES.NS,34.25,34.25,32.900001525878906,33.459999084472656,4225341
2023-10-04,^CNXIT,31531.349609375,31874.69921875,31412.5,31811.5,16000
2023-10-04,^NSEI,19446.30078125,19457.80078125,19333.599609375,19436.099609375,277100
2023-10-05,ITBEES.NS,33.740001678466797,33.990001678466797,33.5,33.759998321533203,3213103
2023-10-05,^CNXIT,31995,32368.44921875,31956.900390625,32125.400390625,21400
2023-10-05,^NSEI,19521.849609375,19576.94921875,19487.30078125,19545.75,234900
2023-10-06,ITBEES.NS,33.990001678466797,34.099998474121094,33.759998321533203,34.009998321533203,17690806
2023-10-06,^CNXIT,32251.44921875,32438.400390625,32098.80078125,32341.69921875,14000
2023-10-06,^NSEI,19621.19921875,19675.75,19589.400390625,19653.5,159100
2023-10-09,ITBEES.NS,34.020000457763672,34.25,33.75,33.880001068115234,4402773
2023-10-09,^CNXIT,32216.150390625,32638.25,32203.55078125,32308.55078125,17400
2023-10-09,^NSEI,19539.44921875,19588.94921875,19480.5,19512.349609375,165100
2023-10-10,ITBEES.NS,33.880001068115234,34.240001678466797,33.810001373291016,34.180000305175781,2726170
2023-10-10,^CNXIT,32423.94921875,32616.349609375,32200.25,32569.44921875,14500
2023-10-10,^NSEI,19565.599609375,19717.80078125,19565.44921875,19689.849609375,216600
2023-10-11,ITBEES.NS,34.479999542236328,34.590000152587891,34.110000610351562,34.209999084472656,3517380
2023-10-11,^CNXIT,32688.69921875,32981.8984375,32489.599609375,32548.05078125,24900
2023-10-11,^NSEI,19767,19839.19921875,19756.94921875,19811.349609375,213700
2023-10-12,ITBEES.NS,34.400001525878906,34.479999542236328,33.599998474121094,33.669998168945312,4053374
2023-10-12,^CNXIT,32474.150390625,32556.5,31907,32003.650390625,28500
2023-10-12,^NSEI,19822.69921875,19843.30078125,19772.650390625,19794,217900
2023-10-13,ITBEES.NS,33.610000610351562,33.639999389648438,33.009998321533203,33.459999084472656,7328280
2023-10-13,^CNXIT,31457.5,32024.349609375,31434.099609375,31807.94921875,37300
2023-10-13,^NSEI,19654.55078125,19805.400390625,19635.30078125,19751.05078125,255000
2023-10-16,ITBEES.NS,34.069999694824219,34.069999694824219,33.360000610351562,33.389999389648438,3940582
2023-10-16,^CNXIT,31831.05078125,31949.75,31710.650390625,31750.400390625,15800
2023-10-16,^NSEI,19737.25,19781.30078125,19691.849609375,19731.75,181000
2023-10-17,ITBEES.NS,33.400001525878906,34,33.389999389648438,33.430000305175781,2256798
2023-10-17,^CNXIT,31884.25,31938.19921875,31770.75,31794.900390625,13200
2023-10-17,^NSEI,19843.19921875,19849.75,19775.650390625,19811.5,185800
2023-10-18,ITBEES.NS,34.450000762939453,34.450000762939453,33.200000762939453,33.229999542236328,2489467
2023-10-18,^CNXIT,31778.55078125,31882.44921875,31568.19921875,31606.650390625,14900
2023-10-18,^NSEI,19820.44921875,19840.94921875,19659.94921875,19671.099609375,198900
2023-10-19,ITBEES.NS,34.400001525878906,34.400001525878906,33,33.220001220703125,3272926
2023-10-19,^CNXIT,31345.55078125,31667,31345.55078125,31540.05078125,31200
2023-10-19,^NSEI,19545.19921875,19681.80078125,19512.349609375,19624.69921875,230300
2023-10-20,ITBEES.NS,33.240001678466797,33.389999389648438,32.970001220703125,33.119998931884766,6325332
2023-10-20,^CNXIT,31445.44921875,31605.75,31360.5,31469.349609375,17300
2023-10-20,^NSEI,19542.150390625,19593.80078125,19518.69921875,19542.650390625,198300
2023-10-23,ITBEES.NS,33.139999389648438,33.540000915527344,32.400001525878906,32.490001678466797,20038383
2023-10-23,^CNXIT,31358.44921875,31456.099609375,30802.05078125,30848.400390625,13500
2023-10-23,^NSEI,19521.599609375,19556.849609375,19257.849609375,19281.75,176000
2023-10-25,ITBEES.NS,32.540000915527344,32.75,32.150001525878906,32.279998779296875,5078484
2023-10-25,^CNXIT,30790.349609375,31004.19921875,30469,30530.5,16600
2023-10-25,^NSEI,19286.44921875,19347.30078125,19074.150390625,19122.150390625,225300
2023-10-26,ITBEES.NS,32.240001678466797,32.25,31.790000915527344,32.040000915527344,6993128
2023-10-26,^CNXIT,30184,30312.44921875,30054.19921875,30225.650390625,28200
2023-10-26,^NSEI,19027.25,19041.69921875,18837.849609375,18857.25,300400
2023-10-27,ITBEES.NS,32.049999237060547,32.490001678466797,32.049999237060547,32.349998474121094,2624625
2023-10-27,^CNXIT,30328.25,30676.94921875,30313.94921875,30599.69921875,15100
2023-10-27,^NSEI,18928.75,19076.150390625,18926.650390625,19047.25,205200
2023-10-30,ITBEES.NS,32.5,32.900001525878906,32.189998626708984,32.360000610351562,2318989
2023-10-30,^CNXIT,30627.900390625,30698.400390625,30433.650390625,30641,11000
2023-10-30,^NSEI,19053.400390625,19158.5,18940,19140.900390625,180100
2023-10-31,ITBEES.NS,32.340000152587891,32.650001525878906,32.159999847412109,32.270000457763672,2266736
2023-10-31,^CNXIT,30765.25,30769.19921875,30396.05078125,30582.25,12400
2023-10-31,^NSEI,19232.94921875,19233.69921875,19056.44921875,19079.599609375,206000
2023-11-01,ITBEES.NS,31.809999465942383,33.099998474121094,31.809999465942383,32.099998474121094,2144257
2023-11-01,^CNXIT,30609.44921875,30694.44921875,30283.150390625,30344.849609375,10900
2023-11-01,^NSEI,19064.05078125,19096.05078125,18973.69921875,18989.150390625,194100
2023-11-02,ITBEES.NS,32.799999237060547,32.799999237060547,32.099998474121094,32.380001068115234,2185107
2023-11-02,^CNXIT,30575.80078125,30731.55078125,30495.30078125,30582.75,12400
2023-11-02,^NSEI,19120,19175.25,19064.150390625,19133.25,245600
2023-11-03,ITBEES.NS,32.680000305175781,32.729999542236328,32.459999084472656,32.590000152587891,1525450
2023-11-03,^CNXIT,30797.25,30924.849609375,30739.349609375,30779.94921875,11800
2023-11-03,^NSEI,19241,19276.25,19210.900390625,19230.599609375,189500
2023-11-06,ITBEES.NS,32.599998474121094,33.090000152587891,32.590000152587891,32.709999084472656,2072745
2023-11-06,^CNXIT,30955.349609375,31034.150390625,30863.650390625,30972.94921875,9500
2023-11-06,^NSEI,19345.849609375,19423,19309.69921875,19411.75,180700
2023-11-07,ITBEES.NS,32.889999389648438,32.889999389648438,32.610000610351562,32.759998321533203,1698448
2023-11-07,^CNXIT,30949.94921875,31052.5,30860.650390625,30981.599609375,9400
2023-11-07,^NSEI,19404.05078125,19423.5,19329.099609375,19406.69921875,198700
2023-11-08,ITBEES.NS,32.979999542236328,32.979999542236328,32.610000610351562,32.650001525878906,1617208
2023-11-08,^CNXIT,31049.75,31128.900390625,30865.25,30917.19921875,11100
2023-11-08,^NSEI,19449.599609375,19464.400390625,19401.5,19443.5,195000
2023-11-09,ITBEES.NS,32.889999389648438,32.889999389648438,32.450000762939453,32.509998321533203,1432476
2023-11-09,^CNXIT,30982.650390625,30993.05078125,30655.55078125,30717.69921875,20500
2023-11-09,^NSEI,19457.400390625,19463.900390625,19378.349609375,19395.30078125,208400
2023-11-10,ITBEES.NS,32.900001525878906,32.900001525878906,32.299999237060547,32.430000305175781,1814442
2023-11-10,^CNXIT,30623.69921875,30680.849609375,30504.099609375,30639.05078125,12700
2023-11-10,^NSEI,19351.849609375,19451.30078125,19329.44921875,19425.349609375,152200
2023-11-13,ITBEES.NS,32.740001678466797,32.889999389648438,32.330001831054688,32.400001525878906,2146157
2023-11-13,^CNXIT,30793.650390625,30810.349609375,30572.94921875,30635.849609375,8900
2023-11-13,^NSEI,19486.75,19494.400390625,19414.75,19443.55078125,189300
2023-11-15,ITBEES.NS,32.560001373291016,33.240001678466797,32.560001373291016,33.180000305175781,5216007
2023-11-15,^CNXIT,31095.80078125,31472.5,30987.75,31429.349609375,24300
2023-11-15,^NSEI,19651.400390625,19693.19921875,19579.650390625,19675.44921875,291500
2023-11-16,ITBEES.NS,33.169998168945312,34.240001678466797,33.169998168945312,34.040000915527344,9190304
2023-11-16,^CNXIT,31555.099609375,32453.650390625,31431.5,32273.349609375,26900
2023-11-16,^NSEI,19674.69921875,19875.25,19627,19765.19921875,282700
2023-11-17,ITBEES.NS,34,35,33.909999847412109,33.970001220703125,3256629
2023-11-17,^CNXIT,32288.900390625,32405.849609375,32134.650390625,32191.349609375,16400
2023-11-17,^NSEI,19674.75,19806,19667.44921875,19731.80078125,236800
2023-11-20,ITBEES.NS,33.959999084472656,34.419998168945312,33.610000610351562,34.180000305175781,4040865
2023-11-20,^CNXIT,32202.30078125,32600.349609375,32198.099609375,32383.19921875,15300
2023-11-20,^NSEI,19731.150390625,19756.44921875,19670.5,19694,173800
2023-11-21,ITBEES.NS,34.259998321533203,34.419998168945312,34.099998474121094,34.119998931884766,2506623
2023-11-21,^CNXIT,32507.75,32587.150390625,32300.05078125,32325.69921875,12400
2023-11-21,^NSEI,19770.900390625,19829.099609375,19754.05078125,19783.400390625,195000
2023-11-22,ITBEES.NS,34.150001525878906,34.400001525878906,33.299999237060547,34.369998931884766,3262526
2023-11-22,^CNXIT,32298,32583.44921875,32262.150390625,32564.400390625,11100
2023-11-22,^NSEI,19784,19825.55078125,19703.849609375,19811.849609375,184500
2023-11-23,ITBEES.NS,34.400001525878906,34.5,34.169998168945312,34.189998626708984,2019976
2023-11-23,^CNXIT,32657.150390625,32688,32334.5,32370.650390625,14200
2023-11-23,^NSEI,19828.44921875,19875.150390625,19786.75,19802,170000
2023-11-24,ITBEES.NS,34.349998474121094,34.599998474121094,33.860000610351562,33.909999847412109,2053249
2023-11-24,^CNXIT,32341,32420.44921875,32010,32055.150390625,11800
2023-11-24,^NSEI,19809.599609375,19832.849609375,19768.849609375,19794.69921875,145900
2023-11-28,ITBEES.NS,33.900001525878906,34.400001525878906,33.400001525878906,33.959999084472656,2405750
2023-11-28,^CNXIT,32115.849609375,32187.94921875,31807.849609375,32118.5,14300
2023-11-28,^NSEI,19844.650390625,19916.849609375,19800,19889.69921875,229600
2023-11-29,ITBEES.NS,33.779998779296875,34.479999542236328,33.409999847412109,34.409999847412109,5471682
2023-11-29,^CNXIT,32258.5,32633,32248.349609375,32608.400390625,18800
2023-11-29,^NSEI,19976.55078125,20104.650390625,19956.30078125,20096.599609375,236200
2023-11-30,ITBEES.NS,34.409999847412109,34.580001831054688,33.400001525878906,34.400001525878906,3654608
2023-11-30,^CNXIT,32569.80078125,32701.650390625,32455.30078125,32582.19921875,39500
2023-11-30,^NSEI,20108.5,20158.69921875,20015.849609375,20133.150390625,486600
2023-12-01,ITBEES.NS,34.590000152587891,34.590000152587891,34.330001831054688,34.419998168945312,2952631
2023-12-01,^CNXIT,32729.80078125,32729.80078125,32478.75,32598.69921875,13400
2023-12-01,^NSEI,20194.099609375,20291.55078125,20183.69921875,20267.900390625,265800
2023-12-04,ITBEES.NS,34.659999847412109,35.189998626708984,34.400001525878906,34.490001678466797,4878460
2023-12-04,^CNXIT,32888.19921875,32888.19921875,32522.44921875,32665.55078125,16800
2023-12-04,^NSEI,20601.94921875,20702.650390625,20507.75,20686.80078125,381100
2023-12-05,ITBEES.NS,34.880001068115234,34.880001068115234,34.110000610351562,34.270000457763672,5828419
2023-12-05,^CNXIT,32754,32755.19921875,32252.44921875,32479.150390625,19000
2023-12-05,^NSEI,20808.900390625,20864.05078125,20711.150390625,20855.099609375,421000
2023-12-06,ITBEES.NS,34.880001068115234,35,34.259998321533203,34.950000762939453,9286845
2023-12-06,^CNXIT,32560.150390625,33073.05078125,32529.30078125,33022.6015625,25300
2023-12-06,^NSEI,20950.75,20961.94921875,20852.150390625,20937.69921875,359200
2023-12-07,ITBEES.NS,34.959999084472656,35.200000762939453,34.759998321533203,34.840000152587891,4434974
2023-12-07,^CNXIT,33053.6484375,33111.6484375,32891.75,32961.6015625,16800
2023-12-07,^NSEI,20932.400390625,20941.25,20850.80078125,20901.150390625,275000
2023-12-08,ITBEES.NS,35,35.310001373291016,34.849998474121094,35.270000457763672,7691620
2023-12-08,^CNXIT,33098.6484375,33452.3984375,33012.69921875,33392.8984375,25700
2023-12-08,^NSEI,20934.099609375,21006.099609375,20862.69921875,20969.400390625,292400
2023-12-11,ITBEES.NS,35.270000457763672,35.979999542236328,34.819999694824219,35.400001525878906,4356364
2023-12-11,^CNXIT,33424,33615.69921875,33332.5,33514.25,16300
2023-12-11,^NSEI,20965.30078125,21026.099609375,20923.69921875,20997.099609375,212900
2023-12-12,ITBEES.NS,35.409999847412109,35.75,35.209999084472656,35.330001831054688,4860087
2023-12-12,^CNXIT,33484.80078125,33799.80078125,33358,33493.8984375,19700
2023-12-12,^NSEI,21018.55078125,21037.900390625,20867.150390625,20906.400390625,244900
2023-12-13,ITBEES.NS,35.490001678466797,35.5,34.630001068115234,34.990001678466797,6068343
2023-12-13,^CNXIT,33466.30078125,33497.44921875,32715.650390625,33066.6484375,23500
2023-12-13,^NSEI,20929.75,20950,20769.5,20926.349609375,260300
2023-12-14,ITBEES.NS,34.959999084472656,36.229999542236328,34.959999084472656,36.090000152587891,15458171
2023-12-14,^CNXIT,33451.94921875,34308.55078125,33419.1015625,34223.3515625,44000
2023-12-14,^NSEI,21110.400390625,21210.900390625,21074.44921875,21182.69921875,334400
2023-12-15,ITBEES.NS,36.090000152587891,38,36.090000152587891,37.889999389648438,25614508
2023-12-15,^CNXIT,34427.55078125,35947.6015625,34427.55078125,35782.44921875,67500
2023-12-15,^NSEI,21287.44921875,21492.30078125,21235.30078125,21456.650390625,508800
2023-12-18,ITBEES.NS,38.180000305175781,38.5,37.5,37.860000610351562,15597149
2023-12-18,^CNXIT,35707.30078125,36132,35487.94921875,35685.55078125,27600
2023-12-18,^NSEI,21434.80078125,21482.80078125,21365.349609375,21418.650390625,249700
2023-12-19,ITBEES.NS,38.950000762939453,38.950000762939453,37.150001525878906,37.389999389648438,7402764
2023-12-19,^CNXIT,35728.3984375,35762.1015625,35091.94921875,35345,20600
2023-12-19,^NSEI,21477.650390625,21505.05078125,21337.75,21453.099609375,249800
2023-12-20,ITBEES.NS,37.409999847412109,38.200000762939453,36.549999237060547,36.709999084472656,9833431
2023-12-20,^CNXIT,35492.80078125,35928.5,34621,34741.05078125,32400
2023-12-20,^NSEI,21543.5,21593,21087.349609375,21150.150390625,363900
2023-12-21,ITBEES.NS,37,37.029998779296875,34.25,36.889999389648438,5710129
2023-12-21,^CNXIT,34406.80078125,35020,34394.55078125,34846.05078125,19900
2023-12-21,^NSEI,21033.94921875,21288.349609375,20976.80078125,21255.05078125,277500
2023-12-22,ITBEES.NS,37,37.849998474121094,36.770000457763672,37.700000762939453,5761095
2023-12-22,^CNXIT,34974.6484375,35770.44921875,34740.1484375,35637.80078125,39200
2023-12-22,^NSEI,21295.849609375,21390.5,21232.44921875,21349.400390625,284700
2023-12-26,ITBEES.NS,37.799999237060547,37.799999237060547,37.060001373291016,37.549999237060547,5384568
2023-12-26,^CNXIT,35421.1484375,35682.6484375,35185.44921875,35493.44921875,40100
2023-12-26,^NSEI,21365.19921875,21477.150390625,21329.44921875,21441.349609375,219500
2023-12-27,ITBEES.NS,37.659999847412109,37.970001220703125,37.450000762939453,37.729999542236328,4912091
2023-12-27,^CNXIT,35557.30078125,35814.69921875,35447.1015625,35741,22900
2023-12-27,^NSEI,21497.650390625,21675.75,21495.80078125,21654.75,256500
2023-12-28,ITBEES.NS,38.990001678466797,38.990001678466797,37.619998931884766,37.720001220703125,3567491
2023-12-28,^CNXIT,35812,35850.3984375,35614.80078125,35691.6484375,21700
2023-12-28,^NSEI,21715,21801.44921875,21678,21778.69921875,393100
2023-12-29,ITBEES.NS,37.75,37.799999237060547,36.930000305175781,37.360000610351562,7634241
2023-12-29,^CNXIT,35559.3984375,35781.1015625,35395.05078125,35515,18000
2023-12-29,^NSEI,21737.650390625,21770.30078125,21676.900390625,21731.400390625,270900
2024-01-01,ITBEES.NS,38.099998474121094,38.099998474121094,37.169998168945312,37.680000305175781,4456432
2024-01-01,^CNXIT,35496.3984375,35890.75,35353.8515625,35695.8984375,17600
2024-01-01,^NSEI,21727.75,21834.349609375,21680.849609375,21741.900390625,154000
2024-01-02,ITBEES.NS,37.979999542236328,37.979999542236328,37.159999847412109,37.330001831054688,4272015
2024-01-02,^CNXIT,35668.05078125,35701.80078125,35106.1484375,35283.1015625,18400
2024-01-02,^NSEI,21751.349609375,21755.599609375,21555.650390625,21665.80078125,263700
2024-01-03,ITBEES.NS,37.330001831054688,37.330001831054688,36.349998474121094,36.430000305175781,12410567
2024-01-03,^CNXIT,35039.05078125,35076.94921875,34367.75,34395.44921875,24900
2024-01-03,^NSEI,21661.099609375,21677,21500.349609375,21517.349609375,311900
2024-01-04,ITBEES.NS,37.5,37.5,36.110000610351562,36.409999847412109,7846356
2024-01-04,^CNXIT,34552.94921875,34800.3515625,34236.6015625,34409.3984375,26900
2024-01-04,^NSEI,21605.80078125,21685.650390625,21564.55078125,21658.599609375,339200
2024-01-05,ITBEES.NS,36.700000762939453,37,36.419998168945312,36.849998474121094,5989750
2024-01-05,^CNXIT,34469.69921875,34991.55078125,34459.44921875,34851.75,24600
2024-01-05,^NSEI,21705.75,21749.599609375,21629.19921875,21710.80078125,309300
2024-01-08,ITBEES.NS,36.860000610351562,37.139999389648438,36.419998168945312,36.509998321533203,3450076
2024-01-08,^CNXIT,34876.6484375,34881.80078125,34419.75,34514.6484375,15000
2024-01-08,^NSEI,21747.599609375,21763.94921875,21492.900390625,21513,231500
2024-01-09,ITBEES.NS,36.849998474121094,37.090000152587891,36.549999237060547,36.639999389648438,4691368
2024-01-09,^CNXIT,34926.6484375,35139.3515625,34608.44921875,34662.44921875,18700
2024-01-09,^NSEI,21653.599609375,21724.44921875,21517.849609375,21544.849609375,228600
2024-01-10,ITBEES.NS,36.619998931884766,36.990001678466797,36,36.759998321533203,2865648
2024-01-10,^CNXIT,34693,34941,34546.94921875,34834.3515625,16300
2024-01-10,^NSEI,21529.30078125,21641.849609375,21448.650390625,21618.69921875,217000
2024-01-11,ITBEES.NS,36.939998626708984,37.069999694824219,36.630001068115234,36.720001220703125,3231351
2024-01-11,^CNXIT,34978.30078125,35104.94921875,34665.1015625,34735.25,21900
2024-01-11,^NSEI,21688,21726.5,21593.75,21647.19921875,212500
2024-01-12,ITBEES.NS,37.090000152587891,38.599998474121094,37.090000152587891,38.540000915527344,23489935
2024-01-12,^CNXIT,35673,36581.1015625,35659.55078125,36521.69921875,67100
2024-01-12,^NSEI,21773.55078125,21928.25,21715.150390625,21894.55078125,294700
2024-01-15,ITBEES.NS,38.540000915527344,38.540000915527344,38.540000915527344,38.540000915527344,0
2024-01-15,^CNXIT,37538.44921875,37929.30078125,37109.3515625,37201.94921875,99200
2024-01-15,^NSEI,22053.150390625,22115.55078125,21963.55078125,22097.44921875,345500
2024-01-16,ITBEES.NS,39.520000457763672,39.549999237060547,38.650001525878906,38.819999694824219,5450878
2024-01-16,^CNXIT,37132.3984375,37132.3984375,36600.44921875,36727.1015625,28800
2024-01-16,^NSEI,22080.5,22124.150390625,21969.80078125,22032.30078125,292400
2024-01-17,ITBEES.NS,38.799999237060547,39.159999847412109,38.069999694824219,38.979999542236328,7129906
2024-01-17,^CNXIT,36299.6015625,37107.19921875,36289.30078125,36960.3984375,35600
2024-01-17,^NSEI,21647.25,21851.5,21550.44921875,21571.94921875,456000
2024-01-18,ITBEES.NS,38.950000762939453,39.159999847412109,38.119998931884766,38.759998321533203,5298842
2024-01-18,^CNXIT,36784.3515625,36826.44921875,36136.3984375,36730.5,34200
2024-01-18,^NSEI,21414.19921875,21539.400390625,21285.55078125,21462.25,387300
2024-01-19,ITBEES.NS,38.740001678466797,39.430000305175781,38.740001678466797,39.209999084472656,3740394
2024-01-19,^CNXIT,37065,37263.94921875,36831.3515625,37069.25,24400
2024-01-19,^NSEI,21615.19921875,21670.599609375,21575,21622.400390625,343100
2024-01-23,ITBEES.NS,39,39.590000152587891,38.529998779296875,38.650001525878906,4578421
2024-01-23,^CNXIT,36958.30078125,37383.44921875,36424.8984375,36521.3515625,31200
2024-01-23,^NSEI,21716.69921875,21750.25,21192.599609375,21238.80078125,449700
2024-01-24,ITBEES.NS,38.650001525878906,39.5,38.599998474121094,39.270000457763672,3667414
2024-01-24,^CNXIT,36761.6015625,37174.19921875,36435.30078125,37090.1484375,23600
2024-01-24,^NSEI,21185.25,21482.349609375,21137.19921875,21453.94921875,407500
2024-01-25,ITBEES.NS,39.479999542236328,39.479999542236328,38.549999237060547,38.680000305175781,4705651
2024-01-25,^CNXIT,36938.6015625,36938.6015625,36354.1015625,36496.19921875,30800
2024-01-25,^NSEI,21454.599609375,21459,21247.05078125,21352.599609375,418100
2024-01-29,ITBEES.NS,38.840000152587891,38.840000152587891,38.560001373291016,38.689998626708984,4066832
2024-01-29,^CNXIT,36553.80078125,36653.25,36351.5,36531.8984375,18300
2024-01-29,^NSEI,21433.099609375,21763.25,21429.599609375,21737.599609375,376700
2024-01-30,ITBEES.NS,39.849998474121094,39.849998474121094,38.549999237060547,38.610000610351562,2877183
2024-01-30,^CNXIT,36682.1015625,37022.8984375,36321.1015625,36381.94921875,19500
2024-01-30,^NSEI,21775.75,21813.05078125,21501.80078125,21522.099609375,375100
2024-01-31,ITBEES.NS,38.779998779296875,38.840000152587891,38.459999084472656,38.779998779296875,2277244
2024-01-31,^CNXIT,36373.94921875,36704.5,36228.8515625,36638.3984375,25100
2024-01-31,^NSEI,21487.25,21741.349609375,21448.849609375,21725.69921875,410600
2024-02-01,ITBEES.NS,39.5,39.5,38.619998931884766,38.689998626708984,2921576
2024-02-01,^CNXIT,36632.5,36951.3984375,36451.1484375,36534.55078125,18700
2024-02-01,^NSEI,21780.650390625,21832.94921875,21658.75,21697.44921875,332500
2024-02-02,ITBEES.NS,39.450000762939453,39.849998474121094,38.840000152587891,39.479999542236328,6014295
2024-02-02,^CNXIT,36730.1484375,37663.94921875,36729.94921875,37323.25,26900
2024-02-02,^NSEI,21812.75,22126.80078125,21805.55078125,21853.80078125,442800
2024-02-05,ITBEES.NS,39.529998779296875,39.909999847412109,39.270000457763672,39.349998474121094,3646272
2024-02-05,^CNXIT,37441,37574.44921875,37097.94921875,37162.1484375,15400
2024-02-05,^NSEI,21921.05078125,21964.30078125,21726.94921875,21771.69921875,440800
2024-02-06,ITBEES.NS,39.689998626708984,40.630001068115234,39.360000610351562,40.5,15736935
2024-02-06,^CNXIT,37267.1484375,38286,37161.6015625,38246.30078125,36900
2024-02-06,^NSEI,21825.19921875,21951.400390625,21737.55078125,21929.400390625,371000
2024-02-07,ITBEES.NS,40.939998626708984,40.939998626708984,40.020000457763672,40.090000152587891,5685985
2024-02-07,^CNXIT,38345.3984375,38373.44921875,37734.55078125,37767.75,17800
2024-02-07,^NSEI,22045.05078125,22053.30078125,21860.150390625,21930.5,346300
2024-02-08,ITBEES.NS,40.900001525878906,41,39.930000305175781,40.159999847412109,2897142
2024-02-08,^CNXIT,37893.44921875,38101.5,37625.75,37851.6015625,20900
2024-02-08,^NSEI,22009.650390625,22011.05078125,21665.30078125,21717.94921875,491100
2024-02-09,ITBEES.NS,40.270000457763672,40.319999694824219,39.729999542236328,40,2883902
2024-02-09,^CNXIT,37891.5,38082.05078125,37443.75,37699.25,16100
2024-02-09,^NSEI,21727,21804.44921875,21629.900390625,21782.5,349200
2024-02-12,ITBEES.NS,40.380001068115234,40.520000457763672,40.009998321533203,40.189998626708984,5296231
2024-02-12,^CNXIT,37770,38285.3515625,37770,37998,38300
2024-02-12,^NSEI,21800.80078125,21831.69921875,21574.75,21616.05078125,287400
2024-02-13,ITBEES.NS,40.369998931884766,40.479999542236328,39.799999237060547,40.439998626708984,2683402
2024-02-13,^CNXIT,38070.3984375,38258.5,37605.30078125,38204,20500
2024-02-13,^NSEI,21664.30078125,21766.80078125,21543.349609375,21743.25,365800
2024-02-14,ITBEES.NS,40.290000915527344,40.290000915527344,39.490001678466797,40.020000457763672,5412853
2024-02-14,^CNXIT,37724.75,37844.69921875,37200.05078125,37775.3984375,23000
2024-02-14,^NSEI,21578.150390625,21870.849609375,21530.19921875,21840.05078125,359100
2024-02-15,ITBEES.NS,41,41,39.930000305175781,40.200000762939453,5240723
2024-02-15,^CNXIT,38053.30078125,38270.44921875,37735.6015625,37999.55078125,19200
2024-02-15,^NSEI,21906.55078125,21953.849609375,21794.80078125,21910.75,345400
2024-02-16,ITBEES.NS,40.400001525878906,40.75,40.259998321533203,40.700000762939453,5214967
2024-02-16,^CNXIT,38211.55078125,38516.55078125,38131.8515625,38477.05078125,29500
2024-02-16,^NSEI,22020.30078125,22068.650390625,21968.94921875,22040.69921875,343900
2024-02-19,ITBEES.NS,40.700000762939453,41,40.299999237060547,40.580001831054688,5575408
2024-02-19,^CNXIT,38526.94921875,38559.8515625,38042.6484375,38363.19921875,17700
2024-02-19,^NSEI,22103.44921875,22186.650390625,22021.05078125,22122.25,0
2024-02-20,ITBEES.NS,40.569999694824219,40.569999694824219,40.020000457763672,40.259998321533203,4076718
2024-02-20,^CNXIT,38190.75,38347.8984375,37780.19921875,38029.69921875,15700
2024-02-20,^NSEI,22099.19921875,22215.599609375,22045.849609375,22196.94921875,295700
2024-02-21,ITBEES.NS,41.450000762939453,41.450000762939453,39.599998474121094,39.669998168945312,4984911
2024-02-21,^CNXIT,37938.8515625,38001.44921875,37302.6015625,37405.8984375,18900
2024-02-21,^NSEI,22248.849609375,22249.400390625,21997.94921875,22055.05078125,364500
2024-02-22,ITBEES.NS,39.909999847412109,40.400001525878906,39.680000305175781,40.340000152587891,4080251
2024-02-22,^CNXIT,37535.75,38192.1015625,37395.3515625,38130.1484375,23900
2024-02-22,^NSEI,22081.55078125,22252.5,21875.25,22217.44921875,343500
2024-02-23,ITBEES.NS,41.560001373291016,41.560001373291016,40.209999084472656,40.299999237060547,3214636
2024-02-23,^CNXIT,38487.5,38490.44921875,37980.1015625,38045.6484375,22900
2024-02-23,^NSEI,22290,22297.5,22186.099609375,22212.69921875,226000
2024-02-26,ITBEES.NS,40.799999237060547,40.799999237060547,39.680000305175781,39.889999389648438,3811759
2024-02-26,^CNXIT,37991.8984375,38005.8515625,37384.8984375,37598.6484375,14500
2024-02-26,^NSEI,22169.19921875,22202.150390625,22075.150390625,22122.05078125,207800
2024-02-27,ITBEES.NS,40.200000762939453,40.200000762939453,39.849998474121094,40.080001831054688,2922186
2024-02-27,^CNXIT,37606.69921875,37929.30078125,37606.69921875,37870.25,17900
2024-02-27,^NSEI,22090.19921875,22218.25,22085.650390625,22198.349609375,252200
2024-02-28,ITBEES.NS,40.389999389648438,40.389999389648438,39.799999237060547,39.970001220703125,3221399
2024-02-28,^CNXIT,37926.6484375,38138.3515625,37594.5,37741.75,14800
2024-02-28,^NSEI,22214.099609375,22229.150390625,21915.849609375,21951.150390625,203000
2024-02-29,ITBEES.NS,40.139999389648438,40.139999389648438,39.639999389648438,39.970001220703125,2789861
2024-02-29,^CNXIT,37616.19921875,37896.05078125,37414.94921875,37720.3984375,26400
2024-02-29,^NSEI,21935.19921875,22060.55078125,21860.650390625,21982.80078125,360200
2024-03-01,ITBEES.NS,41.150001525878906,41.150001525878906,39.759998321533203,39.810001373291016,2905176
2024-03-01,^CNXIT,37823.69921875,37888.8515625,37462.8515625,37516.05078125,18800
2024-03-01,^NSEI,22048.30078125,22353.30078125,22047.75,22338.75,351500
2024-03-04,ITBEES.NS,40.5,40.5,39.560001373291016,39.599998474121094,3799461
2024-03-04,^CNXIT,37634.25,37733.25,37279.44921875,37314.80078125,14500
2024-03-04,^NSEI,22403.5,22440.900390625,22358.30078125,22405.599609375,298800
2024-03-05,ITBEES.NS,39.840000152587891,39.840000152587891,38.880001068115234,38.990001678466797,7772637
2024-03-05,^CNXIT,37180.05078125,37202.30078125,36613.1015625,36720.75,18100
2024-03-05,^NSEI,22371.25,22416.900390625,22269.150390625,22356.30078125,296200
2024-03-06,ITBEES.NS,38.979999542236328,39.299999237060547,38.349998474121094,39.209999084472656,7049288
2024-03-06,^CNXIT,36627.6484375,37050.1484375,36134,37001.80078125,20100
2024-03-06,^NSEI,22327.5,22497.19921875,22224.349609375,22474.05078125,312300
2024-03-07,ITBEES.NS,39.200000762939453,39.520000457763672,39.060001373291016,39.349998474121094,3365770
2024-03-07,^CNXIT,37057.94921875,37318.94921875,36838.3515625,37099.8984375,20500
2024-03-07,^NSEI,22505.30078125,22525.650390625,22430,22493.55078125,379900
2024-03-11,ITBEES.NS,39.549999237060547,39.549999237060547,39.060001373291016,39.220001220703125,3606303
2024-03-11,^CNXIT,37082,37203.8515625,36820.3515625,36988.30078125,21000
2024-03-11,^NSEI,22517.5,22526.599609375,22307.25,22332.650390625,277900
2024-03-12,ITBEES.NS,39.25,39.75,39.220001220703125,39.369998931884766,4062509
2024-03-12,^CNXIT,36991.5,37568.94921875,36981.69921875,37224.25,20600
2024-03-12,^NSEI,22334.44921875,22452.55078125,22256,22335.69921875,299200
2024-03-13,ITBEES.NS,39.669998168945312,39.720001220703125,38.810001373291016,39.009998321533203,4965530
2024-03-13,^CNXIT,37320.80078125,37556.6015625,36689.1015625,36946.44921875,21800
2024-03-13,^NSEI,22432.19921875,22446.75,21905.650390625,21997.69921875,493300
2024-03-14,ITBEES.NS,38.970001220703125,39.950000762939453,38.740001678466797,39.849998474121094,5253987
2024-03-14,^CNXIT,36901.8984375,37723.3515625,36607.6484375,37679.6015625,26000
2024-03-14,^NSEI,21982.55078125,22204.599609375,21917.5,22146.650390625,426700
2024-03-15,ITBEES.NS,40.240001678466797,40.240001678466797,39.450000762939453,39.680000305175781,1975278
2024-03-15,^CNXIT,37524.3515625,37592.05078125,37264.8984375,37500.69921875,30300
2024-03-15,^NSEI,22064.849609375,22120.900390625,21931.69921875,22023.349609375,661500
2024-03-18,ITBEES.NS,39.880001068115234,39.880001068115234,39,39.119998931884766,2912656
2024-03-18,^CNXIT,37458.8515625,37522.8515625,36746.6015625,36886.05078125,14300
2024-03-18,^NSEI,21990.099609375,22123.69921875,21916.55078125,22055.69921875,356300
2024-03-19,ITBEES.NS,39.119998931884766,39.330001831054688,37.950000762939453,38.020000457763672,9009582
2024-03-19,^CNXIT,36562,36573.05078125,35783.3984375,35814.6484375,25700
2024-03-19,^NSEI,21946.44921875,21978.30078125,21793.099609375,21817.44921875,344200
2024-03-20,ITBEES.NS,38.400001525878906,38.400001525878906,37.860000610351562,37.930000305175781,4078219
2024-03-20,^CNXIT,35875.6015625,36115.19921875,35697.8515625,35748.8984375,15000
2024-03-20,^NSEI,21843.900390625,21930.900390625,21710.19921875,21839.099609375,312400
2024-03-21,ITBEES.NS,38.479999542236328,38.479999542236328,38,38.200000762939453,3162495
2024-03-21,^CNXIT,36039.19921875,36296.3515625,35816.80078125,36026.80078125,26600
2024-03-21,^NSEI,21989.900390625,22080.94921875,21941.30078125,22011.94921875,353200
2024-03-22,ITBEES.NS,39.349998474121094,39.349998474121094,36.869998931884766,37.409999847412109,14130955
2024-03-22,^CNXIT,35256.6015625,35419.25,34701.75,35188.3984375,48800
2024-03-22,^NSEI,21932.19921875,22180.69921875,21883.30078125,22096.75,388700
2024-03-26,ITBEES.NS,37.799999237060547,37.799999237060547,37.080001831054688,37.110000610351562,5964137
2024-03-26,^CNXIT,35003.1015625,35400.1484375,34938,34969.1015625,29100
2024-03-26,^NSEI,21947.900390625,22073.19921875,21947.55078125,22004.69921875,328400
2024-03-27,ITBEES.NS,37.979999542236328,37.979999542236328,36.840000152587891,36.889999389648438,5545566
2024-03-27,^CNXIT,35057.3984375,35121.55078125,34693.6015625,34744.3515625,22400
2024-03-27,^NSEI,22053.94921875,22193.599609375,22052.849609375,22123.650390625,409100
2024-03-28,ITBEES.NS,37.299999237060547,37.380001068115234,36.689998626708984,37.049999237060547,7905004
2024-03-28,^CNXIT,34862.6015625,35203.25,34786.6484375,34898.1484375,35100
2024-03-28,^NSEI,22163.599609375,22516,22163.599609375,22326.900390625,410500
2024-04-01,ITBEES.NS,37.880001068115234,37.880001068115234,37.090000152587891,37.180000305175781,5661691
2024-04-01,^CNXIT,35224,35265.30078125,34963.80078125,35042.80078125,16258200
2024-04-01,^NSEI,22455,22529.94921875,22427.75,22462,0
2024-04-02,ITBEES.NS,37.5,37.5,36.900001525878906,36.930000305175781,7846447
2024-04-02,^CNXIT,34900.1484375,34984.3515625,34769.8984375,34793.94921875,17500
2024-04-02,^NSEI,22458.80078125,22497.599609375,22388.150390625,22453.30078125,289500
2024-04-03,ITBEES.NS,37.229999542236328,37.369998931884766,36.770000457763672,37.159999847412109,8340853
2024-04-03,^CNXIT,34682.6015625,35289.69921875,34626.19921875,35047.3984375,27300
2024-04-03,^NSEI,22385.69921875,22521.099609375,22346.5,22434.650390625,309600
2024-04-04,ITBEES.NS,37.630001068115234,37.729999542236328,37.060001373291016,37.590000152587891,11420567
2024-04-04,^CNXIT,35314.69921875,35649.6015625,34915.1484375,35426.69921875,31100
2024-04-04,^NSEI,22592.099609375,22619,22303.80078125,22514.650390625,401000
2024-04-05,ITBEES.NS,37.869998931884766,37.880001068115234,37.25,37.419998168945312,9797175
2024-04-05,^CNXIT,35331.80078125,35371.1015625,35146.5,35247.8984375,15000
2024-04-05,^NSEI,22486.400390625,22537.599609375,22427.599609375,22513.69921875,242200
2024-04-08,ITBEES.NS,37.200000762939453,37.979999542236328,37.009998321533203,37.209999084472656,16304144
2024-04-08,^CNXIT,35381,35429.94921875,35018.6015625,35064.1484375,27200
2024-04-08,^NSEI,22578.349609375,22697.30078125,22550.349609375,22666.30078125,227600
2024-04-09,ITBEES.NS,37.630001068115234,37.680000305175781,37.130001068115234,37.180000305175781,9860107
2024-04-09,^CNXIT,35241.8984375,35568.80078125,35002.80078125,35079.3515625,24200
2024-04-09,^NSEI,22765.099609375,22768.400390625,22612.25,22642.75,232400
2024-04-10,ITBEES.NS,37.849998474121094,37.849998474121094,37.090000152587891,37.400001525878906,5876551
2024-04-10,^CNXIT,35191.1484375,35350.6015625,34952.25,35293.1484375,19200
2024-04-10,^NSEI,22720.25,22775.69921875,22673.69921875,22753.80078125,276800
2024-04-12,ITBEES.NS,37.450000762939453,37.700000762939453,37.150001525878906,37.180000305175781,6746323
2024-04-12,^CNXIT,35222.55078125,35363.6015625,34980.8515625,35018.1015625,31900
2024-04-12,^NSEI,22677.400390625,22726.44921875,22503.75,22519.400390625,357200
2024-04-15,ITBEES.NS,37.25,37.25,36.450000762939453,36.569999694824219,12441561
2024-04-15,^CNXIT,34845.80078125,35188.1484375,34335.1484375,34463.6015625,26100
2024-04-15,^NSEI,22339.05078125,22427.44921875,22259.55078125,22272.5,355500
2024-04-16,ITBEES.NS,36.610000610351562,36.610000610351562,35.580001831054688,35.639999389648438,20716835
2024-04-16,^CNXIT,34108.6015625,34175.6015625,33504.3515625,33574.94921875,37500
2024-04-16,^NSEI,22125.30078125,22213.75,22079.44921875,22147.900390625,317300
2024-04-18,ITBEES.NS,35.900001525878906,36.450000762939453,35.5,35.560001373291016,15586463
2024-04-18,^CNXIT,33746.3984375,34102.1484375,33445.3515625,33498.6484375,47200
2024-04-18,^NSEI,22212.349609375,22326.5,21961.69921875,21995.849609375,456900
2024-04-19,ITBEES.NS,35.400001525878906,35.590000152587891,34.75,35.419998168945312,11424718
2024-04-19,^CNXIT,33047.3515625,33538.55078125,32915.5,33368.30078125,43300
2024-04-19,^NSEI,21861.5,22179.55078125,21777.650390625,22147,362500
2024-04-22,ITBEES.NS,35.430000305175781,35.729999542236328,35.319999694824219,35.590000152587891,7913821
2024-04-22,^CNXIT,33488.75,33627.55078125,33341.6484375,33538.80078125,25300
2024-04-22,^NSEI,22336.900390625,22375.650390625,22198.150390625,22336.400390625,279300
2024-04-23,ITBEES.NS,35.709999084472656,35.939998626708984,35.630001068115234,35.759998321533203,4983145
2024-04-23,^CNXIT,33752.8515625,33803.8515625,33614.25,33714.55078125,18900
2024-04-23,^NSEI,22447.05078125,22447.55078125,22349.44921875,22368,231500
2024-04-24,ITBEES.NS,35.849998474121094,35.880001068115234,35.430000305175781,35.490001678466797,5857223
2024-04-24,^CNXIT,33829.55078125,33840.1015625,33393.6484375,33442.55078125,13400
2024-04-24,^NSEI,22421.55078125,22476.44921875,22384,22402.400390625,235900
2024-04-25,ITBEES.NS,35.360000610351562,35.680000305175781,35,35.580001831054688,6289387
2024-04-25,^CNXIT,33283.44921875,33659.44921875,33283.44921875,33554.44921875,29000
2024-04-25,^NSEI,22316.900390625,22625.94921875,22305.25,22570.349609375,475000
2024-04-26,ITBEES.NS,36.650001525878906,36.650001525878906,35.549999237060547,35.680000305175781,10684272
2024-04-26,^CNXIT,33743.1015625,34307.44921875,33574.6015625,33666.25,51300
2024-04-26,^NSEI,22620.400390625,22620.400390625,22385.55078125,22419.94921875,329900
2024-04-29,ITBEES.NS,35.680000305175781,35.979999542236328,35.569999694824219,35.630001068115234,7041915
2024-04-29,^CNXIT,33640.75,33792.8515625,33527.05078125,33579.3984375,28000
2024-04-29,^NSEI,22475.55078125,22655.80078125,22441.900390625,22643.400390625,292000
2024-04-30,ITBEES.NS,35.860000610351562,35.880001068115234,35.189998626708984,35.25,9652261
2024-04-30,^CNXIT,33547.69921875,33688.94921875,33145.8984375,33200.94921875,25700
2024-04-30,^NSEI,22679.650390625,22783.349609375,22568.400390625,22604.849609375,361900
2024-05-02,ITBEES.NS,35.259998321533203,35.540000915527344,35.069999694824219,35.229999542236328,6170773
2024-05-02,^CNXIT,33059.30078125,33332.19921875,33059.30078125,33203.3515625,30400
2024-05-02,^NSEI,22567.849609375,22710.5,22567.849609375,22648.19921875,445900
2024-05-03,ITBEES.NS,35.75,35.75,34.590000152587891,34.939998626708984,24154991
2024-05-03,^CNXIT,33248.5,33305,32690.5,32908.3984375,31100
2024-05-03,^NSEI,22766.349609375,22794.69921875,22348.05078125,22475.849609375,438100
2024-05-06,ITBEES.NS,34.990001678466797,35.349998474121094,34.950000762939453,35.229999542236328,5926628
2024-05-06,^CNXIT,33041.19921875,33435.3515625,32990.80078125,33217.1484375,18200
2024-05-06,^NSEI,22561.599609375,22588.80078125,22409.44921875,22442.69921875,320300
2024-05-07,ITBEES.NS,35.439998626708984,35.569999694824219,35.049999237060547,35.520000457763672,7025703
2024-05-07,^CNXIT,33268.1484375,33525.5,32998.19921875,33473,22600
2024-05-07,^NSEI,22489.75,22499.05078125,22232.05078125,22302.5,297800
2024-05-08,ITBEES.NS,35.590000152587891,35.680000305175781,35.299999237060547,35.409999847412109,3982928
2024-05-08,^CNXIT,33425.1484375,33489.6484375,33237.1015625,33335.1484375,21700
2024-05-08,^NSEI,22231.19921875,22368.650390625,22185.19921875,22302.5,277400
2024-05-09,ITBEES.NS,35.509998321533203,35.509998321533203,35.069999694824219,35.229999542236328,4705455
2024-05-09,^CNXIT,33275.75,33454.75,33006.94921875,33205.8515625,22500
2024-05-09,^NSEI,22224.80078125,22307.75,21932.400390625,21957.5,331300
2024-05-10,ITBEES.NS,35.299999237060547,35.369998931884766,34.810001373291016,34.889999389648438,8348418
2024-05-10,^CNXIT,33166.1015625,33178.3984375,32786.55078125,32935.1484375,20700
2024-05-10,^NSEI,21990.94921875,22131.30078125,21950.30078125,22055.19921875,265800
2024-05-13,ITBEES.NS,34.979999542236328,35.169998168945312,34.709999084472656,35.110000610351562,4826417
2024-05-13,^CNXIT,32910.6484375,33108.25,32669.25,33074.6015625,13000
2024-05-13,^NSEI,22027.94921875,22131.650390625,21821.05078125,22104.05078125,278200
2024-05-14,ITBEES.NS,35.299999237060547,35.430000305175781,34.970001220703125,35.110000610351562,5655632
2024-05-14,^CNXIT,33106.75,33321.6015625,32918.69921875,33122.8515625,12900
2024-05-14,^NSEI,22112.900390625,22270.05078125,22081.25,22217.849609375,230200
2024-05-15,ITBEES.NS,35.330001831054688,35.389999389648438,35,35.189998626708984,4181217
2024-05-15,^CNXIT,33144,33292.3515625,32986.05078125,33117.3984375,13700
2024-05-15,^NSEI,22255.599609375,22297.55078125,22151.75,22200.55078125,231900
2024-05-16,ITBEES.NS,35.330001831054688,35.849998474121094,35.330001831054688,35.720001220703125,9810797
2024-05-16,^CNXIT,33364.6484375,33705.19921875,33208.25,33668.44921875,32600
2024-05-16,^NSEI,22319.19921875,22432.25,22054.55078125,22403.849609375,368900
2024-05-17,ITBEES.NS,35.779998779296875,35.869998931884766,35.540000915527344,35.560001373291016,5464626
2024-05-17,^CNXIT,33763.8515625,33766.69921875,33361,33381.8515625,20200
2024-05-17,^NSEI,22415.25,22502.150390625,22345.650390625,22466.099609375,242700
2024-05-21,ITBEES.NS,35.709999084472656,35.729999542236328,35.200000762939453,35.509998321533203,5769600
2024-05-21,^CNXIT,33253,33453.6015625,33191.75,33379.75,21300
2024-05-21,^NSEI,22404.55078125,22591.099609375,22404.55078125,22529.05078125,347600
2024-05-22,ITBEES.NS,35.509998321533203,35.799999237060547,35.509998321533203,35.689998626708984,5245335
2024-05-22,^CNXIT,33444.25,33724.3515625,33364.1484375,33613.1015625,18800
2024-05-22,^NSEI,22576.599609375,22629.5,22483.150390625,22597.80078125,290300
2024-05-23,ITBEES.NS,35.689998626708984,36.200000762939453,35.549999237060547,36.130001068115234,13177142
2024-05-23,^CNXIT,33683.69921875,34098.05078125,33615.3515625,34042.8515625,25500
2024-05-23,^NSEI,22614.099609375,22993.599609375,22577.44921875,22967.650390625,369800
2024-05-24,ITBEES.NS,36.349998474121094,36.349998474121094,35.939998626708984,35.979999542236328,7881147
2024-05-24,^CNXIT,34024.6484375,34088.19921875,33761.69921875,33824.30078125,15500
2024-05-24,^NSEI,22930.75,23026.400390625,22908,22957.099609375,261900
2024-05-27,ITBEES.NS,36.330001831054688,36.330001831054688,35.909999847412109,36.159999847412109,9607952
2024-05-27,^CNXIT,33914.44921875,34227.05078125,33769.8984375,33995.25,35800
2024-05-27,^NSEI,23038.94921875,23110.80078125,22871.19921875,22932.44921875,260000
2024-05-28,ITBEES.NS,36.240001678466797,36.450000762939453,35.979999542236328,36.009998321533203,6232020
2024-05-28,^CNXIT,34095.6484375,34136.25,33802.05078125,33880.8515625,21800
2024-05-28,^NSEI,22977.150390625,22998.55078125,22858.5,22888.150390625,217900
2024-05-29,ITBEES.NS,36,36.189998626708984,35.680000305175781,35.709999084472656,9097126
2024-05-29,^CNXIT,33888.8984375,33888.8984375,33515.1484375,33542.69921875,20700
2024-05-29,^NSEI,22762.75,22825.5,22685.44921875,22704.69921875,269900
2024-05-30,ITBEES.NS,35.880001068115234,35.880001068115234,34.799999237060547,35.009998321533203,14837926
2024-05-30,^CNXIT,33363.8984375,33433.25,32685.349609375,32806.75,31500
2024-05-30,^NSEI,22617.44921875,22705.75,22417,22488.650390625,373400
2024-05-31,ITBEES.NS,35.180000305175781,35.180000305175781,34.580001831054688,34.700000762939453,9441633
2024-05-31,^CNXIT,32732.80078125,32816.8515625,32280.80078125,32386.099609375,76700
2024-05-31,^NSEI,22568.099609375,22653.75,22465.099609375,22530.69921875,572100
2024-06-03,ITBEES.NS,35.75,35.900001525878906,34.770000457763672,34.919998168945312,8519567
2024-06-03,^CNXIT,33114.69921875,33143.55078125,32455.80078125,32511.400390625,26500
2024-06-03,^NSEI,23337.900390625,23338.69921875,23062.30078125,23263.900390625,569400
2024-06-04,ITBEES.NS,35.189998626708984,35.479999542236328,34.009998321533203,34.759998321533203,13863225
2024-06-04,^CNXIT,32575.19921875,32594.349609375,31320.150390625,32315.55078125,37300
2024-06-04,^NSEI,23179.5,23179.5,21281.44921875,21884.5,1006100
2024-06-05,ITBEES.NS,35.799999237060547,35.799999237060547,34.700000762939453,35.299999237060547,9708298
2024-06-05,^CNXIT,32464.05078125,33319.6015625,32410.80078125,33087.94921875,26600
2024-06-05,^NSEI,22128.349609375,22670.400390625,21791.94921875,22620.349609375,638500
2024-06-06,ITBEES.NS,35.830001831054688,36.400001525878906,35.299999237060547,36.299999237060547,14809744
2024-06-06,^CNXIT,33451.69921875,34093.1484375,33343,34023.80078125,35900
2024-06-06,^NSEI,22798.599609375,22910.150390625,22642.599609375,22821.400390625,480400
2024-06-07,ITBEES.NS,36.419998168945312,37.580001831054688,36.299999237060547,37.479999542236328,34638227
2024-06-07,^CNXIT,34274.6015625,35248.1015625,34256.30078125,35169.8984375,81900
2024-06-07,^NSEI,22821.849609375,23320.19921875,22789.05078125,23290.150390625,473600
2024-06-10,ITBEES.NS,37.950000762939453,37.950000762939453,36.759998321533203,36.939998626708984,24042900
2024-06-10,^CNXIT,35140.44921875,35167.75,34360.6484375,34526.25,60800
2024-06-10,^NSEI,23319.150390625,23411.900390625,23227.150390625,23259.19921875,304400
2024-06-11,ITBEES.NS,37.090000152587891,37.169998168945312,36.860000610351562,36.919998168945312,6878129
2024-06-11,^CNXIT,34600.8515625,34751.30078125,34483.3984375,34531.44921875,16900
2024-06-11,^NSEI,23283.75,23389.44921875,23206.650390625,23264.849609375,305200
2024-06-12,ITBEES.NS,37.119998931884766,37.349998474121094,36.909999847412109,36.959999084472656,6827804
2024-06-12,^CNXIT,34860.05078125,35016.3984375,34505.8984375,34547.44921875,30300
2024-06-12,^NSEI,23344.44921875,23441.94921875,23295.94921875,23322.94921875,295600
2024-06-13,ITBEES.NS,37,37.369998931884766,37,37.279998779296875,8518419
2024-06-13,^CNXIT,34796.3984375,35039.55078125,34783.19921875,34902.05078125,27000
2024-06-13,^NSEI,23480.94921875,23481.05078125,23353.900390625,23398.900390625,268300
2024-06-14,ITBEES.NS,37.279998779296875,37.479999542236328,36.970001220703125,37.020000457763672,5402488
2024-06-14,^CNXIT,35035.69921875,35035.69921875,34568.8515625,34598.55078125,19200
2024-06-14,^NSEI,23464.94921875,23490.400390625,23334.25,23465.599609375,223100
2024-06-18,ITBEES.NS,37.040000915527344,37.25,36.909999847412109,37.130001068115234,9442814
2024-06-18,^CNXIT,34696,34917.6484375,34655.8984375,34802.94921875,28600
2024-06-18,^NSEI,23570.80078125,23579.05078125,23499.69921875,23557.900390625,272200
2024-06-19,ITBEES.NS,37.290000915527344,37.380001068115234,36.950000762939453,37.310001373291016,12419902
2024-06-19,^CNXIT,34904.8984375,35036.6484375,34604.05078125,34927.1015625,24000
2024-06-19,^NSEI,23629.849609375,23664,23412.900390625,23516,328800
2024-06-20,ITBEES.NS,37.479999542236328,37.479999542236328,37.130001068115234,37.259998321533203,5323662
2024-06-20,^CNXIT,35002.5,35002.5,34728.6015625,34936.44921875,23900
2024-06-20,^NSEI,23586.150390625,23624,23442.599609375,23567,280300
2024-06-21,ITBEES.NS,37.360000610351562,38.290000915527344,37.360000610351562,37.580001831054688,22150794
2024-06-21,^CNXIT,35474.3515625,35875.30078125,35061,35200.30078125,88800
2024-06-21,^NSEI,23661.150390625,23667.099609375,23398.19921875,23501.099609375,609900
2024-06-24,ITBEES.NS,37.689998626708984,37.689998626708984,37.270000457763672,37.479999542236328,5910322
2024-06-24,^CNXIT,35067.75,35282,34918.1484375,35143.80078125,18100
2024-06-24,^NSEI,23382.30078125,23558.099609375,23350,23537.849609375,239400
2024-06-25,ITBEES.NS,37.619998931884766,37.939998626708984,37.349998474121094,37.889999389648438,11894705
2024-06-25,^CNXIT,35146.6484375,35468,35004.8515625,35426.8984375,16000
2024-06-25,^NSEI,23577.099609375,23754.150390625,23562.05078125,23721.30078125,298100
2024-06-26,ITBEES.NS,38.150001525878906,38.150001525878906,37.759998321533203,37.830001831054688,6331539
2024-06-26,^CNXIT,35484.05078125,35593.94921875,35336,35406.6015625,18200
2024-06-26,^NSEI,23723.099609375,23889.900390625,23670.44921875,23868.80078125,287800
2024-06-27,ITBEES.NS,37.200000762939453,38.599998474121094,37.200000762939453,38.540000915527344,21294750
2024-06-27,^CNXIT,35289.25,36191.19921875,35105.69921875,36123.69921875,54800
2024-06-27,^NSEI,23881.55078125,24087.44921875,23805.400390625,24044.5,515200
2024-06-28,ITBEES.NS,38.599998474121094,38.75,38.419998168945312,38.599998474121094,10713505
2024-06-28,^CNXIT,36154.19921875,36334.6484375,36041.19921875,36157.5,29200
2024-06-28,^NSEI,24085.900390625,24174,23985.80078125,24010.599609375,354800
2024-07-01,ITBEES.NS,38.599998474121094,39.549999237060547,38.520000457763672,39.310001373291016,19417714
2024-07-01,^CNXIT,36103,37093.3515625,36085.44921875,36869.19921875,0
2024-07-01,^NSEI,23992.94921875,24164,23992.69921875,24141.94921875,0
2024-07-02,ITBEES.NS,39.400001525878906,40,39.360000610351562,39.770000457763672,20275361
2024-07-02,^CNXIT,37006.3515625,37525.44921875,36944.8984375,37299.1484375,0
2024-07-02,^NSEI,24228.75,24236.349609375,24056.400390625,24123.849609375,0
2024-07-03,ITBEES.NS,39.770000457763672,40.060001373291016,39.599998474121094,39.779998779296875,9617122
2024-07-03,^CNXIT,37439.44921875,37444,37064,37314.3515625,0
2024-07-03,^NSEI,24291.75,24309.150390625,24207.099609375,24286.5,0
2024-07-04,ITBEES.NS,39.400001525878906,40.430000305175781,39.400001525878906,40.229999542236328,13076472
2024-07-04,^CNXIT,37455.6484375,37935.1015625,37399.1015625,37725.8984375,32000
2024-07-04,^NSEI,24369.94921875,24401,24281,24302.150390625,251200
2024-07-05,ITBEES.NS,40.369998931884766,40.400001525878906,40.020000457763672,40.240001678466797,7924012
2024-07-05,^CNXIT,37754.1484375,37884.6484375,37491.3984375,37720.75,20600
2024-07-05,^NSEI,24213.349609375,24363,24168.849609375,24323.849609375,298400
2024-07-08,ITBEES.NS,40.25,40.450000762939453,40.020000457763672,40.229999542236328,7557952
2024-07-08,^CNXIT,37766,37949.80078125,37582.69921875,37742.25,20600
2024-07-08,^NSEI,24329.44921875,24344.599609375,24240.55078125,24320.55078125,266300
2024-07-09,ITBEES.NS,40.470001220703125,40.470001220703125,40.119998931884766,40.169998168945312,6096949
2024-07-09,^CNXIT,37747.30078125,37827.80078125,37603.8515625,37668.6484375,16000
2024-07-09,^NSEI,24351,24443.599609375,24331.900390625,24433.19921875,250500
2024-07-10,ITBEES.NS,40.380001068115234,40.380001068115234,39.599998474121094,39.75,10089182
2024-07-10,^CNXIT,37713.94921875,37824.6484375,37110.3515625,37280.75,23500
2024-07-10,^NSEI,24459.849609375,24461.05078125,24141.80078125,24324.44921875,292300
2024-07-11,ITBEES.NS,39.830001831054688,40.130001068115234,39.610000610351562,39.810001373291016,4097448
2024-07-11,^CNXIT,37464.8515625,37636.19921875,37108.3515625,37332.6015625,24500
2024-07-11,^NSEI,24396.55078125,24402.650390625,24193.75,24315.94921875,306400
2024-07-12,ITBEES.NS,39.810001373291016,41.849998474121094,39.810001373291016,41.610000610351562,28168620
2024-07-12,^CNXIT,37917.3515625,39237.69921875,37825.25,39023,76200
2024-07-12,^NSEI,24387.94921875,24592.19921875,24331.150390625,24502.150390625,325800
2024-07-15,ITBEES.NS,42,42.25,41.520000457763672,41.610000610351562,14001876
2024-07-15,^CNXIT,39432.1015625,39567,38831.6484375,38911.3515625,35300
2024-07-15,^NSEI,24587.599609375,24635.05078125,24522.75,24586.69921875,305400
2024-07-16,ITBEES.NS,41.869998931884766,42,41.330001831054688,41.790000915527344,10163662
2024-07-16,^CNXIT,39013.75,39280,38730.55078125,39141.5,22100
2024-07-16,^NSEI,24615.900390625,24661.25,24587.650390625,24613,283200
2024-07-18,ITBEES.NS,42.200000762939453,42.799999237060547,41.389999389648438,42.669998168945312,15190628
2024-07-18,^CNXIT,39010.3515625,40075.69921875,39010.3515625,40010.3984375,41700
2024-07-18,^NSEI,24543.80078125,24837.75,24504.44921875,24800.849609375,350900
2024-07-19,ITBEES.NS,42.709999084472656,43.490001678466797,42.5,42.610000610351562,18258460
2024-07-19,^CNXIT,40682.69921875,40682.69921875,39833.1015625,39923.30078125,63900
2024-07-19,^NSEI,24853.80078125,24854.80078125,24508.150390625,24530.900390625,343800
2024-07-22,ITBEES.NS,42.400001525878906,42.610000610351562,42.029998779296875,42.419998168945312,8670447
2024-07-22,^CNXIT,39664.8515625,39945.5,39418.44921875,39773.1484375,57200
2024-07-22,^NSEI,24445.75,24595.19921875,24362.30078125,24509.25,324200
2024-07-23,ITBEES.NS,42.880001068115234,43.040000915527344,41.709999084472656,42.909999847412109,15131374
2024-07-23,^CNXIT,39773.75,40193.8515625,39081.30078125,40044.69921875,30800
2024-07-23,^NSEI,24568.900390625,24582.55078125,24074.19921875,24479.05078125,436400
2024-07-24,ITBEES.NS,43.380001068115234,43.380001068115234,42.669998168945312,42.849998474121094,5269502
2024-07-24,^CNXIT,40003,40282.1015625,39918.75,40115.05078125,21200
2024-07-24,^NSEI,24444.94921875,24504.25,24307.25,24413.5,366600
2024-07-25,ITBEES.NS,42.860000610351562,42.909999847412109,42.419998168945312,42.759998321533203,5997832
2024-07-25,^CNXIT,39809.80078125,40198.6484375,39693.6015625,40055.5,27700
2024-07-25,^NSEI,24230.94921875,24426.150390625,24210.80078125,24406.099609375,391800
2024-07-26,ITBEES.NS,42.759998321533203,43.849998474121094,42.759998321533203,43.75,7701607
2024-07-26,^CNXIT,40164.44921875,41073.6484375,40081.8984375,40977.3515625,42900
2024-07-26,^NSEI,24423.349609375,24861.150390625,24410.900390625,24834.849609375,383800
2024-07-29,ITBEES.NS,43.75,44.220001220703125,43.319999694824219,43.709999084472656,5792599
2024-07-29,^CNXIT,41220.75,41381.1015625,40691.3515625,40820.1015625,18100
2024-07-29,^NSEI,24943.30078125,24999.75,24774.599609375,24836.099609375,355000
2024-07-30,ITBEES.NS,44.25,44.25,43.400001525878906,43.619998931884766,4444171
2024-07-30,^CNXIT,40827.1015625,40889.8984375,40561.6015625,40776.3515625,14500
2024-07-30,^NSEI,24839.400390625,24971.75,24798.650390625,24857.30078125,385000
2024-07-31,ITBEES.NS,43.799999237060547,43.970001220703125,43.520000457763672,43.680000305175781,3238317
2024-07-31,^CNXIT,40728.75,41074.05078125,40657.05078125,40851.1015625,17800
2024-07-31,^NSEI,24886.69921875,24984.599609375,24856.5,24951.150390625,333600
2024-08-01,ITBEES.NS,43.770000457763672,43.889999389648438,43.409999847412109,43.599998474121094,5142676
2024-08-01,^CNXIT,40862.3984375,41036.05078125,40537.19921875,40709.3984375,20100
2024-08-01,^NSEI,25030.94921875,25078.30078125,24956.400390625,25010.900390625,431300
2024-08-02,ITBEES.NS,43.5,43.5,42.520000457763672,42.590000152587891,14057094
2024-08-02,^CNXIT,40346.55078125,40632.25,39662.6484375,39730.30078125,24200
2024-08-02,^NSEI,24789,24851.900390625,24686.849609375,24717.69921875,345000
2024-08-05,ITBEES.NS,42.189998626708984,42.189998626708984,40.520000457763672,41.299999237060547,21849439
2024-08-05,^CNXIT,38822.55078125,39044.69921875,37829.1015625,38435.94921875,33000
2024-08-05,^NSEI,24302.849609375,24350.05078125,23893.69921875,24055.599609375,487000
2024-08-06,ITBEES.NS,41.299999237060547,42.200000762939453,40.970001220703125,41.220001220703125,5623505
2024-08-06,^CNXIT,38565.8515625,39395.3984375,38551.69921875,38624.19921875,21500
2024-08-06,^NSEI,24189.849609375,24382.599609375,23960.400390625,23992.55078125,312300
2024-08-07,ITBEES.NS,42.200000762939453,42.200000762939453,41.529998779296875,41.880001068115234,3207533
2024-08-07,^CNXIT,39269.05078125,39427.1015625,38882.94921875,39194.80078125,16000
2024-08-07,^NSEI,24289.400390625,24337.69921875,24184.900390625,24297.5,317600
2024-08-08,ITBEES.NS,41.799999237060547,41.979999542236328,41.060001373291016,41.209999084472656,3358666
2024-08-08,^CNXIT,39030.5,39098.75,38371.1484375,38448.30078125,21600
2024-08-08,^NSEI,24248.55078125,24340.5,24079.69921875,24117,311900
2024-08-09,ITBEES.NS,41.819999694824219,42.009998321533203,41.470001220703125,41.830001831054688,4386115
2024-08-09,^CNXIT,39007.69921875,39252.3984375,38931.8515625,39043.30078125,13900
2024-08-09,^NSEI,24386.849609375,24419.75,24311.19921875,24367.5,215100
2024-08-12,ITBEES.NS,41.830001831054688,42.049999237060547,41.459999084472656,41.810001373291016,2948449
2024-08-12,^CNXIT,39038.94921875,39329.05078125,38747.8515625,39109.55078125,13600
2024-08-12,^NSEI,24320.05078125,24472.80078125,24212.099609375,24347,279900
2024-08-13,ITBEES.NS,41.959999084472656,42.130001068115234,41.650001525878906,41.75,3585375
2024-08-13,^CNXIT,39198.25,39383.30078125,38972.69921875,39114.8515625,12400
2024-08-13,^NSEI,24342.349609375,24359.94921875,24116.5,24139,239700
2024-08-14,ITBEES.NS,41.979999542236328,42.599998474121094,41.790000915527344,42.459999084472656,4568697
2024-08-14,^CNXIT,39259.69921875,39767.1484375,39177.69921875,39731.25,24100
2024-08-14,^NSEI,24184.400390625,24196.5,24099.69921875,24143.75,303300
2024-08-16,ITBEES.NS,42.790000915527344,43.950000762939453,42.610000610351562,43.720001220703125,8291881
2024-08-16,^CNXIT,40287.30078125,40927.1484375,40063.8984375,40878.25,33700
2024-08-16,^NSEI,24334.849609375,24563.900390625,24204.5,24541.150390625,271600
2024-08-19,ITBEES.NS,43.709999084472656,44.139999389648438,43.599998474121094,44.069999694824219,5061369
2024-08-19,^CNXIT,40940.8984375,41271.6015625,40736.55078125,41236.8515625,16300
2024-08-19,^NSEI,24636.349609375,24638.80078125,24522.94921875,24572.650390625,243600
2024-08-20,ITBEES.NS,44.25,44.650001525878906,44.119998931884766,44.490001678466797,4968585
2024-08-20,^CNXIT,41421.25,41746.55078125,41366.19921875,41572.80078125,17900
2024-08-20,^NSEI,24648.900390625,24734.30078125,24607.19921875,24698.849609375,238300
2024-08-21,ITBEES.NS,44.490001678466797,44.549999237060547,44.299999237060547,44.490001678466797,4202570
2024-08-21,^CNXIT,41532.05078125,41603.6015625,41368.05078125,41570.8515625,11500
2024-08-21,^NSEI,24680.55078125,24787.94921875,24654.5,24770.19921875,257100
2024-08-22,ITBEES.NS,44.700000762939453,44.75,44.340000152587891,44.439998626708984,4118770
2024-08-22,^CNXIT,41735.25,41834,41406.19921875,41506.19921875,17000
2024-08-22,^NSEI,24863.400390625,24867.349609375,24784.44921875,24811.5,220300
2024-08-23,ITBEES.NS,44.400001525878906,44.75,43.950000762939453,44.029998779296875,3756012
2024-08-23,^CNXIT,41492.75,41548.75,41029.5,41089.8515625,16900
2024-08-23,^NSEI,24845.400390625,24858.400390625,24771.650390625,24823.150390625,206800
2024-08-26,ITBEES.NS,44.490001678466797,44.75,44.130001068115234,44.540000915527344,4851727
2024-08-26,^CNXIT,41343.44921875,41820.8984375,41319.05078125,41662.1015625,21200
2024-08-26,^NSEI,24906.099609375,25043.80078125,24874.69921875,25010.599609375,210300
2024-08-27,ITBEES.NS,44.580001831054688,44.799999237060547,44.450000762939453,44.529998779296875,2745783
2024-08-27,^CNXIT,41696.8515625,41936.69921875,41589.8515625,41709.25,14800
2024-08-27,^NSEI,25024.80078125,25073.099609375,24973.650390625,25017.75,223300
2024-08-28,ITBEES.NS,45,45.720001220703125,44.470001220703125,45.409999847412109,13510024
2024-08-28,^CNXIT,41792.8984375,42717.1484375,41594.8984375,42394.3984375,37800
2024-08-28,^NSEI,25030.80078125,25129.599609375,24964.650390625,25052.349609375,220400
2024-08-29,ITBEES.NS,46.75,46.75,45.069999694824219,45.5,12388576
2024-08-29,^CNXIT,42191.1015625,42790.30078125,42151.5,42591.6484375,31500
2024-08-29,^NSEI,25035.30078125,25192.900390625,24998.5,25151.94921875,354000
2024-08-30,ITBEES.NS,45.900001525878906,45.900001525878906,45.400001525878906,45.669998168945312,5581193
2024-08-30,^CNXIT,42644.1015625,42913.94921875,42455.1015625,42787.80078125,38100
2024-08-30,^NSEI,25249.69921875,25268.349609375,25199.400390625,25235.900390625,638200
2024-09-02,ITBEES.NS,45.990001678466797,46.25,45.5,45.979999542236328,4928664
2024-09-02,^CNXIT,42864.8515625,43299.5,42847.80078125,42975.6015625,22600
2024-09-02,^NSEI,25333.599609375,25333.650390625,25235.5,25278.69921875,222800
2024-09-03,ITBEES.NS,46.639999389648438,46.639999389648438,45.709999084472656,45.770000457763672,3762936
2024-09-03,^CNXIT,42953.1015625,43194.55078125,42746.75,42851.30078125,20100
2024-09-03,^NSEI,25313.400390625,25321.69921875,25235.80078125,25279.849609375,212100
2024-09-04,ITBEES.NS,45.560001373291016,45.560001373291016,44.900001525878906,45.439998626708984,4627327
2024-09-04,^CNXIT,42315.69921875,42498.44921875,42023.5,42450.5,22900
2024-09-04,^NSEI,25089.94921875,25216,25083.80078125,25198.69921875,253800
2024-09-05,ITBEES.NS,46,46,45.290000915527344,45.639999389648438,3031510
2024-09-05,^CNXIT,42578.1484375,42766.05078125,42294.55078125,42644.6484375,17700
2024-09-05,^NSEI,25250.5,25275.44921875,25127.75,25145.099609375,222200
2024-09-06,ITBEES.NS,45.979999542236328,45.979999542236328,45.119998931884766,45.189998626708984,4935880
2024-09-06,^CNXIT,42607.8515625,42983.6015625,42167.1484375,42228.8984375,22500
2024-09-06,^NSEI,25093.69921875,25168.75,24801.30078125,24852.150390625,311700
2024-09-09,ITBEES.NS,45.189998626708984,45.340000152587891,44.689998626708984,44.819999694824219,4473117
2024-09-09,^CNXIT,42104.05078125,42431.6484375,41809.6484375,41919.05078125,18600
2024-09-09,^NSEI,24823.400390625,24957.5,24753.150390625,24936.400390625,254400
2024-09-10,ITBEES.NS,44.939998626708984,45.860000610351562,44.919998168945312,45.639999389648438,3772786
2024-09-10,^CNXIT,42128.30078125,42937.44921875,42055.8515625,42644.19921875,21600
2024-09-10,^NSEI,24999.400390625,25130.5,24896.80078125,25041.099609375,251300
2024-09-11,ITBEES.NS,46.25,46.25,45.400001525878906,45.490001678466797,3091485
2024-09-11,^CNXIT,42710.1484375,42984.19921875,42406.1484375,42473.30078125,15900
2024-09-11,^NSEI,25034,25113.69921875,24885.150390625,24918.44921875,279200
2024-09-12,ITBEES.NS,46.849998474121094,46.849998474121094,45.459999084472656,46.080001831054688,4578979
2024-09-12,^CNXIT,42836.5,43265.25,42449.05078125,43152.1015625,26400
2024-09-12,^NSEI,25059.650390625,25433.349609375,24941.44921875,25388.900390625,380100
2024-09-13,ITBEES.NS,46.5,46.5,45.950000762939453,46.310001373291016,4317003
2024-09-13,^CNXIT,43244.19921875,43571.6484375,42989.3984375,43394.3515625,28000
2024-09-13,^NSEI,25430.44921875,25430.5,25292.44921875,25356.5,250800
2024-09-16,ITBEES.NS,46.310001373291016,46.590000152587891,46.229999542236328,46.290000915527344,4996239
2024-09-16,^CNXIT,43457.3984375,43583.1484375,43286.80078125,43352.6484375,11500
2024-09-16,^NSEI,25406.650390625,25445.69921875,25336.19921875,25383.75,168700
2024-09-17,ITBEES.NS,46.439998626708984,46.590000152587891,46.080001831054688,46.349998474121094,2334318
2024-09-17,^CNXIT,43294.44921875,43645.8984375,43133.55078125,43415,12500
2024-09-17,^NSEI,25416.900390625,25441.650390625,25352.25,25418.55078125,216000
2024-09-18,ITBEES.NS,46.889999389648438,46.889999389648438,44.599998474121094,45.069999694824219,20170038
2024-09-18,^CNXIT,43222.44921875,43222.44921875,41814.3984375,42089.30078125,27100
2024-09-18,^NSEI,25402.400390625,25482.19921875,25285.55078125,25377.55078125,215700
2024-09-19,ITBEES.NS,45.5,46,44.5,44.810001373291016,18960509
2024-09-19,^CNXIT,42551,42850.44921875,41670.80078125,41945.6015625,32400
2024-09-19,^NSEI,25487.05078125,25611.94921875,25376.05078125,25415.80078125,314500
2024-09-20,ITBEES.NS,45.389999389648438,45.409999847412109,44.599998474121094,45.080001831054688,7265230
2024-09-20,^CNXIT,42186.8515625,42375.19921875,41614.25,42204.3984375,39800
2024-09-20,^NSEI,25525.94921875,25849.25,25426.599609375,25790.94921875,533100
2024-09-23,ITBEES.NS,45.069999694824219,45.340000152587891,44.720001220703125,44.939998626708984,6494074
2024-09-23,^CNXIT,42288.3515625,42378.5,41785.1484375,41987.44921875,14000
2024-09-23,^NSEI,25872.55078125,25956,25847.349609375,25939.05078125,209200
2024-09-24,ITBEES.NS,44.939998626708984,45.490001678466797,44.599998474121094,45.290000915527344,9215683
2024-09-24,^CNXIT,41863.3515625,42403.8984375,41691.3984375,42243.94921875,21800
2024-09-24,^NSEI,25921.44921875,26011.55078125,25886.849609375,25940.400390625,384100
2024-09-25,ITBEES.NS,45.409999847412109,45.409999847412109,44.599998474121094,44.849998474121094,6900735
2024-09-25,^CNXIT,42128.1484375,42222.8515625,41645.8515625,41960.94921875,17300
2024-09-25,^NSEI,25899.44921875,26032.80078125,25871.349609375,26004.150390625,278500
2024-09-26,ITBEES.NS,44.840000152587891,45.299999237060547,44.840000152587891,45.080001831054688,3266980
2024-09-26,^CNXIT,42033.8984375,42345.3984375,41982.8515625,42160.8984375,27100
2024-09-26,^NSEI,26005.400390625,26250.900390625,25998.400390625,26216.05078125,370900
2024-09-27,ITBEES.NS,45.419998168945312,46.299999237060547,45.279998779296875,45.340000152587891,9107798
2024-09-27,^CNXIT,42738.55078125,43377.94921875,42270.55078125,42312.6015625,46500
2024-09-27,^NSEI,26248.25,26277.349609375,26151.400390625,26178.94921875,490300
2024-09-30,ITBEES.NS,45.490001678466797,45.490001678466797,44.810001373291016,44.930000305175781,4475717
2024-09-30,^CNXIT,42045.55078125,42275.3984375,41853.25,41946.1015625,20900
2024-09-30,^NSEI,26061.30078125,26134.69921875,25794.099609375,25810.849609375,343100
2024-10-01,ITBEES.NS,44.939998626708984,45.439998626708984,44.919998168945312,45.290000915527344,4885417
2024-10-01,^CNXIT,41916.30078125,42470.5,41916.30078125,42434.80078125,19500
2024-10-01,^NSEI,25788.44921875,25907.599609375,25739.19921875,25796.900390625,247400
2024-10-03,ITBEES.NS,46,46,44.560001373291016,45.099998474121094,5534664
2024-10-03,^CNXIT,41978.44921875,42325.8515625,41631.5,41762.6015625,26100
2024-10-03,^NSEI,25452.849609375,25639.44921875,25230.30078125,25250.099609375,423400
2024-10-04,ITBEES.NS,45.840000152587891,45.840000152587891,44.540000915527344,45.279998779296875,5548798
2024-10-04,^CNXIT,41682.94921875,42566.1484375,41682.94921875,41912.5,28100
2024-10-04,^NSEI,25181.900390625,25485.05078125,24966.80078125,25014.599609375,374900
2024-10-07,ITBEES.NS,45.279998779296875,45.389999389648438,44.610000610351562,45.090000152587891,5769610
2024-10-07,^CNXIT,42134.6484375,42491.8515625,41760.1015625,42190.6015625,22000
2024-10-07,^NSEI,25084.099609375,25143,24694.349609375,24795.75,374300
2024-10-08,ITBEES.NS,45.180000305175781,45.349998474121094,44.549999237060547,45.229999542236328,4281635
2024-10-08,^CNXIT,42275.25,42445.25,41639.44921875,42387.55078125,18400
2024-10-08,^NSEI,24832.19921875,25044,24756.80078125,25013.150390625,333200
2024-10-09,ITBEES.NS,45.200000762939453,45.799999237060547,45.189998626708984,45.490001678466797,4715644
2024-10-09,^CNXIT,42524.69921875,42920.55078125,42498.55078125,42622.75,16700
2024-10-09,^NSEI,25065.80078125,25234.05078125,24947.69921875,24981.94921875,290600
2024-10-10,ITBEES.NS,46,46,45,45.060001373291016,3022087
2024-10-10,^CNXIT,42801.05078125,42880.3984375,42012.3515625,42088.80078125,19800
2024-10-10,^NSEI,25067.05078125,25134.05078125,24979.400390625,24998.44921875,261400
2024-10-11,ITBEES.NS,45.060001373291016,45.490001678466797,44.75,45.169998168945312,2519382
2024-10-11,^CNXIT,41770.5,42567.19921875,41734.19921875,42335.69921875,20800
2024-10-11,^NSEI,24985.30078125,25028.650390625,24920.05078125,24964.25,210500
2024-10-14,ITBEES.NS,45.5,45.900001525878906,45.180000305175781,45.770000457763672,3950083
2024-10-14,^CNXIT,42383.25,42985.1015625,42357.75,42872.75,28300
2024-10-14,^NSEI,25023.44921875,25159.75,25017.5,25127.94921875,206400
2024-10-15,ITBEES.NS,45.779998779296875,46.25,45.590000152587891,45.729999542236328,4582378
2024-10-15,^CNXIT,42917.6484375,43329.5,42572.80078125,42731.30078125,29400
2024-10-15,^NSEI,25186.30078125,25212.05078125,25008.150390625,25057.349609375,257200
2024-10-16,ITBEES.NS,45.729999542236328,45.790000915527344,45.169998168945312,45.229999542236328,2738694
2024-10-16,^CNXIT,42605.3515625,42691.1484375,42168.69921875,42230.69921875,17100
2024-10-16,^NSEI,25008.55078125,25093.400390625,24908.44921875,24971.30078125,226800
2024-10-17,ITBEES.NS,45.650001525878906,45.799999237060547,45.150001525878906,45.619998931884766,4502286
2024-10-17,^CNXIT,42455.6015625,42900.44921875,42369.80078125,42734.3515625,35400
2024-10-17,^NSEI,25027.400390625,25029.5,24728.900390625,24749.849609375,252800
2024-10-18,ITBEES.NS,45.709999084472656,45.709999084472656,44.75,45,4632143
2024-10-18,^CNXIT,42216.8984375,42579.75,41838,42106.5,58500
2024-10-18,^NSEI,24664.94921875,24886.19921875,24567.650390625,24854.05078125,290900
2024-10-21,ITBEES.NS,45.990001678466797,45.990001678466797,44.349998474121094,44.490001678466797,3299389
2024-10-21,^CNXIT,42426.44921875,42609.05078125,41481.55078125,41562.69921875,28100
2024-10-21,^NSEI,24956.150390625,24978.30078125,24679.599609375,24781.099609375,242000
2024-10-22,ITBEES.NS,44.990001678466797,44.990001678466797,44,44.060001373291016,7015820
2024-10-22,^CNXIT,41556.3515625,41850.6015625,41155.8515625,41238.80078125,21800
2024-10-22,^NSEI,24798.650390625,24882,24445.80078125,24472.099609375,279500
2024-10-23,ITBEES.NS,46,46,44.020000457763672,45.110000610351562,5283667
2024-10-23,^CNXIT,41168.3984375,42530.94921875,41151.3515625,42222.1015625,27400
2024-10-23,^NSEI,24378.150390625,24604.25,24378.099609375,24435.5,284600
2024-10-24,ITBEES.NS,45.200000762939453,45.340000152587891,44.880001068115234,45.029998779296875,2207428
2024-10-24,^CNXIT,41929.25,42379.6015625,41926.8515625,42139.8515625,16300
2024-10-24,^NSEI,24412.69921875,24480.650390625,24341.19921875,24399.400390625,216700
2024-10-25,ITBEES.NS,45.5,45.5,44.740001678466797,44.889999389648438,3425258
2024-10-25,^CNXIT,42235.30078125,42366.1484375,41874.55078125,42038.8515625,19000
2024-10-25,^NSEI,24418.05078125,24440.25,24073.900390625,24180.80078125,372600
2024-10-28,ITBEES.NS,45.5,45.5,44.450000762939453,45.110000610351562,2571605
2024-10-28,^CNXIT,42012.6015625,42401.30078125,41963.30078125,42205.3984375,19200
2024-10-28,^NSEI,24251.099609375,24492.599609375,24134.900390625,24339.150390625,278600
2024-10-29,ITBEES.NS,45.110000610351562,45.439998626708984,44.799999237060547,45.069999694824219,1941743
2024-10-29,^CNXIT,42167.55078125,42210.8984375,41746.6015625,42031.44921875,16300
2024-10-29,^NSEI,24328.849609375,24484.5,24140.849609375,24466.849609375,332000
2024-10-30,ITBEES.NS,45.700000762939453,45.799999237060547,44.759998321533203,44.819999694824219,2250819
2024-10-30,^CNXIT,41975.3515625,42164.3515625,41572.1015625,41668.6015625,22800
2024-10-30,^NSEI,24371.44921875,24498.19921875,24307.30078125,24340.849609375,285200
2024-10-31,ITBEES.NS,45.700000762939453,45.700000762939453,43.319999694824219,43.549999237060547,8912199
2024-10-31,^CNXIT,41501.94921875,41501.94921875,40191.94921875,40407.55078125,29400
2024-10-31,^NSEI,24349.849609375,24372.44921875,24172.599609375,24205.349609375,287000
2024-11-01,ITBEES.NS,43.549999237060547,43.549999237060547,43.549999237060547,43.549999237060547,0
2024-11-01,^CNXIT,40568.6484375,40646.69921875,40366.5,40433.6484375,2200
2024-11-01,^NSEI,24302.75,24368.25,24280.19921875,24304.349609375,38800
2024-11-04,ITBEES.NS,43.740001678466797,43.740001678466797,43.009998321533203,43.439998626708984,3409081
2024-11-04,^CNXIT,40202.25,40472.44921875,39975,40421.80078125,21800
2024-11-04,^NSEI,24315.75,24316.75,23816.150390625,23995.349609375,285500
2024-11-05,ITBEES.NS,43.439998626708984,43.740001678466797,43.25,43.470001220703125,1758965
2024-11-05,^CNXIT,40345.44921875,40658.25,40225.19921875,40424.6015625,11900
2024-11-05,^NSEI,23916.5,24229.05078125,23842.75,24213.30078125,289500
2024-11-06,ITBEES.NS,44.75,45.189998626708984,43.569999694824219,45.130001068115234,6322895
2024-11-06,^CNXIT,40770.6015625,42105.5,40675.05078125,42039.5,34500
2024-11-06,^NSEI,24308.75,24537.599609375,24204.05078125,24484.05078125,351100
2024-11-07,ITBEES.NS,45.490001678466797,45.5,44.409999847412109,44.900001525878906,3425879
2024-11-07,^CNXIT,42151.5,42369.6484375,41348.75,41752.3984375,19600
2024-11-07,^NSEI,24489.599609375,24503.349609375,24179.05078125,24199.349609375,322200
2024-11-08,ITBEES.NS,44.909999847412109,45.430000305175781,44.909999847412109,45.130001068115234,3242059
2024-11-08,^CNXIT,41938.80078125,42306.69921875,41840.69921875,42050.1484375,21700
2024-11-08,^NSEI,24207.69921875,24276.150390625,24066.650390625,24148.19921875,298700
2024-11-11,ITBEES.NS,45.479999542236328,45.939998626708984,43.799999237060547,45.849998474121094,7141122
2024-11-11,^CNXIT,41991.3515625,42798.1484375,41793.6484375,42590.30078125,18100
2024-11-11,^NSEI,24087.25,24336.80078125,24004.599609375,24141.30078125,273400
2024-11-12,ITBEES.NS,45.990001678466797,46.25,45.639999389648438,45.819999694824219,13831477
2024-11-12,^CNXIT,42846,42884.6015625,42462.05078125,42609.55078125,18300
2024-11-12,^NSEI,24225.80078125,24242,23839.150390625,23883.44921875,255800
2024-11-13,ITBEES.NS,46.189998626708984,46.189998626708984,45.299999237060547,45.459999084472656,4744039
2024-11-13,^CNXIT,42484.44921875,42659.69921875,42201.3984375,42369.5,15000
2024-11-13,^NSEI,23822.44921875,23873.599609375,23509.599609375,23559.05078125,304600
2024-11-14,ITBEES.NS,45.810001373291016,45.869998931884766,45.279998779296875,45.5,3226247
2024-11-14,^CNXIT,42318.75,42633,42162.80078125,42390.8515625,16600
2024-11-14,^NSEI,23542.150390625,23675.900390625,23484.150390625,23532.69921875,257700
2024-11-18,ITBEES.NS,45.5,45.779998779296875,44.119998931884766,44.459999084472656,3981057
2024-11-18,^CNXIT,42442.8515625,42442.8515625,41035.3984375,41406.55078125,21800
2024-11-18,^NSEI,23605.30078125,23606.80078125,23350.400390625,23453.80078125,263300
2024-11-19,ITBEES.NS,45.590000152587891,45.590000152587891,44.470001220703125,44.799999237060547,2249094
2024-11-19,^CNXIT,41534.6015625,42447.6484375,41534.6015625,41748.3515625,18800
2024-11-19,^NSEI,23529.55078125,23780.650390625,23464.80078125,23518.5,297500
2024-11-21,ITBEES.NS,44.810001373291016,45.470001220703125,44.75,45.029998779296875,2303595
2024-11-21,^CNXIT,41928.8984375,42325.8515625,41678.19921875,41952.80078125,19200
2024-11-21,^NSEI,23488.44921875,23507.30078125,23263.150390625,23349.900390625,420300
2024-11-22,ITBEES.NS,45.650001525878906,46.700000762939453,44.909999847412109,46.450000762939453,8012991
2024-11-22,^CNXIT,42229.19921875,43436.1484375,41983.55078125,43332.1015625,24600
2024-11-22,^NSEI,23411.80078125,23956.099609375,23359,23907.25,367600
2024-11-25,ITBEES.NS,47.400001525878906,47.450000762939453,45.400001525878906,46.970001220703125,6034416
2024-11-25,^CNXIT,43697.8515625,43751.6484375,43337.6015625,43618.1484375,42000
2024-11-25,^NSEI,24253.55078125,24351.55078125,24135.44921875,24221.900390625,687200
2024-11-26,ITBEES.NS,46.970001220703125,47.650001525878906,46.970001220703125,47.459999084472656,14816904
2024-11-26,^CNXIT,43763.19921875,44244.6015625,43699.44921875,44085.94921875,21700
2024-11-26,^NSEI,24343.30078125,24343.30078125,24125.400390625,24194.5,230700
2024-11-27,ITBEES.NS,47.799999237060547,48,47.340000152587891,47.400001525878906,4941858
2024-11-27,^CNXIT,44132.5,44330.6015625,43980.1484375,44018.69921875,18100
2024-11-27,^NSEI,24204.80078125,24354.55078125,24145.650390625,24274.900390625,295000
2024-11-28,ITBEES.NS,47.5,47.5,46.159999847412109,46.270000457763672,6675925
2024-11-28,^CNXIT,43948,44013.1015625,42864.80078125,42968.75,24100
2024-11-28,^NSEI,24274.150390625,24345.75,23873.349609375,23914.150390625,366700
2024-11-29,ITBEES.NS,46.729999542236328,46.790000915527344,45.990001678466797,46.459999084472656,3460809
2024-11-29,^CNXIT,42873.80078125,43468.94921875,42738.75,43146.25,16700
2024-11-29,^NSEI,23927.150390625,24188.44921875,23927.150390625,24131.099609375,282100
2024-12-02,ITBEES.NS,46.459999084472656,46.959999084472656,46.040000915527344,46.740001678466797,4159659
2024-12-02,^CNXIT,43171.75,43578,42860.80078125,43547,14500
2024-12-02,^NSEI,24140.849609375,24301.69921875,24008.650390625,24276.05078125,220400
2024-12-03,ITBEES.NS,47.669998168945312,47.669998168945312,46.610000610351562,46.939998626708984,4325575
2024-12-03,^CNXIT,43794.69921875,43811.5,43404,43754.94921875,28300
2024-12-03,^NSEI,24367.5,24481.349609375,24280,24457.150390625,339500
2024-12-04,ITBEES.NS,47.5,47.5,46.819999694824219,47.159999847412109,3312567
2024-12-04,^CNXIT,43761.1484375,44225.55078125,43585.05078125,43949.25,28900
2024-12-04,^NSEI,24488.75,24573.19921875,24366.30078125,24467.44921875,348000
2024-12-05,ITBEES.NS,47.180000305175781,48.310001373291016,47.169998168945312,48.069999694824219,6012974
2024-12-05,^CNXIT,44174.80078125,45027.94921875,44023.8984375,44806.3984375,34800
2024-12-05,^NSEI,24539.150390625,24857.75,24295.55078125,24708.400390625,361500
2024-12-06,ITBEES.NS,48.069999694824219,49.5,47.840000152587891,47.959999084472656,7060372
2024-12-06,^CNXIT,44780.44921875,44852.30078125,44519.69921875,44716.05078125,17900
2024-12-06,^NSEI,24729.44921875,24751.05078125,24620.5,24677.80078125,226700
2024-12-09,ITBEES.NS,48.549999237060547,48.549999237060547,47.75,48.090000152587891,3039833
2024-12-09,^CNXIT,44648.30078125,44913.30078125,44477.1484375,44832,19500
2024-12-09,^NSEI,24633.900390625,24705,24580.05078125,24619,248100
2024-12-10,ITBEES.NS,48.389999389648438,48.700000762939453,48.099998474121094,48.479999542236328,4252289
2024-12-10,^CNXIT,44848.5,45377.75,44824.1484375,45199.75,32300
2024-12-10,^NSEI,24652.650390625,24677.80078125,24510.650390625,24610.05078125,261000
2024-12-11,ITBEES.NS,48.479999542236328,48.959999084472656,48.409999847412109,48.650001525878906,3143881
2024-12-11,^CNXIT,45238.80078125,45398.94921875,45046.6015625,45350.3515625,19400
2024-12-11,^NSEI,24620.5,24691.75,24583.849609375,24641.80078125,187300
2024-12-12,ITBEES.NS,48.650001525878906,49.459999084472656,48.5,49.029998779296875,4770728
2024-12-12,^CNXIT,45409.69921875,46002.6484375,45375.5,45701.6484375,29300
2024-12-12,^NSEI,24604.44921875,24675.25,24527.94921875,24548.69921875,266100
2024-12-13,ITBEES.NS,49.029998779296875,49.549999237060547,48.380001068115234,49.490001678466797,5782584
2024-12-13,^CNXIT,45496.94921875,46088.8984375,45073.5,45995.80078125,20500
2024-12-13,^NSEI,24498.349609375,24792.30078125,24180.80078125,24768.30078125,310100
2024-12-16,ITBEES.NS,49.740001678466797,49.759998321533203,49.009998321533203,49.119998931884766,2553796
2024-12-16,^CNXIT,45937.1015625,46005.19921875,45536.8515625,45653.6015625,15600
2024-12-16,^NSEI,24753.400390625,24781.25,24601.75,24668.25,187600
2024-12-17,ITBEES.NS,49.130001068115234,49.290000915527344,48.650001525878906,48.869998931884766,2237355
2024-12-17,^CNXIT,45576.1484375,45759.6484375,45213.8515625,45413.75,24200
2024-12-17,^NSEI,24584.80078125,24624.099609375,24303.44921875,24336,264900
2024-12-18,ITBEES.NS,49.340000152587891,49.340000152587891,48.549999237060547,48.860000610351562,1763146
2024-12-18,^CNXIT,45293.05078125,45693,45237.30078125,45526.8515625,21600
2024-12-18,^NSEI,24297.94921875,24394.44921875,24149.849609375,24198.849609375,235300
2024-12-19,ITBEES.NS,48.860000610351562,48.860000610351562,47.700000762939453,48.259998321533203,10827749
2024-12-19,^CNXIT,44493.44921875,45265.94921875,44434.1015625,44954.19921875,27800
2024-12-19,^NSEI,23877.150390625,24004.900390625,23870.30078125,23951.69921875,271100
2024-12-20,ITBEES.NS,48.990001678466797,49.099998474121094,46.840000152587891,46.930000305175781,7395252
2024-12-20,^CNXIT,45513.3515625,45647.30078125,43663.05078125,43771.05078125,47400
2024-12-20,^NSEI,23960.69921875,24065.80078125,23537.349609375,23587.5,442700
2024-12-23,ITBEES.NS,47.630001068115234,47.630001068115234,46.880001068115234,47.009998321533203,5372976
2024-12-23,^CNXIT,44011.5,44267.3984375,43643.94921875,43828.3515625,16400
2024-12-23,^NSEI,23738.19921875,23869.55078125,23647.19921875,23753.44921875,189800
2024-12-24,ITBEES.NS,47.700000762939453,47.700000762939453,46.790000915527344,46.869998931884766,2164145
2024-12-24,^CNXIT,43897,44203.05078125,43262.1015625,43668.8984375,15500
2024-12-24,^NSEI,23769.099609375,23867.650390625,23685.150390625,23727.650390625,177700
2024-12-26,ITBEES.NS,47.869998931884766,48.299999237060547,46.619998931884766,46.849998474121094,2116645
2024-12-26,^CNXIT,43708.19921875,43851,43420.8984375,43664.25,14300
2024-12-26,^NSEI,23775.80078125,23854.5,23653.599609375,23750.19921875,177700
2024-12-27,ITBEES.NS,47.299999237060547,47.849998474121094,46.659999847412109,46.889999389648438,6690514
2024-12-27,^CNXIT,43707,43863.6484375,43546.05078125,43721.3984375,15700
2024-12-27,^NSEI,23801.400390625,23938.849609375,23800.599609375,23813.400390625,176800
2024-12-30,ITBEES.NS,47.840000152587891,47.840000152587891,46.409999847412109,47.189998626708984,7035690
2024-12-30,^CNXIT,43674.05078125,44175.5,43259.80078125,43971.44921875,41600
2024-12-30,^NSEI,23796.900390625,23915.349609375,23599.30078125,23644.900390625,364900
2024-12-31,ITBEES.NS,47.479999542236328,47.779998779296875,45.830001831054688,46.639999389648438,4018736
2024-12-31,^CNXIT,43622.3984375,43659.6484375,42574.44921875,43337.80078125,19800
2024-12-31,^NSEI,23560.599609375,23689.849609375,23460.44921875,23644.80078125,193600
2025-01-01,ITBEES.NS,47.709999084472656,47.709999084472656,46.5,46.540000915527344,2366668
2025-01-01,^CNXIT,43290.6484375,43568.5,43249.80078125,43373.1015625,12800
2025-01-01,^NSEI,23637.650390625,23822.80078125,23562.80078125,23742.900390625,154900
2025-01-02,ITBEES.NS,46.549999237060547,47.669998168945312,46.479999542236328,47.599998474121094,19278469
2025-01-02,^CNXIT,43401.6484375,44420.94921875,43325.8984375,44351.75,23700
2025-01-02,^NSEI,23783,24226.69921875,23751.55078125,24188.650390625,283200
2025-01-03,ITBEES.NS,48.049999237060547,48.049999237060547,46.900001525878906,47.080001831054688,3454604
2025-01-03,^CNXIT,44334.1484375,44337.1484375,43554.94921875,43726.55078125,27300
2025-01-03,^NSEI,24196.400390625,24196.44921875,23976,24004.75,312300
2025-01-06,ITBEES.NS,47,47.490001678466797,46.700000762939453,46.840000152587891,4038442
2025-01-06,^CNXIT,43961.6484375,44331.1015625,43401.69921875,43674.8515625,22700
2025-01-06,^NSEI,24045.80078125,24089.94921875,23551.900390625,23616.05078125,278100
2025-01-07,ITBEES.NS,48.25,48.25,46.509998321533203,46.669998168945312,3002366
2025-01-07,^CNXIT,43836.3515625,44112.05078125,43293.6484375,43375.8515625,20000
2025-01-07,^NSEI,23679.900390625,23795.19921875,23637.80078125,23707.900390625,262300
2025-01-08,ITBEES.NS,48.049999237060547,48.049999237060547,45.979999542236328,46.830001831054688,2845551
2025-01-08,^CNXIT,43333.8984375,43725.94921875,42735.55078125,43634.25,20100
2025-01-08,^NSEI,23746.650390625,23751.849609375,23496.150390625,23688.94921875,266400
2025-01-09,ITBEES.NS,46.979999542236328,47.049999237060547,46.279998779296875,46.369998931884766,14667351
2025-01-09,^CNXIT,43606.30078125,43838.6484375,43032.44921875,43126.44921875,21900
2025-01-09,^NSEI,23674.75,23689.5,23503.05078125,23526.5,269200
2025-01-10,ITBEES.NS,46.369998931884766,48.049999237060547,46.369998931884766,47.840000152587891,7797177
2025-01-10,^CNXIT,43731.5,44798.6484375,43731.5,44609.5,46400
2025-01-10,^NSEI,23551.900390625,23596.599609375,23344.349609375,23431.5,261000
2025-01-13,ITBEES.NS,47.860000610351562,48.080001831054688,47.25,47.389999389648438,13230731
2025-01-13,^CNXIT,44390.6015625,44655.69921875,43927.3984375,43999.1015625,28700
2025-01-13,^NSEI,23195.400390625,23340.94921875,23047.25,23085.94921875,316500
2025-01-14,ITBEES.NS,48.330001831054688,48.330001831054688,46.159999847412109,46.279998779296875,3492482
2025-01-14,^CNXIT,43996.6015625,44007.55078125,42916.75,43061.19921875,38300
2025-01-14,^NSEI,23165.900390625,23264.94921875,23134.150390625,23176.05078125,311200
2025-01-15,ITBEES.NS,46.290000915527344,47.169998168945312,46.169998168945312,46.520000457763672,2257040
2025-01-15,^CNXIT,43190.80078125,43447.69921875,42976.30078125,43401.25,16600
2025-01-15,^NSEI,23250.44921875,23293.650390625,23146.44921875,23213.19921875,228000
2025-01-16,ITBEES.NS,46.610000610351562,47.25,46.110000610351562,46.270000457763672,3855031
2025-01-16,^CNXIT,43696.44921875,44012.3515625,43095,43188.8515625,31300
2025-01-16,^NSEI,23377.25,23391.650390625,23272.05078125,23311.80078125,299400
2025-01-17,ITBEES.NS,46,46.279998779296875,45.259998321533203,45.5,11386103
2025-01-17,^CNXIT,42469,42495.05078125,41962.6484375,42032.19921875,34600
2025-01-17,^NSEI,23277.099609375,23292.099609375,23100.349609375,23203.19921875,272900
2025-01-20,ITBEES.NS,45.509998321533203,46.279998779296875,45.060001373291016,45.639999389648438,2454044
2025-01-20,^CNXIT,42377.3515625,42478.5,41709.55078125,42192.80078125,54700
2025-01-20,^NSEI,23290.400390625,23391.099609375,23170.650390625,23344.75,301500
2025-01-21,ITBEES.NS,46.090000152587891,46.090000152587891,45,45.049999237060547,2860833
2025-01-21,^CNXIT,42288.55078125,42536.69921875,41639,41697.94921875,32700
2025-01-21,^NSEI,23421.650390625,23426.30078125,22976.849609375,23024.650390625,312900
2025-01-22,ITBEES.NS,45.549999237060547,46,45.060001373291016,45.939998626708984,2708081
2025-01-22,^CNXIT,41755.19921875,42635.3515625,41750.19921875,42590.69921875,49400
2025-01-22,^NSEI,23099.150390625,23169.55078125,22981.30078125,23155.349609375,276000
2025-01-23,ITBEES.NS,45.939998626708984,47.069999694824219,45.939998626708984,46.75,3707394
2025-01-23,^CNXIT,42750.44921875,43663.44921875,42741.19921875,43351.75,60000
2025-01-23,^NSEI,23128.30078125,23270.80078125,23090.650390625,23205.349609375,275600
2025-01-24,ITBEES.NS,47.75,47.75,46.549999237060547,46.930000305175781,2593842
2025-01-24,^CNXIT,43220.44921875,43959.1484375,43217.5,43524.1015625,36100
2025-01-24,^NSEI,23183.900390625,23347.30078125,23050,23092.19921875,264300
2025-01-27,ITBEES.NS,46.290000915527344,46.930000305175781,45.270000457763672,45.380001068115234,4052244
2025-01-27,^CNXIT,42986.8984375,43245.94921875,41961.1484375,42060.69921875,29700
2025-01-27,^NSEI,22940.150390625,23007.44921875,22786.900390625,22829.150390625,257400
2025-01-28,ITBEES.NS,45.819999694824219,45.900001525878906,45.020000457763672,45.139999389648438,2183397
2025-01-28,^CNXIT,42097.05078125,42463.1484375,41731.25,41820.6484375,31300
2025-01-28,^NSEI,22960.44921875,23137.94921875,22857.650390625,22957.25,361900
2025-01-29,ITBEES.NS,45.389999389648438,46.419998168945312,45.020000457763672,46.349998474121094,2499953
2025-01-29,^CNXIT,42052,42968.3984375,42051.55078125,42914.5,29700
2025-01-29,^NSEI,23026.75,23183.349609375,22976.5,23163.099609375,226300
2025-01-30,ITBEES.NS,46.349998474121094,46.580001831054688,45.470001220703125,45.799999237060547,4981713
2025-01-30,^CNXIT,42893.80078125,43025.8515625,42117.3515625,42426.6484375,24800
2025-01-30,^NSEI,23169.5,23322.05078125,23139.19921875,23249.5,361900
2025-01-31,ITBEES.NS,45.919998168945312,46.360000610351562,45.900001525878906,45.959999084472656,19237360
2025-01-31,^CNXIT,42586.1015625,42967.75,42486.80078125,42662.75,27500
2025-01-31,^NSEI,23296.75,23546.80078125,23277.400390625,23508.400390625,304900
2025-02-01,ITBEES.NS,45.959999084472656,46.619998931884766,45,45.419998168945312,2725465
2025-02-01,^NSEI,23528.599609375,23632.44921875,23318.30078125,23482.150390625,281000
2025-02-03,ITBEES.NS,45.299999237060547,45.75,44.709999084472656,45.630001068115234,2261227
2025-02-03,^CNXIT,41592.19921875,42375.25,41328.25,42314.25,27100
2025-02-03,^NSEI,23319.349609375,23381.599609375,23222,23361.05078125,329700
2025-02-04,ITBEES.NS,45.630001068115234,46.380001068115234,45.619998931884766,46.220001220703125,2745361
2025-02-04,^CNXIT,42642.75,42931.1015625,42407.3515625,42860.19921875,32200
2025-02-04,^NSEI,23509.900390625,23762.75,23423.150390625,23739.25,376700
2025-02-05,ITBEES.NS,46.220001220703125,46.689998626708984,45.979999542236328,46.240001678466797,2339295
2025-02-05,^CNXIT,43060.6484375,43250.75,42818.1015625,42888.30078125,21900
2025-02-05,^NSEI,23801.75,23807.30078125,23680.44921875,23696.30078125,267000
2025-02-06,ITBEES.NS,46.490001678466797,46.889999389648438,46.200000762939453,46.409999847412109,3522390
2025-02-06,^CNXIT,43197.30078125,43431.80078125,42838.1484375,43020.94921875,26500
2025-02-06,^NSEI,23761.94921875,23773.55078125,23556.25,23603.349609375,307000
2025-02-07,ITBEES.NS,46.590000152587891,46.869998931884766,45.979999542236328,46.319999694824219,2044558
2025-02-07,^CNXIT,43106.1484375,43133.3515625,42623.44921875,42921.6484375,19200
2025-02-07,^NSEI,23649.5,23694.5,23443.19921875,23559.94921875,368100
2025-02-10,ITBEES.NS,46.770000457763672,46.770000457763672,45.860000610351562,45.930000305175781,1745666
2025-02-10,^CNXIT,42956.44921875,42973.6484375,42511.25,42596.55078125,21600
2025-02-10,^NSEI,23543.80078125,23568.599609375,23316.30078125,23381.599609375,234200
2025-02-11,ITBEES.NS,45.939998626708984,46.169998168945312,45.150001525878906,45.25,2234015
2025-02-11,^CNXIT,42616.8984375,42790.25,41866.6015625,41968.30078125,21500
2025-02-11,^NSEI,23383.55078125,23390.05078125,22986.650390625,23071.80078125,268000
2025-02-12,ITBEES.NS,46.599998474121094,46.599998474121094,44.849998474121094,45,2460158
2025-02-12,^CNXIT,42039.5,42263.05078125,41591.19921875,41733,23600
2025-02-12,^NSEI,23050.80078125,23144.69921875,22798.349609375,23045.25,279700
2025-02-13,ITBEES.NS,45.169998168945312,45.549999237060547,44.419998168945312,44.599998474121094,3620406
2025-02-13,^CNXIT,41787,41944.69921875,41182.3984375,41315.55078125,21300
2025-02-13,^NSEI,23055.75,23235.5,22992.19921875,23031.400390625,265700
2025-02-14,ITBEES.NS,45.270000457763672,45.599998474121094,44.029998779296875,44.590000152587891,2480648
2025-02-14,^CNXIT,41547.05078125,41606.75,40958,41311.1484375,18600
2025-02-14,^NSEI,23096.44921875,23133.69921875,22774.849609375,22929.25,254500
2025-02-17,ITBEES.NS,44.849998474121094,44.900001525878906,43.810001373291016,44.279998779296875,2533926
2025-02-17,^CNXIT,40968.80078125,41254.8984375,40592.5,41073.19921875,17400
2025-02-17,^NSEI,22809.900390625,22974.19921875,22725.44921875,22959.5,207400
2025-02-18,ITBEES.NS,44.270000457763672,44.810001373291016,44.270000457763672,44.700000762939453,1803655
2025-02-18,^CNXIT,41097.44921875,41530.30078125,41039.25,41464.3515625,23200
2025-02-18,^NSEI,22963.650390625,22992.5,22801.5,22945.30078125,210600
2025-02-19,ITBEES.NS,44.700000762939453,45.099998474121094,44.049999237060547,44.220001220703125,2412451
2025-02-19,^CNXIT,41373.5,41403.25,40785.05078125,40924.25,20800
2025-02-19,^NSEI,22847.25,23049.94921875,22814.849609375,22932.900390625,207000
2025-02-20,ITBEES.NS,44.209999084472656,44.299999237060547,43.950000762939453,44.080001831054688,2208010
2025-02-20,^CNXIT,40725.3984375,41004.8515625,40701.1015625,40865.94921875,17400
2025-02-20,^NSEI,22821.099609375,22923.849609375,22812.75,22913.150390625,240800
2025-02-21,ITBEES.NS,44.080001831054688,44.290000915527344,43.599998474121094,43.729999542236328,2215294
2025-02-21,^CNXIT,40821.6484375,40905.3984375,40417.44921875,40544.55078125,18400
2025-02-21,^NSEI,22857.19921875,22921,22720.30078125,22795.900390625,242800
2025-02-24,ITBEES.NS,43.700000762939453,43.700000762939453,42.419998168945312,42.509998321533203,5907033
2025-02-24,^CNXIT,40100.25,40186.5,39306.69921875,39446.6015625,32200
2025-02-24,^NSEI,22609.349609375,22668.05078125,22518.80078125,22553.349609375,214300
2025-02-25,ITBEES.NS,42.509998321533203,42.650001525878906,42.139999389648438,42.169998168945312,3069717
2025-02-25,^CNXIT,39085.6015625,39518.19921875,39066.3984375,39131.30078125,24900
2025-02-25,^NSEI,22516.44921875,22625.30078125,22513.900390625,22547.55078125,250300
2025-02-27,ITBEES.NS,43.450000762939453,43.450000762939453,41.779998779296875,42.009998321533203,7521053
2025-02-27,^CNXIT,38971.6015625,39237.69921875,38742.8984375,38946.6484375,31400
2025-02-27,^NSEI,22568.94921875,22613.30078125,22508.400390625,22545.05078125,289200
2025-02-28,ITBEES.NS,41.970001220703125,42.009998321533203,40.099998474121094,40.229999542236328,9388560
2025-02-28,^CNXIT,38620.69921875,38642,37167.30078125,37318.30078125,50700
2025-02-28,^NSEI,22433.400390625,22450.349609375,22104.849609375,22124.69921875,551300
2025-03-03,ITBEES.NS,41.009998321533203,41.009998321533203,40.150001525878906,40.560001373291016,3298120
2025-03-03,^CNXIT,37408.6484375,37930.1484375,37369.69921875,37614.44921875,30400
2025-03-03,^NSEI,22194.55078125,22261.55078125,22004.69921875,22119.30078125,282400
2025-03-04,ITBEES.NS,40.840000152587891,40.840000152587891,39.740001678466797,40.360000610351562,5039935
2025-03-04,^CNXIT,37228.80078125,37537.19921875,36797.3984375,37276.94921875,26600
2025-03-04,^NSEI,21974.44921875,22105.05078125,21964.599609375,22082.650390625,253300
2025-03-05,ITBEES.NS,40.900001525878906,41.479999542236328,40.279998779296875,41.209999084472656,3440157
2025-03-05,^CNXIT,37287.25,38381.75,37287.25,38072.30078125,31500
2025-03-05,^NSEI,22073.05078125,22394.900390625,22067.80078125,22337.30078125,305900
2025-03-06,ITBEES.NS,42.450000762939453,42.450000762939453,41.029998779296875,41.25,1818165
2025-03-06,^CNXIT,38226.1015625,38347.1015625,37912,38145.30078125,30200
2025-03-06,^NSEI,22476.349609375,22556.44921875,22245.849609375,22544.69921875,372100
2025-03-07,ITBEES.NS,41.259998321533203,41.979999542236328,40.700000762939453,40.919998168945312,2637747
2025-03-07,^CNXIT,38028.1484375,38048.3515625,37625.05078125,37820.44921875,22900
2025-03-07,^NSEI,22508.650390625,22633.80078125,22464.75,22552.5,289800
2025-03-10,ITBEES.NS,44.200000762939453,44.200000762939453,39.900001525878906,40.729999542236328,1850510
2025-03-10,^CNXIT,37791.6015625,38037.30078125,37564.3984375,37644.3984375,20500
2025-03-10,^NSEI,22521.849609375,22676.75,22429.05078125,22460.30078125,293900
2025-03-11,ITBEES.NS,40.5,40.5,39.639999389648438,40.340000152587891,3706342
2025-03-11,^CNXIT,37185.25,37500.80078125,36826.8984375,37400.1015625,28500
2025-03-11,^NSEI,22345.94921875,22522.099609375,22314.69921875,22497.900390625,347900
2025-03-12,ITBEES.NS,40.340000152587891,40.400001525878906,38.700000762939453,39.159999847412109,13016801
2025-03-12,^CNXIT,37181.8515625,37201.55078125,35828.80078125,36310.6484375,44900
2025-03-12,^NSEI,22536.349609375,22577.400390625,22329.55078125,22470.5,369700
2025-03-13,ITBEES.NS,39.189998626708984,39.619998931884766,38.900001525878906,38.970001220703125,3644589
2025-03-13,^CNXIT,36378.19921875,36592.94921875,35948.25,36122.5,23400
2025-03-13,^NSEI,22541.5,22558.05078125,22377.349609375,22397.19921875,287500
2025-03-17,ITBEES.NS,39.479999542236328,39.479999542236328,38.680000305175781,38.970001220703125,4610869
2025-03-17,^CNXIT,35828.05078125,36170.25,35828.05078125,36137.19921875,29600
2025-03-17,^NSEI,22353.150390625,22577,22353.150390625,22508.75,251100
2025-03-18,ITBEES.NS,38.970001220703125,38.970001220703125,38.970001220703125,38.970001220703125,0
2025-03-18,^CNXIT,36242.1484375,36681.1484375,36008.8515625,36619.3515625,29900
2025-03-18,^NSEI,22662.25,22857.80078125,22599.19921875,22834.30078125,272600
2025-03-19,ITBEES.NS,39.779998779296875,39.779998779296875,38.75,39.080001831054688,8948905
2025-03-19,^CNXIT,36581.6484375,36581.6484375,35804.6015625,36223.5,36900
2025-03-19,^NSEI,22874.94921875,22940.69921875,22807.94921875,22907.599609375,324000
2025-03-20,ITBEES.NS,39.630001068115234,40.119998931884766,39.110000610351562,39.680000305175781,6472191
2025-03-20,^CNXIT,36444.55078125,37109.8515625,36444.55078125,36676.6484375,37100
2025-03-20,^NSEI,23036.599609375,23216.69921875,22973.94921875,23190.650390625,313700
2025-03-21,ITBEES.NS,39.75,40,38.610000610351562,39.700000762939453,9658361
2025-03-21,^CNXIT,35942.5,37033.8984375,35674.3984375,36702.80078125,53100
2025-03-21,^NSEI,23168.25,23402.69921875,23132.80078125,23350.400390625,541000
2025-03-24,ITBEES.NS,39.75,40.470001220703125,39.529998779296875,40.25,5864075
2025-03-24,^CNXIT,36944.8984375,37469.8515625,36539.94921875,37217.05078125,27900
2025-03-24,^NSEI,23515.400390625,23708.75,23433.5,23658.349609375,311900
2025-03-25,ITBEES.NS,40.490001678466797,41.180000305175781,40.389999389648438,40.75,8213476
2025-03-25,^CNXIT,37542.3984375,38073.05078125,37406,37706.8984375,36100
2025-03-25,^NSEI,23751.5,23869.599609375,23601.400390625,23668.650390625,338200
2025-03-26,ITBEES.NS,41,41.299999237060547,40.299999237060547,40.400001525878906,4586472
2025-03-26,^CNXIT,37719.44921875,37929.3984375,37216.6015625,37336.69921875,23500
2025-03-26,^NSEI,23700.94921875,23736.5,23451.69921875,23486.849609375,278600
2025-03-27,ITBEES.NS,40.400001525878906,40.619998931884766,40.150001525878906,40.419998168945312,3003280
2025-03-27,^CNXIT,37168.1484375,37627.6015625,37160,37548.30078125,35100
2025-03-27,^NSEI,23433.94921875,23646.44921875,23412.19921875,23591.94921875,510300
2025-03-28,ITBEES.NS,40.599998474121094,40.599998474121094,39.709999084472656,39.770000457763672,5465507
2025-03-28,^CNXIT,37376.6015625,37540.80078125,36767.25,36886.1484375,28900
2025-03-28,^NSEI,23600.400390625,23649.19921875,23450.19921875,23519.349609375,295400
2025-04-01,ITBEES.NS,39.75,39.75,38.759998321533203,38.860000610351562,7325046
2025-04-01,^CNXIT,36422.8515625,36538.6015625,35890.3984375,35980.6484375,31000
2025-04-01,^NSEI,23341.099609375,23565.150390625,23136.400390625,23165.69921875,314300
2025-04-02,ITBEES.NS,39,39.580001831054688,38.759998321533203,39.209999084472656,3054402
2025-04-02,^CNXIT,36024.44921875,36368.8515625,35970.69921875,36283.5,21600
2025-04-02,^NSEI,23192.599609375,23350,23158.44921875,23332.349609375,341000
2025-04-03,ITBEES.NS,38.200000762939453,39.700000762939453,37.479999542236328,37.619998931884766,20585919
2025-04-03,^CNXIT,35676.44921875,35686.55078125,34642.3984375,34757.25,38300
2025-04-03,^NSEI,23150.30078125,23306.5,23145.80078125,23250.099609375,283200
2025-04-04,ITBEES.NS,37.990001678466797,37.990001678466797,36.180000305175781,36.389999389648438,18107536
2025-04-04,^CNXIT,34224.6015625,34361.6484375,33418.6484375,33511.44921875,42300
2025-04-04,^NSEI,23190.400390625,23214.69921875,22857.44921875,22904.44921875,466800
2025-04-07,ITBEES.NS,35.400001525878906,36.150001525878906,33.630001068115234,35.840000152587891,22935425
2025-04-07,^CNXIT,31307.94921875,32835.1015625,30918.94921875,32668.80078125,56200
2025-04-07,^NSEI,21758.400390625,22254,21743.650390625,22161.599609375,647100
2025-04-08,ITBEES.NS,36.340000152587891,36.490001678466797,35.560001373291016,35.979999542236328,10400579
2025-04-08,^CNXIT,33232.3984375,33742.8515625,32859.05078125,33244.3984375,42300
2025-04-08,^NSEI,22446.75,22697.19921875,22270.849609375,22535.849609375,468300
2025-04-09,ITBEES.NS,35.979999542236328,35.979999542236328,34.849998474121094,35.200000762939453,9542794
2025-04-09,^CNXIT,32710.25,32762.30078125,32200.25,32517.349609375,41900
2025-04-09,^NSEI,22460.30078125,22468.69921875,22353.25,22399.150390625,383800
2025-04-11,ITBEES.NS,36.380001068115234,36.380001068115234,35.220001220703125,35.450000762939453,11764764
2025-04-11,^CNXIT,32926.6484375,33210.80078125,32526,32740.849609375,41400
2025-04-11,^NSEI,22695.400390625,22923.900390625,22695.400390625,22828.55078125,402200
2025-04-15,ITBEES.NS,37.220001220703125,37.220001220703125,35.619998931884766,35.950000762939453,10461310
2025-04-15,^CNXIT,33504.1484375,33520.6484375,32932.94921875,33275.30078125,31500
2025-04-15,^NSEI,23368.349609375,23368.349609375,23207,23328.55078125,388300
2025-04-16,ITBEES.NS,35.950000762939453,36.090000152587891,35.540000915527344,35.970001220703125,8045910
2025-04-16,^CNXIT,33215.94921875,33387.44921875,32867.94921875,33295.5,35800
2025-04-16,^NSEI,23344.099609375,23452.19921875,23273.05078125,23437.19921875,348400
2025-04-17,ITBEES.NS,35.650001525878906,36.270000457763672,35.150001525878906,36.110000610351562,17447191
2025-04-17,^CNXIT,32832.6484375,33471.55078125,32470.94921875,33372.3515625,82800
2025-04-17,^NSEI,23401.849609375,23872.349609375,23298.55078125,23851.650390625,505300
2025-04-21,ITBEES.NS,36.150001525878906,37.360000610351562,36,36.930000305175781,25663011
2025-04-21,^CNXIT,33299.6015625,34528.55078125,33283.8515625,34135.05078125,100
2025-04-21,^NSEI,23949.150390625,24189.55078125,23903.650390625,24125.55078125,406100
2025-04-22,ITBEES.NS,36.930000305175781,36.950000762939453,36.549999237060547,36.720001220703125,9740334
2025-04-22,^CNXIT,34075.6015625,34130.30078125,33789.1484375,33941.05078125,37700
2025-04-22,^NSEI,24185.400390625,24242.599609375,24072,24167.25,440900
2025-04-23,ITBEES.NS,37.009998321533203,38.360000610351562,37.009998321533203,38.299999237060547,32819171
2025-04-23,^CNXIT,34700.1015625,35522.75,34648.44921875,35414.6484375,71800
2025-04-23,^NSEI,24357.599609375,24359.30078125,24119.94921875,24328.94921875,415000
2025-04-24,ITBEES.NS,38.299999237060547,38.490001678466797,37.959999084472656,38.080001831054688,9920086
2025-04-24,^CNXIT,35463.6015625,35572,35197.30078125,35307.1015625,43600
2025-04-24,^NSEI,24277.900390625,24347.849609375,24216.150390625,24246.69921875,358800
2025-04-25,ITBEES.NS,38.5,38.740001678466797,37.799999237060547,38.340000152587891,15417573
2025-04-25,^CNXIT,35487.30078125,35941.44921875,35068.1484375,35562.25,46200
2025-04-25,^NSEI,24289,24365.44921875,23847.849609375,24039.349609375,387700
2025-04-28,ITBEES.NS,38.840000152587891,38.840000152587891,37.950000762939453,38.310001373291016,7312868
2025-04-28,^CNXIT,35541.55078125,35679.3515625,35089.75,35482.94921875,29000
2025-04-28,^NSEI,24070.25,24355.099609375,24054.05078125,24328.5,320500
2025-04-29,ITBEES.NS,38.680000305175781,39.049999237060547,38.259998321533203,38.779998779296875,9765038
2025-04-29,^CNXIT,35565.75,36157.19921875,35416.8984375,35920.3984375,33700
2025-04-29,^NSEI,24370.69921875,24457.650390625,24290.75,24335.94921875,357600
2025-04-30,ITBEES.NS,38.779998779296875,39.099998474121094,38.409999847412109,38.599998474121094,8660554
2025-04-30,^CNXIT,35913.69921875,36206.55078125,35440.80078125,35794.94921875,32300
2025-04-30,^NSEI,24342.05078125,24396.150390625,24198.75,24334.19921875,424500
2025-05-02,ITBEES.NS,38.610000610351562,39.200000762939453,38.479999542236328,38.650001525878906,8708509
2025-05-02,^CNXIT,35868.5,36300.6015625,35637.3984375,35891.8515625,31300
2025-05-02,^NSEI,24311.900390625,24589.150390625,24238.5,24346.69921875,421100
2025-05-05,ITBEES.NS,38.75,39.240001678466797,38.75,38.919998168945312,6347159
2025-05-05,^CNXIT,36042.6015625,36352.3984375,35949.3515625,35991.25,21200
2025-05-05,^NSEI,24419.5,24526.400390625,24400.650390625,24461.150390625,291500
2025-05-06,ITBEES.NS,39,39.279998779296875,38.610000610351562,38.669998168945312,12055924
2025-05-06,^CNXIT,36129.30078125,36314.19921875,35778.80078125,35869.19921875,21800
2025-05-06,^NSEI,24500.75,24509.650390625,24331.80078125,24379.599609375,302400
2025-05-07,ITBEES.NS,39.150001525878906,39.150001525878906,38.229999542236328,38.790000915527344,4659187
2025-05-07,^CNXIT,35479.1015625,36042.25,35440.6484375,35920.30078125,24900
2025-05-07,^NSEI,24233.30078125,24449.599609375,24220,24414.400390625,330100
2025-05-08,ITBEES.NS,38.799999237060547,39.119998931884766,38.689998626708984,38.810001373291016,12685625
2025-05-08,^CNXIT,35960.94921875,36240.25,35832.80078125,36002.44921875,30700
2025-05-08,^NSEI,24431.5,24447.25,24150.19921875,24273.80078125,411400
2025-05-09,ITBEES.NS,38.810001373291016,38.810001373291016,38.240001678466797,38.720001220703125,5032717
2025-05-09,^CNXIT,35490.8984375,35929.30078125,35488.3984375,35880.1015625,22100
2025-05-09,^NSEI,23935.75,24164.25,23935.75,24008,335600
2025-05-12,ITBEES.NS,39.5,41.400001525878906,39,41.330001831054688,23231100
2025-05-12,^CNXIT,36656.6484375,38356.1015625,36600.75,38282.55078125,43200
2025-05-12,^NSEI,24420.099609375,24944.80078125,24378.849609375,24924.69921875,368700
2025-05-13,ITBEES.NS,41.299999237060547,41.459999084472656,40.400001525878906,40.450000762939453,11907933
2025-05-13,^CNXIT,38326.3984375,38326.3984375,37304.94921875,37354.6015625,36600
2025-05-13,^NSEI,24864.05078125,24973.80078125,24547.5,24578.349609375,423000
2025-05-14,ITBEES.NS,40.990001678466797,40.990001678466797,40.450000762939453,40.930000305175781,6316251
2025-05-14,^CNXIT,37480.6015625,37913.80078125,37379.1484375,37853.55078125,22000
2025-05-14,^NSEI,24613.80078125,24767.55078125,24535.55078125,24666.900390625,345500
2025-05-15,ITBEES.NS,40.930000305175781,41.450000762939453,40.560001373291016,41.349998474121094,13041965
2025-05-15,^CNXIT,37929.1015625,38377.3515625,37456.75,38293.80078125,37300
2025-05-15,^NSEI,24694.44921875,25116.25,24494.44921875,25062.099609375,500800
2025-05-16,ITBEES.NS,41.360000610351562,41.599998474121094,40.909999847412109,41.119998931884766,8277397
2025-05-16,^CNXIT,38351.8984375,38351.8984375,37814.8984375,37972.3515625,18000
2025-05-16,^NSEI,25064.650390625,25070,24953.05078125,25019.80078125,432700
2025-05-19,ITBEES.NS,41.259998321533203,41.880001068115234,40.509998321533203,40.590000152587891,7830327
2025-05-19,^CNXIT,37845.6015625,37917.19921875,37429.6015625,37477.80078125,21700
2025-05-19,^NSEI,25005.349609375,25062.94921875,24916.650390625,24945.44921875,255300
2025-05-20,ITBEES.NS,40.599998474121094,41.049999237060547,40.310001373291016,40.369998931884766,7153518
2025-05-20,^CNXIT,37722.19921875,38019.05078125,37234.19921875,37283.5,25400
2025-05-20,^NSEI,24996.19921875,25010.349609375,24669.69921875,24683.900390625,414800
2025-05-21,ITBEES.NS,40.380001068115234,40.869998931884766,40.130001068115234,40.639999389648438,4336603
2025-05-21,^CNXIT,37418.25,37618.8984375,37112.6015625,37540.1015625,14600
2025-05-21,^NSEI,24744.25,24946.19921875,24685.349609375,24813.44921875,332700
2025-05-22,ITBEES.NS,40.619998931884766,40.619998931884766,39.849998474121094,40.049999237060547,8054980
2025-05-22,^CNXIT,37246.25,37316.30078125,36868.55078125,37050.1484375,25400
2025-05-22,^NSEI,24733.94921875,24737.5,24462.400390625,24609.69921875,403300
2025-05-23,ITBEES.NS,40.049999237060547,40.919998168945312,40.049999237060547,40.479999542236328,6855310
2025-05-23,^CNXIT,37108.69921875,37826.3984375,37062.80078125,37403.55078125,17900
2025-05-23,^NSEI,24639.5,24909.05078125,24614.05078125,24853.150390625,270500
2025-05-26,ITBEES.NS,40.790000915527344,40.900001525878906,40.509998321533203,40.799999237060547,8194480
2025-05-26,^CNXIT,37491.1015625,37819.6484375,37442.8515625,37785.8984375,10600
2025-05-26,^NSEI,24919.349609375,25079.19921875,24900.5,25001.150390625,302800
2025-05-27,ITBEES.NS,40.799999237060547,40.819999694824219,40.430000305175781,40.630001068115234,4714449
2025-05-27,^CNXIT,37777.8984375,37798.69921875,37323.30078125,37501.44921875,22400
2025-05-27,^NSEI,24956.650390625,25062.900390625,24704.099609375,24826.19921875,525700
2025-05-28,ITBEES.NS,40.900001525878906,41.029998779296875,40.549999237060547,40.590000152587891,2765201
2025-05-28,^CNXIT,37751.3984375,37777.5,37440.69921875,37465.75,14900
2025-05-28,^NSEI,24832.5,24864.25,24737.05078125,24752.44921875,684400
2025-05-29,ITBEES.NS,40.650001525878906,41.150001525878906,40.650001525878906,40.819999694824219,5995814
2025-05-29,^CNXIT,37762.1484375,38121.3984375,37585.05078125,37754.1484375,29700
2025-05-29,^NSEI,24825.099609375,24892.599609375,24677.30078125,24833.599609375,345400
2025-05-30,ITBEES.NS,40.819999694824219,40.979999542236328,40.5,40.529998779296875,3698572
2025-05-30,^CNXIT,37646.3984375,37665.44921875,37241.25,37321.75,39500
2025-05-30,^NSEI,24812.599609375,24863.94921875,24717.400390625,24750.69921875,853900
2025-06-02,ITBEES.NS,40.599998474121094,40.880001068115234,40.009998321533203,40.299999237060547,5052954
2025-06-02,^CNXIT,37147.8515625,37172.6015625,36770.1484375,37061.8515625,19000
2025-06-02,^NSEI,24669.69921875,24754.400390625,24526.150390625,24716.599609375,311100
2025-06-03,ITBEES.NS,41.139999389648438,41.139999389648438,39.959999084472656,40.040000915527344,5187879
2025-06-03,^CNXIT,37199.6484375,37367.3515625,36740.55078125,36814.8984375,24300
2025-06-03,^NSEI,24786.30078125,24845.099609375,24502.150390625,24542.5,349300
2025-06-04,ITBEES.NS,41.040000915527344,41.040000915527344,40,40.150001525878906,3881029
2025-06-04,^CNXIT,36831.30078125,37088.5,36762.80078125,36938.1015625,20100
2025-06-04,^NSEI,24560.44921875,24644.25,24530.44921875,24620.19921875,280900
2025-06-05,ITBEES.NS,41.150001525878906,41.150001525878906,40,40.310001373291016,3719038
2025-06-05,^CNXIT,37034.44921875,37408.25,36886.25,37107.94921875,23500
2025-06-05,^NSEI,24691.19921875,24899.849609375,24613.099609375,24750.900390625,388400
2025-06-06,ITBEES.NS,41.310001373291016,41.310001373291016,39.299999237060547,40.479999542236328,4089734
2025-06-06,^CNXIT,37134.1484375,37356.30078125,36910.94921875,37294.8515625,15100
2025-06-06,^NSEI,24748.69921875,25029.5,24671.44921875,25003.05078125,335600
2025-06-09,ITBEES.NS,41.139999389648438,41.139999389648438,40.479999542236328,40.889999389648438,6145171
2025-06-09,^CNXIT,37522.5,37786.25,37445.30078125,37669.19921875,18600
2025-06-09,^NSEI,25160.099609375,25160.099609375,25077.150390625,25103.19921875,279200
2025-06-10,ITBEES.NS,40.889999389648438,41.930000305175781,40.889999389648438,41.799999237060547,20549171
2025-06-10,^CNXIT,37871.6015625,38567.75,37825.1484375,38300,37600
2025-06-10,^NSEI,25196.05078125,25199.30078125,25055.44921875,25104.25,307300
2025-06-11,ITBEES.NS,43,43,40.799999237060547,42.25,19690455
2025-06-11,^CNXIT,38355.5,38834.75,38215,38784.30078125,42400
2025-06-11,^NSEI,25134.150390625,25222.400390625,25081.30078125,25141.400390625,301200
2025-06-12,ITBEES.NS,42.450000762939453,42.5,41.630001068115234,41.860000610351562,15257545
2025-06-12,^CNXIT,38732.94921875,38891.05078125,38227.25,38460.30078125,38400
2025-06-12,^NSEI,25164.44921875,25196.19921875,24825.900390625,24888.19921875,328300
2025-06-13,ITBEES.NS,42.900001525878906,42.900001525878906,40.099998474121094,41.919998168945312,8634263
2025-06-13,^CNXIT,37769.5,38687.55078125,37722.19921875,38469.25,24700
2025-06-13,^NSEI,24473,24754.349609375,24473,24718.599609375,318700
2025-06-16,ITBEES.NS,41.990001678466797,42.75,41.220001220703125,42.540000915527344,19108060
2025-06-16,^CNXIT,38440.8515625,39258.3984375,38369.05078125,39073.05078125,25400
2025-06-16,^NSEI,24732.349609375,24967.099609375,24703.599609375,24946.5,305800
2025-06-17,ITBEES.NS,43.599998474121094,43.599998474121094,42.459999084472656,42.770000457763672,8958123
2025-06-17,^CNXIT,39123,39499.1484375,38977.94921875,39356.1015625,24100
2025-06-17,^NSEI,24977.849609375,24982.05078125,24813.69921875,24853.400390625,242400
2025-06-18,ITBEES.NS,43.240001678466797,43.240001678466797,42.299999237060547,42.409999847412109,9643622
2025-06-18,^CNXIT,39220.3515625,39572.5,38963.80078125,39030.8984375,18500
2025-06-18,^NSEI,24788.349609375,24947.55078125,24750.44921875,24812.05078125,237600
2025-06-19,ITBEES.NS,41.340000152587891,42.409999847412109,41.340000152587891,41.959999084472656,18117658
2025-06-19,^CNXIT,38945.3515625,38966.80078125,38429.3984375,38664.94921875,30200
2025-06-19,^NSEI,24803.25,24863.099609375,24733.400390625,24793.25,274600
2025-06-20,ITBEES.NS,40.909999847412109,42.389999389648438,40.909999847412109,42.310001373291016,5609741
2025-06-20,^CNXIT,38674.19921875,39041.05078125,38454.05078125,38991.44921875,34000
2025-06-20,^NSEI,24787.650390625,25136.19921875,24783.650390625,25112.400390625,574700
2025-06-23,ITBEES.NS,42.979999542236328,42.979999542236328,41.25,41.840000152587891,5959455
2025-06-23,^CNXIT,38642.1484375,38646.5,38278.69921875,38414.1015625,21900
2025-06-23,^NSEI,24939.75,25057,24824.849609375,24971.900390625,248500
2025-06-24,ITBEES.NS,42.389999389648438,42.389999389648438,41.729999542236328,41.819999694824219,7206045
2025-06-24,^CNXIT,38852.6484375,38936.55078125,38380,38417.94921875,25900
2025-06-24,^NSEI,25179.900390625,25317.69921875,24999.69921875,25044.349609375,450200
2025-06-25,ITBEES.NS,40.770000457763672,42.5,40.770000457763672,42.439998626708984,7542946
2025-06-25,^CNXIT,38635,39109.25,38605.5,39046.30078125,20000
2025-06-25,^NSEI,25150.349609375,25266.80078125,25125.05078125,25244.75,260600
2025-06-26,ITBEES.NS,42.439998626708984,42.560001373291016,42.159999847412109,42.400001525878906,5149821
2025-06-26,^CNXIT,38996.6484375,39103.3515625,38760.1484375,38996.25,27500
2025-06-26,^NSEI,25268.94921875,25565.30078125,25259.900390625,25549,428900
2025-06-27,ITBEES.NS,41.340000152587891,42.880001068115234,41.25,42.290000915527344,10250436
2025-06-27,^CNXIT,39125.75,39357.75,38707.1484375,38822.94921875,39100
2025-06-27,^NSEI,25576.650390625,25654.19921875,25523.55078125,25637.80078125,564000
2025-06-30,ITBEES.NS,43.340000152587891,43.560001373291016,42.080001831054688,42.409999847412109,6132686
2025-06-30,^CNXIT,38945.8515625,39011.94921875,38652.30078125,38950,21000
2025-06-30,^NSEI,25661.650390625,25669.349609375,25473.30078125,25517.05078125,271000
2025-07-01,ITBEES.NS,43.680000305175781,43.680000305175781,42.099998474121094,42.220001220703125,9455532
2025-07-01,^CNXIT,39004.6484375,39282.94921875,38725.25,38833.1484375,17400
2025-07-01,^NSEI,25551.349609375,25593.400390625,25501.80078125,25541.80078125,260700
2025-07-02,ITBEES.NS,42.680000305175781,42.889999389648438,41.770000457763672,42.25,9366954
2025-07-02,^CNXIT,39080.30078125,39519.5,38738.8515625,38879.1015625,27500
2025-07-02,^NSEI,25588.30078125,25608.099609375,25378.75,25453.400390625,309800
2025-07-03,ITBEES.NS,42.75,42.75,42.020000457763672,42.240001678466797,4101135
2025-07-03,^CNXIT,39009.8515625,39203.69921875,38803.75,38854.30078125,22500
2025-07-03,^NSEI,25505.099609375,25587.5,25384.349609375,25405.30078125,293400
2025-07-04,ITBEES.NS,43.290000915527344,43.290000915527344,42.169998168945312,42.529998779296875,4423452
2025-07-04,^CNXIT,38968.1015625,39191.8984375,38784.3984375,39166.55078125,16200
2025-07-04,^NSEI,25428.849609375,25470.25,25331.650390625,25461,193500
2025-07-07,ITBEES.NS,42.209999084472656,43.590000152587891,42.200000762939453,42.299999237060547,5112502
2025-07-07,^CNXIT,39146.1484375,39176.6484375,38799.69921875,38866.94921875,14500
2025-07-07,^NSEI,25450.44921875,25489.80078125,25407.25,25461.30078125,196100
2025-07-08,ITBEES.NS,43.349998474121094,43.349998474121094,41.400001525878906,42.360000610351562,4669314
2025-07-08,^CNXIT,38837,39238.19921875,38732.55078125,38983.25,18500
2025-07-08,^NSEI,25427.849609375,25548.05078125,25424.150390625,25522.5,210400
2025-07-09,ITBEES.NS,42.369998931884766,42.700000762939453,41.959999084472656,42.040000915527344,7304717
2025-07-09,^CNXIT,38986.80078125,38999.75,38540.6484375,38680.8515625,24200
2025-07-09,^NSEI,25514.599609375,25548.69921875,25424.349609375,25476.099609375,239100
2025-07-10,ITBEES.NS,41.5,42.959999084472656,40.979999542236328,41.790000915527344,5608070
2025-07-10,^CNXIT,38713.80078125,38715.19921875,38197.3515625,38376.6484375,22300
2025-07-10,^NSEI,25511.650390625,25524.05078125,25340.44921875,25355.25,219600
2025-07-11,ITBEES.NS,41.490001678466797,41.490001678466797,40.900001525878906,41.020000457763672,12168054
2025-07-11,^CNXIT,37702.55078125,37990.80078125,37558.1015625,37693.25,40700
2025-07-11,^NSEI,25255.5,25322.44921875,25129,25149.849609375,250000
2025-07-14,ITBEES.NS,41.479999542236328,41.479999542236328,40.299999237060547,40.490001678466797,11984085
2025-07-14,^CNXIT,37643.3515625,37664.19921875,37016.1015625,37273.69921875,30900
2025-07-14,^NSEI,25149.5,25151.099609375,25001.94921875,25082.30078125,259500
2025-07-15,ITBEES.NS,41.700000762939453,41.700000762939453,40.340000152587891,40.639999389648438,10892981
2025-07-15,^CNXIT,37077,37664.8984375,37048.94921875,37424.6015625,38900
2025-07-15,^NSEI,25089.5,25245.19921875,25088.44921875,25195.80078125,241300
2025-07-16,ITBEES.NS,41.650001525878906,41.650001525878906,40.540000915527344,41,7869588
2025-07-16,^CNXIT,37325.69921875,37758.5,37258.05078125,37660.75,30700
2025-07-16,^NSEI,25196.599609375,25255.30078125,25121.05078125,25212.05078125,228800
2025-07-17,ITBEES.NS,42.020000457763672,42.229999542236328,40.430000305175781,40.470001220703125,8619374
2025-07-17,^CNXIT,37552.8515625,37666.55078125,37060.69921875,37138.55078125,32600
2025-07-17,^NSEI,25230.75,25238.349609375,25101,25111.44921875,243400
2025-07-18,ITBEES.NS,40.470001220703125,41.009998321533203,40.279998779296875,40.509998321533203,6064382
2025-07-18,^CNXIT,37366.69921875,37419.6015625,36951.8515625,37141.8984375,49800
2025-07-18,^NSEI,25108.55078125,25144.599609375,24918.650390625,24968.400390625,317000
2025-07-21,ITBEES.NS,40.919998168945312,40.919998168945312,40.119998931884766,40.389999389648438,4724727
2025-07-21,^CNXIT,37109.80078125,37164.8515625,36780.05078125,37031.75,25900
2025-07-21,^NSEI,24999,25111.400390625,24882.30078125,25090.69921875,305200
2025-07-22,ITBEES.NS,41.389999389648438,41.389999389648438,40.180000305175781,40.209999084472656,5546295
2025-07-22,^CNXIT,36963.6484375,37121,36827.3984375,36858.8984375,24800
2025-07-22,^NSEI,25166.650390625,25182,25035.55078125,25060.900390625,483700
2025-07-23,ITBEES.NS,39.200000762939453,40.990001678466797,39.200000762939453,40.319999694824219,4977047
2025-07-23,^CNXIT,36958.30078125,37086.6015625,36745.19921875,36951.5,25700
2025-07-23,^NSEI,25139.349609375,25233.5,25085.5,25219.900390625,271500
2025-07-24,ITBEES.NS,41.319999694824219,41.319999694824219,39.310001373291016,39.400001525878906,17742433
2025-07-24,^CNXIT,36949.30078125,36974.05078125,36097.6484375,36135.80078125,48500
2025-07-24,^NSEI,25243.30078125,25246.25,25018.69921875,25062.099609375,338700
2025-07-25,ITBEES.NS,39.439998626708984,39.560001373291016,38.770000457763672,38.849998474121094,10838784
2025-07-25,^CNXIT,35998,36271.1015625,35531.6484375,35623.75,34100
2025-07-25,^NSEI,25010.349609375,25010.349609375,24806.349609375,24837,278100
2025-07-28,ITBEES.NS,38.849998474121094,39.75,38.299999237060547,38.639999389648438,14980463
2025-07-28,^CNXIT,35521.69921875,35566.55078125,35049.8984375,35370.05078125,28700
2025-07-28,^NSEI,24782.44921875,24889.19921875,24646.599609375,24680.900390625,262100
2025-07-29,ITBEES.NS,39.159999847412109,39.159999847412109,38.319999694824219,38.659999847412109,10801392
2025-07-29,^CNXIT,35270.8984375,35438.75,35101.5,35373.25,37000
2025-07-29,^NSEI,24609.650390625,24847.150390625,24598.599609375,24821.099609375,284700
2025-07-30,ITBEES.NS,39.619998931884766,39.619998931884766,38.520000457763672,38.770000457763672,6555771
2025-07-30,^CNXIT,35453.05078125,35531.55078125,35258,35481.69921875,20900
2025-07-30,^NSEI,24890.400390625,24902.30078125,24771.94921875,24855.05078125,243900
2025-07-31,ITBEES.NS,39.700000762939453,39.700000762939453,38.25,38.580001831054688,7373810
2025-07-31,^CNXIT,35218.8515625,35589,34999.25,35301.6484375,25100
2025-07-31,^NSEI,24642.25,24956.5,24635,24768.349609375,346300
2025-08-01,ITBEES.NS,39.450000762939453,39.450000762939453,37.650001525878906,37.869998931884766,10271852
2025-08-01,^CNXIT,35118.6015625,35166.3984375,34586.8984375,34649.6015625,24500
2025-08-01,^NSEI,24734.900390625,24784.150390625,24535.05078125,24565.349609375,263400
2025-08-04,ITBEES.NS,37.849998474121094,39.009998321533203,37.520000457763672,38.459999084472656,8202997
2025-08-04,^CNXIT,34558.69921875,35219.8515625,34324.8515625,35203.3515625,23000
2025-08-04,^NSEI,24596.05078125,24736.25,24554,24722.75,259300
2025-08-05,ITBEES.NS,38.099998474121094,39.419998168945312,37.520000457763672,38.290000915527344,4905083
2025-08-05,^CNXIT,35196.75,35196.75,34854.30078125,35034.5,27900
2025-08-05,^NSEI,24720.25,24733.099609375,24590.30078125,24649.55078125,251800
2025-08-06,ITBEES.NS,37.650001525878906,38.650001525878906,37.349998474121094,37.610000610351562,7094276
2025-08-06,^CNXIT,34957.94921875,34990.3515625,34347.44921875,34426.25,25900
2025-08-06,^NSEI,24641.349609375,24671.400390625,24539.19921875,24574.19921875,225100
2025-08-07,ITBEES.NS,38.549999237060547,38.740001678466797,37.400001525878906,37.930000305175781,6844583
2025-08-07,^CNXIT,34284.94921875,34808.05078125,34224.55078125,34726.80078125,25200
2025-08-07,^NSEI,24464.19921875,24634.19921875,24344.150390625,24596.150390625,616700
2025-08-08,ITBEES.NS,39.799999237060547,39.799999237060547,37.549999237060547,37.590000152587891,5791829
2025-08-08,^CNXIT,34603,34643.75,34350.8515625,34398.5,30100
2025-08-08,^NSEI,24544.25,24585.5,24337.5,24363.30078125,312600
2025-08-11,ITBEES.NS,37.020000457763672,37.979999542236328,37.020000457763672,37.75,7430170
2025-08-11,^CNXIT,34367.25,34624.3984375,34228,34544.6484375,17400
2025-08-11,^NSEI,24371.5,24600.849609375,24347.44921875,24585.05078125,241100
2025-08-12,ITBEES.NS,36.799999237060547,38.650001525878906,36.799999237060547,37.880001068115234,7679642
2025-08-12,^CNXIT,34589.8515625,35072.5,34561.30078125,34674.30078125,29700
2025-08-12,^NSEI,24563.349609375,24702.599609375,24465.650390625,24487.400390625,237000
2025-08-13,ITBEES.NS,37.810001373291016,38.599998474121094,37.75,37.900001525878906,4537432
2025-08-13,^CNXIT,34756.6484375,34842.1484375,34552.8515625,34692.94921875,24700
2025-08-13,^NSEI,24586.19921875,24664.55078125,24535.25,24619.349609375,236000
2025-08-14,ITBEES.NS,37.799999237060547,38.569999694824219,37.5,38.119998931884766,5452173
2025-08-14,^CNXIT,34732.25,35332.19921875,34732.25,34833.19921875,37800
2025-08-14,^NSEI,24607.25,24673.650390625,24596.900390625,24631.30078125,270200
2025-08-18,ITBEES.NS,38.700000762939453,38.799999237060547,37.700000762939453,37.830001831054688,7673783
2025-08-18,^CNXIT,35152.69921875,35158.69921875,34514,34634.94921875,21900
2025-08-18,^NSEI,24938.19921875,25022,24852.849609375,24876.94921875,363100
2025-08-19,ITBEES.NS,37.650001525878906,38.770000457763672,37.650001525878906,37.950000762939453,5672788
2025-08-19,^CNXIT,34618.8515625,34825.30078125,34549.05078125,34756.69921875,16700
2025-08-19,^NSEI,24891.349609375,25012.650390625,24873.94921875,24980.650390625,252300
2025-08-20,ITBEES.NS,38.599998474121094,39,37.840000152587891,38.939998626708984,19311808
2025-08-20,^CNXIT,34647.19921875,35773.6484375,34647.19921875,35690.05078125,41800
2025-08-20,^NSEI,24965.80078125,25088.69921875,24929.69921875,25050.55078125,287100
2025-08-21,ITBEES.NS,39.5,39.520000457763672,38.75,39.009998321533203,8154259
2025-08-21,^CNXIT,35918.80078125,35922.55078125,35461.44921875,35723.8984375,24200
2025-08-21,^NSEI,25142,25153.650390625,25054.900390625,25083.75,226500
2025-08-22,ITBEES.NS,38.110000610351562,39.979999542236328,38.110000610351562,38.720001220703125,4696189
2025-08-22,^CNXIT,35735.44921875,35767.1484375,35415.3984375,35440.8515625,27600
2025-08-22,^NSEI,25064.150390625,25084.849609375,24859.150390625,24870.099609375,210200
2025-08-25,ITBEES.NS,38.700000762939453,39.689998626708984,38.700000762939453,39.540000915527344,12077370
2025-08-25,^CNXIT,35795.5,36445.30078125,35795.5,36280.1015625,39100
2025-08-25,^NSEI,24949.150390625,25021.55078125,24894.349609375,24967.75,213000
2025-08-26,ITBEES.NS,39.830001831054688,39.830001831054688,38.799999237060547,39.259998321533203,12128599
2025-08-26,^CNXIT,36106.80078125,36324.30078125,35998.94921875,36063.19921875,46100
2025-08-26,^NSEI,24899.5,24919.650390625,24689.599609375,24712.05078125,750500
2025-08-28,ITBEES.NS,38.450000762939453,39.740001678466797,38.450000762939453,38.700000762939453,6950623
2025-08-28,^CNXIT,36017.1484375,36018.94921875,35444.19921875,35488.80078125,22800
2025-08-28,^NSEI,24695.80078125,24702.650390625,24481.599609375,24500.900390625,326600
2025-08-29,ITBEES.NS,39.659999847412109,39.659999847412109,38.369998931884766,38.419998168945312,6149663
2025-08-29,^CNXIT,35491.6015625,35575.19921875,35130.3515625,35181.25,28100
2025-08-29,^NSEI,24466.69921875,24572.44921875,24404.69921875,24426.849609375,325500
2025-09-01,ITBEES.NS,37.650001525878906,39,37.650001525878906,38.959999084472656,4958707
2025-09-01,^CNXIT,35255.30078125,35787.69921875,35255.30078125,35740.6484375,14500
2025-09-01,^NSEI,24432.69921875,24635.599609375,24432.69921875,24625.05078125,229300
2025-09-02,ITBEES.NS,39.119998931884766,39.299999237060547,38.740001678466797,39,4622262
2025-09-02,^CNXIT,35767,36061.1015625,35541.19921875,35737.8984375,16900
2025-09-02,^NSEI,24653,24756.099609375,24522.349609375,24579.599609375,271600
2025-09-03,ITBEES.NS,38.020000457763672,39.299999237060547,38.020000457763672,38.759998321533203,4991525
2025-09-03,^CNXIT,35807.94921875,35832,35293.1015625,35474.94921875,15400
2025-09-03,^NSEI,24616.5,24737.05078125,24533.19921875,24715.05078125,340300
2025-09-04,ITBEES.NS,38.759998321533203,39.009998321533203,38.310001373291016,38.380001068115234,6101554
2025-09-04,^CNXIT,35580.6015625,35599.30078125,35093.3984375,35143.1015625,17400
2025-09-04,^NSEI,24980.75,24980.75,24708.19921875,24734.30078125,314100
2025-09-05,ITBEES.NS,39.330001831054688,39.330001831054688,37.529998779296875,37.849998474121094,18818110
2025-09-05,^CNXIT,35234.75,35331.5,34343.3984375,34635.8515625,23500
2025-09-05,^NSEI,24818.849609375,24832.349609375,24621.599609375,24741,210100
2025-09-08,ITBEES.NS,38.790000915527344,38.790000915527344,37.430000305175781,37.490001678466797,9935512
2025-09-08,^CNXIT,34744.8984375,34912.8515625,34259.3984375,34310.44921875,19600
2025-09-08,^NSEI,24802.599609375,24885.5,24751.55078125,24773.150390625,213200
2025-09-09,ITBEES.NS,38.419998168945312,38.610000610351562,37.799999237060547,38.520000457763672,17538685
2025-09-09,^CNXIT,34773.05078125,35304.8515625,34770.3515625,35255.94921875,35900
2025-09-09,^NSEI,24864.099609375,24891.80078125,24814,24868.599609375,226900
2025-09-10,ITBEES.NS,38.560001373291016,39.540000915527344,38.5,39.430000305175781,16064146
2025-09-10,^CNXIT,35428.8984375,36255.19921875,35426.6015625,36183.80078125,36500
2025-09-10,^NSEI,24991,25035.69921875,24915.05078125,24973.099609375,244100
2025-09-11,ITBEES.NS,40.409999847412109,40.409999847412109,39.040000915527344,39.240001678466797,5621790
2025-09-11,^CNXIT,36265.94921875,36278.19921875,35829.8515625,36003.5,22600
2025-09-11,^NSEI,24945.5,25037.30078125,24940.150390625,25005.5,224600
2025-09-12,ITBEES.NS,40.220001220703125,40.419998168945312,39.25,39.360000610351562,5153358
2025-09-12,^CNXIT,36331.44921875,36356.6484375,36025.30078125,36110.75,24600
2025-09-12,^NSEI,25074.44921875,25139.44921875,25038.05078125,25114,225700
2025-09-15,ITBEES.NS,39.790000915527344,39.790000915527344,38.369998931884766,39.180000305175781,4912862
2025-09-15,^CNXIT,36139.69921875,36151.44921875,35686.1484375,35902.19921875,15700
2025-09-15,^NSEI,25118.900390625,25138.44921875,25048.75,25069.19921875,185400
2025-09-16,ITBEES.NS,38.619998931884766,39.790000915527344,38.619998931884766,39.479999542236328,4790630
2025-09-16,^CNXIT,35962.30078125,36274,35860.5,36212.1484375,23600
2025-09-16,^NSEI,25073.599609375,25261.400390625,25070.44921875,25239.099609375,240100
2025-09-17,ITBEES.NS,39.400001525878906,39.900001525878906,39.400001525878906,39.770000457763672,7411546
2025-09-17,^CNXIT,36326.30078125,36608.8984375,36253.8984375,36447.1484375,22100
2025-09-17,^NSEI,25276.599609375,25346.5,25275.349609375,25330.25,268900
2025-09-18,ITBEES.NS,39.680000305175781,40.349998474121094,39.459999084472656,40.119998931884766,11082621
2025-09-18,^CNXIT,36801.5,37064.94921875,36631.05078125,36750.25,31300
2025-09-18,^NSEI,25441.05078125,25448.94921875,25329.75,25423.599609375,272200
2025-09-19,ITBEES.NS,40.319999694824219,40.400001525878906,39.700000762939453,39.909999847412109,7172837
2025-09-19,^CNXIT,36765.5,36821.19921875,36369.94921875,36578.25,37200
2025-09-19,^NSEI,25410.19921875,25428.75,25286.30078125,25327.05078125,380400
2025-09-22,ITBEES.NS,38.849998474121094,40,38.369998931884766,38.779998779296875,30071128
2025-09-22,^CNXIT,35437.8984375,35781.6015625,35145.1015625,35500.1484375,51000
2025-09-22,^NSEI,25238.099609375,25331.69921875,25151.05078125,25202.349609375,254500
2025-09-23,ITBEES.NS,38.950000762939453,38.979999542236328,38.430000305175781,38.479999542236328,13024404
2025-09-23,^CNXIT,35477.6015625,35642.69921875,35177.3515625,35249.1015625,29900
2025-09-23,^NSEI,25209,25261.900390625,25084.650390625,25169.5,299200
2025-09-24,ITBEES.NS,39.069999694824219,39.150001525878906,38.080001831054688,38.209999084472656,8396500
2025-09-24,^CNXIT,35104.05078125,35193.30078125,34857.69921875,34994.30078125,23600
2025-09-24,^NSEI,25108.75,25149.849609375,25027.44921875,25056.900390625,244400
2025-09-25,ITBEES.NS,37.25,39.049999237060547,37.25,37.729999542236328,10130158
2025-09-25,^CNXIT,34914,35092.3984375,34460.30078125,34548.30078125,29200
2025-09-25,^NSEI,25034.5,25092.69921875,24878.30078125,24890.849609375,342500
2025-09-26,ITBEES.NS,37.729999542236328,37.759998321533203,36.75,36.830001831054688,19382458
2025-09-26,^CNXIT,34399.19921875,34477.30078125,33636.55078125,33702,37000
2025-09-26,^NSEI,24818.55078125,24868.599609375,24629.44921875,24654.69921875,291500
2025-09-29,ITBEES.NS,36.799999237060547,37.290000915527344,35.900001525878906,36.799999237060547,7765764
2025-09-29,^CNXIT,33900.6015625,33970.05078125,33606.44921875,33693.1015625,31900
2025-09-29,^NSEI,24728.55078125,24791.30078125,24606.19921875,24634.900390625,394400
2025-09-30,ITBEES.NS,37.099998474121094,37.099998474121094,35.880001068115234,36.75,4907004
2025-09-30,^CNXIT,33789.69921875,33922.6015625,33634.30078125,33655.1015625,28800
2025-09-30,^NSEI,24691.94921875,24731.80078125,24587.69921875,24611.099609375,303000
2025-10-01,ITBEES.NS,37,38.049999237060547,36.520000457763672,37.159999847412109,6982213
2025-10-01,^CNXIT,33702.8515625,34016.6015625,33432.1015625,33905.19921875,24200
2025-10-01,^NSEI,24620.55078125,24867.94921875,24605.94921875,24836.30078125,308900
2025-10-03,ITBEES.NS,37.650001525878906,37.650001525878906,36.880001068115234,37.080001831054688,6832500
2025-10-03,^CNXIT,33921.1015625,33992.1484375,33763.1015625,33949.75,28900
2025-10-03,^NSEI,24759.55078125,24904.80078125,24747.55078125,24894.25,365900
2025-10-06,ITBEES.NS,37.080001831054688,37.860000610351562,37,37.830001831054688,8889214
2025-10-06,^CNXIT,33961.3984375,34743.75,33926.6484375,34722.55078125,20400
2025-10-06,^NSEI,24916.55078125,25095.94921875,24881.650390625,25077.650390625,268800
2025-10-07,ITBEES.NS,37.299999237060547,38.229999542236328,37.299999237060547,37.819999694824219,5644419
2025-10-07,^CNXIT,34820.6015625,34879.19921875,34533.75,34709.44921875,21000
2025-10-07,^NSEI,25085.30078125,25220.900390625,25076.30078125,25108.30078125,288000
2025-10-08,ITBEES.NS,37.819999694824219,38.549999237060547,37.729999542236328,38.369998931884766,10652074
2025-10-08,^CNXIT,34664.3984375,35394.55078125,34607.30078125,35232.25,23300
2025-10-08,^NSEI,25079.75,25192.5,25008.5,25046.150390625,227400
2025-10-09,ITBEES.NS,38.709999084472656,38.849998474121094,38.349998474121094,38.790000915527344,9636078
2025-10-09,^CNXIT,35315.3984375,35688.3515625,35174.80078125,35628.5,21200
2025-10-09,^NSEI,25074.30078125,25199.25,25024.30078125,25181.80078125,286300
2025-10-10,ITBEES.NS,38.860000610351562,39,38.520000457763672,38.779998779296875,5415617
2025-10-10,^CNXIT,35705.6484375,35821.30078125,35321.8515625,35609.05078125,25100
2025-10-10,^NSEI,25167.650390625,25330.75,25156.849609375,25285.349609375,232900
2025-10-13,ITBEES.NS,38.479999542236328,38.790000915527344,38.229999542236328,38.490001678466797,5904570
2025-10-13,^CNXIT,35397.19921875,35505.3515625,35072.3984375,35330.80078125,20300
2025-10-13,^NSEI,25177.30078125,25267.30078125,25152.30078125,25227.349609375,234300
2025-10-14,ITBEES.NS,38.569999694824219,38.939998626708984,38.340000152587891,38.369998931884766,7057586
2025-10-14,^CNXIT,35542.8515625,35766.25,35148.3984375,35214.8515625,26300
2025-10-14,^NSEI,25277.55078125,25310.349609375,25060.55078125,25145.5,292100
2025-10-15,ITBEES.NS,38.409999847412109,38.799999237060547,38.409999847412109,38.639999389648438,5181928
2025-10-15,^CNXIT,35327.19921875,35571.6015625,35226.1484375,35401.80078125,36000
2025-10-15,^NSEI,25181.94921875,25365.150390625,25159.349609375,25323.55078125,289900
2025-10-16,ITBEES.NS,38.990001678466797,38.990001678466797,38.459999084472656,38.810001373291016,6609735
2025-10-16,^CNXIT,35443.69921875,35574.25,35229.6015625,35531.05078125,27600
2025-10-16,^NSEI,25394.900390625,25625.400390625,25376.849609375,25585.30078125,372800
2025-10-17,ITBEES.NS,38.810001373291016,38.810001373291016,38.150001525878906,38.229999542236328,15241334
2025-10-17,^CNXIT,35356.5,35356.5,34872.94921875,34950.69921875,73000
2025-10-17,^NSEI,25546.849609375,25781.5,25508.599609375,25709.849609375,422100
2025-10-20,ITBEES.NS,38.610000610351562,38.650001525878906,38.229999542236328,38.580001831054688,6744161
2025-10-20,^CNXIT,35109.75,35377.8515625,35077.8515625,35292.6015625,25600
2025-10-20,^NSEI,25824.599609375,25926.19921875,25788.5,25843.150390625,301100
2025-10-21,ITBEES.NS,39.700000762939453,39.700000762939453,38.560001373291016,38.700000762939453,3513072
2025-10-21,^CNXIT,35500.8984375,35564.19921875,35221.55078125,35299.75,4700
2025-10-21,^NSEI,25901.19921875,25934.349609375,25825.80078125,25868.599609375,42500
2025-10-23,ITBEES.NS,38.950000762939453,39.799999237060547,38.75,39.419998168945312,26123975
2025-10-23,^CNXIT,35936.75,36462,35859.75,36078.6484375,57100
2025-10-23,^NSEI,26057.19921875,26104.19921875,25862.44921875,25891.400390625,448400
2025-10-24,^CNXIT,36211.3984375,36268.6484375,35886.1484375,35986.3515625,23100
2025-10-24,^NSEI,25935.099609375,25944.150390625,25718.19921875,25795.150390625,284900
2025-10-27,ITBEES.NS,39.279998779296875,40.799999237060547,39.279998779296875,39.630001068115234,8697032
2025-10-27,^CNXIT,36075.55078125,36279.3984375,35962.80078125,36129.1015625,29100
2025-10-27,^NSEI,25843.19921875,26005.94921875,25827,25966.05078125,266300
2025-10-28,ITBEES.NS,39.810001373291016,39.810001373291016,39.229999542236328,39.419998168945312,6605063
2025-10-28,^CNXIT,36088.6484375,36193.1484375,35677.6015625,35860.3984375,27100
2025-10-28,^NSEI,25939.94921875,26041.69921875,25810.05078125,25936.19921875,395200
2025-10-29,ITBEES.NS,39.419998168945312,39.950000762939453,39.349998474121094,39.659999847412109,7792406
2025-10-29,^CNXIT,35916.1015625,36201.55078125,35778.19921875,36090.1015625,23400
2025-10-29,^NSEI,25982,26097.849609375,25960.30078125,26053.900390625,321900
2025-10-30,ITBEES.NS,39.659999847412109,40.799999237060547,39.349998474121094,39.450000762939453,5463774
2025-10-30,^CNXIT,36073.1484375,36127.8984375,35812.75,35906.3984375,22300
2025-10-30,^NSEI,25984.400390625,26032.05078125,25845.25,25877.849609375,257400
2025-10-31,ITBEES.NS,39.450000762939453,39.610000610351562,39.220001220703125,39.25,4923401
2025-10-31,^CNXIT,35918.55078125,36050.3515625,35681.05078125,35712.3515625,18500
2025-10-31,^NSEI,25863.80078125,25953.75,25711.19921875,25722.099609375,334400
2025-11-03,ITBEES.NS,39.25,39.360000610351562,38.950000762939453,39.110000610351562,10179303
2025-11-03,^CNXIT,35664.80078125,35742.80078125,35479.5,35653.1015625,1100
2025-11-03,^NSEI,25696.849609375,25803.099609375,25645.5,25763.349609375,23300
2025-11-04,ITBEES.NS,39,39.25,38.130001068115234,38.790000915527344,5569098
2025-11-04,^CNXIT,35580.55078125,35668.75,35198.75,35274.55078125,23000
2025-11-04,^NSEI,25744.75,25787.400390625,25578.400390625,25597.650390625,305100
2025-11-06,ITBEES.NS,38.990001678466797,39.029998779296875,38.740001678466797,38.790000915527344,4084707
2025-11-06,^CNXIT,35380.44921875,35509,35248.30078125,35337.6015625,25100
2025-11-06,^NSEI,25593.349609375,25679.150390625,25491.55078125,25509.69921875,371900
2025-11-07,ITBEES.NS,38.790000915527344,38.849998474121094,38.209999084472656,38.599998474121094,5450088
2025-11-07,^CNXIT,35233.19921875,35272.55078125,34732.5,35117.6484375,21700
2025-11-07,^NSEI,25433.80078125,25551.25,25318.44921875,25492.30078125,305600
2025-11-10,ITBEES.NS,38.549999237060547,39.759998321533203,38,39.229999542236328,7118311
2025-11-10,^CNXIT,35246.94921875,35855.6015625,35237.19921875,35688.25,26700
2025-11-10,^NSEI,25503.5,25653.44921875,25503.5,25574.349609375,243600
2025-11-11,ITBEES.NS,39.400001525878906,39.779998779296875,39.189998626708984,39.729999542236328,14007612
2025-11-11,^CNXIT,35902.8984375,36149.8984375,35683.8984375,36116.8984375,33800
2025-11-11,^NSEI,25617,25715.80078125,25449.25,25694.94921875,297700
2025-11-12,ITBEES.NS,39.700000762939453,40.590000152587891,39.700000762939453,40.520000457763672,30124977
2025-11-12,^CNXIT,36299.3984375,36911.94921875,36290.80078125,36855.3984375,40400
2025-11-12,^NSEI,25834.30078125,25934.55078125,25781.150390625,25875.80078125,312600
2025-11-13,ITBEES.NS,40.700000762939453,40.770000457763672,40.200000762939453,40.360000610351562,17787711
2025-11-13,^CNXIT,36937.94921875,36939.8515625,36525.3984375,36679.5,33100
2025-11-13,^NSEI,25906.099609375,26010.69921875,25808.400390625,25879.150390625,385200
2025-11-14,ITBEES.NS,40.200000762939453,40.209999084472656,39.569999694824219,39.950000762939453,13380444
2025-11-14,^CNXIT,36392.05078125,36503,35957.30078125,36301.25,25000
2025-11-14,^NSEI,25767.900390625,25940.19921875,25740.80078125,25910.05078125,518900
2025-11-17,ITBEES.NS,40.409999847412109,40.409999847412109,39.709999084472656,40.020000457763672,6872958
2025-11-17,^CNXIT,36285.19921875,36406.44921875,36138.19921875,36375.19921875,21400
2025-11-17,^NSEI,25948.19921875,26024.19921875,25906.349609375,26013.44921875,281800
2025-11-18,ITBEES.NS,40.020000457763672,40.340000152587891,39.509998321533203,39.569999694824219,6461315
2025-11-18,^CNXIT,36294.69921875,36312.94921875,35914.3515625,35975.19921875,24200
2025-11-18,^NSEI,26021.80078125,26029.849609375,25876.5,25910.05078125,280000
2025-11-19,ITBEES.NS,39.580001831054688,40.770000457763672,39.569999694824219,40.720001220703125,27287469
2025-11-19,^CNXIT,36062.19921875,37116.5,36024.44921875,37044.6484375,44600
2025-11-19,^NSEI,25918.099609375,26074.650390625,25856.19921875,26052.650390625,250100
2025-11-20,ITBEES.NS,40.720001220703125,40.970001220703125,40.560001373291016,40.610000610351562,18675363
2025-11-20,^CNXIT,37228.05078125,37278.75,36964.3515625,37043.30078125,26300
2025-11-20,^NSEI,26132.099609375,26246.650390625,26063.19921875,26192.150390625,240400
2025-11-21,ITBEES.NS,40.900001525878906,40.900001525878906,40.319999694824219,40.439998626708984,27003669
2025-11-21,^CNXIT,36930.25,37096.25,36761.55078125,36885.3515625,28500
2025-11-21,^NSEI,26109.55078125,26179.19921875,26052.19921875,26068.150390625,235600
2025-11-24,ITBEES.NS,41.700000762939453,41.729999542236328,40.459999084472656,40.669998168945312,14590994
2025-11-24,^CNXIT,37084.6484375,37554.3515625,36951.80078125,37037.94921875,63800
2025-11-24,^NSEI,26122.80078125,26142.80078125,25912.150390625,25959.5,464700
2025-11-25,ITBEES.NS,40.669998168945312,41.439998626708984,40.290000915527344,40.419998168945312,9316966
2025-11-25,^CNXIT,37112.1015625,37124.55078125,36727.3515625,36826.8984375,25900
2025-11-25,^NSEI,25998.5,26032.599609375,25857.5,25884.80078125,260500
2025-11-26,ITBEES.NS,40.889999389648438,41,40.5,40.979999542236328,8516804
2025-11-26,^CNXIT,36881.94921875,37407,36881.1015625,37364.6015625,23300
2025-11-26,^NSEI,25842.94921875,26215.150390625,25842.94921875,26205.30078125,275300
2025-11-27,ITBEES.NS,41.75,41.75,40.830001831054688,41.069999694824219,8770195
2025-11-27,^CNXIT,37487.6484375,37668.55078125,37208.25,37446.30078125,22500
2025-11-27,^NSEI,26261.25,26310.44921875,26141.900390625,26215.55078125,240300
2025-11-28,ITBEES.NS,42.049999237060547,42.299999237060547,40.950000762939453,41.040000915527344,7144350
2025-11-28,^CNXIT,37488.5,37554.6015625,37323.44921875,37405.5,18500
2025-11-28,^NSEI,26237.44921875,26280.75,26172.400390625,26202.94921875,202500
2025-12-01,ITBEES.NS,41.049999237060547,41.340000152587891,41.029998779296875,41.180000305175781,9833347
2025-12-01,^CNXIT,37476.6015625,37659.75,37413,37549.75,16400
2025-12-01,^NSEI,26325.80078125,26325.80078125,26124.19921875,26175.75,213800
2025-12-02,ITBEES.NS,41.419998168945312,41.419998168945312,41.040000915527344,41.189998626708984,7058950
2025-12-02,^CNXIT,37559.3984375,37734.3515625,37418.5,37541.25,23200
2025-12-02,^NSEI,26087.94921875,26154.599609375,25997.849609375,26032.19921875,254800
2025-12-03,ITBEES.NS,41.189998626708984,42,41.020000457763672,41.630001068115234,16221762
2025-12-03,^CNXIT,37530.8515625,38007.30078125,37515,37825.25,40900
2025-12-03,^NSEI,26004.900390625,26066.44921875,25891,25986,265700
2025-12-04,ITBEES.NS,41.630001068115234,42.200000762939453,41.439998626708984,42.069999694824219,15450983
2025-12-04,^CNXIT,37875.69921875,38471.6015625,37847.69921875,38360.25,39900
2025-12-04,^NSEI,25981.849609375,26098.25,25938.94921875,26033.75,248100
2025-12-05,ITBEES.NS,42.869998931884766,42.869998931884766,42.069999694824219,42.450000762939453,14539964
2025-12-05,^CNXIT,38500.6015625,38920.6015625,38369.55078125,38703.6484375,32300
2025-12-05,^NSEI,25999.80078125,26202.599609375,25985.349609375,26186.44921875,249300
2025-12-08,ITBEES.NS,42.099998474121094,42.810001373291016,42.040000915527344,42.369998931884766,15777328
2025-12-08,^CNXIT,38783.3984375,38937.3515625,38322.44921875,38590.69921875,28400
2025-12-08,^NSEI,26159.80078125,26178.69921875,25892.25,25960.55078125,320700
2025-12-09,ITBEES.NS,42.369998931884766,42.369998931884766,41.650001525878906,41.889999389648438,13757646
2025-12-09,^CNXIT,38438.5,38463.94921875,37908.8984375,38130.6015625,26000
2025-12-09,^NSEI,25867.099609375,25923.650390625,25728,25839.650390625,276000
2025-12-10,ITBEES.NS,42.930000305175781,42.930000305175781,41.099998474121094,41.479999542236328,6792206
2025-12-10,^CNXIT,38273.75,38300.5,37745.25,37789.8984375,18900
2025-12-10,^NSEI,25864.05078125,25947.650390625,25734.55078125,25758,207900
2025-12-11,ITBEES.NS,42.509998321533203,42.509998321533203,40.700000762939453,41.819999694824219,8812584
2025-12-11,^CNXIT,37925.94921875,38136.44921875,37672.3984375,38097,18800
2025-12-11,^NSEI,25771.400390625,25922.80078125,25693.25,25898.55078125,206100
2025-12-12,ITBEES.NS,41.819999694824219,42.099998474121094,41.630001068115234,42.049999237060547,6250199
2025-12-12,^CNXIT,38203.8515625,38300.30078125,37901.75,38274.75,13900
2025-12-12,^NSEI,25971.19921875,26057.599609375,25938.44921875,26046.94921875,216300
2025-12-15,ITBEES.NS,40.990001678466797,42.400001525878906,40.990001678466797,42.139999389648438,4437380
2025-12-15,^CNXIT,38125.94921875,38410.69921875,38042.94921875,38386.30078125,13600
2025-12-15,^NSEI,25930.05078125,26047.150390625,25904.75,26027.30078125,181600
2025-12-16,ITBEES.NS,42.490001678466797,42.490001678466797,41.069999694824219,41.759998321533203,5326034
2025-12-16,^CNXIT,38262.30078125,38293.3984375,37946.75,38062.5,14700
2025-12-16,^NSEI,25951.5,25980.75,25834.349609375,25860.099609375,264400
2025-12-17,ITBEES.NS,42.799999237060547,42.799999237060547,41.669998168945312,41.880001068115234,4391973
2025-12-17,^CNXIT,37996.94921875,38367.8515625,37969.44921875,38172.05078125,14800
2025-12-17,^NSEI,25902.400390625,25929.150390625,25770.349609375,25818.55078125,206500
2025-12-18,ITBEES.NS,41.880001068115234,42.400001525878906,41.880001068115234,42.349998474121094,6736696
2025-12-18,^CNXIT,38273.6015625,38667.3515625,38248.75,38633.3515625,23500
2025-12-18,^NSEI,25764.69921875,25902.349609375,25726.30078125,25815.55078125,197600
2025-12-19,ITBEES.NS,41.290000915527344,42.900001525878906,41.290000915527344,42.419998168945312,6444191
2025-12-19,^CNXIT,38991.30078125,39054.3515625,38590.25,38691.6015625,38500
2025-12-19,^NSEI,25911.5,25993.349609375,25880.44921875,25966.400390625,382900
2025-12-22,ITBEES.NS,42.619998931884766,43.799999237060547,42.619998931884766,43.290000915527344,18019893
2025-12-22,^CNXIT,39023.25,39530.25,39006.3984375,39488,45600
2025-12-22,^NSEI,26055.849609375,26180.69921875,26047.80078125,26172.400390625,253000
2025-12-23,ITBEES.NS,43.020000457763672,43.430000305175781,42.75,42.990001678466797,9976013
2025-12-23,^CNXIT,39395.80078125,39398.1484375,38942.3515625,39173.69921875,24100
2025-12-23,^NSEI,26205.19921875,26233.55078125,26119.05078125,26177.150390625,216600
2025-12-24,ITBEES.NS,42.720001220703125,43.090000152587891,42.689998626708984,42.729999542236328,8339647
2025-12-24,^CNXIT,39084.8984375,39098.8984375,38901.05078125,38974.80078125,15800
2025-12-24,^NSEI,26170.650390625,26236.400390625,26123,26142.099609375,188800
2025-12-26,ITBEES.NS,42.729999542236328,42.900001525878906,42.299999237060547,42.340000152587891,6706847
2025-12-26,^CNXIT,38921.6484375,39019.94921875,38495.3984375,38572.30078125,12400
2025-12-26,^NSEI,26121.25,26144.19921875,26008.599609375,26042.30078125,142200
2025-12-29,ITBEES.NS,43,43,41.900001525878906,41.979999542236328,17822718
2025-12-29,^CNXIT,38622.6015625,38721.69921875,38206.75,38282.69921875,21200
2025-12-29,^NSEI,26063.349609375,26106.80078125,25920.30078125,25942.099609375,234300
2025-12-30,ITBEES.NS,41.349998474121094,42.380001068115234,41.349998474121094,41.759998321533203,6405178
2025-12-30,^CNXIT,38281.55078125,38281.55078125,37906.6015625,37998.6015625,32700
2025-12-30,^NSEI,25940.900390625,25976.75,25878,25938.849609375,396900
2025-12-31,ITBEES.NS,41,41.979999542236328,40.709999084472656,41.669998168945312,4812659
2025-12-31,^CNXIT,38051.69921875,38108.5,37822.1484375,37884.05078125,20900
2025-12-31,^NSEI,25971.05078125,26187.94921875,25969,26129.599609375,246300
2026-01-01,ITBEES.NS,40.75,42.299999237060547,40.75,41.970001220703125,3866387
2026-01-01,^CNXIT,37931.55078125,38256.94921875,37862.6015625,38171.5,11200
2026-01-01,^NSEI,26173.30078125,26197.55078125,26113.400390625,26146.55078125,425600
2026-01-02,ITBEES.NS,43.009998321533203,43.009998321533203,41.849998474121094,42.139999389648438,5801440
2026-01-02,^CNXIT,38251.3515625,38359,38085.3984375,38320.30078125,16400
2026-01-02,^NSEI,26155.099609375,26340,26118.400390625,26328.55078125,357500
2026-01-05,ITBEES.NS,42.990001678466797,42.990001678466797,41.099998474121094,41.509998321533203,14550136
2026-01-05,^CNXIT,38222,38260.8515625,37365.8984375,37771.1484375,22000
2026-01-05,^NSEI,26333.69921875,26373.19921875,26210.05078125,26250.30078125,338800
2026-01-06,ITBEES.NS,42.540000915527344,42.540000915527344,41.110000610351562,41.639999389648438,6668952
2026-01-06,^CNXIT,37712.05078125,38053.1015625,37680.69921875,37977.3984375,16600
2026-01-06,^NSEI,26189.69921875,26273.94921875,26124.75,26178.69921875,383000
2026-01-07,ITBEES.NS,42.889999389648438,42.889999389648438,41.5,42.430000305175781,10654719
2026-01-07,^CNXIT,37951.30078125,38736.80078125,37940.8515625,38688.80078125,25100
2026-01-07,^NSEI,26143.099609375,26187.150390625,26067.900390625,26140.75,338200
2026-01-08,ITBEES.NS,41.360000610351562,42.529998779296875,41.360000610351562,41.630001068115234,8036013
2026-01-08,^CNXIT,38686.55078125,38728.6484375,37853.75,37920.30078125,24900
2026-01-08,^NSEI,26106.5,26133.19921875,25858.44921875,25876.849609375,328500
2026-01-09,ITBEES.NS,41.939998626708984,41.950000762939453,41.389999389648438,41.729999542236328,6762107
2026-01-09,^CNXIT,37861.25,38244.55078125,37861.1484375,38027.19921875,20800
2026-01-09,^NSEI,25840.400390625,25940.599609375,25623,25683.30078125,348800
2026-01-12,ITBEES.NS,42.770000457763672,42.770000457763672,41.229999542236328,41.689998626708984,7380255
2026-01-12,^CNXIT,37938.6015625,38079.6015625,37573.1015625,37988.25,20200
2026-01-12,^NSEI,25669.05078125,25813.150390625,25473.400390625,25790.25,275800
2026-01-13,ITBEES.NS,40.639999389648438,42.139999389648438,40.639999389648438,41.930000305175781,7895396
2026-01-13,^CNXIT,38227.8515625,38394.3984375,37777.75,38236.6015625,33700
2026-01-13,^NSEI,25897.349609375,25899.80078125,25603.30078125,25732.30078125,339500
2026-01-14,ITBEES.NS,41.639999389648438,43,41.310001373291016,41.490001678466797,5572625
2026-01-14,^CNXIT,38127.19921875,38295.75,37649.1484375,37822.69921875,23600
2026-01-14,^NSEI,25648.55078125,25791.75,25603.94921875,25665.599609375,393100
2026-01-15,ITBEES.NS,41.490001678466797,41.490001678466797,41.490001678466797,41.490001678466797,0
2026-01-16,ITBEES.NS,41.650001525878906,43.110000610351562,41.650001525878906,43.049999237060547,26818445
2026-01-16,^CNXIT,38433.3515625,39139.5,38390.5,39086.6484375,48900
2026-01-16,^NSEI,25696.05078125,25873.5,25662.400390625,25694.349609375,434000
2026-01-19,ITBEES.NS,43.069999694824219,43.069999694824219,42.619998931884766,42.860000610351562,11070925
2026-01-19,^CNXIT,38892.3984375,38977.6484375,38624.8984375,38902.5,89700
2026-01-19,^NSEI,25653.099609375,25653.30078125,25494.349609375,25585.5,443100
2026-01-20,ITBEES.NS,42.430000305175781,43.930000305175781,41.880001068115234,41.970001220703125,8285841
2026-01-20,^CNXIT,38753.19921875,38809,38023.8515625,38101.05078125,35600
2026-01-20,^NSEI,25580.30078125,25585,25171.349609375,25232.5,409800
2026-01-21,ITBEES.NS,41.970001220703125,42.049999237060547,41.270000457763672,41.849998474121094,8286724
2026-01-21,^CNXIT,38001.94921875,38128.30078125,37451.3515625,37992.30078125,34600
2026-01-21,^NSEI,25141,25300.94921875,24919.80078125,25157.5,395600
2026-01-22,ITBEES.NS,42.889999389648438,42.889999389648438,41.939998626708984,42.229999542236328,4022778
2026-01-22,^CNXIT,38294.80078125,38542.5,38080.94921875,38301.75,25700
2026-01-22,^NSEI,25344.150390625,25435.75,25168.5,25289.900390625,486400
2026-01-23,ITBEES.NS,43,43,42.020000457763672,42.119998931884766,6337415
2026-01-23,^CNXIT,38513.69921875,38576.6484375,38149.30078125,38238.5,31300
2026-01-23,^NSEI,25344.599609375,25347.94921875,25025.30078125,25048.650390625,393900
2026-01-27,ITBEES.NS,43.169998168945312,43.380001068115234,41.950000762939453,42.509998321533203,5022385
2026-01-27,^CNXIT,38482.8515625,38677.55078125,38074.80078125,38566.1015625,40600
2026-01-27,^NSEI,25063.349609375,25246.650390625,24932.55078125,25175.400390625,618700
2026-01-28,ITBEES.NS,42.549999237060547,42.75,42.369998931884766,42.650001525878906,7099924
2026-01-28,^CNXIT,38583.1484375,38792.6484375,38433.44921875,38725.3515625,28900
2026-01-28,^NSEI,25258.849609375,25372.099609375,25187.650390625,25342.75,574900
2026-01-29,ITBEES.NS,42.75,42.75,41.939998626708984,42.319999694824219,5613589
2026-01-29,^CNXIT,38601.8515625,38635.6015625,38063.3984375,38431.30078125,26800
2026-01-29,^NSEI,25345,25458.150390625,25159.80078125,25418.900390625,582400
2026-01-30,ITBEES.NS,42.319999694824219,42.319999694824219,41.580001831054688,41.939998626708984,5776996
2026-01-30,^CNXIT,38262.6484375,38262.6484375,37704.3515625,38036.1484375,32600
2026-01-30,^NSEI,25247.55078125,25370.69921875,25213.650390625,25320.650390625,508400
2026-02-02,ITBEES.NS,43,43,41.650001525878906,41.939998626708984,4022797
2026-02-02,^CNXIT,38396,38413.1484375,37807.1015625,38074.1484375,26200
2026-02-02,^NSEI,24796.5,25108.099609375,24679.400390625,25088.400390625,449200
2026-02-03,ITBEES.NS,42.360000610351562,44.270000457763672,42.360000610351562,42.590000152587891,16932381
2026-02-03,^CNXIT,40301.3984375,40301.3984375,38550.5,38611.75,47500
2026-02-03,^NSEI,26308.05078125,26341.19921875,25641.30078125,25727.55078125,637300
2026-02-04,ITBEES.NS,42.200000762939453,42.590000152587891,39.599998474121094,40.240001678466797,86921887
2026-02-04,^CNXIT,37165.3515625,37176.69921875,35809.5,36345.6484375,84600
2026-02-04,^NSEI,25675.05078125,25818.55078125,25563.94921875,25776,429800
2026-02-05,ITBEES.NS,40.240001678466797,40.430000305175781,39.819999694824219,39.979999542236328,38107205
2026-02-05,^CNXIT,36215.6484375,36621.94921875,36023.8984375,36143.30078125,100
2026-02-05,^NSEI,25755.900390625,25757.650390625,25579.5,25642.80078125,343800
2026-02-06,ITBEES.NS,40.970001220703125,40.970001220703125,38.900001525878906,39.349998474121094,21031137
2026-02-06,^CNXIT,36079.8515625,36105.8515625,35211.94921875,35611.05078125,41100
2026-02-06,^NSEI,25605.80078125,25703.94921875,25491.900390625,25693.69921875,375500
2026-02-09,ITBEES.NS,40.330001831054688,40.330001831054688,39.25,39.290000915527344,9924762
2026-02-09,^CNXIT,35840.8984375,36056.44921875,35544.05078125,35616.6484375,25100
2026-02-09,^NSEI,25888.69921875,25922.25,25780.900390625,25867.30078125,359400
2026-02-10,ITBEES.NS,39.290000915527344,39.799999237060547,39.110000610351562,39.459999084472656,12396363
2026-02-10,^CNXIT,35656.94921875,36059.6484375,35427.3984375,35722.19921875,33800
2026-02-10,^NSEI,25922.650390625,25989.44921875,25870.44921875,25935.150390625,460900
2026-02-11,ITBEES.NS,39.689998626708984,39.689998626708984,38.700000762939453,38.790000915527344,17669045
2026-02-11,^CNXIT,35788.6484375,35857.6484375,35013.6015625,35095.1484375,26900
2026-02-11,^NSEI,25997.44921875,26009.400390625,25899.80078125,25953.849609375,331400
2026-02-12,ITBEES.NS,38.840000152587891,38.840000152587891,36.549999237060547,36.650001525878906,73106329
2026-02-12,^CNXIT,34439,34488.80078125,33058.19921875,33160.19921875,97100
2026-02-12,^NSEI,25906.69921875,25906.69921875,25752.400390625,25807.19921875,419400
2026-02-13,ITBEES.NS,35.200000762939453,36.430000305175781,34.759998321533203,36.110000610351562,103664693
2026-02-13,^CNXIT,31487.400390625,32932.75,31422.599609375,32681.5,112500
2026-02-13,^NSEI,25571.150390625,25630.349609375,25444.30078125,25471.099609375,453500
2026-02-16,ITBEES.NS,36.880001068115234,36.880001068115234,35.5,36.189998626708984,39995665
2026-02-16,^CNXIT,32693,32809.3515625,32299.55078125,32738.05078125,49100
2026-02-16,^NSEI,25423.599609375,25697,25372.69921875,25682.75,275800
2026-02-17,ITBEES.NS,36.189998626708984,37.200000762939453,36.029998779296875,36.569999694824219,45140116
2026-02-17,^CNXIT,32793.75,33703.1015625,32650.44921875,33075.05078125,66600
2026-02-17,^NSEI,25637.94921875,25764.400390625,25570.30078125,25725.400390625,344100
2026-02-18,ITBEES.NS,36.919998168945312,36.919998168945312,35.560001373291016,36.090000152587891,28226221
2026-02-18,^CNXIT,33133.8515625,33169.30078125,32169.150390625,32668.30078125,53700
2026-02-18,^NSEI,25752.650390625,25828.05078125,25645.150390625,25819.349609375,310200
2026-02-19,ITBEES.NS,36.599998474121094,36.650001525878906,35.599998474121094,35.709999084472656,21196085
2026-02-19,^CNXIT,32875.1015625,33167.6015625,32195.94921875,32319.400390625,40300
2026-02-19,^NSEI,25873.349609375,25885.30078125,25388.75,25454.349609375,298200
2026-02-20,ITBEES.NS,35.680000305175781,35.75,35.169998168945312,35.380001068115234,27058853
2026-02-20,^CNXIT,32098.94921875,32339.80078125,31804.75,32004.05078125,41700
2026-02-20,^NSEI,25406.55078125,25663.55078125,25379.75,25571.25,296600
2026-02-23,ITBEES.NS,35.540000915527344,35.540000915527344,34.729999542236328,34.860000610351562,28977046
2026-02-23,^CNXIT,31987.80078125,32051.69921875,31416.55078125,31550.5,50800
2026-02-23,^NSEI,25678.400390625,25771.44921875,25609.349609375,25713,313700
2026-02-24,ITBEES.NS,34.419998168945312,34.590000152587891,33.020000457763672,33.200000762939453,79791211
2026-02-24,^CNXIT,31031.849609375,31056.44921875,29875,30053.5,93800
2026-02-24,^NSEI,25641.80078125,25641.80078125,25327.599609375,25424.650390625,439100
2026-02-25,ITBEES.NS,33.5,34.200000762939453,33.299999237060547,33.729999542236328,33637615
2026-02-25,^CNXIT,30343.900390625,30999.75,30340.94921875,30526.349609375,50600
2026-02-25,^NSEI,25512.599609375,25652.599609375,25428.19921875,25482.5,414200
2026-02-26,ITBEES.NS,33.729999542236328,34.569999694824219,33.650001525878906,33.75,32360150
2026-02-26,^CNXIT,30797.05078125,31112.19921875,30459.80078125,30554.19921875,41400
2026-02-26,^NSEI,25556.30078125,25572.94921875,25400.94921875,25496.55078125,405200
2026-02-27,ITBEES.NS,34.590000152587891,34.590000152587891,32.900001525878906,33.819999694824219,20091917
2026-02-27,^CNXIT,31145.75,31305.80078125,30546,30603.849609375,58700
2026-02-27,^NSEI,25459.849609375,25476.400390625,25141.30078125,25178.650390625,438900
2026-03-02,ITBEES.NS,34.659999847412109,34.659999847412109,33,33.459999084472656,22199484
2026-03-02,^CNXIT,30020.150390625,30587.30078125,29889.5,30272.94921875,30900
2026-03-02,^NSEI,24659.25,24989.349609375,24603.5,24865.69921875,519200
2026-03-04,ITBEES.NS,33.560001373291016,33.759998321533203,32.700000762939453,33.479999542236328,17485565
2026-03-04,^CNXIT,30092.19921875,30579.44921875,30092.19921875,30305.30078125,47900
2026-03-04,^NSEI,24388.80078125,24602.44921875,24305.400390625,24480.5,599000
2026-03-05,ITBEES.NS,33.479999542236328,33.869998931884766,32.970001220703125,33.270000457763672,18094629
2026-03-05,^CNXIT,30554.849609375,30563.349609375,29823.150390625,30126.80078125,34600
2026-03-05,^NSEI,24615.94921875,24854.19921875,24529.400390625,24765.900390625,504300
2026-03-06,ITBEES.NS,33.540000915527344,33.799999237060547,33.180000305175781,33.290000915527344,10905797
2026-03-06,^CNXIT,30074.599609375,30664.94921875,30062.75,30138.400390625,28200
2026-03-06,^NSEI,24656.400390625,24700.900390625,24415.75,24450.44921875,433400
2026-03-09,ITBEES.NS,33.290000915527344,33.400001525878906,32.599998474121094,33.299999237060547,16948536
2026-03-09,^CNXIT,29688.05078125,30241.099609375,29533.900390625,30162.05078125,46500
2026-03-09,^NSEI,23868.05078125,24078.150390625,23697.80078125,24028.05078125,526900
2026-03-10,ITBEES.NS,33.299999237060547,34.340000152587891,32.779998779296875,33.090000152587891,23068422
2026-03-10,^CNXIT,30337.599609375,30360.150390625,29741.05078125,30024.05078125,33700
2026-03-10,^NSEI,24280.80078125,24303.80078125,24079.94921875,24261.599609375,444300
2026-03-11,ITBEES.NS,33.909999847412109,33.909999847412109,32.700000762939453,32.770000457763672,16556414
2026-03-11,^CNXIT,30043.849609375,30231.400390625,29598.30078125,29651.69921875,47700
2026-03-11,^NSEI,24231.849609375,24299,23834.30078125,23866.849609375,407400
2026-03-12,ITBEES.NS,33.580001831054688,33.639999389648438,32.400001525878906,32.689998626708984,15148269
2026-03-12,^CNXIT,29587.05078125,29790.80078125,29322.80078125,29579.44921875,40600
2026-03-12,^NSEI,23674.849609375,23833.150390625,23556.30078125,23639.150390625,501000
2026-03-13,ITBEES.NS,33.099998474121094,33.099998474121094,32.020000457763672,32.139999389648438,18259803
2026-03-13,^CNXIT,29381.650390625,29508.44921875,28936.75,29071.30078125,29600
2026-03-13,^NSEI,23462.5,23492.400390625,23112,23151.099609375,519800
2026-03-16,ITBEES.NS,32.939998626708984,33.090000152587891,31.549999237060547,32,18686247
2026-03-16,^CNXIT,28934.599609375,29202.69921875,28586.94921875,29042.55078125,38900
2026-03-16,^NSEI,23116.099609375,23502,22955.25,23408.80078125,540300
2026-03-17,ITBEES.NS,32.009998321533203,32.319999694824219,31.25,31.700000762939453,23169372
2026-03-17,^CNXIT,29080.75,29080.75,28288.05078125,28760.900390625,47900
2026-03-17,^NSEI,23493.19921875,23656.80078125,23346.599609375,23581.150390625,458800
2026-03-18,ITBEES.NS,31.629999160766602,33.180000305175781,31.629999160766602,32.630001068115234,29990313
2026-03-18,^CNXIT,28912.05078125,30055.599609375,28912.05078125,29559.30078125,54400
2026-03-18,^NSEI,23632.900390625,23862.25,23618.44921875,23777.80078125,382900
2026-03-19,ITBEES.NS,32.819999694824219,32.819999694824219,31.569999694824219,31.709999084472656,20070455
2026-03-19,^CNXIT,29141.94921875,29321.849609375,28477.5,28579.599609375,32000
2026-03-19,^NSEI,23197.75,23378.69921875,22930.349609375,23002.150390625,550100
2026-03-20,ITBEES.NS,32.439998626708984,34.299999237060547,31.809999465942383,32.159999847412109,19507080
2026-03-20,^CNXIT,28993,29322.400390625,28844.44921875,29199.599609375,69900
2026-03-20,^NSEI,23110.150390625,23345.150390625,23067.599609375,23114.5,663300
2026-03-23,ITBEES.NS,32.150001525878906,32.290000915527344,31.549999237060547,32.139999389648438,23817967
2026-03-23,^CNXIT,28847.900390625,29295.69921875,28613.80078125,29147.05078125,43000
2026-03-23,^NSEI,22824.349609375,22851.69921875,22471.25,22512.650390625,550300
2026-03-24,ITBEES.NS,32.900001525878906,33.040000915527344,32.259998321533203,32.759998321533203,25622164
2026-03-24,^CNXIT,29572.75,29926.349609375,29210.69921875,29648.900390625,41800
2026-03-24,^NSEI,22878.44921875,23057.30078125,22624.19921875,22912.400390625,538100
2026-03-25,ITBEES.NS,33,33.080001831054688,32.520000457763672,32.779998779296875,19539085
2026-03-25,^CNXIT,29552.150390625,29950.05078125,29413.44921875,29671.30078125,46700
2026-03-25,^NSEI,23064.400390625,23465.349609375,23063.19921875,23306.44921875,505400
2026-03-27,ITBEES.NS,32.779998779296875,33.069999694824219,32.450000762939453,32.529998779296875,22548550
2026-03-27,^CNXIT,29721,30029.55078125,29461.19921875,29541.650390625,61900
2026-03-27,^NSEI,23173.55078125,23186.099609375,22804.55078125,22819.599609375,612600
2026-03-30,ITBEES.NS,32.729999542236328,32.729999542236328,31.899999618530273,31.989999771118164,21615607
2026-03-30,^CNXIT,29225.599609375,29439.05078125,28961.400390625,29062.599609375,61900
2026-03-30,^NSEI,22549.650390625,22714.099609375,22283.849609375,22331.400390625,698600
2026-04-01,ITBEES.NS,31.989999771118164,33.349998474121094,31.979999542236328,32.909999847412109,15685477
2026-04-01,^CNXIT,29943.150390625,30257.849609375,29562.349609375,29669.05078125,32100
2026-04-01,^NSEI,22899,22941.30078125,22618.599609375,22679.400390625,518000
2026-04-02,ITBEES.NS,32.810001373291016,33.659999847412109,32.319999694824219,33.529998779296875,22154853
2026-04-02,^CNXIT,29352.44921875,30558.599609375,29324.349609375,30441.44921875,52900
2026-04-02,^NSEI,22383.400390625,22782.30078125,22182.55078125,22713.099609375,495100
2026-04-06,ITBEES.NS,33.889999389648438,33.970001220703125,33.529998779296875,33.790000915527344,11248133
2026-04-06,^CNXIT,30490.400390625,30821.349609375,30444.05078125,30636.55078125,44300
2026-04-06,^NSEI,22780.30078125,22998.349609375,22542.94921875,22968.25,426400
2026-04-07,ITBEES.NS,33.369998931884766,34.650001525878906,33.369998931884766,34.599998474121094,18185030
2026-04-07,^CNXIT,30489.30078125,31443.05078125,30372.099609375,31403.349609375,55300
2026-04-07,^NSEI,22838.69921875,23153.849609375,22719.30078125,23123.650390625,477000
2026-04-08,ITBEES.NS,35.459999084472656,35.459999084472656,34.540000915527344,34.770000457763672,22283132
2026-04-08,^CNXIT,31786.69921875,31946.75,31272.80078125,31565.80078125,56300
2026-04-08,^NSEI,23855.150390625,24025.150390625,23828.5,23997.349609375,639300
2026-04-09,ITBEES.NS,34.689998626708984,34.939998626708984,34.330001831054688,34.880001068115234,12801180
2026-04-09,^CNXIT,31436.650390625,31718,31105.75,31636.19921875,46100
2026-04-09,^NSEI,23909.05078125,23990.75,23682.80078125,23775.099609375,466600
2026-04-10,ITBEES.NS,34.950000762939453,34.979999542236328,33.909999847412109,34.209999084472656,24771005
2026-04-10,^CNXIT,31533.349609375,31544.69921875,30680.80078125,31030.599609375,93000
2026-04-10,^NSEI,23880.55078125,24074.05078125,23856.349609375,24050.599609375,481300
2026-04-13,ITBEES.NS,34.110000610351562,34.200000762939453,33.569999694824219,33.860000610351562,10054582
2026-04-13,^CNXIT,30619.75,30821.400390625,30402.25,30669.80078125,42500
2026-04-13,^NSEI,23589.599609375,23907.400390625,23555.599609375,23842.650390625,488800
2026-04-15,ITBEES.NS,34.75,34.869998931884766,34.130001068115234,34.740001678466797,15099940
2026-04-15,^CNXIT,31170.75,31661.150390625,31111.5,31539.75,55800
2026-04-15,^NSEI,24163.80078125,24280.900390625,24145.80078125,24231.30078125,460300
2026-04-16,ITBEES.NS,34.740001678466797,35.389999389648438,34.740001678466797,35.060001373291016,14859899
2026-04-16,^CNXIT,31833.599609375,32134.25,31600.099609375,31817.5,71300
2026-04-16,^NSEI,24385.19921875,24400.94921875,24102.80078125,24196.75,508000
2026-04-17,ITBEES.NS,35.060001373291016,35.200000762939453,34.639999389648438,35.090000152587891,10189484
2026-04-17,^CNXIT,31656.55078125,31959.349609375,31411.75,31809.849609375,105100
2026-04-17,^NSEI,24165.900390625,24371.900390625,24096.05078125,24353.55078125,498600
2026-04-20,ITBEES.NS,35,35.189998626708984,34.720001220703125,34.799999237060547,7676522
2026-04-20,^CNXIT,31855.349609375,31912.5,31498.75,31585.75,44800
2026-04-20,^NSEI,24391.5,24480.650390625,24241.25,24364.849609375,415900
2026-04-21,ITBEES.NS,35.5,35.5,34.639999389648438,34.959999084472656,8075948
2026-04-21,^CNXIT,31536.55078125,31883.849609375,31415.75,31729.099609375,42700
2026-04-21,^NSEI,24374.55078125,24601.69921875,24354.900390625,24576.599609375,425800
2026-04-22,ITBEES.NS,34.860000610351562,34.860000610351562,33.299999237060547,33.689998626708984,39384268
2026-04-22,^CNXIT,31068.25,31072.94921875,30135.150390625,30496.25,102300
2026-04-22,^NSEI,24470.849609375,24515.94921875,24352.900390625,24378.099609375,440500
2026-04-23,ITBEES.NS,34.090000152587891,34.090000152587891,33.200000762939453,33.279998779296875,14027901
2026-04-23,^CNXIT,30432.94921875,30525.900390625,29982.25,30124.30078125,56000
2026-04-23,^NSEI,24202.349609375,24310.19921875,24134.80078125,24173.05078125,467500
2026-04-24,ITBEES.NS,32.799999237060547,33.090000152587891,31.520000457763672,31.600000381469727,56022102
2026-04-24,^CNXIT,29650.19921875,29872.5,28442.400390625,28530.599609375,110100
2026-04-24,^NSEI,24100.55078125,24206,23813.650390625,23897.94921875,438400
2026-04-27,ITBEES.NS,31.600000381469727,32.520000457763672,31.600000381469727,32.319999694824219,21218239
2026-04-27,^CNXIT,28582.75,29238.849609375,28578.55078125,29159.150390625,80100
2026-04-27,^NSEI,23945.44921875,24130.69921875,23936.19921875,24092.69921875,430300
2026-04-28,ITBEES.NS,31.909999847412109,32.400001525878906,31.909999847412109,32.069999694824219,14275220
2026-04-28,^CNXIT,29098.55078125,29270.05078125,28891.099609375,28959.900390625,52600
2026-04-28,^NSEI,24049.900390625,24181.80078125,23957.05078125,23995.69921875,554100
2026-04-29,ITBEES.NS,32.080001831054688,32.610000610351562,32.069999694824219,32.369998931884766,16666157
2026-04-29,^CNXIT,29072.150390625,29486.80078125,29034.30078125,29245.25,38100
2026-04-29,^NSEI,24096.900390625,24334.69921875,24059.94921875,24177.650390625,531100
2026-04-30,ITBEES.NS,32.369998931884766,32.659999847412109,32.099998474121094,32.439998626708984,10692740
2026-04-30,^CNXIT,29287.30078125,29543.099609375,29012.69921875,29353.900390625,43900
2026-04-30,^NSEI,23996.94921875,24087.44921875,23796.849609375,23997.55078125,505500
2026-05-01,ITBEES.NS,32.439998626708984,32.439998626708984,32.439998626708984,32.439998626708984,0
2026-05-04,ITBEES.NS,32.560001373291016,32.810001373291016,32.060001373291016,32.180000305175781,9670182
2026-05-04,^CNXIT,29606.5,29664.5,28955.599609375,29076.150390625,27100
2026-05-04,^NSEI,24063.55078125,24290.19921875,24004.75,24119.30078125,419100
2026-05-05,ITBEES.NS,32.180000305175781,32.479999542236328,31.979999542236328,32.240001678466797,6317704
2026-05-05,^CNXIT,29069.849609375,29407,28889.44921875,29107.30078125,26800
2026-05-05,^NSEI,24052.599609375,24081.69921875,23882.05078125,24032.80078125,363300
2026-05-06,ITBEES.NS,32.75,32.75,32.200000762939453,32.360000610351562,13272203
2026-05-06,^CNXIT,29435.5,29646.05078125,29123.80078125,29267.94921875,59000
2026-05-06,^NSEI,24171,24356.5,23997.900390625,24330.94921875,429200
2026-05-07,ITBEES.NS,32.790000915527344,32.790000915527344,32.130001068115234,32.169998168945312,14017689
2026-05-07,^CNXIT,29377.80078125,29418,29009.400390625,29043.5,49600
2026-05-07,^NSEI,24398.5,24482.099609375,24284,24326.650390625,440600
2026-05-08,ITBEES.NS,32.279998779296875,32.549999237060547,32.029998779296875,32.459999084472656,9648500
2026-05-08,^CNXIT,29031.55078125,29490.599609375,28961.80078125,29394.19921875,42300
2026-05-08,^NSEI,24233.650390625,24253.80078125,24126.650390625,24176.150390625,335900
2026-05-11,ITBEES.NS,32.459999084472656,32.599998474121094,31.799999237060547,32.369998931884766,9310979
2026-05-11,^CNXIT,29323.400390625,29536.900390625,29274.05078125,29329.44921875,28900
2026-05-11,^NSEI,23970.099609375,23997.44921875,23799.099609375,23815.849609375,390100
2026-05-12,ITBEES.NS,32.299999237060547,32.299999237060547,31.149999618530273,31.260000228881836,33921464
2026-05-12,^CNXIT,29091.05078125,29091.05078125,28126.900390625,28234.900390625,63000
2026-05-12,^NSEI,23722.599609375,23757.55078125,23348.400390625,23379.55078125,447500
2026-05-13,ITBEES.NS,31.260000228881836,31.360000610351562,30.829999923706055,30.899999618530273,14838824
2026-05-13,^CNXIT,28226.80078125,28335.44921875,27880.75,27916.650390625,35100
2026-05-13,^NSEI,23362.44921875,23582.94921875,23262.55078125,23412.599609375,415400
2026-05-14,ITBEES.NS,31.899999618530273,31.899999618530273,29.979999542236328,30.299999237060547,33703594
2026-05-14,^CNXIT,27847.5,27856,27078,27360.349609375,54500
2026-05-14,^NSEI,23530.25,23777.19921875,23426.55078125,23689.599609375,428700
2026-05-15,ITBEES.NS,31.049999237060547,31.100000381469727,30.319999694824219,30.680000305175781,15036792
2026-05-15,^CNXIT,27472.650390625,28114.099609375,27472.650390625,27716.900390625,53300
2026-05-15,^NSEI,23731.400390625,23839.30078125,23610.30078125,23643.5,408900
2026-05-18,ITBEES.NS,31.399999618530273,31.469999313354492,30.569999694824219,31.360000610351562,15665508
2026-05-18,^CNXIT,27689.599609375,28466.099609375,27663.80078125,28389.80078125,47300
2026-05-18,^NSEI,23482.19921875,23695.650390625,23317.099609375,23649.94921875,392000
2026-05-19,ITBEES.NS,31.899999618530273,32.790000915527344,31.569999694824219,32.450000762939453,37594615
2026-05-19,^CNXIT,28679.849609375,29609.599609375,28677.80078125,29308,86700
2026-05-19,^NSEI,23675.30078125,23782.30078125,23587.19921875,23618,442000
2026-05-20,ITBEES.NS,32.450000762939453,32.610000610351562,32.130001068115234,32.279998779296875,10790450
2026-05-20,^CNXIT,29140.80078125,29517.150390625,29036.650390625,29185.150390625,44300
2026-05-20,^NSEI,23457.25,23690.900390625,23397.30078125,23659,344100
2026-05-21,ITBEES.NS,32,32.700000762939453,31.899999618530273,32.080001831054688,6939444
2026-05-21,^CNXIT,29277.94921875,29328.349609375,28964.94921875,29021.099609375,38600
2026-05-21,^NSEI,23830.05078125,23859.900390625,23596.599609375,23654.69921875,348200
2026-05-22,ITBEES.NS,32.459999084472656,32.459999084472656,31.879999160766602,32.020000457763672,7958148
2026-05-22,^CNXIT,29072.599609375,29181.94921875,28792.5,28912.5,58200
2026-05-22,^NSEI,23671.19921875,23835.650390625,23671,23719.30078125,336100
2026-05-25,ITBEES.NS,32.040000915527344,32.389999389648438,32,32.150001525878906,7973577
2026-05-25,^CNXIT,29103.650390625,29177.80078125,28831.30078125,28979.849609375,86100
2026-05-25,^NSEI,23940.25,24054.44921875,23922.849609375,24031.69921875,351200
2026-05-26,ITBEES.NS,32.200000762939453,32.599998474121094,31.75,32.090000152587891,5916135
2026-05-26,^CNXIT,28970.5,29203.099609375,28919.05078125,28978.5,64100
2026-05-26,^NSEI,24004.099609375,24089.80078125,23885.44921875,23913.69921875,387900
2026-05-27,ITBEES.NS,32.450000762939453,32.450000762939453,31.840000152587891,32.060001373291016,6326564
2026-05-27,^CNXIT,28928.900390625,29116.400390625,28800.900390625,28906.69921875,54100
2026-05-27,^NSEI,23880.349609375,23983.19921875,23858.25,23907.150390625,531600
2026-05-28,ITBEES.NS,32.060001373291016,32.060001373291016,32.060001373291016,32.060001373291016,0
2026-05-29,ITBEES.NS,32.310001373291016,32.950000762939453,32.159999847412109,32.270000457763672,19888606
2026-05-29,^CNXIT,29347.5,29747.19921875,28931.75,29080.150390625,192800
2026-05-29,^NSEI,23902.150390625,24002.80078125,23484.75,23547.75,1198000
2026-06-01,ITBEES.NS,32.840000152587891,33.520000457763672,32.400001525878906,33.130001068115234,31769962
2026-06-01,^CNXIT,29349.19921875,30238.150390625,29341.599609375,29854.25,73300
2026-06-01,^NSEI,23654.5,23733.69921875,23357.94921875,23382.599609375,421700
2026-06-02,ITBEES.NS,33.319999694824219,34.650001525878906,33.319999694824219,34.529998779296875,52695766
2026-06-02,^CNXIT,30265.69921875,31290.94921875,30264.599609375,31116.55078125,116100
2026-06-02,^NSEI,23229.150390625,23556.94921875,23229.150390625,23483.55078125,511900
2026-06-03,ITBEES.NS,34.400001525878906,34.430000305175781,32.549999237060547,32.639999389648438,39866977
2026-06-03,^CNXIT,30563.19921875,30567,29301,29384.44921875,112300
2026-06-03,^NSEI,23415.94921875,23459.650390625,23151.5,23405.599609375,450100
2026-06-04,ITBEES.NS,32.709999084472656,32.900001525878906,32.009998321533203,32.560001373291016,12470985
2026-06-04,^CNXIT,29150.05078125,29382.900390625,28971.80078125,29300.599609375,66000
2026-06-04,^NSEI,23282.44921875,23465.30078125,23247.30078125,23416.55078125,412500
2026-06-05,ITBEES.NS,33.040000915527344,33.040000915527344,32.119998931884766,32.25,13008414
2026-06-05,^CNXIT,29509.94921875,29639.80078125,28918.849609375,29010.30078125,65200
2026-06-05,^NSEI,23478.94921875,23516.349609375,23282.650390625,23366.69921875,366200
2026-06-08,ITBEES.NS,32.200000762939453,32.229999542236328,31.520000457763672,31.729999542236328,20481375
2026-06-08,^CNXIT,28577.69921875,28915.849609375,28417.69921875,28653.55078125,97700
2026-06-08,^NSEI,23080.69921875,23267.30078125,23070.150390625,23123,375700
2026-06-09,ITBEES.NS,32.360000610351562,32.360000610351562,31.430000305175781,31.680000305175781,10843556
2026-06-09,^CNXIT,28895.30078125,28895.30078125,28294.599609375,28516.25,50100
2026-06-09,^NSEI,23259.05078125,23279.400390625,23104.44921875,23242.099609375,402600
2026-06-10,ITBEES.NS,32.470001220703125,32.470001220703125,31.399999618530273,31.420000076293945,10264473
2026-06-10,^CNXIT,28541.849609375,28799.349609375,28249.19921875,28279.94921875,33500
2026-06-10,^NSEI,23233.94921875,23425.349609375,23184.599609375,23214.94921875,380000
2026-06-11,ITBEES.NS,32.200000762939453,32.200000762939453,30.579999923706055,30.879999160766602,18847667
2026-06-11,^CNXIT,27888,28003.94921875,27519.150390625,27821.05078125,36400
2026-06-11,^NSEI,23104.400390625,23327.44921875,23072.05078125,23161.599609375,363000
2026-06-12,ITBEES.NS,31.409999847412109,31.409999847412109,30.739999771118164,30.889999389648438,17641741
2026-06-12,^CNXIT,28025.25,28078.599609375,27660,27795.75,32300
2026-06-12,^NSEI,23412.55078125,23645.349609375,23313.900390625,23622.900390625,351900
2026-06-15,ITBEES.NS,31.110000610351562,31.850000381469727,31.059999465942383,31.190000534057617,16955498
2026-06-15,^CNXIT,28178.849609375,28384.25,27955.05078125,28067.900390625,33000
2026-06-15,^NSEI,23984.849609375,24011.400390625,23817.80078125,23853.900390625,398900
2026-06-16,ITBEES.NS,31.159999847412109,31.850000381469727,31.159999847412109,31.719999313354492,22113467
2026-06-16,^CNXIT,28237.05078125,28663.849609375,28124.30078125,28568.099609375,41700
2026-06-16,^NSEI,23923.900390625,24002.599609375,23888.19921875,23989.150390625,327300
2026-06-17,ITBEES.NS,32.25,32.25,31.809999465942383,31.899999618530273,11091340
2026-06-17,^CNXIT,28759.05078125,29007,28688.400390625,28809.55078125,35900
2026-06-17,^NSEI,24044.5,24108.19921875,23969.69921875,24085.69921875,352700
2026-06-18,ITBEES.NS,32.689998626708984,32.689998626708984,31.379999160766602,31.620000839233398,12965657
2026-06-18,^CNXIT,28592.400390625,28662.900390625,28262.650390625,28466.44921875,50700
2026-06-18,^NSEI,24073.80078125,24189.25,24036.94921875,24168,340000
2026-06-19,ITBEES.NS,30.479999542236328,31,29.659999847412109,30.409999847412109,89400734
2026-06-19,^CNXIT,27012.150390625,27527.75,26634.5,27426.849609375,124500
2026-06-19,^NSEI,23991.19921875,24047.19921875,23901.900390625,24013.099609375,447900
2026-06-22,ITBEES.NS,30.549999237060547,30.899999618530273,30.079999923706055,30.690000534057617,16098851
2026-06-22,^CNXIT,27531,27856.400390625,27531,27628.55078125,34900
2026-06-22,^NSEI,24106.599609375,24168.05078125,24073.150390625,24102.900390625,252800
2026-06-23,ITBEES.NS,30.799999237060547,30.899999618530273,29.909999847412109,29.979999542236328,32748005
2026-06-23,^CNXIT,27416.44921875,27428.5,26955.5,27012.05078125,60400
2026-06-23,^NSEI,24071.30078125,24135.5,23784.94921875,23824.099609375,340100
2026-06-24,ITBEES.NS,30.440000534057617,30.770000457763672,30,30.610000610351562,20596949
2026-06-24,^CNXIT,27046.400390625,27705.94921875,27036.099609375,27566.69921875,85400
2026-06-24,^NSEI,23795.80078125,24090.05078125,23789.25,24021.650390625,395600
2026-06-25,ITBEES.NS,30.709999084472656,31,30.319999694824219,30.360000610351562,14619490
2026-06-25,^CNXIT,27801.400390625,27881,27295.099609375,27330.849609375,55600
2026-06-25,^NSEI,24125.849609375,24261.599609375,24039,24056,448800
2026-06-26,ITBEES.NS,30.360000610351562,30.360000610351562,30.360000610351562,30.360000610351562,0
2026-06-29,ITBEES.NS,30.399999618530273,31.120000839233398,29.959999084472656,30.020000457763672,16324535
2026-06-29,^CNXIT,27172.19921875,27313.349609375,26965.349609375,27038.5,64900
2026-06-29,^NSEI,24061.75,24120,23924.55078125,23946.25,588500
2026-06-30,ITBEES.NS,30.600000381469727,30.600000381469727,29.120000839233398,29.200000762939453,37932839
2026-06-30,^CNXIT,26989.94921875,27032.19921875,26208.5,26299.05078125,71600
2026-06-30,^NSEI,24032.05078125,24035.55078125,23829.19921875,23865.75,449000
2026-07-01,ITBEES.NS,29.780000686645508,29.930000305175781,28.549999237060547,28.629999160766602,36810180
2026-07-01,^CNXIT,26381,26505.75,25699.099609375,25769.80078125,66500
2026-07-01,^NSEI,23897.650390625,24049.900390625,23895.099609375,24005.849609375,352100
2026-07-02,ITBEES.NS,29.350000381469727,30.030000686645508,28.909999847412109,29.940000534057617,40290563
2026-07-02,^CNXIT,26141.75,27030.94921875,26132,26965.05078125,84300
2026-07-02,^NSEI,24062.19921875,24194.55078125,24058.80078125,24175.69921875,372900
2026-07-03,ITBEES.NS,30.299999237060547,30.739999771118164,29.190000534057617,30.479999542236328,33633418
2026-07-03,^CNXIT,27482.400390625,27759.55078125,27286.55078125,27439.400390625,68400
2026-07-03,^NSEI,24375.650390625,24378.150390625,24252.349609375,24270.849609375,326600
2026-07-06,ITBEES.NS,30.75,30.870000839233398,30.120000839233398,30.280000686645508,12726756
2026-07-06,^CNXIT,27489.849609375,27502.599609375,27127.44921875,27276.44921875,23200
2026-07-06,^NSEI,24306.849609375,24458.650390625,24287.099609375,24430.349609375,329400
2026-07-07,ITBEES.NS,30.280000686645508,31.170000076293945,30.25,30.979999542236328,34230827
2026-07-07,^CNXIT,27248.30078125,28156.19921875,27248.30078125,27939.150390625,58500
2026-07-07,^NSEI,24464.44921875,24530.900390625,24348.94921875,24398.69921875,412600
2026-07-08,ITBEES.NS,31,31.149999618530273,30.409999847412109,30.510000228881836,15320259
2026-07-08,^CNXIT,27915.19921875,28067.849609375,27468.849609375,27555.19921875,42400
2026-07-08,^NSEI,24259.55078125,24300,23805.19921875,23882.05078125,420500
2026-07-09,ITBEES.NS,31.139999389648438,31.139999389648438,30.010000228881836,30.450000762939453,14662502
2026-07-09,^CNXIT,27495.5,27646.44921875,27014.5,27471.25,29700
2026-07-09,^NSEI,23928.94921875,24134.69921875,23925.69921875,23962.80078125,384800
2026-07-10,ITBEES.NS,30.860000610351562,31.489999771118164,30.860000610351562,31.040000915527344,17786848
2026-07-10,^CNXIT,28043.5,28439.55078125,27870,28010.400390625,44500
2026-07-10,^NSEI,24124.69921875,24228.44921875,24120.349609375,24206.900390625,313100
