date,SYN.X,SYN.Y
2100-01-01,100.00000000000004,12.3516507201837
2100-01-04,98.70083687202913,7.88604663915868
2100-01-05,97.36810910233234,6.823833271843584
2100-01-06,99.98443782986553,4.585305791163015
2100-01-07,102.85692574298355,4.5197136533824445
2100-01-08,102.55414770732094,3.3310308919045624
2100-01-11,101.95077716333502,5.0332074137612395
2100-01-12,103.30483586535954,8.666807991206852
2100-01-13,99.76599609948461,11.529065749563076
2100-01-14,98.49358820902009,10.269614172724669
2100-01-15,98.74611513295308,14.214290915420117
2100-01-18,99.03016898046809,11.7651299960117
2100-01-19,100.45224465154462,14.822677680134397
2100-01-20,102.48238106822586,11.239388578845587
2100-01-21,102.80275208463021,11.056807363987142
2100-01-22,105.34992716634946,7.45852522410685
2100-01-25,106.29259891936228,17.40092080704281
2100-01-26,107.29733356463062,20.394731398073894
2100-01-27,106.37527130710419,14.815872605833237
2100-01-28,109.62211831939591,20.591849534427883
2100-01-29,110.25303917796904,19.43420435271569
2100-02-01,110.63919728929312,16.91455735603751
2100-02-02,109.66071346439868,11.943307451881887
2100-02-03,112.141131896905,16.08653322599293
2100-02-04,112.66989037277888,35.575305086278696
2100-02-05,115.54526228820194,24.895875191322055
2100-02-08,115.65125196627997,30.355379870355975
2100-02-09,116.426970666174,32.710813404192365
2100-02-10,115.69200692757677,47.34088274287098
2100-02-11,113.6423794628987,60.69262932625215
2100-02-12,113.9169294285503,79.57655361655213
2100-02-15,112.16117863630197,59.8243604743448
2100-02-16,114.29050100126533,63.891708190213
2100-02-17,114.8898352257581,56.34952200516903
2100-02-18,111.66525954177278,79.90471803977539
2100-02-19,113.59033914599038,102.28188846501715
2100-02-22,118.62885543173299,76.89994623251256
2100-02-23,118.64434881543463,52.709504986348904
2100-02-24,117.04895354968414,38.82119084539693
2100-02-25,115.81442742397908,24.990937647994723
2100-02-26,111.27730977390563,23.081363228713208
2100-03-01,110.70203758153203,20.529324232724406
2100-03-02,111.05718184779504,27.952845081812075
2100-03-03,112.32266661085723,20.62106543730914
2100-03-04,113.30155012426161,21.60946101205879
2100-03-05,113.8816375767474,26.13617421837243
2100-03-08,111.93372741540091,31.70593451260517
2100-03-09,111.45701872280155,22.321739245459206
2100-03-10,112.12845847445678,29.540843620016787
2100-03-11,112.11745433422209,38.10851821062748
2100-03-12,115.49008550530117,52.4925152541843
2100-03-15,115.99635097311592,45.797570642977576
2100-03-16,116.70363017629293,43.60303412603805
2100-03-17,116.28172459994428,43.859645561361916
2100-03-18,117.68624538934564,45.69101885357858
2100-03-19,119.78050511202194,35.72823487836437
2100-03-22,115.50427329123454,22.872355152351336
2100-03-23,116.5895349449565,21.791369198029056
2100-03-24,116.66962351583435,21.8970095481349
2100-03-25,116.5713070423438,37.500663464662594
2100-03-26,114.17518847528531,29.631653183064635
2100-03-29,117.03116368840182,33.19094032728981
2100-03-30,115.56409631588421,41.89079991609639
2100-03-31,116.81422002907004,51.02908138373998
2100-04-01,115.40237285537238,27.86228399464559
2100-04-02,117.65405589794219,31.28538673048957
2100-04-05,119.42570037421332,33.10183716805452
2100-04-06,117.41365794778342,62.079373172861125
2100-04-07,119.85328355277537,69.74325239521329
2100-04-08,123.984575932147,86.95772253217355
2100-04-09,124.2932944278137,41.67435108893504
2100-04-12,123.18341356511547,78.8945502777752
2100-04-13,123.63680378040443,117.29666106703597
2100-04-14,123.73620745863077,89.3757029175081
2100-04-15,126.69403223561243,77.90043742227027
2100-04-16,124.01753109789409,48.04921864965595
2100-04-19,127.55183309495365,55.03377124793217
2100-04-20,128.64898379994605,51.03719743453543
2100-04-21,130.0349613579615,58.47584493069507
2100-04-22,129.11472439318933,60.988529677118265
2100-04-23,128.02542596332088,57.27138345821859
2100-04-26,127.79925890831049,53.33104791298792
2100-04-27,127.77793963586711,39.26771718979186
2100-04-28,126.23063950849578,23.064367909919348
2100-04-29,125.78147918368855,22.733341192057065
2100-04-30,126.46422439665051,27.546300736000738
2100-05-03,127.46584610385104,19.42234288502642
2100-05-04,127.34735792536468,16.222238044645717
2100-05-05,126.83716891199438,20.785222149325516
2100-05-06,128.7373380573515,17.87730629435784
2100-05-07,128.9051510392004,16.33997044833425
2100-05-10,131.70617062961517,20.596208322112716
2100-05-11,131.32023875525502,22.313534271579968
2100-05-12,134.44527592394087,29.456384521023022
2100-05-13,133.80081950535356,33.44100191481354
2100-05-14,131.91180506241136,45.78749761145085
2100-05-17,132.18674579175163,35.28158124794293
2100-05-18,133.8683649556187,59.53574886420472
2100-05-19,130.50850541910773,75.99799336791673
2100-05-20,132.28375771216088,94.25076559726311
2100-05-21,134.7427530402141,102.1965691081763
2100-05-24,133.30811429681577,81.74046904079107
2100-05-25,138.4373006781761,89.8069357950476
2100-05-26,138.46051775465716,70.13326994506107
2100-05-27,136.87661457121578,77.60809313113552
2100-05-28,137.79729657514204,78.58166905585026
2100-05-31,140.42318539822313,63.266762540719334
2100-06-01,140.0971460936834,39.13218513239715
2100-06-02,139.6432111690625,27.10791215685118
2100-06-03,141.7082483429882,28.84997634453572
2100-06-04,140.2123552876199,20.613537288612534
2100-06-07,138.72311845954255,22.686150113290164
2100-06-08,140.29555430701254,22.2054985538278
2100-06-09,141.58405516163253,24.408962180709075
2100-06-10,144.81793703731717,38.966699592487764
2100-06-11,141.84936888427507,37.34292454587024
2100-06-14,144.18377274035856,34.15855144176591
2100-06-15,144.96128991411362,63.58063481954559
2100-06-16,144.43330445235569,61.36498038067188
2100-06-17,143.34569027107707,77.32485168317103
2100-06-18,146.5237015963529,100.0695741905979
2100-06-21,146.89891086163732,115.21722625374105
2100-06-22,148.8700100169215,114.38141348389406
2100-06-23,147.94801311251175,175.0280829766403
2100-06-24,149.9332633342356,105.23513870879466
2100-06-25,148.47587676253045,77.31583085887678
2100-06-28,151.56456143374422,78.78450991467939
2100-06-29,148.9483824161638,94.13553080195139
2100-06-30,147.31106646081838,84.48041816569551
2100-07-01,148.3783627421759,41.61993316543647
2100-07-02,145.22496833142506,47.896510055190525
2100-07-05,147.6685948932327,48.99208286220393
2100-07-06,146.63746477124894,45.9279418939538
2100-07-07,145.0942119776983,52.57030171492133
2100-07-08,144.9705985561643,42.990288853449655
2100-07-09,147.90937501209132,48.36522760927902
2100-07-12,147.97428593084635,60.84741997967859
2100-07-13,148.60479093143175,46.057913750068415
2100-07-14,151.19267529289576,41.924386508996356
2100-07-15,152.53952124666964,34.866626067404155
2100-07-16,155.53538064262466,42.719840970981096
2100-07-19,156.63060762346464,40.64672713003321
2100-07-20,159.50774208123443,39.491097377815215
2100-07-21,159.78853054305088,34.44317491410358
2100-07-22,161.9618925303323,34.04997313580324
2100-07-23,162.39610397427816,51.23277717938137
2100-07-26,163.4054170837665,60.234638270013605
2100-07-27,160.16390423105287,61.68537930861589
2100-07-28,160.76657403565432,65.53079900044953
2100-07-29,158.7019386035106,53.899808814844334
2100-07-30,159.29146535725744,32.058081419182486
2100-08-02,160.93260941177684,25.324589334426996
2100-08-03,160.79683684313758,12.17940529183702
2100-08-04,159.8467233322741,19.26264152335225
2100-08-05,164.06577208702436,17.989347293638296
2100-08-06,163.81013134782467,18.07397723005014
2100-08-09,162.7543726180935,14.514857665319557
2100-08-10,163.62550996410152,15.472016595080518
2100-08-11,161.5714307543231,19.826182983293915
2100-08-12,163.56388280247222,19.27819355631398
2100-08-13,163.70888349676093,35.8889920728816
2100-08-16,162.22435244244286,34.43931610577742
2100-08-17,159.2800940481977,33.99644248603575
2100-08-18,158.8657487376127,34.64069527042895
2100-08-19,159.07076144932992,39.656162142577934
2100-08-20,161.25533096125227,50.78055154328913
2100-08-23,159.5719407753717,60.954567760156586
2100-08-24,158.6853384634971,103.32455839483912
2100-08-25,160.7173359983188,77.04751887053796
2100-08-26,160.75261006582474,95.61195115866205
2100-08-27,160.62101353972398,60.43277802386264
2100-08-30,162.2698350509587,68.70599854282602
2100-08-31,162.90835764394632,59.31706711240326
2100-09-01,158.26392593097404,37.10937892212919
2100-09-02,163.0464092453225,52.824291917742386
2100-09-03,161.85783623183923,54.77728739982456
2100-09-06,162.98261957645371,42.10215220692749
2100-09-07,162.31760770213194,53.07874100616412
2100-09-08,163.61325699712322,60.75253923956979
2100-09-09,169.1514162641249,68.62483064445989
2100-09-10,170.74530991619474,71.68706379513355
2100-09-13,173.8044670236295,51.84227049100647
2100-09-14,174.42289074785288,61.21183352265057
2100-09-15,176.67088701061465,61.34238992158449
2100-09-16,176.17161791711732,43.84230407850521
2100-09-17,172.60099385200732,27.08151617761201
2100-09-20,171.16929499261366,34.29022341567193
2100-09-21,170.1303535137845,34.825867611328036
2100-09-22,170.52264248220087,26.588336305630122
2100-09-23,173.64204079427353,19.049205680949342
2100-09-24,171.11083472561188,29.744493400811766
2100-09-27,171.9956082012503,27.126405208934813
2100-09-28,171.2931450235319,19.433877272054502
2100-09-29,170.4295400758675,28.027673118022943
2100-09-30,172.07421011260567,29.55258836165927
2100-10-01,170.78555042961315,35.954398457050786
2100-10-04,172.04258402187372,23.081280952426802
2100-10-05,165.32424406169517,21.53467913727277
2100-10-06,165.84155768022075,40.88645919947489
2100-10-07,164.00288052649302,47.08146940327003
2100-10-08,161.64642109825581,69.83374800135176
2100-10-11,161.00203885358118,72.14548631002998
2100-10-12,158.43337260912585,74.2690960835556
2100-10-13,158.07439424310937,76.26741060213904
2100-10-14,157.0866410334554,77.28165080879741
2100-10-15,155.07878204779087,46.33337419829232
2100-10-18,153.2209526205389,61.212998386603935
2100-10-19,150.63490599649973,79.28102698488661
2100-10-20,149.80270633275057,46.563730686789285
2100-10-21,147.115985156276,26.395271999457677
2100-10-22,147.68315235430384,36.59698962009717
2100-10-25,150.42976516399128,46.50986431383903
2100-10-26,149.56612965726114,41.066751468208714
2100-10-27,146.6929724785506,45.663243982220834
2100-10-28,147.03399826083626,21.682614129096432
2100-10-29,147.63045182781173,29.928028467905104
2100-11-01,146.46861894811911,22.86991765624854
2100-11-02,148.09844132556233,24.11482605204128
2100-11-03,146.1199271257958,26.847714796741176
2100-11-04,147.01017538479857,32.433492580535614
2100-11-05,143.80444436258603,33.60067760764964
2100-11-08,140.80200334228718,36.945394881274254
2100-11-09,140.6974990622671,40.90534692760298
2100-11-10,139.81692275636087,43.97945932749625
2100-11-11,143.19397496702268,55.96485182739362
2100-11-12,143.29428410152727,59.37465229883204
2100-11-15,144.25750653218773,40.906107055402515
2100-11-16,145.1716729223934,35.78789462580166
2100-11-17,147.92832347412403,66.00698192088555
2100-11-18,144.42148503387222,49.60368335737253
2100-11-19,144.07378525753512,63.5614617727516
2100-11-22,140.58486274211262,44.33933811457957
2100-11-23,140.89734080384045,41.08731465669643
2100-11-24,145.03709909911186,36.05996562031072
2100-11-25,142.2356260897051,33.08083488112613
2100-11-26,141.4465880774609,29.09759945418938
2100-11-29,138.99087450656964,30.376247576426266
2100-11-30,139.28180127860622,44.78146136650014
2100-12-01,142.4800102351444,49.83656536571374
2100-12-02,143.03595484228296,35.546904624910084
2100-12-03,140.0002081073135,44.90566134741944
2100-12-06,138.66338816429882,38.19496407042338
2100-12-07,139.37479040986207,35.14778586858499
2100-12-08,140.55937021528342,27.220626409916854
2100-12-09,140.61851080286428,22.746700541529744
2100-12-10,140.97843034598284,16.162328802034047
2100-12-13,141.84792910714657,10.333008383436722
2100-12-14,142.1932941836674,15.492826134634685
2100-12-15,142.60406641242236,18.32356243744058
2100-12-16,141.20739560327144,11.326894803365247
2100-12-17,145.2859256021685,11.367965975301889
2100-12-20,146.0961968451889,16.70844377726866
2100-12-21,149.49473447594258,14.515484166091866
2100-12-22,147.8862513667376,12.771479009110443
2100-12-23,151.2781269478586,19.41056014463581
2100-12-24,149.54564210732866,18.244633954465804
2100-12-27,147.84069839438007,19.037766384961483
2100-12-28,144.67771183094027,14.790927282999878
2100-12-29,145.08756226840197,12.462737457228572
2100-12-30,146.89960731366733,9.92090875140255
2100-12-31,149.50707484920653,7.353204401253122
2101-01-03,150.66447033140747,10.783619698518514
2101-01-04,153.5525150410814,11.012748333539244
2101-01-05,156.08697477683714,9.489294841224112
2101-01-06,156.15739353637747,13.873800345655006
2101-01-07,157.84116254245322,18.645665729026824
2101-01-10,158.90496573482844,9.005471333823706
2101-01-11,161.11881449154617,12.543960672757672
2101-01-12,159.205231060173,11.455605781982209
2101-01-13,160.63831183985982,11.835550070911147
2101-01-14,159.18618242068288,10.841494049476353
2101-01-17,155.5230026442096,21.30030437376952
2101-01-18,162.2357694947003,24.30483104412465
2101-01-19,159.84846246992583,23.556667204348035
2101-01-20,164.3903943384704,31.58552386851576
2101-01-21,170.01395082415019,36.309799333875176
2101-01-24,168.36434043093482,32.51885858681588
2101-01-25,167.82975105966221,19.74217892201653
2101-01-26,167.34984791624933,18.261557200220146
2101-01-27,168.68845036556039,21.118153139259018
2101-01-28,168.31296669824525,15.077219165002386
2101-01-31,165.8420437798081,14.034341756579053
2101-02-01,167.69839091010064,19.252195120758966
2101-02-02,167.6023530451424,16.29286576745731
2101-02-03,167.70382343106473,18.384648250038087
2101-02-04,166.85932817896702,28.91011478877851
2101-02-07,169.42061670844595,24.04958305201617
2101-02-08,173.41595835064982,25.045855222911328
2101-02-09,170.9358821888535,22.31968858489809
2101-02-10,170.54048961382577,19.921980176643316
2101-02-11,167.56312761494434,24.11873167291307
2101-02-14,171.0960503724387,40.49562733692265
2101-02-15,173.07657423705294,47.538357423464056
2101-02-16,173.20866021108483,64.47137894055781
2101-02-17,175.6265208550723,84.52777460451547
2101-02-18,172.2988489883834,102.94936490341048
2101-02-21,176.16087296689716,118.10711709097669
2101-02-22,175.56497725906033,169.65860447582332
2101-02-23,174.6866689359004,256.91178102444184
2101-02-24,172.5818210906553,208.33954025276614
2101-02-25,168.92138461119205,194.45676482329833
2101-02-28,168.7138621231433,110.43067869022371
2101-03-01,163.29840751634194,100.47349505496503
2101-03-02,169.02662497524062,129.9486100287066
2101-03-03,166.24007893818754,91.64248786043892
2101-03-04,165.12451072385662,93.61599418299251
2101-03-07,168.70935981056886,144.7788252424988
2101-03-08,167.36405523658715,108.28788848919346
2101-03-09,169.4400916417295,150.16515801978042
2101-03-10,169.336832670708,137.81720242176337
2101-03-11,171.6766075501355,166.28394223151597
2101-03-14,168.62700379345904,87.50219663897701
2101-03-15,165.74040518470534,107.98936986974368
2101-03-16,171.84774251217982,84.0518325178821
2101-03-17,168.57620606939295,68.6978729609816
2101-03-18,172.56562415779433,52.759052848429434
2101-03-21,173.08149395454691,54.3226517756864
2101-03-22,172.91118602572612,61.16301292784764
2101-03-23,176.1615023936682,99.28630271429738
2101-03-24,178.91467811149732,63.08802690243129
2101-03-25,177.73068673704913,50.20681738557562
2101-03-28,179.571729795688,58.525482015722375
2101-03-29,177.64035762170099,51.97264865550123
2101-03-30,182.021382103636,35.769563669177344
2101-03-31,185.3668656767165,36.25243427007135
2101-04-01,192.3936154315931,43.3834076141642
2101-04-04,193.03581517147708,26.54522100728831
2101-04-05,191.85741227178573,14.33098141097801
2101-04-06,195.51099095479188,15.392867191010392
2101-04-07,198.09418802741615,13.255051529977543
2101-04-08,197.51093270246773,10.798545821251338
2101-04-11,193.99354146342117,20.145908507239735
2101-04-12,196.4599866947725,16.83554391570739
2101-04-13,197.5801248459145,11.602182049726993
2101-04-14,201.07743313950635,10.420219124572567
2101-04-15,207.0546427869376,10.65179891494169
2101-04-18,207.0286180335663,11.532264801423109
2101-04-19,213.33158681663872,11.288228542963756
2101-04-20,207.0053857566809,9.957048950580253
2101-04-21,211.43465126152287,9.968840254603078
2101-04-22,213.32390644412885,13.733251984
2101-04-25,211.72746482186602,11.564961885756523
2101-04-26,207.35641751147267,15.169986851649583
2101-04-27,208.56568281781065,18.74967362949126
2101-04-28,207.12196520938753,37.58729104616642
2101-04-29,204.33000145590262,43.908522091994584
2101-05-02,203.17925543584076,49.76251616256454
2101-05-03,203.072666841647,47.29311651971064
2101-05-04,203.74179293877987,36.02855652186051
2101-05-05,206.87982272918933,24.145731986003565
2101-05-06,205.15197136231671,25.602945726488183
2101-05-09,205.91052854370625,29.9296030649698
2101-05-10,207.8410629752637,22.23839132985055
2101-05-11,199.82592351437,13.207094832360635
2101-05-12,200.92690173073535,12.389650851585996
2101-05-13,196.73573473726248,12.54233453069261
2101-05-16,196.49444069668323,10.541461720428678
2101-05-17,198.49973660323155,7.829365097782555
2101-05-18,205.5898417834985,10.234201762520131
2101-05-19,207.75662928466167,6.906356283184032
2101-05-20,208.9292364510006,15.944328304142696
2101-05-23,212.46955301454932,24.296477136827548
2101-05-24,214.2374094586651,13.001768058588246
2101-05-25,223.47628855857508,16.455416064987627
2101-05-26,220.03822834700267,13.516379835945084
2101-05-27,219.00768889311615,23.341892469705353
2101-05-30,222.50050695889254,18.383804636360853
2101-05-31,226.97724793395307,31.97127579996496
2101-06-01,230.644038559199,61.13959776617569
2101-06-02,228.78477353998719,53.314830955468
2101-06-03,233.28960845849102,49.721781087168395
2101-06-06,234.31134332084608,61.007239771387994
2101-06-07,231.99700315943844,64.53613424555343
2101-06-08,227.72811785785643,41.953093848440794
2101-06-09,226.58293283055133,57.818491124395415
2101-06-10,226.4882827208699,45.41180332038461
2101-06-13,231.78326473961457,36.363741600386696
2101-06-14,229.22366730660417,35.55348757224401
2101-06-15,230.96952881758375,37.976097963711524
2101-06-16,228.316541154586,48.60154611734153
2101-06-17,227.36357757498803,29.242842887467127
2101-06-20,231.19712288793605,40.17387648008532
2101-06-21,233.64753643340296,41.95137806424053
2101-06-22,235.8047342316463,40.06692766558213
2101-06-23,230.88318691686158,40.871513282546594
2101-06-24,231.16310391714913,49.03921079336654
2101-06-27,231.0608466071485,41.53768687613145
2101-06-28,233.41074501125445,22.79123808799521
2101-06-29,233.59566810582075,17.434304873298203
2101-06-30,231.8137444657959,18.076775217751074
2101-07-01,232.99855546312543,12.934536212554743
2101-07-04,230.9723622834869,12.513017421512552
2101-07-05,233.64153902059962,13.73852593369746
2101-07-06,231.62942592383328,11.883753994283893
2101-07-07,235.61820237407017,20.864871712356752
2101-07-08,235.7252748137237,31.24417514060884
2101-07-11,240.4683736368751,17.825906132778485
2101-07-12,238.00524779286977,25.8254126220933
2101-07-13,240.92493788116192,29.829503403435247
2101-07-14,243.06671884307505,37.07687405463816
2101-07-15,242.48835733096553,64.30001207121951
2101-07-18,244.41094215744602,69.4553648672773
2101-07-19,247.52301988232335,104.47852888475683
2101-07-20,245.5922266535594,145.96568527495737
2101-07-21,240.24365411648583,167.79790980781056
2101-07-22,240.91718853040805,129.82616936908477
2101-07-25,242.75841566931922,212.5755956291277
2101-07-26,245.61092797936502,292.87882677917844
2101-07-27,252.97283731942522,214.04770700493827
2101-07-28,251.2143139503351,126.39977902789539
2101-07-29,252.42259348951617,88.70026375317951
2101-08-01,254.86257650050538,57.723959291624276
2101-08-02,250.95890200987913,60.46117426793127
2101-08-03,250.77206601366444,59.644352247632334
2101-08-04,244.86852406383267,57.6957593469639
2101-08-05,248.40946511975022,55.89184430801368
2101-08-08,251.40766969077885,33.75380219222393
2101-08-09,249.71434484641043,52.89948973078391
2101-08-10,251.39817454498373,28.484863897048808
2101-08-11,243.34703706592433,43.332985941180304
2101-08-12,252.7139242297985,81.06578953757278
2101-08-15,243.31551278125093,183.43808311512706
2101-08-16,235.61085330481822,466.56944808945457
2101-08-17,233.139224507715,274.4775601922515
2101-08-18,234.14775911096623,188.67795420004006
2101-08-19,233.73896925232356,169.9603199384634
2101-08-22,233.693522935854,202.631240637458
2101-08-23,232.5093619088655,155.67100423460167
2101-08-24,229.44303454569288,195.03882609023577
2101-08-25,232.11292744746171,190.81939171128528
2101-08-26,236.15125590889866,157.35467029803326
2101-08-29,236.17521769214872,243.27696859676848
2101-08-30,239.62931609947185,182.15794996655225
2101-08-31,240.5096428933229,201.6623090790559
2101-09-01,251.6393285363463,162.04363574043523
2101-09-02,254.4758745068537,128.10896911436552
2101-09-05,252.5072007084714,199.8428923792387
2101-09-06,249.4314031003481,285.82969538821936
2101-09-07,246.14357665019241,115.45369856524799
2101-09-08,255.10761169867698,77.57910330832357
2101-09-09,254.7717291435455,57.0017716448042
2101-09-12,252.20315349233314,53.35927368299469
2101-09-13,247.50205527057565,59.295162623527645
2101-09-14,246.4209237865903,46.33449662933668
2101-09-15,243.1402721847658,31.3471541023265
2101-09-16,250.0104661923153,30.623291834116866
2101-09-19,255.22582111551174,23.653371537245626
2101-09-20,255.4852025995964,19.51498621418484
2101-09-21,252.3931450613019,12.106824412404157
2101-09-22,252.97660240579629,12.417519792363137
2101-09-23,246.2354146871838,11.805819381774803
2101-09-26,245.80026874120173,18.701252811296225
2101-09-27,242.56257998479984,15.904955615539713
2101-09-28,246.52485585866367,22.831734313651367
2101-09-29,239.71363350720827,26.461566967064368
2101-09-30,240.49332086440245,20.23225033974402
2101-10-03,237.97523230887833,29.623644633217108
2101-10-04,235.05236801303712,24.950124407433993
2101-10-05,233.08653852418226,31.220057924567968
2101-10-06,233.332117799874,42.83877157130729
2101-10-07,234.62438827082633,63.637473040377294
2101-10-10,229.4254756527711,68.60741655407702
2101-10-11,232.55728870320755,36.34178440655663
2101-10-12,236.97160950941281,51.648305911008066
2101-10-13,231.5794796009731,80.48252165729397
2101-10-14,225.83460882621202,61.467350403905236
2101-10-17,228.832167807478,45.89116487407733
2101-10-18,228.94863121705615,58.716819256900905
2101-10-19,226.24211830207153,28.56118510732313
2101-10-20,227.85496384443405,22.574193348995106
2101-10-21,230.3425311877452,30.747345263918955
2101-10-24,234.2320440156742,36.52203170780423
2101-10-25,233.46156418988704,41.12027354965973
2101-10-26,234.64332721992878,39.70342451370414
2101-10-27,231.59071978354754,34.68420522058869
2101-10-28,234.48358733554423,28.460267051182974
2101-10-31,228.86739189755036,26.320908901468293
2101-11-01,233.29709919833647,50.43234396353058
2101-11-02,235.13921136302463,34.70014533768693
2101-11-03,239.07943466757075,42.40739612405475
2101-11-04,235.49456682981878,24.815033615481234
2101-11-07,237.81339604920058,35.04472069166976
2101-11-08,240.8472429765684,43.907911281541985
2101-11-09,237.27061473928902,56.29362742299717
2101-11-10,238.13254215821814,57.35845825825653
2101-11-11,236.4893966978441,45.35395391749148
2101-11-14,241.1211523973878,49.709458097061315
2101-11-15,237.09014034266548,38.38486952418191
2101-11-16,241.80363284381383,23.917786146720804
2101-11-17,243.4751411503569,41.70722139036884
2101-11-18,238.16621786537948,78.33322016753955
2101-11-21,235.22994033622126,62.24369560783245
2101-11-22,234.28571807445516,91.09282724590136
2101-11-23,228.3602406501131,79.61135161892891
2101-11-24,223.568747261909,124.81323395447288
2101-11-25,222.5010613350901,82.50147345151328
2101-11-28,223.96297738536197,86.53968567824138
2101-11-29,223.7132113073046,87.43551650705838
2101-11-30,222.89841640481956,54.274725506515935
2101-12-01,221.59338043205977,40.971455786015845
2101-12-02,219.0065745744269,31.788779295716356
2101-12-05,217.04131610610523,29.0447591964178
2101-12-06,215.71739861549602,28.450818531038188
2101-12-07,222.82071958736375,26.719408762489525
2101-12-08,224.50247457155442,37.68271584842768
2101-12-09,225.46866928393527,31.334246610469517
2101-12-12,229.6508879381252,23.85941677517078
2101-12-13,227.15215522042908,21.893714236030956
2101-12-14,227.34473255505,31.2075526470987
2101-12-15,225.97070295364517,25.73250526903033
2101-12-16,226.92028408424255,33.85369110157903
2101-12-19,220.67355346312937,44.463173128393905
2101-12-20,221.89012076595463,41.17032416164932
2101-12-21,221.12014170003684,46.34168575553134
2101-12-22,219.43854654225768,89.35739841103793
2101-12-23,223.57396751820627,148.1733656899823
2101-12-26,228.15237246530262,123.20847718152237
2101-12-27,226.39467405052127,136.4449704318464
2101-12-28,226.3999386495115,83.26314866297125
2101-12-29,230.79164136917547,51.67479263089831
2101-12-30,232.81441688014218,39.389083926463975
2102-01-02,233.55025058607194,51.55060288864767
2102-01-03,229.48047526349106,48.31654217592199
2102-01-04,227.19081482881168,76.98238174955472
2102-01-05,227.55668543818814,77.89377144981593
2102-01-06,229.24109402426583,82.93991332304488
2102-01-09,232.09950286784496,69.99944017849431
2102-01-10,230.99144711980807,60.18092287538437
2102-01-11,232.4396938507174,43.500097419766895
2102-01-12,228.54094863501356,30.830799613549033
2102-01-13,222.24272818532972,56.977498457932434
2102-01-16,224.05355810722142,46.82961265721529
2102-01-17,224.76341550210788,28.975088546423382
2102-01-18,228.94484237116288,30.375520316221184
2102-01-19,229.52249435826573,24.447354053239224
2102-01-20,226.62320425078414,32.49339689193616
2102-01-23,231.14794852076068,29.328749754826983
2102-01-24,233.8193369435885,42.754987850176576
2102-01-25,232.89423953652334,31.430511166713494
2102-01-26,233.89391545846823,20.965515104670306
2102-01-27,235.5731472303159,24.404399846379896
2102-01-30,236.08201390050175,16.788051829168765
2102-01-31,241.54891906097438,22.594735436278626
2102-02-01,238.44036777235758,29.669910950590598
2102-02-02,237.05468922800654,25.143663145473212
2102-02-03,238.2101441026619,36.65761052169406
2102-02-06,243.07187985492524,31.44626725978039
2102-02-07,244.5442710922916,30.100809694376306
2102-02-08,246.08311184058627,25.1972127199877
2102-02-09,248.11384890381305,19.904586208221858
2102-02-10,247.5799181379577,28.913914306001235
2102-02-13,242.58361762636505,37.460031511427815
2102-02-14,248.9580877388512,47.31979074424949
2102-02-15,250.50841924682388,58.01567068545105
2102-02-16,249.20764940725692,30.644633811795252
2102-02-17,241.69812369971558,50.93358525244979
2102-02-20,239.88943739708125,52.487949150304
2102-02-21,242.56448093908332,80.45729574331641
2102-02-22,246.49920148899562,79.70638391870669
2102-02-23,240.69092392101206,72.48553108605908
2102-02-24,246.6583374615515,39.84225325143265
2102-02-27,248.04889415071486,36.996941191522005
2102-02-28,252.90277703652893,39.1722163208323
2102-03-01,255.4602472633338,44.20348302998385
2102-03-02,263.3552908607643,34.33730198194041
2102-03-03,254.95073300597204,40.323443826562546
2102-03-06,253.34495384664518,39.3795547630953
2102-03-07,256.2482360150454,48.98232830140517
2102-03-08,253.67328527308248,51.11720923769705
2102-03-09,257.3148970125331,32.17316825514857
2102-03-10,255.7151280911467,32.66781757293696
2102-03-13,255.4361468072966,20.70570063150066
2102-03-14,250.58606057193387,29.83610380722867
2102-03-15,256.7550270420979,30.959214482519553
2102-03-16,256.78072638050685,47.14729021910034
2102-03-17,257.78401522168235,61.391129770425145
2102-03-20,256.09205761511936,48.63555739917791
2102-03-21,258.50283962255236,53.10248045901079
2102-03-22,255.84372791419327,44.17949788947227
2102-03-23,253.07273620823258,66.38898501369779
2102-03-24,249.68166236578566,57.584653042622165
2102-03-27,256.3370975743546,68.07742309096557
2102-03-28,255.47820132453103,97.93303685221629
2102-03-29,256.7022960923715,87.29343060711717
2102-03-30,259.0520118802605,97.29413803126616
2102-03-31,266.9594574436089,48.740647569049955
2102-04-03,262.42890975489763,57.67394282558662
2102-04-04,260.9822281321347,53.964802087978235
2102-04-05,259.2622365523548,34.48172271784398
2102-04-06,266.82965294731804,52.52012540905057
2102-04-07,261.63533401286327,40.387389619911424
2102-04-10,268.92106640586434,26.868941412830022
2102-04-11,265.11500529392475,28.08000992915573
2102-04-12,266.7974589174074,56.44227143841607
2102-04-13,268.63444090702933,36.29775914127124
2102-04-14,267.6959300994995,44.32281524511555
2102-04-17,266.08192276199355,33.64852259376814
2102-04-18,269.2602902369865,28.93315852907592
2102-04-19,267.46610243245044,37.873400301113946
2102-04-20,264.6572874486166,43.40399451167747
2102-04-21,259.77087000534357,45.98387304382162
2102-04-24,262.37552654347564,26.16964529239029
2102-04-25,263.0427046439175,24.130939232129265
2102-04-26,270.5858709160009,30.077798775404396
2102-04-27,272.540403308988,30.743852244429966
2102-04-28,272.22581197762247,40.3946890710252
2102-05-01,273.3931951472292,30.84619987525289
2102-05-02,264.66592567466427,24.340800851080793
2102-05-03,264.29686024764095,20.321126712661982
2102-05-04,270.15995001477046,25.982675604894048
2102-05-05,271.98463777962945,25.283354747797944
2102-05-08,275.53645152669924,19.63898240367251
2102-05-09,276.1788205562576,34.79586530316378
2102-05-10,269.6678639673163,34.01469481676645
2102-05-11,279.7038294595893,24.972959157107113
2102-05-12,280.2789704529943,22.846043548688893
2102-05-15,283.2090633099957,19.95533177029153
2102-05-16,281.74904647281073,34.54418373803384
2102-05-17,277.0545278366056,36.498151362707326
2102-05-18,275.6442543993301,34.4911349212329
2102-05-19,269.2836615456791,46.700896011314704
2102-05-22,265.4527437004136,44.144105462007445
2102-05-23,268.10835929949303,78.89872552394208
2102-05-24,273.29362580421787,74.447487521943
2102-05-25,275.83586728356755,143.63079422771847
2102-05-26,273.4912967737972,119.74383291390852
2102-05-29,273.8064248413125,161.42571289078995
2102-05-30,272.35994391359674,149.35711888962769
2102-05-31,269.0717630632779,152.13013107837577
2102-06-01,268.68995181264927,100.65870226912867
2102-06-02,272.57290811814767,96.34476881615876
2102-06-05,271.5876564153532,115.57675721364221
2102-06-06,268.75139351985,115.01435446922729
2102-06-07,260.51063090852097,171.65728105240316
2102-06-08,257.86414595496194,121.53029412756807
2102-06-09,259.118958494128,103.4794427707381
2102-06-12,258.352817718955,101.61185374698077
2102-06-13,257.238642680051,74.22619775105616
2102-06-14,258.0258427577399,65.07988413645234
2102-06-15,255.7522711633132,47.9394138217712
2102-06-16,252.76388378888225,51.789620791545836
2102-06-19,248.32856208233517,19.968033513891594
2102-06-20,254.04317140329144,24.46207059459827
2102-06-21,251.76154542373874,37.40340763941796
2102-06-22,250.97375329529027,43.15243435241246
2102-06-23,250.86195200082156,73.6851332154158
2102-06-26,251.98814865235613,99.69548339466843
2102-06-27,252.43234032585596,40.67432676271149
2102-06-28,255.71332821582445,25.538393765631724
2102-06-29,262.3916719750794,21.776251374052837
2102-06-30,266.4858506759995,27.612912041831038
2102-07-03,262.7511710911793,23.477019428650692
2102-07-04,263.12916331857963,23.049734705832638
2102-07-05,271.6456630963981,30.20001309801416
2102-07-06,265.6763037005007,30.772989356677975
2102-07-07,263.8306685387657,22.593332759903195
2102-07-10,265.0214235091391,31.170347702907634
2102-07-11,262.4938614259755,38.20111802995224
2102-07-12,261.4860135073189,38.99648046956407
2102-07-13,259.16237914302195,39.034748238670176
2102-07-14,259.1402846013326,52.56311287815822
2102-07-17,255.90334121972478,66.5723453883374
2102-07-18,250.26081201072728,41.061202600630196
2102-07-19,245.40903492982883,72.32736629915998
2102-07-20,248.38690769556885,80.44065911759759
2102-07-21,246.6770887342777,84.43209760062085
2102-07-24,246.57553495457674,90.16535761542274
2102-07-25,243.4871178922437,68.15443335569346
2102-07-26,250.10464360116077,65.10803444585423
2102-07-27,248.5375590005234,76.967145405436
2102-07-28,252.84877743582234,59.09068121926517
2102-07-31,250.0279132090865,78.93390134242048
2102-08-01,250.88054624763868,60.74431538120382
2102-08-02,245.092415807269,68.8690112775555
2102-08-03,246.7113599268936,60.29676719267404
2102-08-04,238.15788306781718,48.47316027398248
2102-08-07,244.15718015832843,37.447527735005636
2102-08-08,246.00626757416993,40.53905367391831
2102-08-09,246.36548178705132,46.41937935753159
2102-08-10,253.0228326903283,52.2323242170552
2102-08-11,249.8442689019504,92.09699081483305
2102-08-14,251.04375845615806,40.050931731700864
2102-08-15,250.03364057572986,57.37802998383043
2102-08-16,252.70842515152083,68.93949236198587
2102-08-17,248.78990164640717,64.5189224537956
2102-08-18,247.57132511203616,70.16955498946545
2102-08-21,247.43404797725987,89.68216782684638
2102-08-22,245.16698030384222,55.87930427390133
2102-08-23,240.29189434029453,60.72743744389457
2102-08-24,242.77072366168068,69.16638620504065
2102-08-25,249.0843474907885,54.912322499131264
2102-08-28,249.59674736305297,61.20805342821842
2102-08-29,248.2813907377824,48.38405447989844
2102-08-30,253.46856633606996,53.93515216907417
2102-08-31,250.94086692748294,58.125303596540704
2102-09-01,247.21941986672007,63.970057201202366
2102-09-04,249.13124500186996,60.242827024437666
2102-09-05,253.7158045721802,41.23767547664368
2102-09-06,248.65005641128474,57.328973121323095
2102-09-07,246.9698840710083,48.55306906149548
2102-09-08,250.73486498326005,54.63563822836152
2102-09-11,252.5501024017742,28.900222593218604
2102-09-12,253.58975776253084,41.56565471789693
2102-09-13,246.53734441268486,40.909484278712455
2102-09-14,249.7181169851499,35.3864500177353
2102-09-15,247.86882903245538,22.080676820663403
2102-09-18,250.56956778149282,34.10506190901799
2102-09-19,248.21244443499052,21.60774989386202
2102-09-20,245.43327919516267,19.656364224195553
2102-09-21,242.2265527764022,21.595265109884462
2102-09-22,237.13988779304984,23.45957972647904
2102-09-25,237.5165722423995,16.417521881879846
2102-09-26,244.51496404584765,21.146469329828648
2102-09-27,243.70950055642652,35.9449186081834
2102-09-28,243.29083624930715,30.8262250246466
2102-09-29,239.8425891764186,25.45838193447472
2102-10-02,240.05954379352764,44.312539098854586
2102-10-03,242.62801628879902,52.25828271063076
2102-10-04,240.88113809239306,57.04703025490552
2102-10-05,239.60929261169133,57.72195332978978
2102-10-06,234.020741796439,47.444900040449525
2102-10-09,238.59404150393908,50.37423054760482
2102-10-10,235.77963721341112,34.16608606039274
2102-10-11,236.97142361121317,47.04343828931329
2102-10-12,236.3552548664691,26.030378425403963
2102-10-13,237.17426173765003,18.786620346836052
2102-10-16,237.0282914528459,33.42340770768407
2102-10-17,236.98610246417675,23.379621162781728
2102-10-18,238.5825719972905,19.321672558759744
2102-10-19,240.41526011511036,23.688585729300467
2102-10-20,239.08565269887785,21.27831452429633
2102-10-23,243.30356898682393,16.35865420062097
2102-10-24,251.5341908058975,29.452271469676955
2102-10-25,245.9725918138167,34.3082689059067
2102-10-26,238.49296941647023,32.950743716748555
2102-10-27,238.71837309737342,33.11392307374139
2102-10-30,237.3040791725591,19.02509739139263
2102-10-31,234.61926311719807,18.084436523607852
2102-11-01,230.98720569328944,27.06496879814906
2102-11-02,230.098090592715,19.231933347329868
2102-11-03,229.09971399366856,25.98582248416414
2102-11-06,224.56832930396223,20.80136528305737
2102-11-07,225.39949176593976,25.209951817881077
2102-11-08,223.94644712491888,25.15110057017695
2102-11-09,220.1123212537671,27.977335504789433
2102-11-10,217.64483666292807,33.95290123201354
2102-11-13,219.60943944233233,40.13957793304608
2102-11-14,220.7331734152543,42.77783330795894
2102-11-15,218.0382779248355,30.411931511549472
2102-11-16,218.93903127638066,33.85749720145019
2102-11-17,221.14436006348646,45.371037477269546
2102-11-20,223.11305653999347,66.49849410400847
2102-11-21,222.7136882669023,115.51175579271097
2102-11-22,222.85873357260155,121.09553595277676
2102-11-23,219.76290511998542,136.57392349116444
2102-11-24,217.433090688184,96.08043349938121
2102-11-27,212.89264893471793,88.05265485935028
2102-11-28,212.9165455170742,95.40195377623483
2102-11-29,209.02328509128637,64.50474777259807
2102-11-30,214.7811556271081,52.59815499245603
2102-12-01,213.7276184911703,33.72934149942003
2102-12-04,209.0471409550543,100.47549281597082
2102-12-05,214.60365592618504,99.22181072509672
2102-12-06,213.12941117186656,78.05940188847639
2102-12-07,212.5169746421602,80.14124893918382
2102-12-08,211.59629224390258,72.79393156664781
2102-12-11,212.16130456977038,93.15492460901552
2102-12-12,211.31121139116422,76.76136785708934
2102-12-13,215.558530978779,88.99587944140956
2102-12-14,216.99641725170568,76.7438232481102
2102-12-15,217.6645298176527,100.65597813974551
2102-12-18,219.14935997995124,138.1966202922168
2102-12-19,220.50460605578033,67.83880085009673
2102-12-20,221.78450004851368,49.87387586844184
2102-12-21,228.00941991804413,59.091767562240484
2102-12-22,232.30602502170902,39.64632050027562
2102-12-25,227.31349458612522,44.775684420622646
2102-12-26,231.99143466903513,30.36928727604673
2102-12-27,234.06134281575936,38.07000053532081
2102-12-28,227.1171768676686,25.621795377606368
2102-12-29,223.95087935459392,22.706937678701102
2103-01-01,227.42338385610856,21.63277142906672
2103-01-02,225.51080531555536,21.51555413271168
2103-01-03,223.3975353525062,24.97300374025125
2103-01-04,220.5121197490097,18.7020265241563
2103-01-05,218.51089255642188,22.830650345073042
2103-01-08,217.07380024622773,23.349407626700184
2103-01-09,214.972672420525,23.541882248693955
2103-01-10,213.32172292979476,27.10101295705685
2103-01-11,213.68501706806285,22.604035642905416
2103-01-12,213.82008079848683,19.131170014368195
2103-01-15,213.95040119813046,18.107816136019434
2103-01-16,213.85527902117335,20.8577839954945
2103-01-17,208.275920982727,15.71972128356019
2103-01-18,205.71288645229654,24.176867435252294
2103-01-19,210.76885551412536,36.79914798049135
2103-01-22,210.35128762810444,28.071508918914585
2103-01-23,208.82270377217205,35.50855928368478
2103-01-24,207.44295919143096,37.84331084176565
2103-01-25,208.40115310401163,36.12450233484797
2103-01-26,207.31511557052093,33.09719310573819
2103-01-29,205.6743803859311,31.426770248787093
2103-01-30,204.23330347639146,27.06877517442096
2103-01-31,202.77754516434243,25.576441194332393
2103-02-01,204.13765855445325,27.654150375380627
2103-02-02,206.27163540909638,20.541467338507896
2103-02-05,205.8789166578715,24.876607060364407
2103-02-06,201.15680667588788,18.22479510606847
2103-02-07,201.01338280543325,29.06068881226856
2103-02-08,201.3917249470074,55.98466583959083
2103-02-09,202.3265157000752,58.495017317180235
2103-02-12,200.08805961943153,68.24072630024803
2103-02-13,194.6655254704627,58.52212534656888
2103-02-14,190.15148492115344,57.035639637303454
2103-02-15,187.21169675216348,52.547918267618
2103-02-16,181.6992052427391,65.80897843818565
2103-02-19,180.40090908992966,23.03120140932983
2103-02-20,182.60209639292688,21.767981715966968
2103-02-21,181.83317766936534,17.157682266523647
2103-02-22,177.2366212344138,21.770015614037526
2103-02-23,176.7290637367726,11.338526408851193
2103-02-26,173.12227866110766,15.451783531992595
2103-02-27,169.88059304914594,16.74264573748395
2103-02-28,174.05453100876792,12.805767132151287
2103-03-01,175.54148745883276,20.432907350252833
2103-03-02,177.0622335583825,26.27583207203358
2103-03-05,175.39413731672366,31.778491710186305
2103-03-06,176.88718173121376,33.53962335426814
2103-03-07,175.82670664267357,52.47584935408288
2103-03-08,175.08702574016354,63.51448597458966
2103-03-09,176.02261869218765,54.64251569983529
2103-03-12,177.15782368034647,61.85437929019707
2103-03-13,183.21817141473605,39.237297784270666
2103-03-14,177.67826038569567,34.056038154816
2103-03-15,177.9011064889841,34.10149117109476
2103-03-16,175.3909982752935,34.45721730453675
2103-03-19,175.8737426429522,38.77482141491619
2103-03-20,178.15288755592363,28.50416022217624
2103-03-21,181.61041394439886,50.395727577933684
2103-03-22,181.01622020476407,47.88666048022949
2103-03-23,175.36029758675073,34.35976351536958
2103-03-26,171.9688174283668,51.16711912456548
2103-03-27,171.3180203337733,50.2001210018935
2103-03-28,171.56998292281145,52.43107075803144
2103-03-29,171.30920180770326,46.54343901268387
2103-03-30,170.84872116337155,53.098932489292324
2103-04-02,174.3043361082248,61.601653164007686
2103-04-03,175.87869070203834,72.1504622256982
2103-04-04,173.70632643525155,35.75143814838377
2103-04-05,171.31743333314526,41.84838763433805
2103-04-06,170.13136131551127,32.26853916592214
2103-04-09,169.85202899984958,26.846712372908975
2103-04-10,168.34504231519165,18.174106454457867
2103-04-11,166.68211366903347,18.672730990575655
2103-04-12,166.7442034597646,17.543608083715018
2103-04-13,166.88279316661658,19.60475319616793
2103-04-16,166.98699697456982,32.7398463821273
2103-04-17,169.71232306242987,35.608767824157155
2103-04-18,168.3234105743133,26.97798399217768
2103-04-19,173.01992107407955,16.041687407860284
2103-04-20,172.4573679176863,14.361010195306488
2103-04-23,173.0700811520446,9.986286120307529
2103-04-24,179.6633425382397,8.096202122212286
2103-04-25,180.17751343946043,5.25913882891441
2103-04-26,176.46362654255188,4.409513182787385
2103-04-27,177.58808288845057,10.010513208506467
2103-04-30,177.19138142901434,11.984205394558172
2103-05-01,178.64184552807805,16.195529278735975
2103-05-02,178.4042240750535,14.777612439907086
2103-05-03,179.03773510147533,15.934379641260174
2103-05-04,178.91889345882527,18.220913184888317
2103-05-07,172.4844063516279,30.029974163278386
2103-05-08,172.97888813754867,33.4825607133486
2103-05-09,171.4431008640157,41.83528295686713
2103-05-10,169.5209109425613,28.500827861889835
2103-05-11,165.78357966097278,34.57254807783374
2103-05-14,167.70416327250643,37.116352950348436
2103-05-15,168.5223329383492,38.349678883787576
2103-05-16,163.7884531898705,33.09442133908693
2103-05-17,163.22314440677175,37.36100921751286
2103-05-18,162.6283864388085,18.24958826288731
2103-05-21,157.69101521088598,30.720392232735215
2103-05-22,158.38196494339854,39.32955109728676
2103-05-23,156.30826849128601,24.666655060404015
2103-05-24,158.9419690048363,38.34346068297838
2103-05-25,159.39878209401093,49.186282836697714
2103-05-28,159.53522239861366,31.57966592431846
2103-05-29,158.77068956810632,20.582081436524366
2103-05-30,160.61625067900786,26.35399820738339
2103-05-31,157.26745610408517,29.790700730857047
2103-06-01,156.23083803376207,39.28480002048173
2103-06-04,156.7070572858904,69.59949222513515
2103-06-05,155.19035708476304,107.6418887455865
2103-06-06,152.57296637211175,92.21092479096134
2103-06-07,151.6192531280772,101.29942703363635
2103-06-08,150.94703883301548,112.95148247595182
2103-06-11,156.2788437529284,79.93576846320391
2103-06-12,155.10514722265629,111.63708333791125
2103-06-13,156.70530330656362,114.81242204713254
2103-06-14,154.77326717847586,125.07410399856566
2103-06-15,154.48139655745618,79.14310366899991
2103-06-18,157.77247723658408,55.43570072458535
2103-06-19,156.08243705292912,44.07406075645511
2103-06-20,156.76462871445324,50.88197794124068
2103-06-21,153.9191307207215,45.2365667832781
2103-06-22,160.92956279658702,44.84667370904765
2103-06-25,160.81629034948102,41.842682488796605
2103-06-26,163.94536314355636,36.69222883785743
2103-06-27,164.5990046838891,31.349288478467777
2103-06-28,165.94465616230863,34.48909515294217
2103-06-29,170.3210820583546,26.885324185831315
2103-07-02,173.4284176586965,21.256561615083683
2103-07-03,174.4222091914549,31.804836380564247
2103-07-04,173.53974296879295,27.433489816284897
2103-07-05,173.31914549201463,26.835160107578808
2103-07-06,173.4768627187925,23.069304579693625
2103-07-09,174.3673121360582,23.97888799644631
2103-07-10,173.2002440551582,22.13887102182738
2103-07-11,174.0462672399275,24.5486793658142
2103-07-12,176.11322286109183,16.266767683632658
2103-07-13,175.15581136604678,26.18532720088894
2103-07-16,174.36448218528903,29.94598108179034
2103-07-17,172.8452497331339,31.119168009749764
2103-07-18,171.57921294718528,26.541400687499856
2103-07-19,169.80077231662762,23.16612403536388
2103-07-20,167.76224175155397,20.263522003433813
2103-07-23,166.22067683919389,32.27670350909812
2103-07-24,163.38171559390094,21.219402052357
2103-07-25,166.43102649553555,25.175966292022217
2103-07-26,170.0622157781044,29.029344005334405
2103-07-27,171.2080462400958,20.251699152418514
2103-07-30,170.7119362641451,22.881248865556376
2103-07-31,171.9574689189657,14.573200663109077
2103-08-01,168.14169409626504,17.595829607065824
2103-08-02,172.15571853180668,29.241181262498028
2103-08-03,172.93095881840304,21.01864800944303
2103-08-06,176.02328201838984,22.16749350728361
2103-08-07,178.86164882376482,29.410309977484122
2103-08-08,173.79513197910077,34.897678091084344
2103-08-09,174.84369416499888,37.056635882912474
2103-08-10,176.29481477026548,69.42564710409025
2103-08-13,172.83687217147553,66.4183890556995
2103-08-14,173.0982141747919,67.32785585070567
2103-08-15,175.83258763229927,69.06330375036255
2103-08-16,175.2238115880384,58.18868592721978
2103-08-17,172.09161932571618,70.3800205427144
2103-08-20,173.04240469157017,25.687947858780984
2103-08-21,177.3297179083378,39.88404028830159
2103-08-22,178.1943546951803,27.770175389591248
2103-08-23,180.78412008997122,20.48164021509741
2103-08-24,177.40560875574448,27.77572639188359
2103-08-27,181.24530780070575,24.523383846565153
2103-08-28,182.48258090456224,26.53525802978007
2103-08-29,183.18452073121966,32.74919553464647
2103-08-30,182.78065582595437,39.30603354663446
2103-08-31,184.09063881707507,31.676297704434106
2103-09-03,187.20194367467454,42.94092038358268
2103-09-04,182.27711083449557,34.9170511765101
2103-09-05,183.38231477148457,32.88385875406713
2103-09-06,182.52040682484915,49.15925660258583
2103-09-07,179.9922833724989,52.617592288927625
2103-09-10,180.47161882185617,86.67792738855896
2103-09-11,177.04249797801532,66.99733048478303
2103-09-12,178.80108709332845,71.72396704499245
2103-09-13,182.82259010879355,73.90239278198668
2103-09-14,185.3658658315219,57.54760058734542
2103-09-17,184.443315022741,39.102517504655786
2103-09-18,189.13508437276008,45.709739331940305
2103-09-19,194.46011617493065,38.005157703062494
2103-09-20,192.2143919504253,56.66952819804234
2103-09-21,192.54801987985127,43.40213580761515
2103-09-24,196.08860372714923,47.941849951577716
2103-09-25,193.53924010167646,72.54186829216763
2103-09-26,197.6338524190531,63.616222943191666
2103-09-27,195.17589042847504,42.05699287660843
2103-09-28,194.77243971328775,47.40922408868571
2103-10-01,199.6450605818129,48.198184564276076
2103-10-02,198.1059701646759,73.14845305694827
2103-10-03,198.29816376402184,63.43805283698048
2103-10-04,196.20671562071155,103.864395547464
2103-10-05,195.46039816025745,87.67607269600558
2103-10-08,194.28654876972305,73.66922125826312
2103-10-09,196.27420622358028,42.77289173848149
2103-10-10,193.05760574605733,31.421555057648508
2103-10-11,197.3778312603654,42.07712329716745
2103-10-12,196.14559095516142,73.64314344123717
2103-10-15,194.55092349102011,75.44774803044979
2103-10-16,195.49293613769632,70.69883465210984
2103-10-17,193.68814940751076,63.84652046273572
2103-10-18,201.21751531386113,92.78669024634989
2103-10-19,201.64307543281365,87.24061896068625
2103-10-22,202.848739343484,54.77291883962509
2103-10-23,201.668724291627,82.25101129214394
2103-10-24,203.80975952422048,73.32432375210027
2103-10-25,203.9798256494491,126.81247431704179
2103-10-26,201.36995077733448,92.65446358205911
2103-10-29,195.31497426288814,93.3950501624503
2103-10-30,193.1790696234478,113.46055735453379
2103-10-31,199.40164190688913,100.6584143447789
2103-11-01,201.4692639692685,128.40219570915497
2103-11-02,204.67695159479524,94.41275418035033
2103-11-05,202.90400738020577,98.30762485507246
2103-11-06,199.37357591981169,123.94268004463946
2103-11-07,198.87622611891132,130.52006439615673
2103-11-08,195.91888546113955,96.25373045658496
2103-11-09,201.26201077780544,121.42810089874395
2103-11-12,199.99324736600008,54.66474727931866
2103-11-13,198.90198873878725,73.02404820918122
2103-11-14,196.61026215814465,75.46072257348474
2103-11-15,193.42039774732868,65.4860659617746
2103-11-16,186.3519053202052,36.983450741916386
2103-11-19,187.36462748951357,28.316068045199504
2103-11-20,193.49109822440644,47.770697344429585
2103-11-21,192.21932491662372,61.68835116376494
2103-11-22,197.55703916226423,36.21128418174744
2103-11-23,197.2868995905025,38.2417827568627
2103-11-26,196.82109629529367,30.559406592016014
2103-11-27,195.33325846633267,20.873949489985286
2103-11-28,193.012613291697,32.290301666281096
2103-11-29,195.99786417549944,44.00110044137885
2103-11-30,192.29654761962595,29.74919327746803
2103-12-03,194.3427212296094,29.771569801779894
2103-12-04,191.8551335431934,24.633950999809144
2103-12-05,193.55896807802088,27.714876324479
2103-12-06,194.57831703899947,27.411024420008697
2103-12-07,191.4497934369194,21.766361983811162
2103-12-10,186.10435381053483,35.06070824423877
2103-12-11,183.7419730541805,35.46435529501432
2103-12-12,182.84474071509854,49.36217724894863
2103-12-13,186.35651127907786,35.879366823486464
2103-12-14,185.1947246501626,46.960921955648864
2103-12-17,188.82899001368435,44.261041134511885
2103-12-18,189.08967794346864,51.210660283003
2103-12-19,186.20383669047635,61.14211820874292
2103-12-20,187.32320410150928,84.02611279344302
2103-12-21,190.91104046433304,89.37811590127342
2103-12-24,187.88249534496353,49.59534511787035
2103-12-25,188.45219990484534,72.89638935790445
2103-12-26,189.2143573354467,67.8549466113562
2103-12-27,188.14572552314615,49.722396773150535
2103-12-28,190.6051092968557,77.9121401284884
2103-12-31,191.37412307500156,151.53166159138212
2104-01-01,191.69532342339704,125.37951878734243
2104-01-02,195.7425726463139,96.02168836427508
2104-01-03,194.1692067959807,63.71427295313059
2104-01-04,190.72413955011044,44.52887026294643
2104-01-07,190.06551855501914,25.74568842566945
2104-01-08,190.78456036431353,24.352419112275093
2104-01-09,186.65762957069975,35.47107619658573
2104-01-10,186.38469184824513,29.693344087257472
2104-01-11,186.28572305947918,27.155713537204143
2104-01-14,191.00424786612575,23.284869471050996
2104-01-15,194.4642613786939,31.644195158967957
2104-01-16,191.39755999318874,25.33662844019398
2104-01-17,188.03844021077873,20.73743991714299
2104-01-18,192.3249623775285,18.482082081950626
2104-01-21,190.4435896320295,14.98589809212827
2104-01-22,190.67212250114196,22.76871972758691
2104-01-23,191.98079838212982,16.202742608438424
2104-01-24,188.5361405753515,18.148231316329916
2104-01-25,192.35382141123603,10.727502863385293
2104-01-28,192.94493866396965,11.411613873654737
2104-01-29,190.18839268093933,10.590489867141239
2104-01-30,194.65431677375497,14.900487807954441
2104-01-31,196.8464814102744,12.626176442753438
2104-02-01,195.70842886564483,11.060391766614831
2104-02-04,196.2253581554457,16.066854718389123
2104-02-05,196.70768127414632,22.063170475518607
2104-02-06,195.57767693835729,18.517989640459334
2104-02-07,194.0253522346405,18.33915626466571
2104-02-08,196.6828288557661,31.802898269262013
2104-02-11,198.4339958116189,22.0294286168333
2104-02-12,197.8234002406031,21.436918017804558
2104-02-13,198.69854548939242,24.117279756546715
2104-02-14,202.08570516466747,28.56624509272539
2104-02-15,202.49049377807862,23.4870559661887
2104-02-18,200.08443255352043,37.698831315900684
2104-02-19,198.96405500778272,39.01387980806156
2104-02-20,194.72669451656753,51.73936644385547
2104-02-21,195.74017704487034,62.4577235196564
2104-02-22,194.1514364727743,51.22423010494847
2104-02-25,191.07476071339596,58.341022928954814
2104-02-26,190.925829274708,33.73267543151838
2104-02-27,189.65871484571647,28.912020918176406
2104-02-28,189.6894009933609,33.25018768415866
2104-02-29,192.2459809415132,23.490040791947838
2104-03-03,194.56897485832906,36.32838770236737
2104-03-04,196.5354859808461,36.85555586366767
2104-03-05,197.28237393964704,32.25602348641071
2104-03-06,196.74715049666264,35.98686778227943
2104-03-07,195.5364640984323,28.589229745673823
2104-03-10,194.5718859101137,33.01270708178631
2104-03-11,198.66885265782884,42.38500561317734
2104-03-12,200.19787430030604,44.802824016616874
2104-03-13,199.18708808296844,36.756557568607334
2104-03-14,196.01390762343524,41.71016729062332
2104-03-17,192.279180042631,31.24986337761541
2104-03-18,189.38555023716367,19.6072800830872
2104-03-19,190.44322542556114,14.898164434352918
2104-03-20,190.00989725132783,10.976374136384837
2104-03-21,186.23260591649773,9.213910358239795
2104-03-24,183.45874842588748,20.81620330674944
2104-03-25,186.3825113103525,26.74298606955082
2104-03-26,186.20773671174246,22.769985779141642
2104-03-27,189.27436436630623,14.473964018975508
2104-03-28,186.97716600737218,23.71040008528986
2104-03-31,189.75538309844225,18.153741134319386
2104-04-01,194.5970711280431,27.160999920381588
2104-04-02,196.1264815179381,25.5496256969068
2104-04-03,199.91266736573635,32.54483932775772
2104-04-04,205.75191893628465,47.28707823267559
2104-04-07,206.28574721028545,30.78094572011077
2104-04-08,204.50533387083777,39.91886782009254
2104-04-09,208.097392743034,36.017294132151406
2104-04-10,211.9809729241881,40.07193052260192
2104-04-11,211.696616630053,59.645326478072434
2104-04-14,209.21909035794584,47.65988228122762
2104-04-15,201.48816806465797,57.309678939412855
2104-04-16,197.10828057011426,56.77454598948053
2104-04-17,195.5343918068222,61.43853191424904
2104-04-18,193.7786836906717,71.09454554075785
2104-04-21,194.19194872133195,79.98471096704885
2104-04-22,191.85551999505836,107.49778058208163
2104-04-23,190.99288598557501,75.01760741291211
2104-04-24,189.07344328780528,89.15181764332347
2104-04-25,184.49490545296507,97.35143357789828
2104-04-28,186.9855165796069,98.44451853064783
2104-04-29,191.00968856832537,109.82273030817116
2104-04-30,190.65754973317797,83.25337813712022
2104-05-01,193.25995655687706,62.08392394259067
2104-05-02,185.66995202222944,55.57614604215222
2104-05-05,185.85658420287393,35.27149754299863
2104-05-06,186.77772762372982,26.91814284463421
2104-05-07,185.05408347931908,36.390328451245466
2104-05-08,184.3574219929373,24.319182225387493
2104-05-09,187.280669658126,32.02544143393833
2104-05-12,189.91141067580213,24.677590257622725
2104-05-13,190.27128369286777,28.610845009982967
2104-05-14,186.3873640438016,28.735160720719016
2104-05-15,183.1237828225104,27.740401654119434
2104-05-16,185.04895475977312,39.531002203973294
2104-05-19,181.8705398361355,38.773988079072296
2104-05-20,179.32584406851407,69.71614312772752
2104-05-21,177.95008397917314,80.38883782690368
2104-05-22,179.64749012728902,57.35924521864558
2104-05-23,177.41837644764394,34.836594275663565
2104-05-26,174.22022630752394,29.665914526019723
2104-05-27,178.4389832536304,16.296144933072682
2104-05-28,180.9804131731089,12.64993160847588
2104-05-29,180.0757502605186,11.036299833975807
2104-05-30,181.883705059968,11.717024130867504
2104-06-02,181.13238002090455,7.518120226388592
2104-06-03,183.93438059328258,15.09475202916222
2104-06-04,183.30242240394594,22.8392162717208
2104-06-05,179.2410036134985,17.214787850535032
2104-06-06,180.60064555170356,11.272391905728874
2104-06-09,182.0437684643536,30.692560355737314
2104-06-10,179.2849477154462,33.278243471143384
2104-06-11,181.42031344692498,33.76636695472336
2104-06-12,182.3273166484549,42.681487991878676
2104-06-13,181.77391756089537,39.29750139649598
2104-06-16,184.56122700271658,50.56472372308977
2104-06-17,186.0432977399756,64.88719689939786
2104-06-18,186.95469072802717,51.07160914400891
2104-06-19,182.18408437183123,49.22214391268593
2104-06-20,177.39373026602934,47.541824275398675
2104-06-23,175.14864529548964,73.34621541794765
2104-06-24,174.06725982555875,86.36879333317826
2104-06-25,171.75729306681808,65.53030050103246
2104-06-26,174.75788592954726,75.70028445379432
2104-06-27,174.10070419784412,52.62713052251145
2104-06-30,173.41715124115908,51.369301272415456
2104-07-01,170.6323154285317,30.314727520249132
2104-07-02,168.6438343553842,27.542815899380777
2104-07-03,165.9930662930388,12.363753479829812
2104-07-04,166.2833687733305,9.420133685130617
2104-07-07,167.8606213067533,11.142590352855338
2104-07-08,165.78857198581449,17.270605667508313
2104-07-09,164.83819125813918,17.54305613169768
2104-07-10,162.9526206543093,19.521481594890023
2104-07-11,161.06450846698203,15.290748858907937
2104-07-14,162.42647712281467,12.21706884410217
2104-07-15,161.89941535318331,13.795976774233152
2104-07-16,157.24998484043638,15.738408661787295
2104-07-17,161.7348421531708,21.80494335196541
2104-07-18,162.4470862994567,17.802375068465103
2104-07-21,158.78990511308427,27.462973637757962
2104-07-22,157.85210353346852,20.99269252238415
2104-07-23,158.00911471631798,35.90779048391075
2104-07-24,158.26031209756,25.512514290293023
2104-07-25,156.8948836276073,57.952877862460326
2104-07-28,155.8296774561623,58.48279691283284
2104-07-29,156.74787908379784,53.65000731536471
2104-07-30,158.15767483172485,85.32279649521912
2104-07-31,157.46183418410178,62.6240641361705
2104-08-01,159.9245136060698,56.50358374154895
2104-08-04,156.51221483454378,42.082220732556216
2104-08-05,159.48723843095325,57.91401495814767
2104-08-06,154.25899850311689,55.1876767323573
2104-08-07,153.16956944513254,85.90927546183367
2104-08-08,156.95949484665584,110.19399029541582
2104-08-11,155.2251700067242,124.34492392279631
2104-08-12,155.38163763219333,121.59256456576041
2104-08-13,150.63875805833618,91.57290229227608
2104-08-14,148.80446958983413,134.13794030211594
2104-08-15,147.12894673262798,134.21140173343193
2104-08-18,146.2221491405555,143.15188380777718
2104-08-19,144.78816554173073,91.28278266730268
2104-08-20,144.12874668256694,61.95260756277426
2104-08-21,144.04430695346485,76.29875376134508
2104-08-22,140.07052616024097,59.00748905181544
2104-08-25,140.53492777797504,62.269396782889324
2104-08-26,144.36872404405256,61.35964519350037
2104-08-27,143.25279814364737,27.70366130593787
2104-08-28,143.0062947619863,24.18862612443935
2104-08-29,146.377506201542,23.650315610949555
2104-09-01,149.38248369627564,20.472496035179745
2104-09-02,148.75061916314178,22.422689077581733
2104-09-03,148.85288287571123,18.195906532365917
2104-09-04,146.96168674132372,23.906941122058097
2104-09-05,147.81261950721503,34.533325374205106
2104-09-08,149.8361878508703,53.56754590747711
2104-09-09,147.42271260536765,114.67203495775911
2104-09-10,146.54582336241108,201.10897490619737
2104-09-11,144.73776562000296,172.48576992311533
2104-09-12,142.08451323365082,101.47582277312482
2104-09-15,142.43982648943933,106.77254115482434
2104-09-16,142.15187410540773,105.42004401229764
2104-09-17,142.89988846714385,67.26867010690516
2104-09-18,147.1882082188316,46.64222587497771
2104-09-19,148.83852976973415,64.47276654602781
2104-09-22,151.16808526662894,29.012224415306804
2104-09-23,153.45948542103284,34.19390442572303
2104-09-24,157.39333694663208,51.78541477446877
2104-09-25,157.35641909543727,37.37774009912433
2104-09-26,154.64297721600823,21.782305834786037
2104-09-29,156.74223162140055,10.587357997009144
2104-09-30,153.9565651777272,9.56620071356976
2104-10-01,155.3797778960994,9.222275555156083
2104-10-02,153.41706653561684,9.454978243623026
2104-10-03,149.6603842300833,6.610524051359591
2104-10-06,152.53594569203457,5.6786000132019785
2104-10-07,150.58927567590047,8.459967923100574
2104-10-08,151.70874575271765,6.57856256280446
2104-10-09,156.7290072081069,10.420016222628279
2104-10-10,155.76462718183214,7.918394910794095
2104-10-13,155.51410201586305,6.514592297111854
2104-10-14,157.64843169079748,6.623195485875943
2104-10-15,157.2976723334623,5.2757096146004825
2104-10-16,156.8147634982535,6.056458974179267
2104-10-17,158.87299053465551,7.621851400040236
2104-10-20,156.86711280255108,13.751314463567201
2104-10-21,157.74563136262597,12.5211721490754
2104-10-22,160.6494504444852,14.651708732835761
2104-10-23,165.0917217451541,16.194780279575564
2104-10-24,163.42678871590434,14.750699228541967
2104-10-27,165.32165831806995,26.50786557058862
2104-10-28,165.27272341224761,36.174995830806566
2104-10-29,166.0711506793744,42.08659126593449
2104-10-30,166.6430676732022,39.264219291702446
2104-10-31,165.55457073952277,56.09479271908133
2104-11-03,163.26776192883386,67.29356682202348
2104-11-04,161.01713752402213,84.37433186832118
2104-11-05,159.39425810413718,156.85163564798518
2104-11-06,159.710615538772,216.54060987416776
2104-11-07,156.72805914051773,169.3724585108441
2104-11-10,155.8691626250552,125.91355706145426
2104-11-11,158.27196876709087,100.53635701339924
2104-11-12,159.3739301136726,72.54573171026993
2104-11-13,160.44134040403597,72.56436649977235
2104-11-14,158.26545516060887,71.21939046957058
2104-11-17,158.71901434979083,57.637588478222014
2104-11-18,159.96384805760053,54.295275352414286
2104-11-19,164.8949919389572,58.35317048910309
2104-11-20,164.18138592723508,42.689292531974054
2104-11-21,161.34793362471112,51.148005017237374
2104-11-24,159.88711430315834,81.84114370116257
2104-11-25,161.83293698965215,83.57235252750408
2104-11-26,161.60876142071774,85.07311945752811
2104-11-27,161.4383470158208,113.68645316441844
2104-11-28,158.65815544610874,96.0622975140086
2104-12-01,160.1339015457057,116.03318973946996
2104-12-02,162.5665090013746,89.8668703635453
2104-12-03,158.56995296720385,93.3877102347595
2104-12-04,159.73299193172159,73.17102707155232
2104-12-05,163.15463024855154,70.75072160086215
2104-12-08,165.48466265416585,42.74237788025501
2104-12-09,168.69518494856058,33.43544028018898
2104-12-10,171.928014580699,25.960971852884256
2104-12-11,168.74464901842518,20.887621638231618
2104-12-12,173.55426576741866,35.06982459597876
2104-12-15,176.92341339510776,52.93461221256725
2104-12-16,175.18726067295066,40.44605128173717
2104-12-17,174.13828147482306,50.868042725869074
2104-12-18,174.3269233818223,75.76204120308185
2104-12-19,176.25839734305447,92.5147007234367
2104-12-22,172.86952236819283,79.10650943134075
2104-12-23,174.2856871149009,43.830958817391696
2104-12-24,173.29619291327288,42.325149829807685
2104-12-25,169.57665449941337,54.990663023126956
2104-12-26,167.7738267322668,52.92301401875277
2104-12-29,165.684424147426,76.44765635605302
2104-12-30,168.4576686521984,65.05972402321623
2104-12-31,173.4697550678141,55.09086436551709
2105-01-01,177.058135230072,41.404094734853025
2105-01-02,172.46409619074572,42.159824888287176
2105-01-05,171.47798444687808,44.03021790737616
2105-01-06,171.02259684403444,34.595535383192654
2105-01-07,171.6377366849791,45.37111399380603
2105-01-08,173.09533180213336,35.21949832158502
2105-01-09,170.94888335866827,31.220376277584638
2105-01-12,168.50720956195386,36.44766952039955
2105-01-13,164.25702313078082,29.145435990694576
2105-01-14,168.92463463256203,40.06154070184212
2105-01-15,171.0974869025526,42.172490318650866
2105-01-16,175.56557077555567,57.96351852440426
2105-01-19,174.5302793979987,47.46430221291031
2105-01-20,174.16396698064383,26.198899826354424
2105-01-21,178.48424333592922,28.060075595777725
2105-01-22,180.37053300034458,22.224142766006736
2105-01-23,187.58600127098828,20.96560466889852
2105-01-26,185.52880377389107,26.183932456399127
2105-01-27,186.77061242767672,27.851515874043663
2105-01-28,188.27935385639816,26.65384269623958
2105-01-29,189.65271409555268,23.698022621855667
2105-01-30,190.77481317889772,17.996283606733908
2105-02-02,194.61925871211164,14.152182113156602
2105-02-03,195.47894450505365,18.951990739370224
2105-02-04,195.51631668827412,22.793465204787456
2105-02-05,195.67976079085128,42.44315753466188
2105-02-06,194.8297411555511,79.14294151712603
2105-02-09,195.04622194912665,84.97722453219498
2105-02-10,193.78726496927447,53.09123515731801
2105-02-11,195.99985220834424,49.41372625049841
2105-02-12,196.7681102992811,45.49622552820257
2105-02-13,201.44360767684185,54.18491628785562
2105-02-16,204.2160499926605,49.68352520249434
2105-02-17,203.03228725627966,46.51716259165845
2105-02-18,198.06176459692708,38.22595545325331
2105-02-19,203.27627089797335,38.00072637027267
2105-02-20,207.8661283718391,56.71887438339318
2105-02-23,206.7642834695079,43.764179027000395
2105-02-24,205.77475344915803,26.756395084605792
2105-02-25,205.28881446936535,21.40521386312377
2105-02-26,205.65690770679146,24.378847019950946
2105-02-27,210.6100421757017,24.220512338547163
2105-03-02,212.52339695755632,19.15272613933289
2105-03-03,202.84996322868528,34.435691598607285
2105-03-04,204.18204584819938,31.106447110033336
2105-03-05,204.50469097229114,28.16491387427372
2105-03-06,201.71839780870144,28.17193992843347
2105-03-09,205.25205267452196,26.851939335114505
2105-03-10,200.69032438227157,83.60337415344492
2105-03-11,201.7589005908542,53.40459497901577
2105-03-12,199.16449755123566,65.18531337722351
2105-03-13,199.79399180947286,46.482894676113496
2105-03-16,205.31786452045543,36.62961862965388
2105-03-17,206.4753877309804,19.824044874820544
2105-03-18,208.6816059776655,26.368162957238887
2105-03-19,209.1396126633355,24.210125868719437
2105-03-20,211.7171706767079,25.137552490664255
2105-03-23,211.51322641320988,23.819826502367384
2105-03-24,205.92648325716831,20.27526698992629
2105-03-25,208.649685377656,29.66873469888269
2105-03-26,212.94093262493809,36.86363909351487
2105-03-27,215.18530263721345,49.51873483225861
2105-03-30,214.75942261217412,39.280006607392785
2105-03-31,214.86818106764528,41.83347459849183
2105-04-01,214.66427714817357,40.3446766961518
2105-04-02,216.38706021856285,71.00706361766655
2105-04-03,214.46922663165108,50.384055221648374
2105-04-06,219.78170412978915,33.35088271059972
2105-04-07,221.33465548517998,31.173540419152857
2105-04-08,222.80325365048722,34.310970135006755
2105-04-09,228.69689042472916,35.25619818745901
2105-04-10,231.47671155935078,38.930095082987954
2105-04-13,232.5058205708833,38.1582732071103
2105-04-14,233.74516798633348,30.082928047644064
2105-04-15,238.16455434123873,22.781878393664968
2105-04-16,232.50024965970485,32.41420086825209
2105-04-17,229.60108034006214,32.44972345767785
2105-04-20,231.83045999021266,21.029589767087703
2105-04-21,236.1727325775229,25.816337500066407
2105-04-22,234.28614521695675,28.562644812893172
2105-04-23,235.9814654980423,30.049478927196695
2105-04-24,235.43788640057798,22.75734125677651
2105-04-27,235.93286247609103,25.69445115763302
2105-04-28,236.92993895381184,32.242147191261
2105-04-29,232.34826742190032,32.87780351497939
2105-04-30,230.5694572852075,61.1311808481785
2105-05-01,233.2083075626734,83.77648537543918
2105-05-04,232.7014706337927,107.84677496043538
2105-05-05,237.19878344716585,58.747842962240234
2105-05-06,241.48708238994615,107.39716321049578
2105-05-07,234.0248150445098,70.63393537131911
2105-05-08,236.879759190041,83.96894196777578
2105-05-11,231.5957432632853,126.68281433405551
2105-05-12,239.17082587295317,156.49445641108687
2105-05-13,241.93145751220578,160.05005090878782
2105-05-14,241.45842469825587,200.4415559538913
2105-05-15,246.54445650345917,126.05498541534637
2105-05-18,244.93461977247156,87.62398568140502
2105-05-19,248.06601721930028,82.28857343527685
2105-05-20,239.5344676754934,157.6865649185812
2105-05-21,235.50996581001846,156.32618329116985
2105-05-22,239.80298787450653,121.73738444095673
2105-05-25,236.98714528207879,147.93235382357938
2105-05-26,235.5592887251167,113.13341760134493
2105-05-27,231.5336328968204,158.5421187344284
2105-05-28,230.694596432066,185.94477525863587
2105-05-29,231.19004554736915,128.6922764100492
2105-06-01,231.24624257757074,127.86060557329158
2105-06-02,228.448427194515,137.622828293756
2105-06-03,229.89639697788567,109.44867666690132
2105-06-04,234.26216117482875,126.72151909278426
2105-06-05,233.5579751063842,179.37077393145617
2105-06-08,230.36407522028264,147.10342325232182
2105-06-09,231.24778829702575,97.67378469119612
2105-06-10,234.71062158322417,89.59043576873476
2105-06-11,237.42250840772394,115.20106566721587
2105-06-12,235.2156880585727,110.03390113357862
2105-06-15,235.54689812148325,82.4291419931433
2105-06-16,237.58573974461422,61.34207901332601
2105-06-17,234.90800860282988,46.689730759833395
2105-06-18,230.78194491180145,61.49667864264468
2105-06-19,227.4041905318966,35.345990768960355
2105-06-22,225.49075657192304,39.514302832105486
2105-06-23,227.05539787074613,31.647456842557027
2105-06-24,228.74779543011624,24.17900705968178
2105-06-25,226.1194875895363,20.5724021918749
2105-06-26,226.37202221161766,34.48352093843625
2105-06-29,229.72184414726186,32.73089818758734
2105-06-30,226.70099874717943,30.208865943483925
2105-07-01,220.87996949968473,38.469508645320055
2105-07-02,219.73203337069566,27.57766342035696
2105-07-03,216.47890349928872,17.047662472864523
2105-07-06,216.91136216655065,14.249033143463048
2105-07-07,215.41410671005013,21.917294419022426
2105-07-08,214.8288257361161,26.22845958659629
2105-07-09,216.34617327410757,19.771671259401923
2105-07-10,217.1425372625089,28.04558238030167
2105-07-13,215.9332856848324,35.831977116897505
2105-07-14,215.477057628736,85.66811535823182
2105-07-15,218.6597722217654,86.24047133169996
2105-07-16,222.95092465948252,77.67605316408293
2105-07-17,216.8513076894032,83.78440366452182
2105-07-20,223.53075853124778,72.43031212432477
2105-07-21,225.64877715349897,55.81619342272497
2105-07-22,227.43766824955347,35.409903627067784
2105-07-23,226.93233596363262,33.65887743526116
2105-07-24,231.19289545643267,19.87355192081723
2105-07-27,229.3252984446925,25.112450717016298
2105-07-28,227.83944925826646,33.52913718372296
2105-07-29,223.50640843252327,37.7476593938618
2105-07-30,229.32221204516156,48.28410787699906
2105-07-31,232.52116765490993,33.67110015907855
2105-08-03,237.8515791826658,46.243109322538345
2105-08-04,244.67613493208796,83.87756411512058
2105-08-05,242.62862966677227,74.7493261269269
2105-08-06,247.4132317536974,76.61209161688728
2105-08-07,247.03893024042364,81.77550886623878
2105-08-10,247.91011013401047,115.31715303894114
2105-08-11,256.516243209131,127.742882716948
2105-08-12,260.17923978355645,73.17122733506741
2105-08-13,263.010807623413,73.89847983354097
2105-08-14,264.66565738791854,106.94211304199038
2105-08-17,271.20046588054686,124.92567560712708
2105-08-18,275.4925040203242,118.67216114003253
2105-08-19,283.13799190321714,154.5660031402673
2105-08-20,283.36239908293015,129.15132432987414
2105-08-21,278.30068313544,67.19448098410301
2105-08-24,284.02898204947195,148.5938406450975
2105-08-25,283.6863280172961,247.2521967121372
2105-08-26,286.95824349966387,211.52377345649512
2105-08-27,290.58174121642173,329.8918843116474
2105-08-28,293.4080628535987,234.47131720001715
2105-08-31,286.3115293396654,234.55299661616564
2105-09-01,290.81954989203297,213.64315859432008
2105-09-02,286.8423354961584,182.7262331781133
2105-09-03,289.8553367120136,237.96122306002496
2105-09-04,293.52878547211037,112.33896972113311
2105-09-07,299.6641204406792,117.6820839213784
2105-09-08,297.258683813217,110.896587581327
2105-09-09,296.96599343109136,64.42005800717972
2105-09-10,298.1442035208411,55.92692436090176
2105-09-11,297.4159061025621,63.9733161098588
2105-09-14,292.53166424700316,61.377157151274325
2105-09-15,286.18472110088373,50.7011904091561
2105-09-16,287.722188766311,32.131192899189
2105-09-17,286.7927762337863,20.092783760059465
2105-09-18,287.25990102480813,14.904522043826615
2105-09-21,279.16369112557425,18.601556771471234
2105-09-22,278.20117977988616,13.007282290738114
2105-09-23,280.2953159504147,16.405215532774356
2105-09-24,285.2942426710982,26.204398719444917
2105-09-25,286.2574553529923,26.197187778563364
2105-09-28,281.2194937146113,34.084925478223134
2105-09-29,285.3274893210957,48.255805180439204
2105-09-30,291.5961270485502,48.15951476228979
2105-10-01,283.126815809881,61.504397659183724
2105-10-02,277.1246640049297,81.30088893657269
2105-10-05,272.0720993996192,74.5334526076479
2105-10-06,273.68878009191377,58.67391218557638
2105-10-07,270.2460257931752,64.17249644759552
2105-10-08,266.0274692635228,68.27175063935081
2105-10-09,268.64945867670093,100.43946770444035
2105-10-12,270.1906510330908,117.44460698846741
2105-10-13,268.8509356824886,86.55154435735999
2105-10-14,270.41528238308996,108.76349790877457
2105-10-15,265.6584071968456,88.03768456944263
2105-10-16,269.30097120785604,47.292333239997376
2105-10-19,269.5421797525951,46.79372949293335
2105-10-20,265.3443208604313,52.20970536311703
2105-10-21,263.21245023854146,34.7875489458976
2105-10-22,265.93024626883755,30.11038378488846
2105-10-23,259.73169984284095,40.23225492714408
2105-10-26,262.1221850580827,24.756022834912773
2105-10-27,262.18881393122837,38.89928732510183
2105-10-28,255.6502037714856,53.437179416739596
2105-10-29,254.86457253959108,59.02486731401637
2105-10-30,256.0309965672413,43.90196858505339
2105-11-02,257.2180108424788,47.67323783226285
2105-11-03,263.37116030561424,32.18743203189489
2105-11-04,264.210508370322,55.01891338663255
2105-11-05,262.9836963968901,34.454303678822
2105-11-06,265.08261586980024,25.94541608705122
2105-11-09,260.9061788257104,23.861512349627006
2105-11-10,253.07342136252925,36.43624925985707
2105-11-11,255.3843644600112,37.580490105854935
2105-11-12,255.6352314182665,44.9151112132053
2105-11-13,258.1320987051642,29.61682533727112
2105-11-16,258.41470540878925,38.67663054970508
2105-11-17,264.39197919028004,42.83079173559042
2105-11-18,260.21875688070566,36.02509606062759
2105-11-19,253.21764881016114,41.39870655516359
2105-11-20,253.48474928872562,35.338175758833906
2105-11-23,252.1613197327532,39.177917545249365
2105-11-24,253.39815761441213,52.98778531407131
2105-11-25,250.99367721972206,28.73615358037923
2105-11-26,249.47106643158864,25.65102119835783
2105-11-27,246.75495214322788,43.51652818043499
2105-11-30,251.30731178335392,33.10944148259369
2105-12-01,248.6615896418951,32.95874480752317
2105-12-02,245.15478305944967,24.7950359886611
2105-12-03,242.60263519761304,23.524870349736474
2105-12-04,248.09158731597773,21.72301928289893
2105-12-07,246.00592214655597,18.539492456615847
2105-12-08,245.34173524449452,27.1621267704907
2105-12-09,241.29844037042335,26.48110370785726
2105-12-10,234.1727007866473,45.52102629403206
2105-12-11,235.8486096613559,26.2485142468339
2105-12-14,241.07783729489327,37.205295094229605
2105-12-15,249.85925151765898,40.76872277397074
2105-12-16,250.9619490899949,31.286042328916658
2105-12-17,254.11060734150115,43.824770334563325
2105-12-18,258.5298968107426,50.31950888835799
2105-12-21,265.0396059265587,66.3449810519011
2105-12-22,263.2573746152485,70.69875312447466
2105-12-23,263.4757494117379,63.31561257377392
2105-12-24,263.76835491462083,41.73708894381008
2105-12-25,258.7009326622764,38.97275400594146
2105-12-28,253.50907774335468,81.35055641871375
2105-12-29,258.41807414519633,54.63101504977548
2105-12-30,261.6925128202348,44.84137125414792
2105-12-31,263.3648369307756,73.64458590985097
2106-01-01,260.53990590161,51.57197620077995
2106-01-04,265.6153381622292,52.85895781543198
2106-01-05,264.73254995016003,65.50790179558973
2106-01-06,267.1565586906431,82.75164645530322
2106-01-07,266.52709756797395,67.9140076739654
2106-01-08,267.8176114747202,69.22704138536974
2106-01-11,269.7872178150796,69.15706307384384
2106-01-12,268.64451953905575,74.04914984344634
2106-01-13,260.49253075838016,83.70657132319064
2106-01-14,264.7494392887673,77.69214186258623
2106-01-15,262.32324789123146,103.20725486766354
2106-01-18,256.1760563893082,114.73721282778256
2106-01-19,252.98282866624555,146.35682229890503
2106-01-20,253.43449411638156,83.3674542550736
2106-01-21,258.51753189654676,104.35833347253636
2106-01-22,256.3684333268638,71.33286949996958
2106-01-25,253.02826313099845,61.428457840061476
2106-01-26,253.3318738287781,49.686043871731314
2106-01-27,252.25537576094587,62.83179321594035
2106-01-28,254.41490544052382,36.31609105017608
2106-01-29,253.92616009602534,37.52212235818866
2106-02-01,252.06349308505003,32.67261248153276
2106-02-02,249.250952467779,36.41189140977564
2106-02-03,250.83217844969343,45.59713794590267
2106-02-04,254.10467079307753,43.87778678363735
2106-02-05,260.36063314355124,48.072975265315165
2106-02-08,261.17221114465804,43.30957043858485
2106-02-09,264.18536713133216,31.185976958597333
2106-02-10,254.56456529480155,29.403497592506962
2106-02-11,260.3671814155725,19.742111102489012
2106-02-12,254.50864080068283,24.957404907431435
2106-02-15,254.27453570152142,40.10416468433953
2106-02-16,255.3917832798997,31.793023353197903
2106-02-17,257.1809770617757,28.816934382323343
2106-02-18,261.3212857130584,27.437429844125575
2106-02-19,258.973411707447,47.20050937551228
2106-02-22,256.2106246279889,38.14714100250831
2106-02-23,265.2963349162989,36.70727497774341
2106-02-24,259.8330355817412,34.54346206731165
2106-02-25,261.3436127475875,42.47034801424676
2106-02-26,263.2814819815572,45.72100930419726
2106-03-01,266.5067795668435,27.356077722691882
2106-03-02,269.0661048521071,37.1068848133243
2106-03-03,274.9814180399568,32.961013678343114
2106-03-04,281.5869443622802,40.944255516342004
2106-03-05,283.18358005422266,50.19901628025522
2106-03-08,272.66515153581616,68.06179399019027
2106-03-09,272.86691650565655,66.28712193594606
2106-03-10,275.0585809461047,71.11602606682192
2106-03-11,267.8723516193361,110.93564401973943
2106-03-12,259.6939293960844,99.11191511413814
2106-03-15,258.3369650330256,98.15934417391911
2106-03-16,255.3985435443294,71.44725825348435
2106-03-17,258.92007283934385,71.69712721929405
2106-03-18,261.6848567833863,75.2940982967926
2106-03-19,259.1003403731656,72.83713624616709
2106-03-22,259.376659136401,38.8458577690929
2106-03-23,259.1984991118183,40.78553113107837
2106-03-24,258.01151340778483,54.66093255491485
2106-03-25,260.14550665537524,67.66595857966477
2106-03-26,264.8832536781317,70.2201523671213
2106-03-29,270.2996751445638,70.10852215046415
2106-03-30,274.6142219123147,72.02982363873087
2106-03-31,268.54033664233737,38.6953861742793
2106-04-01,269.7195281744061,45.78751116759109
2106-04-02,277.7598908338949,67.11678272050479
2106-04-05,273.9762153334895,69.29642467301447
2106-04-06,274.1519257077645,89.40590491094885
2106-04-07,268.0372552151208,55.62100968210508
2106-04-08,265.3049138437669,39.77917374736794
2106-04-09,266.3192658118676,38.22424691897557
2106-04-12,266.8014546037106,24.798876382668436
2106-04-13,269.9118269336929,14.45374090813712
2106-04-14,269.5652637717941,31.158147953793705
2106-04-15,273.26417161560073,76.4518863818111
2106-04-16,273.39107935730107,90.42448521221809
2106-04-19,274.0811123219963,96.45262499037098
2106-04-20,274.68808611636007,91.53234594954831
2106-04-21,274.9118410340492,138.6906937449711
2106-04-22,270.85921068566887,136.56002261500853
2106-04-23,272.0902872781519,105.01399593750739
2106-04-26,271.066020518704,85.8743257482584
2106-04-27,270.9689062798876,76.99565490831434
2106-04-28,276.9265032142477,84.64947799472817
2106-04-29,282.308380876083,75.89542449764181
2106-04-30,278.27378758343076,70.39847927052689
2106-05-03,280.2539641694071,59.780502025297665
2106-05-04,280.6211187908265,69.32363157977518
2106-05-05,275.2177840079625,98.7153411061589
2106-05-06,269.1970990291563,60.31440120148505
2106-05-07,276.95099194977035,46.30064180791029
2106-05-10,278.5465902892351,91.0338963462689
2106-05-11,284.9136514388826,87.29807359179911
2106-05-12,286.3317612664488,103.39357710610706
2106-05-13,295.40371273258484,56.074912217628466
2106-05-14,305.5982204590659,64.72912567922744
2106-05-17,304.9847307013177,61.58320902529103
2106-05-18,307.0416159729189,83.53759380012283
2106-05-19,309.5558825165371,93.02130000201093
2106-05-20,314.0213592493092,71.73780878060195
2106-05-21,316.9498733781269,51.875677694234376
2106-05-24,313.9945504331676,62.30329689008169
2106-05-25,311.8502937025155,95.92807217432049
2106-05-26,323.48657200294446,61.7596064239836
2106-05-27,327.08281892887305,34.41091998775311
2106-05-28,331.0384307655686,43.18905001443418
2106-05-31,328.95149430131664,61.801969108453875
2106-06-01,346.88603519598183,87.39895583850924
2106-06-02,345.05885622382283,113.76165654081767
2106-06-03,340.4190272248837,73.97622520240742
2106-06-04,344.3196886793331,67.04362251174634
2106-06-07,340.2674836510597,105.40554980560843
2106-06-08,327.5438369756234,75.8228435567951
2106-06-09,323.465833976966,63.5505594093803
2106-06-10,339.90808288939843,71.71315273984943
2106-06-11,339.23577032152497,61.467579227079824
2106-06-14,335.9317320982095,56.55670918704388
2106-06-15,340.50059838892514,41.81943898626302
2106-06-16,339.40577237711994,54.71632294068685
2106-06-17,337.0324755605431,70.44664281797422
2106-06-18,337.11792305977326,75.57966623478971
2106-06-21,349.28662237870867,111.37572098702663
2106-06-22,346.5752991786649,181.33024140225078
2106-06-23,346.7620443865686,184.22364907460582
2106-06-24,352.1341614039513,178.22079153155593
2106-06-25,355.37026547963904,193.8573165651783
2106-06-28,357.4687499606567,162.80930620745085
2106-06-29,356.20872487756765,122.01031562135216
2106-06-30,356.52021842006616,171.15579241200317
2106-07-01,359.0266455981752,137.15599752491377
2106-07-02,361.9603786238722,81.13581348174162
2106-07-05,362.0341947249963,77.26303167517653
2106-07-06,365.5748092443782,107.24714002469587
2106-07-07,373.778502582724,115.37482842442743
2106-07-08,368.8656103576277,176.09407140521446
2106-07-09,362.8650626199265,113.97656633070143
2106-07-12,373.0287917141198,166.6644872317207
2106-07-13,367.57462474121473,82.46080325594002
2106-07-14,364.29161499061007,86.56973346599739
2106-07-15,361.1354616593673,62.06650984180211
2106-07-16,362.0871837065499,42.06651122452363
2106-07-19,370.6101506225136,28.078008063741333
2106-07-20,371.86518709476894,33.618140237749984
2106-07-21,380.988958006318,36.37025057912473
2106-07-22,386.70874509411647,60.00303814380751
2106-07-23,380.3629140046423,106.50832099362962
2106-07-26,374.31394788497926,57.45060997529389
2106-07-27,369.3855335977242,42.89686138213978
2106-07-28,369.51713342778413,34.79335416515394
2106-07-29,369.9040572779239,21.821950459304038
2106-07-30,368.1707850523757,13.163645924516985
2106-08-02,367.33177184615835,16.44044483788112
2106-08-03,372.21744468663286,13.618833434617667
2106-08-04,378.43681085084137,18.43804526131218
2106-08-05,380.3436815012079,21.961709311942244
2106-08-06,379.29275253125974,26.032631541615157
2106-08-09,389.70807940610285,22.00964408521133
2106-08-10,388.1951385149049,21.12349111963714
2106-08-11,393.1510899236719,13.437632129738077
2106-08-12,392.27344830774376,18.14243346943171
2106-08-13,392.4926633020056,29.1356645460793
2106-08-16,389.28898326724305,17.70139163626777
2106-08-17,379.14402859300503,13.826153519517613
2106-08-18,385.5796354359473,8.733842609262437
2106-08-19,383.48866440884245,7.968537105539274
2106-08-20,383.7385597964597,10.3238755314958
2106-08-23,391.24960459814855,13.453740109429392
2106-08-24,386.4215953385527,13.394665414091545
2106-08-25,383.45344160076803,16.87907359279018
2106-08-26,381.59300260701104,13.627272554784673
2106-08-27,377.78082667141547,19.19513321092381
2106-08-30,384.5141235864066,23.29505986521832
2106-08-31,383.0551671770611,13.730425626498187
2106-09-01,382.5663615173138,19.179719811446507
2106-09-02,379.6228417377135,19.852704192304017
2106-09-03,373.9186120410781,20.574054750055275
2106-09-06,377.6581119045221,35.84288190724001
2106-09-07,380.40304090322087,37.332086113241964
2106-09-08,371.81660390616787,25.30794613922769
2106-09-09,368.9173079514115,41.76439496324935
2106-09-10,373.9302311260017,47.28013306439313
2106-09-13,371.2929821379372,62.31042866118949
2106-09-14,377.55581833516635,95.69005703712799
2106-09-15,388.1278259987154,48.545800349759766
2106-09-16,384.03961505373246,44.196635016087725
2106-09-17,396.57123236075427,53.911729369020456
2106-09-20,395.80493571489166,51.56516003509522
2106-09-21,402.85434715398,83.09539566944473
2106-09-22,409.597941816206,65.3643299432352
2106-09-23,408.1974412672428,49.825274243352
2106-09-24,406.0856683206754,68.85968036705852
2106-09-27,411.89431800795904,133.1431502294219
2106-09-28,423.939063205172,115.2383532708822
2106-09-29,423.89099228506416,79.82230902070934
2106-09-30,423.8865887617165,85.89910984148182
2106-10-01,424.57479686821625,58.53297735036621
2106-10-04,422.0631618872671,74.29654879778897
2106-10-05,420.3230108582445,61.13739582802441
2106-10-06,410.5855532991546,113.2123563045876
2106-10-07,414.0400815996911,106.87085285120426
2106-10-08,417.21200132548654,175.25881774815682
2106-10-11,421.8804164425677,207.56595937209752
2106-10-12,420.4670872166995,164.66807450709882
2106-10-13,412.3445900991128,116.81270831804699
2106-10-14,415.1954671143474,112.3427330020116
2106-10-15,420.41987082211097,69.32437741174185
2106-10-18,417.27655290128183,137.82352591278377
2106-10-19,418.82442327296656,99.03197978868072
2106-10-20,419.36180287576195,98.11147385046243
2106-10-21,427.9341635256324,48.022479540438574
2106-10-22,417.87580192589263,59.08798008212028
2106-10-25,420.18589876824234,57.92765129048769
2106-10-26,416.3945381432284,61.87689681031495
2106-10-27,408.73742664892796,48.50159873366131
2106-10-28,408.75559388620155,45.360418509310314
2106-10-29,419.5056503892588,46.573765008770096
2106-11-01,426.802881627388,52.96856904436049
2106-11-02,432.4094741387706,66.56142132887923
2106-11-03,434.7906340588456,52.21172521265781
2106-11-04,435.32396465946897,42.481205713184835
2106-11-05,440.27685387903733,51.79764025932111
2106-11-08,435.42839867065834,42.004950953752264
2106-11-09,446.4379675836289,38.45487464971604
2106-11-10,442.0690356500981,36.2032327680611
2106-11-11,447.5172944134682,39.55546030546546
2106-11-12,452.73495554844004,55.008048293223624
2106-11-15,457.53778329886956,50.07130783524864
2106-11-16,453.8424392833839,42.01035052650579
2106-11-17,445.3346061220852,43.56699722961066
2106-11-18,460.87461244294525,62.173907815867324
2106-11-19,471.8374824477366,84.56103008602537
2106-11-22,476.2282076749182,95.39294366645808
2106-11-23,482.30574211495406,56.323533363252984
2106-11-24,484.1605984721662,85.17378291726135
2106-11-25,473.7894226985662,75.85019240232975
2106-11-26,470.0149037287577,88.41688482600436
2106-11-29,482.45905725014177,88.44615874683164
2106-11-30,486.3966144347309,71.93629244248959
2106-12-01,495.4612151142345,70.86968649151356
2106-12-02,501.213701182771,113.38191470660298
2106-12-03,497.97692735139395,70.1688766920972
2106-12-06,498.3267627208544,89.4608116042266
2106-12-07,499.30163451714157,109.47573342006247
2106-12-08,506.69410322846323,122.61477377652369
2106-12-09,509.28476490688894,141.06797457900635
2106-12-10,515.893142695887,129.79201336976868
2106-12-13,523.1438139242538,83.27443652098322
2106-12-14,531.42848199913,90.44084243014152
2106-12-15,541.2617659652195,122.02990822063533
2106-12-16,544.7959284287201,102.86554215905889
2106-12-17,553.3239222048305,63.082821448019835
2106-12-20,556.4428913272194,53.5110756809461
2106-12-21,548.7713532739696,56.591416810404226
2106-12-22,547.4554085240559,60.5792237570783
2106-12-23,540.2185026621847,66.88783757399142
2106-12-24,539.4134845833506,38.61679767302274
2106-12-27,550.1273490049457,90.91386441203215
2106-12-28,553.505999152586,83.82833880204642
2106-12-29,559.1313801534469,62.919122013973684
2106-12-30,562.8813145367365,112.44305320713117
2106-12-31,571.4204812449955,138.28163236887232
2107-01-03,579.4082351605994,185.30260027977903
2107-01-04,572.9786589277157,95.58572614302928
2107-01-05,570.6256696742299,145.64220617919617
2107-01-06,559.2290190323968,91.0741463013021
2107-01-07,551.6673975418038,88.176333500338
2107-01-10,545.1048003241541,130.8515999270911
2107-01-11,566.369836853305,107.69838980181454
2107-01-12,573.6192885824257,178.98143110042815
2107-01-13,575.6162092465779,174.03636123218124
2107-01-14,574.0894534850075,84.76040409495995
2107-01-17,570.8498824783233,66.2177500036414
2107-01-18,574.3809247696967,101.82728333541735
2107-01-19,575.2782501257237,96.20747348257139
2107-01-20,578.1076700100007,177.3985814995735
2107-01-21,583.5369509287129,169.2317542759885
2107-01-24,578.427562762777,153.95132634195937
2107-01-25,583.116432228857,94.77181813723664
2107-01-26,574.1844229014918,87.88345225341644
2107-01-27,571.1517352009345,104.6612639175259
2107-01-28,578.6745400467923,156.74371347510777
2107-01-31,586.1775189047704,195.5278991785147
2107-02-01,584.2463522984275,191.21872467783672
2107-02-02,583.3265605952894,152.10422503971057
2107-02-03,564.3473330776679,84.38372492120429
2107-02-04,574.0555653243085,107.72079001556767
2107-02-07,584.1130898012666,168.29390069895078
2107-02-08,570.6645976203205,132.67853073387127
2107-02-09,560.9203461038,151.89375189723697
2107-02-10,567.5377081441934,101.49130872956877
2107-02-11,565.4871845861321,80.90736544405803
2107-02-14,570.4058200935601,83.55531336937607
2107-02-15,563.1465975872899,88.4081935426716
2107-02-16,569.0587137009969,73.6686725418693
2107-02-17,573.1658832165192,62.04710148725196
2107-02-18,569.4401167185991,49.98541282831615
2107-02-21,571.7099841403721,37.221308885215194
2107-02-22,569.3937110758125,36.95915396452161
2107-02-23,574.062506579842,37.02070380241639
2107-02-24,568.8430008568912,79.35711541546796
2107-02-25,571.8301407065263,132.6708261185337
2107-02-28,559.5462543981037,83.25218173926817
2107-03-01,560.4307382820703,64.39457100087795
2107-03-02,550.2011050927731,43.33282282635391
2107-03-03,531.2942726655295,45.52423669933945
2107-03-04,531.1033466679913,54.61390321960592
2107-03-07,526.9565641307762,39.59807862713974
2107-03-08,535.3387069262125,34.67676882725136
2107-03-09,529.6322291446205,34.507407919732955
2107-03-10,515.6281451729296,61.27468302191
2107-03-11,520.3519651872845,91.92051397614806
2107-03-14,521.7440080866952,113.67741594180261
2107-03-15,518.1177236287938,83.4285484976165
2107-03-16,531.5292249740589,83.91412337194194
2107-03-17,545.3640576858933,143.26670343192743
2107-03-18,552.0687754625255,106.89322281926583
2107-03-21,550.4999963962048,108.17142531640515
2107-03-22,544.6842363642285,86.23053046106811
2107-03-23,548.5786899382094,106.7788989590427
2107-03-24,546.5991558372697,94.03292839756674
2107-03-25,541.7752576297537,99.86619922098902
2107-03-28,531.6711243642214,81.06443969284702
2107-03-29,523.9747120098158,70.48129014558445
2107-03-30,545.1208242338737,71.38315938725438
2107-03-31,546.7566251120896,94.92556888471344
2107-04-01,532.947265788566,61.7500628609486
2107-04-04,543.9073230943347,70.16638387916994
2107-04-05,534.904249289589,97.01229046661571
2107-04-06,542.7190732065997,131.10576201442197
2107-04-07,539.3698121141567,127.30485375872188
2107-04-08,545.5975799590478,207.8877621575764
2107-04-11,559.7797183199968,170.86062212895615
2107-04-12,552.5651338088383,110.83562964609432
2107-04-13,556.2478150945724,112.9816937821666
2107-04-14,551.4157101144906,253.4711476030661
2107-04-15,568.5613060501017,266.4684419984714
2107-04-18,563.5160464594007,193.27560365302335
2107-04-19,550.7018601835514,193.6308502406408
2107-04-20,558.9906197351947,151.6586110770482
2107-04-21,580.7351695784829,300.1687866469261
2107-04-22,569.951098739081,314.65739657911143
2107-04-25,557.8679122972223,220.8954360423777
2107-04-26,552.6616257147792,110.91772911577048
2107-04-27,559.7630598813859,86.52317695359638
2107-04-28,556.2701270063062,142.5590175231495
2107-04-29,570.7283160456345,79.79510647041278
2107-05-02,589.4402486495757,119.5507207836005
2107-05-03,575.4756597504868,136.04578130366403
2107-05-04,575.9324587378737,134.3610182716452
2107-05-05,581.5395041895043,65.09633016190244
2107-05-06,588.7629048910878,64.17235512926953
2107-05-09,598.6880651387422,80.4481670745647
2107-05-10,615.5547132356012,68.60581227450916
2107-05-11,596.8918954536745,68.36956281923472
2107-05-12,590.3594758367943,86.98409828403709
2107-05-13,593.9401507851555,58.59467383772727
2107-05-16,576.1889648215143,119.58778139948029
2107-05-17,578.9365746329022,113.8319480873621
2107-05-18,589.3919302579709,133.60561249271015
2107-05-19,583.253037122061,122.3169865031417
2107-05-20,587.7685408430458,177.35445543907613
2107-05-23,585.4075267370957,168.31997339153767
2107-05-24,576.1232468149278,159.6452283543607
2107-05-25,576.8121652108956,151.34056679107957
2107-05-26,570.9131458692497,97.65106081163437
2107-05-27,589.1372237258005,134.38924689172956
2107-05-30,596.9435307881477,161.90381535094218
2107-05-31,594.6235997537724,129.56331180414864
2107-06-01,600.2663587016661,101.06231646782724
2107-06-02,604.5113354058474,100.89107685047027
2107-06-03,620.4741148173556,228.93564494780725
2107-06-06,644.4999531479896,197.97181123215964
2107-06-07,626.99379796393,70.83813912852443
2107-06-08,624.9798668891631,70.7151643992481
2107-06-09,622.136481983759,57.557983209370285
2107-06-10,616.9246482150911,54.91762832902955
2107-06-13,619.4513290936615,61.94614047797192
2107-06-14,618.9722394028213,42.1940314969499
2107-06-15,603.0241476417435,60.46328661250232
2107-06-16,594.862528249514,35.217773061431124
2107-06-17,579.9572462557621,41.45335516844573
2107-06-20,558.4695675816638,57.517264137806926
2107-06-21,557.3368875515446,86.05408524280269
2107-06-22,552.1235179553742,86.88532759070692
2107-06-23,560.5126293571957,54.23012765453604
2107-06-24,553.8209621463241,79.15664926477554
2107-06-27,563.992935966116,49.900192454670375
2107-06-28,566.3612689675977,76.58338340452403
2107-06-29,552.3349230023157,73.11070060664645
2107-06-30,559.9280082955328,92.2010266582053
2107-07-01,560.5870579933274,74.61863405207151
2107-07-04,555.1134318414679,91.62440593984705
2107-07-05,550.4819206007527,96.47041788198575
2107-07-06,554.8062275930916,113.98384153077096
2107-07-07,552.7867192985531,66.71513690687078
2107-07-08,545.5957725150943,72.71027505061647
2107-07-11,555.3310111256401,52.156853027964
2107-07-12,551.1231910055919,43.17825762756168
2107-07-13,540.2103640188491,45.39990096744808
2107-07-14,549.3466631496344,42.541674401545954
2107-07-15,557.0367812577566,84.60168536100103
2107-07-18,556.5691565092759,139.40096956496376
2107-07-19,555.5646504771122,100.84121027783871
2107-07-20,533.7602257091495,240.49196997171344
2107-07-21,532.7861548318606,317.4762173602096
2107-07-22,525.0925220942119,252.56261809930874
2107-07-25,524.5883371607589,113.91293810025223
2107-07-26,516.2409693823031,128.95144052867371
2107-07-27,526.0166885411955,128.02086390756736
2107-07-28,528.8086025876984,91.07914358804821
2107-07-29,513.3676147637553,78.83298357977367
2107-08-01,523.7625035129396,93.42833686024355
2107-08-02,530.7056017392753,80.11302057355753
2107-08-03,532.6709048319208,84.4770267099688
2107-08-04,532.6836154976135,102.47797775529955
2107-08-05,529.5069936326943,107.16121907969347
2107-08-08,535.9412161243562,158.43501730156217
2107-08-09,534.3243594839568,191.21519242031124
2107-08-10,534.696423230178,399.4145232317641
2107-08-11,526.9086591927636,209.41327046912767
2107-08-12,525.7212980840723,191.69031670159362
2107-08-15,527.5538975780468,138.8717552723359
2107-08-16,522.3436187488247,192.37843393766968
2107-08-17,524.5368444898133,301.93684220534413
2107-08-18,513.2826320716847,263.9321607435903
2107-08-19,515.2813316738839,208.62893870595445
2107-08-22,510.001229799084,265.961442929253
2107-08-23,513.7625032620057,273.11216538511883
2107-08-24,499.1873323142989,234.8116074050572
2107-08-25,500.4145122127141,303.8000036451576
2107-08-26,498.055256495576,256.6799114465621
2107-08-29,495.82341834417844,412.79733631694234
2107-08-30,490.66298228020185,417.151477143318
2107-08-31,483.8144436644933,261.1136853641306
2107-09-01,482.5263143200569,314.88377399319955
2107-09-02,481.1285883977805,252.642301984287
2107-09-05,480.900005042225,363.992148252646
2107-09-06,480.28642325090505,409.08420081109756
2107-09-07,488.2123106296193,300.3839361847519
2107-09-08,492.2050920385025,416.6765212182424
2107-09-09,486.1515235401779,283.6179921098897
2107-09-12,499.16876995258986,299.0692075158578
2107-09-13,510.0529380483448,315.39180039620584
2107-09-14,522.1743062539456,302.07199840161394
2107-09-15,526.3231259295449,197.71459408004262
2107-09-16,518.178712689385,190.39415225327048
2107-09-19,527.3321248372845,147.66763005933413
2107-09-20,519.6168205046607,158.5366635712038
2107-09-21,518.1703572495855,109.98735130400094
2107-09-22,508.58740966197405,120.10978964823434
2107-09-23,509.14406954641595,93.96713672966482
2107-09-26,512.2920993659546,129.86227331103873
2107-09-27,522.3058350643068,83.94420958596027
2107-09-28,511.4683489722984,88.2421385922912
2107-09-29,513.5279475332236,105.40074664936509
2107-09-30,502.66657578942943,100.36149653904367
2107-10-03,499.1834902597832,85.92090336214557
2107-10-04,511.432090120978,70.8916099886286
2107-10-05,512.9324006508758,100.44049564240785
2107-10-06,510.38623669370475,80.07135554616639
2107-10-07,511.9406839003801,80.07643041560111
2107-10-10,496.3946077202817,60.396982193694754
2107-10-11,500.2979731843089,71.97856069115741
2107-10-12,502.1158608866741,64.46128489898263
2107-10-13,491.1797079192456,62.009401307490755
2107-10-14,488.9956608737914,57.92130241066827
2107-10-17,492.11751657568027,102.19298120001321
2107-10-18,489.3869021980211,110.0572571555014
2107-10-19,501.6068125973956,184.70099627193127
2107-10-20,501.4864804390399,228.66921589606943
2107-10-21,495.9387233854681,197.97796090161034
2107-10-24,501.7564276026762,153.65125837712299
2107-10-25,491.5559673805974,121.8948971129705
2107-10-26,478.40193268158447,138.12552354791777
2107-10-27,479.71118235200555,126.39779858384946
2107-10-28,488.3780325374153,112.24395225461633
2107-10-31,480.75481498840657,121.46883716455869
2107-11-01,483.2318060095622,125.18819230600994
2107-11-02,480.49321254072606,192.69180939476982
2107-11-03,479.41207732492916,220.54850010133129
2107-11-04,479.72581391799133,132.10723488239518
2107-11-07,490.5509699990312,156.8098684294029
2107-11-08,482.94543727044027,204.9296166088693
2107-11-09,488.63739030804976,142.577604412858
2107-11-10,489.78966922282245,222.18058313737808
2107-11-11,484.7339004773146,136.6693694096523
2107-11-14,484.6827324554202,84.51736907480309
2107-11-15,497.68326819659075,90.05798523701652
2107-11-16,505.8617329678958,69.43667806337672
2107-11-17,513.2813121362917,68.97072565710437
2107-11-18,504.7312745122073,90.05078791940149
2107-11-21,493.43296762444237,88.00244032726818
2107-11-22,500.3298563739557,74.36442134379755
2107-11-23,505.3508322898601,72.29717032768608
2107-11-24,495.8826555602357,70.72648807608184
2107-11-25,503.6614162220171,70.56955040573537
2107-11-28,499.7626970059866,77.86406951652219
2107-11-29,500.23570257661487,53.92232412740419
2107-11-30,516.6058987465611,45.91129822892481
2107-12-01,507.9482323964565,84.96524111008164
2107-12-02,525.9234644777094,76.10728570341554
2107-12-05,524.931630114989,93.44353097009692
2107-12-06,528.8475418998369,168.66697805093497
2107-12-07,528.4261048143474,113.81410048538365
2107-12-08,518.6592430113113,55.056193263488304
2107-12-09,524.4547034138956,99.93254107816531
2107-12-12,526.953997489078,84.90018933995887
2107-12-13,523.2567180229748,62.24932357304471
2107-12-14,515.3957759660481,84.75778123524445
2107-12-15,514.3787490449231,126.94807951009606
2107-12-16,504.5711875279725,96.7090350817047
2107-12-19,500.60268222790995,72.79399162756503
2107-12-20,492.6301941285294,91.26950861852654
2107-12-21,509.8581320812883,49.834457246613475
2107-12-22,511.04314896019764,45.86213975145243
2107-12-23,508.85584857542307,80.50349743980571
2107-12-26,504.233066681816,73.70066961556319
2107-12-27,505.666784233481,116.83459150762184
2107-12-28,509.8802334887452,157.17528698475465
2107-12-29,517.7329136781808,181.52873078565813
2107-12-30,513.2928861451406,131.18741914037068
2108-01-02,510.8624053541174,190.1054711203506
2108-01-03,507.40842586430625,181.553866065114
2108-01-04,504.41310836036644,84.76126461779567
2108-01-05,515.8068679225082,74.33948015997329
2108-01-06,515.8396200795478,56.353143169281424
2108-01-09,532.1740903961795,59.0551786482185
2108-01-10,530.7266926946359,45.283284980622554
2108-01-11,531.0197209455608,38.8509460217602
2108-01-12,537.6684517972498,36.01147911329774
2108-01-13,514.3121073862194,42.95841493740384
2108-01-16,517.7814435630542,54.536744391182445
2108-01-17,529.0265247007997,66.73742582150098
2108-01-18,518.4321236975666,76.63702906082875
2108-01-19,506.1069811270045,58.15472726919463
2108-01-20,523.6429510037532,47.68991463382378
2108-01-23,529.5472190130129,65.28397295783624
2108-01-24,517.6296925964529,122.6718992975185
2108-01-25,511.19955646382306,109.0725063588764
2108-01-26,513.8299538599902,110.48283756651684
2108-01-27,513.1875399929106,100.90254965207602
2108-01-30,514.4536340474625,117.59006910446045
2108-01-31,501.54909455485495,80.04891600780175
2108-02-01,513.4583026226452,42.988688561826216
2108-02-02,523.638942550363,52.144388205786846
2108-02-03,527.0521107359067,68.28001692103592
2108-02-06,525.3004000719847,67.47826140818553
2108-02-07,524.5439800910365,93.65103300036431
2108-02-08,523.9406825155747,156.52530314309104
2108-02-09,508.94914721040664,96.82319944067737
2108-02-10,509.4026599221887,90.0904679572761
2108-02-13,505.9097402560423,72.26467374635443
2108-02-14,505.00626935559563,60.00221077405684
2108-02-15,498.2014943233007,82.24184741490036
2108-02-16,507.59882671064594,84.43149015118989
2108-02-17,512.2345317075213,57.411734846658184
2108-02-20,522.225592302078,62.94112028100014
2108-02-21,518.2942763482936,100.22991806769357
2108-02-22,504.9669435365197,131.83106821257977
2108-02-23,507.1773719307765,189.50484105233113
2108-02-24,512.0277383242326,160.52743563647078
2108-02-27,516.1144457027846,97.94685765802221
2108-02-28,519.7567697364577,107.02789464457393
2108-02-29,504.3594350376429,73.99680833646678
2108-03-01,494.567307965868,62.2115391397612
2108-03-02,488.029173643861,53.02851134637337
2108-03-05,498.63596721731074,97.93781802939179
2108-03-06,506.6653464191606,147.22892662147132
2108-03-07,505.66458411685505,122.85825173202271
2108-03-08,496.77989154568195,113.23478174408659
2108-03-09,492.63040599435413,86.55243700310389
2108-03-12,481.8065133892771,63.90944444170522
2108-03-13,481.16462165807485,48.70656927504835
2108-03-14,478.4473486764702,37.16262402714561
2108-03-15,482.18163579050156,44.51694245062119
2108-03-16,481.8071486098203,30.097063520684888
2108-03-19,487.8953164776445,35.16643861382934
2108-03-20,480.3848677552123,54.18137754925557
2108-03-21,476.72578360768506,59.13700311710861
2108-03-22,477.96979680013703,49.03733354527637
2108-03-23,480.25911749640755,59.03161473088828
2108-03-26,471.0925466843562,59.87735144943788
2108-03-27,466.99236158393916,35.54476115398011
2108-03-28,462.4396266201038,32.9733410078171
2108-03-29,461.5820126583942,31.852012011377774
2108-03-30,459.4018128466675,39.42822716969461
2108-04-02,464.7714432322598,32.39333321136422
2108-04-03,458.11657815300146,20.613613971883908
2108-04-04,456.26215702695674,20.27419880167127
2108-04-05,459.99157428393875,24.6281786926494
2108-04-06,474.0224673797947,29.224729575214713
2108-04-09,483.1671004505109,30.486569397856563
2108-04-10,485.004357989521,50.91323108434934
2108-04-11,487.3611818189261,74.10714259087686
2108-04-12,473.18236687976184,71.35053083246814
2108-04-13,486.00916029903067,64.61886421623153
2108-04-16,483.94875544511507,38.87549688933098
2108-04-17,481.0977836030546,30.968101618851957
2108-04-18,486.32255903443394,26.913083625161416
2108-04-19,482.5349667494717,40.79914935937202
2108-04-20,491.4089221856986,50.16842590322973
2108-04-23,501.1557389789598,40.20686765561977
2108-04-24,498.03554314375515,38.172205298640854
2108-04-25,501.7884565528513,21.307456004447307
2108-04-26,499.8016327001325,23.116471708437015
2108-04-27,493.2458779919667,28.8832079130561
2108-04-30,493.83683669219374,41.49604790568035
2108-05-01,491.08618968682623,54.73991116064049
2108-05-02,495.1074363376328,69.57169391431007
2108-05-03,501.0916181957011,90.03296241316588
2108-05-04,496.95723527180974,58.736840750441594
2108-05-07,495.09576396654757,38.02108408942922
2108-05-08,497.13700358665386,64.34718684110774
2108-05-09,488.87065939284173,46.989324067648155
2108-05-10,481.10049805767375,48.09933145370146
2108-05-11,473.53572776340735,39.098102549427324
2108-05-14,482.6683170059187,61.144243946493646
2108-05-15,474.24899401741504,36.70968616790872
2108-05-16,479.2702664244716,48.43684090332603
2108-05-17,485.1222392061392,43.784317600374294
2108-05-18,487.94633987098604,31.835744882921013
2108-05-21,501.43747004376405,25.365239847964848
2108-05-22,494.51918390628595,20.917428244982776
2108-05-23,484.7547336241219,38.8501567404014
2108-05-24,477.0074302526711,50.34946977159403
2108-05-25,465.14119316360257,50.69867296225292
2108-05-28,452.0554099391605,46.2391258376728
2108-05-29,450.84611675295815,98.00882545552447
2108-05-30,458.4600414507987,123.6576631884677
2108-05-31,456.81941132156686,122.92158775525866
2108-06-01,458.37577720595664,88.7966341719171
2108-06-04,460.4346039848076,111.2152785188931
2108-06-05,461.9152147535836,94.72219874470049
2108-06-06,459.83175345437866,110.31331553532512
2108-06-07,477.9031999212653,65.20439893383713
2108-06-08,489.5647064313632,54.32789405557097
2108-06-11,483.7856776902071,90.87864788754074
2108-06-12,490.54380722253484,108.53536060220527
2108-06-13,488.86019607238325,143.2893249782695
2108-06-14,495.06790497469,183.8796491612679
2108-06-15,494.6811074974488,139.47625214538155
2108-06-18,485.2175652085445,80.25451787546108
2108-06-19,484.293029892355,102.30635020717963
2108-06-20,481.52501962689854,161.66108654962406
2108-06-21,470.84511007266144,120.03685983171988
2108-06-22,465.83122761112514,118.23837190005555
2108-06-25,475.19420562206915,117.59498783066839
2108-06-26,468.217723180407,95.73706628571077
2108-06-27,473.20770074546357,95.26153391680741
2108-06-28,484.70508075725127,122.89971303910056
2108-06-29,477.15928226267164,100.56954101343882
2108-07-02,484.35284985002784,69.8448463350622
2108-07-03,483.6172009632382,40.362352975301235
2108-07-04,474.2838250479897,32.01155809940398
2108-07-05,474.92850292227666,46.69950230850573
2108-07-06,473.8127979197075,37.0123462349033
2108-07-09,475.3703762102548,25.892023035548124
2108-07-10,473.8966063194377,18.096228759212416
2108-07-11,490.576868110729,21.150440496762485
2108-07-12,491.41224246824163,21.91257661501848
2108-07-13,490.6804618309731,33.625916811966825
2108-07-16,496.9624054882933,34.94222178449112
2108-07-17,496.67131616481015,35.62889600407345
2108-07-18,501.03841739705217,33.84396663454909
2108-07-19,507.8078285504581,53.4468581670552
2108-07-20,520.5761584906745,50.85843637251341
2108-07-23,514.7776290573585,62.10364909079101
2108-07-24,511.9129035865246,51.800282331293104
2108-07-25,516.2660601066424,91.61660838028624
2108-07-26,522.9526961681703,90.35143289615333
2108-07-27,522.0772747247341,51.8898496965243
2108-07-30,530.3839126887759,63.072762321927094
2108-07-31,537.8397606234961,57.12037373782695
2108-08-01,536.7080863566083,75.21974049689794
2108-08-02,538.9016597387865,79.06609974709578
2108-08-03,560.2094643746976,115.79859477987983
2108-08-06,553.529402208433,142.5650506987595
2108-08-07,548.7388138598106,144.12428881920522
2108-08-08,561.1202316823455,135.24366108775143
2108-08-09,556.2866779476517,106.36433835736958
2108-08-10,557.4436424004538,146.38654959805703
2108-08-13,548.2366237416799,90.92863329248935
2108-08-14,554.4882610089404,153.0850831051528
2108-08-15,566.0659319786225,179.86851026461144
2108-08-16,568.6814309411692,167.88616884235574
2108-08-17,569.7785607611853,122.8580967768217
2108-08-20,581.9597539495309,113.26295577886614
2108-08-21,563.2418741254102,100.81534704195685
2108-08-22,555.0492531759566,84.80464595789363
2108-08-23,558.627046991724,66.59291661650626
2108-08-24,541.7351007178818,70.81549500799063
2108-08-27,544.8802619234228,74.023534249205
2108-08-28,538.3751805570465,67.28300990165275
2108-08-29,547.37436598381,59.62576338283336
2108-08-30,543.3641345637872,47.22727053660148
2108-08-31,530.6822905752226,90.89320296268927
2108-09-03,515.0846646882239,91.94855527293
2108-09-04,512.4462347539551,99.41251955780335
2108-09-05,513.884103506688,99.5504838728605
2108-09-06,511.8665973972315,88.3842957760871
2108-09-07,510.55896785952126,114.79351842955015
2108-09-10,527.1445833094508,111.22330532364681
2108-09-11,530.201501836624,156.93191744747483
2108-09-12,539.1046404803676,115.89587234163484
2108-09-13,536.0279634786125,132.4588307909816
2108-09-14,526.8826207209356,126.34485935906301
2108-09-17,520.3911653998875,97.95198978539854
2108-09-18,513.821032032246,64.03262906740517
2108-09-19,520.9373106938571,64.55322500635278
2108-09-20,529.3888251518684,51.601967336229194
2108-09-21,524.6035824725672,65.93066283459629
2108-09-24,519.725306683477,45.935990577624395
2108-09-25,522.5619334247724,35.92885238162639
2108-09-26,517.5177145415437,43.42195348501093
2108-09-27,526.4312123258247,59.24601120927179
2108-09-28,526.9340146429903,85.5983156331864
2108-10-01,523.8500148465141,79.707160176232
2108-10-02,518.6200638285115,80.47854098698795
2108-10-03,517.6336972769041,54.68146952199497
2108-10-04,526.0167820875603,58.8259841587091
2108-10-05,519.9564119706756,33.567801258280404
2108-10-08,521.9616416424017,28.532043662382836
2108-10-09,517.5019013994439,47.94308878193134
2108-10-10,527.103508860912,68.84118498051694
2108-10-11,525.0104226550607,56.91887723975078
2108-10-12,515.3330266075426,46.120927498849724
2108-10-15,526.801039573411,30.777408439838805
2108-10-16,530.6225174528375,28.947534107847567
2108-10-17,532.6614264437114,26.677588140671222
2108-10-18,526.1051243142368,43.62055047734503
2108-10-19,527.5527165104639,60.520552833587
2108-10-22,530.8170193921923,35.094486716674844
2108-10-23,528.3715897111902,41.18217261545786
2108-10-24,514.8851130055489,41.174358533788016
2108-10-25,519.2144630475625,51.30196390498427
2108-10-26,513.6017445478833,72.43459108104258
2108-10-29,519.9540036395448,90.7140296408848
2108-10-30,523.7243670252678,105.92346529309522
2108-10-31,528.5095223473807,94.00815885431209
2108-11-01,534.7021074959778,111.46328541533326
2108-11-02,524.775939721308,90.16032648763188
2108-11-05,527.8282224071769,88.13838868293665
2108-11-06,529.8715790040357,90.40140503277561
2108-11-07,526.9072011388072,103.11510501541554
2108-11-08,532.5666585687359,136.29788206979632
2108-11-09,532.079268568978,160.06617301223056
2108-11-12,539.8798532581877,148.52366535686363
2108-11-13,543.0195179739222,178.56030099665915
2108-11-14,534.1459637903096,174.05273567553093
2108-11-15,533.8017252368082,130.5194598750184
2108-11-16,544.3270752136543,103.82247977966928
2108-11-19,553.3407431932732,61.30229698317763
2108-11-20,560.8043097358003,40.70718933092844
2108-11-21,552.1799439960441,33.165036217157834
2108-11-22,538.7399232130923,37.475813596631276
2108-11-23,527.4519883203859,56.591316465675135
2108-11-26,521.9282372602308,41.686981562991996
2108-11-27,516.4024056030182,45.9651897106195
2108-11-28,507.3820302862289,42.64823272525158
2108-11-29,503.8384624868932,43.61116456975259
2108-11-30,499.00886840094364,76.16651043367236
2108-12-03,506.94934683294707,71.36720467783812
2108-12-04,500.16358381616686,43.52289939998952
2108-12-05,496.3655469715028,42.92144117242042
2108-12-06,497.7284353802768,54.76377633728337
2108-12-07,506.6885744209806,73.77873101461013
2108-12-10,507.0231933116504,40.49917230877374
2108-12-11,509.4009386653815,42.487296464317595
2108-12-12,526.6979910984977,42.427520841894406
2108-12-13,532.4669295296,40.60571275027576
2108-12-14,525.2408172913362,37.3774191893214
2108-12-17,538.2271574853909,33.884106527680245
2108-12-18,529.0088158665443,47.53071174413803
2108-12-19,536.2308461312085,71.64703115891437
2108-12-20,537.458795966192,104.87784941055126
2108-12-21,547.1378662451184,97.11922305437835
2108-12-24,555.8822715305326,140.8943498348457
2108-12-25,557.8038754361908,196.7504437393253
2108-12-26,545.5575895176515,225.0328139446789
2108-12-27,540.8810851661983,192.70052919668544
2108-12-28,538.1130235890623,216.33068301344832
2108-12-31,529.3955346189297,276.0695513780319
2109-01-01,528.8617017416124,484.54556646193913
2109-01-02,534.7156160253209,517.7226903987954
2109-01-03,537.8647262330463,796.1287672100652
2109-01-04,548.9962822705453,626.6296941963584
2109-01-07,543.7431092499415,527.8528812655351
2109-01-08,546.6836324438468,567.9895630989407
2109-01-09,540.1889846085702,402.4031909320531
2109-01-10,546.8592038478279,248.98633351567068
2109-01-11,547.8560397123347,168.73692754776403
2109-01-14,556.0859849344372,230.0056125907849
2109-01-15,572.0016046807093,197.0711840986556
2109-01-16,566.8158640552467,141.16118237649016
2109-01-17,567.5095915839433,112.02833460616634
2109-01-18,574.9500762572297,100.19598945956655
2109-01-21,580.9320075300909,85.76253315685847
2109-01-22,591.5241554086597,95.82920070577669
2109-01-23,585.0340999631826,136.3937763685244
2109-01-24,584.2404553834778,138.46022279147834
2109-01-25,588.5240462904408,145.435098058546
2109-01-28,583.7142289721304,142.62733323650463
2109-01-29,588.43527386569,136.37263267014507
2109-01-30,582.6911360635784,148.67832363583258
2109-01-31,575.0976903764516,85.82353986329231
2109-02-01,575.3611068215932,81.51065921463248
2109-02-04,561.379046815038,80.09536243666402
2109-02-05,565.234028289572,66.59679631541638
2109-02-06,573.030235675436,201.6815110816496
2109-02-07,571.9626576663354,260.309780585188
2109-02-08,584.06058848455,239.40090517249794
2109-02-11,594.75509556294,278.29310265655226
2109-02-12,594.9747041362008,171.23244577673267
2109-02-13,600.453277134534,146.80541864529087
2109-02-14,605.6093307600944,155.62446189253663
2109-02-15,582.5425960444253,131.24981173046788
2109-02-18,582.1197691806083,99.60429404763735
2109-02-19,583.4956080202345,95.28700392844887
2109-02-20,572.913320247575,99.70312927025536
2109-02-21,566.9899909968169,108.10256120268718
2109-02-22,576.6903243645077,80.07496682728379
2109-02-25,564.1566238993391,102.47746161992416
2109-02-26,555.7188259597391,111.90517530611008
2109-02-27,552.4311500137895,148.12361332999035
2109-02-28,554.837650109673,131.6675304848596
2109-03-01,556.0282357231271,89.38677856363779
2109-03-04,555.5595129536739,102.79349487656005
2109-03-05,551.2840363312167,69.64662586759803
2109-03-06,547.6120962500604,62.757979521710745
2109-03-07,558.2687609515518,43.66454320761383
2109-03-08,557.3699771976545,40.55025902155625
2109-03-11,561.358392963141,38.55330859932917
2109-03-12,570.0786767293996,25.629762920723017
2109-03-13,581.6646388136833,38.08447000880811
2109-03-14,578.2396958209956,45.70081422143912
2109-03-15,581.2082792997368,44.74814365838875
2109-03-18,560.8360637406727,38.9957186595578
2109-03-19,568.3614279688522,34.61704530379276
2109-03-20,574.288871775525,27.40114492080211
2109-03-21,581.1770644695878,30.90496375523375
2109-03-22,590.2666106220861,35.449934667969536
2109-03-25,593.1023993574097,20.00193708960349
2109-03-26,601.2693344527781,25.099747302218454
2109-03-27,597.6589843680744,13.835302848543767
2109-03-28,602.5736779651436,21.552028950245873
2109-03-29,607.7091613288369,26.934241768153772
2109-04-01,615.5641094299328,22.489004838766142
2109-04-02,628.4866951383615,23.773153529649253
2109-04-03,627.8304316466099,28.983985202323314
2109-04-04,615.0962482347292,25.776047077703485
2109-04-05,622.0704109269077,24.51671640330479
2109-04-08,623.1043296582271,21.75315385877956
2109-04-09,642.193932372612,31.595600977441222
2109-04-10,629.5388495920608,41.953518428415286
2109-04-11,641.3666848986513,45.033128389429585
2109-04-12,645.3534828946534,50.29980041613211
2109-04-15,656.7559241940388,48.52455339162793
2109-04-16,664.094490988286,57.679759584850814
2109-04-17,654.3926562352373,83.85703402777965
2109-04-18,649.1926749121536,50.14309539182647
2109-04-19,647.1011012094509,30.81797244908684
2109-04-22,619.6604042262773,29.471164165606474
2109-04-23,617.5635432672708,47.8224467775719
2109-04-24,622.6322592044774,50.4125673336042
2109-04-25,615.3131232124374,56.065511716060726
2109-04-26,599.0428650653504,65.68320754450653
2109-04-29,599.7202628436955,45.023193685725296
2109-04-30,616.1795515493942,47.59370143373823
2109-05-01,601.6927805363382,40.48841639184321
2109-05-02,611.7781857758654,58.55750840573154
2109-05-03,632.0394233331035,41.3650638506048
2109-05-06,619.9351054676588,37.753353114780644
2109-05-07,628.4992344833078,33.54207803075106
2109-05-08,624.5894761620132,44.08863085023037
2109-05-09,632.8314235643534,41.23044237372527
2109-05-10,640.496251006899,57.86437831725342
2109-05-13,655.5341938290642,54.5364866437899
2109-05-14,654.2278995954279,56.738569108176115
2109-05-15,670.0235007731173,69.56874036653413
2109-05-16,689.7840574164976,46.350963094623054
2109-05-17,708.7135588073162,48.91865451932268
2109-05-20,712.3514066037737,40.245806039113766
2109-05-21,711.1045116517024,35.01910314910429
2109-05-22,718.9019015451039,48.55839668233872
2109-05-23,720.5422497903779,63.39536111320961
2109-05-24,711.5607665351283,40.93973098808119
2109-05-27,709.9002353852794,28.24473479806275
2109-05-28,704.7677830464281,31.575138674403778
2109-05-29,711.7711155336494,37.416092823778364
2109-05-30,716.6638164240225,35.88101050033166
2109-05-31,725.770437384395,46.69914137271099
2109-06-03,733.808167497052,29.490084798288663
2109-06-04,736.0346632826908,23.80528435780338
2109-06-05,714.625681520606,32.749078800983646
2109-06-06,709.3042689604775,27.016476021870155
2109-06-07,695.7557884070116,30.27754158282155
2109-06-10,699.2840426499787,27.789173454361386
2109-06-11,679.4734663404756,26.786265659184235
2109-06-12,677.9100756099089,40.02884494632845
2109-06-13,672.457250569956,100.91021227808234
2109-06-14,652.445785035604,84.54343298875989
2109-06-17,650.4828573771954,114.83239280260145
2109-06-18,638.2626057105977,97.33740904961361
2109-06-19,626.5353654055749,75.24011138083759
2109-06-20,623.1128776962566,69.70759617451114
2109-06-21,622.9023814096284,52.986734080326194
2109-06-24,644.0658217488357,49.36754020151416
2109-06-25,642.4810018133302,64.79770003370261
2109-06-26,640.8676169564563,34.533036787697625
2109-06-27,642.6274654783532,33.033505031424625
2109-06-28,645.6938272688907,62.88316540693985
2109-07-01,651.9971047575068,86.18121978797421
2109-07-02,658.4598742276165,89.47835165632362
2109-07-03,658.3526840520645,71.3509984532104
2109-07-04,670.9623089568352,75.36050343022674
2109-07-05,665.361406590456,69.92783905947591
2109-07-08,663.3534964432168,74.10488797693681
2109-07-09,658.120929210115,103.3998065839895
2109-07-10,669.8911863902363,84.36941396199309
2109-07-11,663.6073074737957,69.12497631808493
2109-07-12,668.162442627623,41.300059815359795
2109-07-15,652.0839152939353,51.74266443449425
2109-07-16,648.1737290361834,64.50298608078087
2109-07-17,646.0864278571854,68.78533980523174
2109-07-18,638.6774676288526,109.93169744271982
2109-07-19,660.6591877113962,171.24916990815376
2109-07-22,663.7193523063602,165.43650737401646
2109-07-23,656.9298450420121,84.3231467960033
2109-07-24,668.7529955472719,59.339569972023554
2109-07-25,669.2869288523356,57.48619172704444
2109-07-26,648.2419816261132,87.87868976417424
2109-07-29,665.6937361721842,52.049911456116064
2109-07-30,655.2493752679623,36.86711030782756
2109-07-31,652.5158006063783,56.60528276935416
2109-08-01,656.9818018307021,67.82074355000351
2109-08-02,653.1595367749434,68.69751541471882
2109-08-05,664.696512479891,54.96617192628975
2109-08-06,660.469322705467,55.19659638806854
2109-08-07,658.1687713015117,96.61515398164693
2109-08-08,641.1167427126804,105.80049585666583
2109-08-09,633.7465362152193,145.0737014205796
2109-08-12,638.939571888846,121.7643648271399
2109-08-13,622.3412080122961,152.31238458833636
2109-08-14,623.9712457494866,209.65401771740667
2109-08-15,620.3179747297456,268.7234600106664
2109-08-16,629.5295170463969,306.42247642802715
2109-08-19,623.7580210830315,159.89600839331015
2109-08-20,626.3070264068023,115.32947977011449
2109-08-21,631.7388211203989,109.95001126658062
2109-08-22,644.4731606061439,128.90217246415432
2109-08-23,635.6526442182238,167.42687271431305
2109-08-26,639.4802551486013,133.41347255337695
2109-08-27,624.3401557590763,116.10328859507837
2109-08-28,620.5029510696348,68.53071144133438
2109-08-29,622.6182406498007,66.97983697761113
2109-08-30,605.7490681083153,52.681694274660636
2109-09-02,591.7068353232856,50.87530388978734
2109-09-03,600.3342905724455,47.53724826331995
2109-09-04,604.3907630415245,41.06461460549559
2109-09-05,600.1425033971325,53.813768974797355
2109-09-06,595.7189026190576,76.20972434504657
2109-09-09,610.0919314629587,80.98870409734933
2109-09-10,600.5756095014698,75.90973080963859
2109-09-11,610.2988911475315,49.94337923418871
2109-09-12,610.9828100135193,78.67275887208943
2109-09-13,616.4632026032708,147.27528775099205
2109-09-16,620.6459189039429,135.77282415472763
2109-09-17,620.9379152440264,277.7311778049931
2109-09-18,626.9594438794215,307.28910503221033
2109-09-19,628.3014636435706,224.85006540006145
2109-09-20,630.9241174547956,184.95331582550278
2109-09-23,621.3189161444295,135.20812787836692
2109-09-24,632.4362343880817,161.6353006398799
2109-09-25,638.7396254572759,193.41047610235907
2109-09-26,634.3484489577836,174.3881901985853
2109-09-27,635.768575589105,182.97412326330104
2109-09-30,625.0908134878508,237.77128541430497
2109-10-01,632.1955582531091,161.97348219844312
2109-10-02,630.3192053269464,173.64049226348965
2109-10-03,633.7943325580864,156.27940715899027
2109-10-04,627.1198178579762,151.9178825791799
2109-10-07,622.9634795658812,255.64128264603474
2109-10-08,621.4681239542342,183.46342780350548
2109-10-09,614.7013041726459,148.5556999659158
2109-10-10,594.7145240945757,217.88294426042498
2109-10-11,595.2372411403305,155.80469526898608
2109-10-14,580.6286680367481,147.82292706014292
2109-10-15,585.5105967427259,145.43474366052422
2109-10-16,591.8048726832762,93.50548485234447
2109-10-17,593.0687640489745,87.78982187226055
2109-10-18,610.9250827454039,140.43365846846794
2109-10-21,620.7574921871188,167.26902810249544
2109-10-22,632.7166596162685,186.96360438878003
2109-10-23,632.7521757674434,204.45542475545864
2109-10-24,644.0094995808178,128.92468505741127
2109-10-25,643.7668436321268,102.55564399641348
2109-10-28,638.907709045834,65.89215250155728
2109-10-29,637.3541747519424,73.79830414377295
2109-10-30,638.2682707838053,59.71956980234891
2109-10-31,649.106135005782,45.64751146197373
2109-11-01,640.2984228766834,72.88166732189782
2109-11-04,645.3426890344988,111.74347317385698
2109-11-05,637.9219264040048,190.5247800012922
2109-11-06,640.7271425236563,170.3646902419239
2109-11-07,638.3221171951102,221.00772292340702
2109-11-08,628.3238503255922,180.4280261979679
2109-11-11,628.8405606111962,154.74418427338068
2109-11-12,625.1354641149229,138.7711903513965
2109-11-13,627.0647705446945,184.15528017886757
2109-11-14,626.4071860418063,227.23738106910068
2109-11-15,626.3701526362872,258.0399835961168
2109-11-18,611.8271433506569,199.64777436716824
2109-11-19,614.5642782314637,209.4608965953413
2109-11-20,612.7891075642472,134.5817060533968
2109-11-21,620.0658410571507,112.70326067908955
2109-11-22,613.1238896678828,131.27663692369555
2109-11-25,623.1297904737498,89.21045808185598
2109-11-26,614.0657693906455,70.3359801177675
2109-11-27,613.5977175339451,44.57355098278568
2109-11-28,615.7042599047608,53.57490974348974
2109-11-29,609.8704905623765,27.77223620648044
2109-12-02,592.2081639857321,35.16818279682722
2109-12-03,601.9731130015638,45.06536830533522
2109-12-04,592.6304128967436,42.4102244045944
2109-12-05,588.6759139588372,43.39864144663079
2109-12-06,585.3558909541915,56.483259183863794
2109-12-09,593.8063553235871,51.84013174466229
2109-12-10,591.4138448376285,43.66809273326981
2109-12-11,583.3127028958141,52.49279069255466
2109-12-12,587.8876201210398,46.05668270914185
2109-12-13,588.8160469280172,39.93517622159799
2109-12-16,584.9562067300409,50.67715259817983
2109-12-17,589.9729921258232,38.222026248159054
2109-12-18,588.3257503730958,52.08322348013457
2109-12-19,570.6807495431974,35.71344524204014
2109-12-20,559.9655680459679,48.04269778688927
2109-12-23,570.3552345255127,48.8983945093694
2109-12-24,568.1096076941259,51.273557952880644
2109-12-25,573.5995460301921,51.84639546396107
2109-12-26,585.2282169539752,50.08648003879404
2109-12-27,589.7459256206499,57.835688342782376
2109-12-30,593.6121926172639,46.18559010794026
2109-12-31,603.4563206441375,89.6118176995251
2110-01-01,613.9487583464481,110.79571977167406
2110-01-02,605.6093496854389,115.83606584587572
2110-01-03,619.5186551147584,145.62502134742718
2110-01-06,619.4106203943264,117.95114034054144
2110-01-07,626.507011187243,158.36038503081716
2110-01-08,632.7570153193556,166.59579837396555
2110-01-09,616.3631139135094,115.32224088771689
2110-01-10,619.0063650112664,90.87035362275392
2110-01-13,637.4835917304205,87.44528367234676
2110-01-14,625.078988991001,60.7157412120681
2110-01-15,627.0580320761215,89.63686926939207
2110-01-16,626.6009897322907,115.85099798388329
2110-01-17,631.0589856438825,153.17929836888308
2110-01-20,632.2259110945853,181.94927831810423
2110-01-21,631.8830385056385,203.72761900507658
2110-01-22,634.3471888308011,163.37566825264886
2110-01-23,634.3259953871656,132.80984929731028
2110-01-24,630.9992851301015,74.03394591432266
2110-01-27,626.0525605899131,111.89692044659749
2110-01-28,635.5471147514943,84.16110076022842
2110-01-29,640.119704019117,115.83638201508411
2110-01-30,639.9020606077213,198.89652370489173
2110-01-31,644.6783034119243,136.44478167979497
2110-02-03,652.5261399128403,186.24787333570373
2110-02-04,654.6354773618041,170.00064871109748
2110-02-05,658.5426650656851,226.97014766000913
2110-02-06,662.5422812640564,130.17208943009783
2110-02-07,649.698404149649,173.3614968184063
2110-02-10,638.3751033792657,221.39578499257073
2110-02-11,645.5050751219944,159.77916797905698
2110-02-12,637.9823920433898,113.22153335458964
2110-02-13,648.728957959308,72.27893145056937
2110-02-14,663.7524650089564,69.48849992078857
2110-02-17,665.0163206644575,55.50972185908292
2110-02-18,665.9636493544193,43.57244438211176
2110-02-19,668.8275761373644,55.40586806389073
2110-02-20,664.1552555546698,53.68002248171717
2110-02-21,671.4964491015858,121.93379460634694
2110-02-24,672.9594466941196,111.01950429514531
2110-02-25,671.5990402159827,94.87333785129192
2110-02-26,687.5810452733883,61.77897513137968
2110-02-27,700.0091762842655,61.64128961264003
2110-02-28,696.772130056499,77.4223069121225
2110-03-03,692.8734178248804,105.91084568789424
2110-03-04,712.9863852863149,149.62371459673332
2110-03-05,720.4224692314795,115.53745354073853
2110-03-06,738.6803450488491,141.37105460815278
2110-03-07,767.3612668603187,177.02392455564595
2110-03-10,754.0187694552534,119.75896995727614
2110-03-11,760.3051574736701,110.26508614034653
2110-03-12,760.0431295891384,111.10227968277714
2110-03-13,749.7538371010556,138.74247919844143
2110-03-14,735.7562930517869,112.55062560796752
2110-03-17,734.07450930756,74.23258164562372
2110-03-18,733.7381879893037,91.30165481025969
2110-03-19,746.3105138653189,111.70611803992811
2110-03-20,731.31488279045,117.98298308790203
2110-03-21,745.4298809945033,90.71266469139773
2110-03-24,760.3013051215678,104.04598906205037
2110-03-25,739.8211108175024,124.09147898941421
2110-03-26,759.7086062967953,87.56218431508304
2110-03-27,747.895027126179,114.18303028719889
2110-03-28,736.3026803478748,102.07296047273735
2110-03-31,726.6596846405793,71.76223656215643
2110-04-01,727.4098591975707,62.54911162606518
2110-04-02,744.9101537436727,37.484094343515984
2110-04-03,759.6638603740398,48.17606307363134
2110-04-04,769.5942602690295,58.10576397380843
2110-04-07,782.0823454475916,70.26965451474196
2110-04-08,774.2998377658208,122.36252389892282
2110-04-09,785.7310953640542,134.51185715468935
2110-04-10,798.6959781150118,118.13258577635996
2110-04-11,807.8509542413076,132.07050587308592
2110-04-14,805.0535885752673,135.42838812715277
2110-04-15,807.3381870057672,123.84987602828325
2110-04-16,810.1981341529942,95.99133205142644
2110-04-17,800.8953119698539,103.56839685537972
2110-04-18,817.228494372917,135.97549119168565
2110-04-21,811.6709017516483,180.0178397980551
2110-04-22,844.6846681725536,186.70082221202946
2110-04-23,840.4028488478847,138.1283827439481
2110-04-24,829.2795032823533,131.11130164050127
2110-04-25,858.6235001434331,88.73560712178691
2110-04-28,843.6993234238525,66.32819502518198
2110-04-29,878.9164908840858,52.01939096807872
2110-04-30,874.4129851699491,30.661157957358977
2110-05-01,877.832692692482,33.95868436423852
2110-05-02,862.6340799544668,28.081081804723365
2110-05-05,868.5097812026881,37.392533937486846
2110-05-06,884.3336714536008,45.09371233929228
2110-05-07,877.9528665185264,42.016986047747665
2110-05-08,896.0377377997045,76.82113294555307
2110-05-09,902.427963975588,117.34040589148738
2110-05-12,902.538371541181,106.70668138796157
2110-05-13,897.4008863686187,94.2350314388173
2110-05-14,892.3451642022135,88.18507815658319
2110-05-15,881.8527569671847,141.9568485759335
2110-05-16,882.8563444803889,147.15157340940422
2110-05-19,925.0830546374358,309.7333702370809
2110-05-20,929.1622892589428,295.11523123229034
2110-05-21,959.4699814740878,283.8625495631137
2110-05-22,963.3125223283298,185.01440038342324
2110-05-23,956.079618012411,149.97326650957004
2110-05-26,946.8213758582319,131.5262283425564
2110-05-27,937.423785135507,106.61654601394044
2110-05-28,948.5931095779017,157.34352622401022
2110-05-29,972.5267475068572,200.7267452898763
2110-05-30,945.5625150244131,161.20724603928667
2110-06-02,934.7847025825255,163.5331587530414
2110-06-03,937.7541078086532,186.32477529663703
2110-06-04,921.5690919965597,160.81956551665522
2110-06-05,920.6819849802445,144.6144849867746
2110-06-06,921.3182413966765,138.04339886786872
2110-06-09,946.807226133637,120.65250737916978
2110-06-10,948.5023062942871,139.09250921553675
2110-06-11,941.7327547532929,134.53748899951051
2110-06-12,929.7502585635202,119.73616284206256
2110-06-13,942.1380396772005,126.28694776033946
2110-06-16,939.2527686649148,109.51308073554218
2110-06-17,913.6360252351889,142.80632830662267
2110-06-18,917.4011719328807,156.57823605933828
2110-06-19,947.9875852393434,158.7514043184918
2110-06-20,974.5677909000261,94.47574681001419
2110-06-23,980.812136554862,53.253290527835475
2110-06-24,1000.3709836330917,59.93159072455639
2110-06-25,1013.2290613444052,118.1858102387696
2110-06-26,1000.1465209428983,166.6456560257096
2110-06-27,990.1892021803175,174.47438789748705
2110-06-30,983.1178340887499,109.64097698239453
2110-07-01,963.0113763925966,156.59172456396587
2110-07-02,986.0608845875176,134.04936700721683
2110-07-03,976.7779287362323,139.32779906144307
2110-07-04,976.8050231141467,173.82382862284655
2110-07-07,994.7279154725073,108.13696904573797
2110-07-08,1000.5454701851817,109.4709338721466
2110-07-09,986.2947067626119,138.20131931726345
2110-07-10,998.6678098115433,231.28703752833246
2110-07-11,990.6105990269549,214.45182600039632
2110-07-14,985.1216911199554,175.9267246287867
2110-07-15,987.2110669286794,115.91784580722693
2110-07-16,964.966874067845,105.58312478891602
2110-07-17,964.1010121667197,144.00903788451305
2110-07-18,960.7854242307959,191.28056544979242
2110-07-21,965.8542813779771,291.6678521981255
2110-07-22,968.9022423842365,388.8919078766851
2110-07-23,966.0034222334418,346.01640725909203
2110-07-24,969.146613665226,281.3162924454989
2110-07-25,978.1605803046717,432.403675510758
2110-07-28,983.7125351054599,476.5632216854179
2110-07-29,966.882830235332,400.30889856905867
2110-07-30,948.7790244014147,435.54078298735436
2110-07-31,974.4155200420498,353.68481546880344
2110-08-01,992.3964370719389,434.7489654043746
2110-08-04,979.7060993876878,861.6656843110806
2110-08-05,984.911477216428,705.7255084247969
2110-08-06,964.291414076699,736.1178467041133
2110-08-07,967.9061782330101,724.749598487099
2110-08-08,976.0749480903755,626.5770074459897
2110-08-11,990.2244944677689,625.6092191388309
2110-08-12,975.0046238385554,517.9584057584399
2110-08-13,963.9726118937394,535.861267376732
2110-08-14,961.2842299810484,521.9433420913086
2110-08-15,958.0221987113678,600.1815352612514
2110-08-18,965.7312365903765,489.27597187833516
2110-08-19,946.4019286714675,343.8908026834929
2110-08-20,954.0095943270148,478.4176724675868
2110-08-21,955.4574620453949,308.8580561265242
2110-08-22,946.2536797822731,298.0794392993294
2110-08-25,953.7941163947094,327.2853173933308
2110-08-26,967.9689826006772,280.57450776108345
2110-08-27,986.7775414328112,281.10641464295963
2110-08-28,988.5089107690594,247.73070516760228
2110-08-29,966.984587767219,210.97551142561437
2110-09-01,967.9127285398972,208.9932884289724
2110-09-02,980.4864376457303,216.85034127026555
2110-09-03,982.9027201979964,128.13641899332572
2110-09-04,993.5013359041561,207.52732270485845
2110-09-05,1005.5340268855094,188.35291025904672
2110-09-08,997.5876186538876,132.82481889887035
2110-09-09,1005.2729045261289,179.5475089222528
2110-09-10,1012.7256053991767,155.72457815181826
2110-09-11,1043.2170594107172,263.22116236807847
2110-09-12,1039.269298746436,281.2917789657597
2110-09-15,1032.389579389597,193.10870915172882
2110-09-16,1021.4230324388246,177.29189197534293
2110-09-17,1042.2688060892508,128.1749039089484
2110-09-18,1060.1453757906509,86.64873279703738
2110-09-19,1052.071296610876,181.34998787993788
2110-09-22,1030.8247370043337,134.51234131890934
2110-09-23,1045.1490621560624,128.5019165150339
2110-09-24,1051.799571623757,138.38296151882926
2110-09-25,1063.1081337025269,146.7578438808123
