date,ticker,open,high,low,close,volume
2017-10-03,INFY.NS,352.97330105709062,353.7102067899898,349.67665987538567,350.43295288085938,4947522
2017-10-03,TCS.NS,983.49834891354953,989.26231383643642,978.27857202992243,986.904296875,1923006
2017-10-04,INFY.NS,350.21966699880034,351.15049285824875,347.95081151523647,348.9010009765625,4991492
2017-10-04,TCS.NS,987.36786824045384,989.14135045159969,977.45223098823521,984.4254150390625,1300778
2017-10-05,INFY.NS,349.05616687588468,350.97598052807933,348.66832669046704,350.23907470703125,8611300
2017-10-05,TCS.NS,983.90163552909155,984.8891451419446,977.21058135706085,979.306640625,1684686
2017-10-06,INFY.NS,350.60758630854423,357.58871081468777,350.58819903040524,356.8712158203125,8574308
2017-10-06,TCS.NS,979.46752290430618,989.54434927163436,978.68155012895602,986.17864990234375,1389188
2017-10-09,INFY.NS,356.81294492275907,360.3035063404817,354.48590397761063,358.32553100585938,3504832
2017-10-09,TCS.NS,983.92230672332141,994.76494142366312,983.92230672332141,989.18243408203125,1773616
2017-10-10,INFY.NS,364.5503342928975,364.5503342928975,360.51678747917003,362.8050537109375,7143220
2017-10-10,TCS.NS,989.54444667315522,995.57036975265169,988.03292256927568,991.25750732421875,1222010
2017-10-11,INFY.NS,362.80513163497147,363.79411944278911,359.91571731653335,360.962890625,5982504
2017-10-11,TCS.NS,991.56011404262335,1013.5074310318915,990.25012608707925,1007.8241577148438,1527746
2017-10-12,INFY.NS,360.69136878102728,362.3784641017325,356.63843415013207,359.64419555664062,10280972
2017-10-12,TCS.NS,1012.9225662129181,1029.8516341719085,1010.5041279330624,1027.1107177734375,5006356
2017-10-13,INFY.NS,361.77733685737167,362.04882973402425,359.74117579030832,360.73016357421875,7180728
2017-10-13,TCS.NS,1027.1110803770314,1051.5977766051706,1016.9536556970373,1031.3031005859375,4066320
2017-10-16,INFY.NS,362.99897709474584,365.34540516423721,361.85484396840059,364.181884765625,5758750
2017-10-16,TCS.NS,1029.8717698543169,1043.959152638153,1029.8717698543169,1041.701904296875,1218590
2017-10-17,INFY.NS,363.32867280269124,363.32867280269124,360.49744424712327,360.88528442382812,5625102
2017-10-17,TCS.NS,1041.9438455401134,1054.0158638371199,1038.9409709663767,1045.793212890625,1443016
2017-10-18,INFY.NS,360.26478346005899,360.69139822576437,357.95712945746283,358.50009155273438,7231852
2017-10-18,TCS.NS,1045.9742742937656,1053.4915452261948,1039.9281802227035,1042.5885009765625,1514144
2017-10-19,INFY.NS,360.69139178130143,361.46707219373434,358.82976352583995,359.50848388671875,1091434
2017-10-19,TCS.NS,1044.7654195800428,1046.297116959804,1036.3008849306675,1041.50048828125,86822
2017-10-23,INFY.NS,360.69131230978081,365.34539375893928,359.95440661157778,364.37579345703125,9154096
2017-10-23,TCS.NS,1041.5402378746189,1059.6785160109803,1026.8079056181273,1043.1121826171875,1886088
2017-10-24,INFY.NS,366.89677561776932,367.14888117970628,357.43346665105219,359.33389282226562,14529328
2017-10-24,TCS.NS,1056.0520686904028,1056.4147953055694,1035.5155032954663,1039.2841796875,1339020
2017-10-25,INFY.NS,356.42512748830183,366.39262490651947,354.97072680486207,362.74691772460938,13984134
2017-10-25,TCS.NS,1042.1535968279552,1056.5016490627399,1032.6555904190132,1034.635986328125,1105106
2017-10-26,INFY.NS,365.34547452024572,369.14630380953952,364.60856865914621,367.42041015625,33659258
2017-10-26,TCS.NS,1024.6120470992355,1038.3739652642987,1017.6602398132272,1026.127685546875,3007552
2017-10-27,INFY.NS,370.38745103353125,371.43462447763778,366.12120814204559,367.03262329101562,8524956
2017-10-27,TCS.NS,1025.7843299188789,1048.0742848522025,1022.6722380145252,1044.4974365234375,1409270
2017-10-30,INFY.NS,370.25158331405328,370.25158331405328,364.9769434320927,366.15985107421875,12968326
2017-10-30,TCS.NS,1045.1846981440292,1058.9264923191633,1043.446745616408,1057.390625,1137252
2017-10-31,INFY.NS,363.76104124913348,365.72731714777746,361.79476535048957,362.52227783203125,9954988
2017-10-31,TCS.NS,1051.3685638249692,1067.0099397984945,1051.3685638249692,1060.543212890625,1592634
2017-11-01,INFY.NS,363.76106186096359,365.49139435077285,363.09252321706492,364.56723022460938,5633134
2017-11-01,TCS.NS,1060.5430367890367,1061.6949617979942,1042.2947842957558,1051.994873046875,741882
2017-11-02,INFY.NS,362.99421557908613,364.15432324519469,361.79479199306599,362.93524169921875,4686138
2017-11-02,TCS.NS,1054.2786621792352,1080.7518277428694,1053.5713638626494,1061.4122314453125,1468422
2017-11-03,INFY.NS,360.61505052550234,365.68805265838932,360.59539256422966,364.40997314453125,3699086
2017-11-03,TCS.NS,1063.9380133501877,1065.6759656284228,1051.9746299308101,1058.966796875,666886
2017-11-06,INFY.NS,363.03356383046633,367.69362855937908,362.83693622161104,365.21612548828125,5066534
2017-11-06,TCS.NS,1058.9266843577905,1079.8627354857056,1055.5922778135339,1077.336669921875,1377000
2017-11-07,INFY.NS,364.25265565210458,377.5250196232339,364.0953439596372,375.75537109375,13442820
2017-11-07,TCS.NS,1079.1349770930956,1118.7436766268497,1077.5385237345263,1095.322021484375,2696892
2017-11-08,INFY.NS,377.62333210040993,378.25253086327484,372.60932795119857,374.4969482421875,5369994
2017-11-08,TCS.NS,1100.5559612267195,1115.1060951246857,1098.6361518929602,1105.406005859375,1402252
2017-11-09,INFY.NS,374.77220826026593,378.70476028818058,372.90424604700644,375.36209106445312,4723232
2017-11-09,TCS.NS,1111.4685584621532,1111.4685584621532,1099.0605473807486,1105.9718017578125,1152432
2017-11-10,INFY.NS,377.05303647344869,379.2355977754637,373.59239592222599,378.33111572265625,6589428
2017-11-10,TCS.NS,1100.2327033017164,1101.7685706405746,1088.5724458288255,1094.796630859375,1356566
2017-11-13,INFY.NS,378.33115127089263,381.2215913228913,373.33680555039302,374.35928344726562,5021216
2017-11-13,TCS.NS,1092.0885609938468,1122.5427389735123,1092.0885609938468,1115.0858154296875,1496996
2017-11-14,INFY.NS,374.3593477953653,375.49977364255955,370.93802224899025,373.23855590820312,5733710
2017-11-14,TCS.NS,1114.1155674701856,1114.1155674701856,1094.2909961703397,1097.16064453125,1657252
2017-11-15,INFY.NS,371.68509969257934,374.96877046221596,371.42947425439218,374.30023193359375,7023516
2017-11-15,TCS.NS,1093.6849991277791,1113.4893468577352,1091.8056464150043,1093.402099609375,6670834
2017-11-16,INFY.NS,374.3003255328444,391.6428956893763,373.00258806593524,388.6934814453125,15687502
2017-11-16,TCS.NS,1095.3016974336101,1116.7227269406142,1085.9855507150223,1110.114501953125,1653482
2017-11-17,INFY.NS,387.55300467467879,387.55300467467879,379.55027085084674,381.83114624023438,8057670
2017-11-17,TCS.NS,1110.700867670362,1110.700867670362,1092.7152824096631,1094.210693359375,1325464
2017-11-20,INFY.NS,381.06431395002977,381.85082440193901,376.44356504506294,377.74130249023438,5661190
2017-11-20,TCS.NS,1097.322484083606,1102.1320717079875,1089.3603480407892,1092.654296875,1014498
2017-11-21,INFY.NS,378.03620065728063,382.04740830356059,377.54463168107947,379.98281860351562,5364656
2017-11-21,TCS.NS,1091.6639001140168,1091.6639001140168,1077.5179406530797,1080.326904296875,1527740
2017-11-22,INFY.NS,380.12044367619819,381.87043401059253,378.82270639534534,380.00247192382812,6084920
2017-11-22,TCS.NS,1080.3473452774158,1095.180377383793,1080.1048035977162,1083.439208984375,1822624
2017-11-23,INFY.NS,382.04741894408102,391.07263039897703,381.06428096429698,389.814208984375,11894618
2017-11-23,TCS.NS,1083.5803539299243,1088.4303965435606,1078.730311316288,1083.681396484375,793470
2017-11-24,INFY.NS,389.6766077586758,400.84504162414754,389.40132430373097,397.01080322265625,18619912
2017-11-24,TCS.NS,1083.9850471192624,1092.4321692769349,1080.3879699151437,1086.4302978515625,2287512
2017-11-27,INFY.NS,395.89005584084197,395.89005584084197,390.62042601147346,392.763671875,6017730
2017-11-27,TCS.NS,1086.4100646090687,1089.6029713857349,1075.9824482719107,1085.5411376953125,1856786
2017-11-28,INFY.NS,391.05292195473265,393.21582523102563,385.90126520431045,387.23834228515625,4616868
2017-11-28,TCS.NS,1085.6012588066048,1092.2296112372378,1079.1345350013532,1085.318359375,911716
2017-11-29,INFY.NS,388.39849173887274,390.08948422811551,385.50805173756567,386.45187377929688,3838070
2017-11-29,TCS.NS,1082.1660723690097,1088.4307125638629,1071.0513881523345,1074.3453369140625,1447532
2017-11-30,INFY.NS,389.10638644017041,389.10638644017041,380.80868680694107,383.85641479492188,17266944
2017-11-30,TCS.NS,1072.526392564997,1077.9018768660603,1060.1386133164315,1065.7969970703125,4299962
2017-12-01,INFY.NS,385.1541725290511,386.64853756635745,376.36490395011543,377.0531005859375,4085000
2017-12-01,TCS.NS,1064.9887115302943,1078.3263310674859,1059.532412628716,1062.9476318359375,1031144
2017-12-04,INFY.NS,385.39011274423507,391.99679559080039,380.88733570812218,387.4940185546875,17811606
2017-12-04,TCS.NS,1059.7346441409497,1074.4868617271989,1052.0351793370824,1063.9178466796875,1259104
2017-12-05,INFY.NS,387.49399371726986,394.4349574548956,384.99683284979341,387.10073852539062,9976738
2017-12-05,TCS.NS,1063.3725523989199,1071.7388617536024,1062.220627040002,1065.2115478515625,1167914
2017-12-06,INFY.NS,387.35636507073156,390.93497772575813,386.96310987776639,389.44061279296875,7490094
2017-12-06,TCS.NS,1065.3932423678589,1069.030776199919,1056.0367364807166,1064.302001953125,1407518
2017-12-07,INFY.NS,388.92939282960833,394.3956497109815,387.59231554854949,393.17654418945312,7549544
2017-12-07,TCS.NS,1063.8977254426561,1069.4146117347395,1056.9055580389124,1057.81494140625,1326300
2017-12-08,INFY.NS,393.64850021109629,396.00803168089311,391.28896874129953,393.98275756835938,5983244
2017-12-08,TCS.NS,1058.1179070180365,1069.0305057535165,1049.6303302237741,1051.4490966796875,1385548
2017-12-11,INFY.NS,391.26926531003977,395.96866974174526,390.8760101107739,395.33944702148438,5139098
2017-12-11,TCS.NS,1054.2176148693056,1080.2056855639289,1054.2176148693056,1075.53759765625,1008002
2017-12-12,INFY.NS,394.041730047393,398.76079268269115,394.041730047393,397.3843994140625,9320434
2017-12-12,TCS.NS,1075.4973011017662,1075.9014714516729,1053.8337308770056,1055.7535400390625,1882246
2017-12-13,INFY.NS,397.54170380311911,400.72706142249763,392.33107223898952,394.72991943359375,5362398
2017-12-13,TCS.NS,1055.4506357995945,1071.6376814763257,1051.2473027401452,1062.321533203125,2961458
2017-12-14,INFY.NS,395.31981642460852,399.15405488284273,392.97994302654058,398.4068603515625,6023572
2017-12-14,TCS.NS,1063.7764088840918,1063.7764088840918,1022.9956582108433,1033.7869873046875,5504150
2017-12-15,INFY.NS,398.36750621778111,403.6371353481735,397.91525314974592,402.2607421875,10384134
2017-12-15,TCS.NS,1036.1916085199091,1044.5579140103307,1025.3194668997828,1028.85595703125,2718138
2017-12-18,INFY.NS,397.93495337248322,405.3281224576487,395.53608220950349,399.78323364257812,4035448
2017-12-18,TCS.NS,1025.3801383063028,1046.3767674421415,1008.1423130150199,1042.9615478515625,2180664
2017-12-19,INFY.NS,400.11753936563679,400.31416698103072,393.07826113357544,394.80859375,7118898
2017-12-19,TCS.NS,1041.1426406718952,1049.953572505626,1036.5754967756859,1040.8597412109375,1801952
2017-12-20,INFY.NS,395.26078789305973,400.56973303898474,393.6484511904394,399.48828125,4186326
2017-12-20,TCS.NS,1043.5678667949035,1047.9126981535578,1030.8970865722292,1046.3768310546875,1577570
2017-12-21,INFY.NS,399.07535257662414,404.63989898213254,392.62598201453466,401.92645263671875,11059162
2017-12-21,TCS.NS,1045.5887180825184,1054.0762956162382,1042.7797538240968,1049.10498046875,1293648
2017-12-22,INFY.NS,399.54720821483244,410.87297505117914,399.54720821483244,408.72970581054688,12906940
2017-12-22,TCS.NS,1052.4597520101304,1076.66952019989,1046.8821805940872,1069.738037109375,3665664
2017-12-26,INFY.NS,405.05287680339853,409.57531183566954,402.30009026201623,407.25509643554688,10808906
2017-12-26,TCS.NS,1085.6015474172991,1087.1171862120923,1063.6147201039241,1070.8291015625,2175786
2017-12-27,INFY.NS,404.26630684693771,408.63142954753903,404.03036335051235,406.72415161132812,6970172
2017-12-27,TCS.NS,1070.8292413247841,1074.4870031618352,1055.0868240564118,1058.885986328125,739284
2017-12-28,INFY.NS,405.05285322594062,408.98540519900803,402.61466620216038,406.3309326171875,8433472
2017-12-28,TCS.NS,1054.4000623743452,1072.4664647132008,1053.1268660436776,1061.7357177734375,2605088
2017-12-29,INFY.NS,405.09210673712505,412.44600659670652,405.05279082440831,409.79153442382812,6601768
2017-12-29,TCS.NS,1060.1794666358808,1094.8572096821079,1058.340471492661,1091.7451171875,2609542
2018-01-01,INFY.NS,408.08094545999677,410.75510030776525,405.05289929822709,406.448974609375,5431340
2018-01-01,TCS.NS,1084.1063502864761,1089.1584805969912,1064.9890694566027,1069.2733154296875,1351760
2018-01-02,INFY.NS,407.90397156201402,409.77193383236312,402.30008475096685,404.93487548828125,6112248
2018-01-02,TCS.NS,1075.0932521263255,1078.9733273932384,1059.0072506491017,1063.453125,1920290
2018-01-03,INFY.NS,404.46300373352528,405.68208534459859,400.56976735866192,401.63156127929688,6846552
2018-01-03,TCS.NS,1063.7764178273135,1078.7307215733661,1063.45306179522,1066.464111328125,1257120
2018-01-04,INFY.NS,401.51362122643275,401.51362122643275,397.0305016529166,399.3114013671875,8947614
2018-01-04,TCS.NS,1071.0512499584233,1075.9012933544614,1067.0095471283914,1073.9208984375,913082
2018-01-05,INFY.NS,399.27207231213316,403.63722022676939,395.61480308804119,397.97433471679688,11025976
2018-01-05,TCS.NS,1071.0514393012488,1091.0578718466872,1071.0514393012488,1086.8948974609375,1153706
2018-01-08,INFY.NS,403.04732318232135,408.5922127144463,401.14002078120603,407.43212890625,5594690
2018-01-08,TCS.NS,1091.2600639205223,1102.1120784703858,1083.9244107383772,1097.080078125,1242220
2018-01-09,INFY.NS,408.98541146318041,410.9123715604544,404.62028830717475,409.51629638671875,9948236
2018-01-09,TCS.NS,1097.3227276807343,1099.7477502833437,1081.7823942372304,1094.897705078125,2149396
2018-01-10,INFY.NS,411.65957371400918,415.27750245010691,406.2523145675234,413.80279541015625,9468634
2018-01-10,TCS.NS,1095.7059954066838,1138.1438889949177,1089.0977696496061,1134.3447265625,3365850
2018-01-11,INFY.NS,414.98261112278584,426.05275623959972,414.98261112278584,423.06402587890625,16775298
2018-01-11,TCS.NS,1135.7186015296038,1140.5281888777115,1124.4826468756776,1127.8372802734375,2520744
2018-01-12,INFY.NS,426.99651268972372,427.0358286085206,420.99937092725446,424.10604858398438,18016528
2018-01-12,TCS.NS,1133.697479451597,1133.697479451597,1107.6487282236708,1122.1180419921875,3360314
2018-01-15,INFY.NS,424.71565459279168,429.80829069363199,418.85614197939617,425.16790771484375,10649250
2018-01-15,TCS.NS,1122.4413751504676,1134.910066886403,1105.4258667568331,1109.8919677734375,1457214
2018-01-16,INFY.NS,425.20724149788435,446.26607945791585,425.20724149788435,441.566650390625,22646966
2018-01-16,TCS.NS,1113.8937633562905,1156.5943320500148,1111.6910541324344,1152.2293701171875,4267752
2018-01-17,INFY.NS,442.35319062847515,456.88400197878286,441.62567796386583,453.06939697265625,26154088
2018-01-17,TCS.NS,1159.9691637189421,1182.1985379365526,1156.796386292659,1167.628173828125,4280806
2018-01-18,INFY.NS,450.27722137902714,458.10300976203047,445.20421950227109,453.30526733398438,13204970
2018-01-18,TCS.NS,1170.8816802667995,1185.4318150578263,1159.180966607232,1179.4500732421875,2209478
2018-01-19,INFY.NS,450.27719781017515,451.41764747545477,446.73790105882881,449.66763305664062,5988278
2018-01-19,TCS.NS,1184.4416240587786,1205.2361720816418,1173.5693807397768,1196.0615234375,1820000
2018-01-22,INFY.NS,445.22387368627869,454.97657361132946,445.16487580672555,452.24346923828125,9650214
2018-01-22,TCS.NS,1199.586243908431,1269.9570888909868,1183.7862224587759,1262.543212890625,4367110
2018-01-23,INFY.NS,454.20973535910673,467.1871563693669,454.20973535910673,462.90066528320312,15403796
2018-01-23,TCS.NS,1261.9551350839247,1273.0557165057869,1251.8674739277762,1256.708740234375,3239610
2018-01-24,INFY.NS,461.99627488207653,480.18432972137464,459.12549242984971,466.32208251953125,20604718
2018-01-24,TCS.NS,1251.8480116605485,1320.3350561578322,1248.8702753704231,1286.1219482421875,5621538
2018-01-25,INFY.NS,464.82771386528253,465.37828082614908,457.06092253800733,462.23223876953125,13548914
2018-01-25,TCS.NS,1286.2836764532294,1288.2283140764721,1248.2015770558739,1264.427001953125,3833844
2018-01-29,INFY.NS,458.75192694652367,470.43158856413055,458.22099395998538,465.181640625,10823002
2018-01-29,TCS.NS,1268.6196751550069,1306.5397521768762,1264.8115058282815,1295.9456787109375,3141060
2018-01-30,INFY.NS,463.60855208781675,465.26020468032584,457.23778922074496,460.36419677734375,8628312
2018-01-30,TCS.NS,1288.3091400901064,1297.9512219894348,1273.6029499357069,1277.3099365234375,1574758
2018-01-31,INFY.NS,455.84183928716368,458.77157174047892,449.15649993965428,452.34185791015625,9213698
2018-01-31,TCS.NS,1270.8889726742298,1276.1556467720191,1255.3320672102709,1260.902587890625,3043214
2018-02-01,INFY.NS,449.17608145991647,455.3502170570369,439.87563415139022,450.11990356445312,13005454
2018-02-01,TCS.NS,1265.6218256702509,1292.3603149449746,1251.3613178387363,1271.5367431640625,2400630
2018-02-02,INFY.NS,446.44300839282118,457.3165253111643,444.41773431864317,449.58905029296875,10244486
2018-02-02,TCS.NS,1264.0017341018088,1292.3607473669135,1257.2968333267386,1277.63427734375,2456490
2018-02-05,INFY.NS,448.31093643656345,454.15076666550357,446.67891772489418,447.60305786132812,9860220
2018-02-05,TCS.NS,1259.9500849952719,1291.5501192813272,1246.5201099870428,1257.1951904296875,2757742
2018-02-06,INFY.NS,432.56097811419471,443.72943384795406,430.67338221855977,435.62838745117188,10552078
2018-02-06,TCS.NS,1219.4372408920417,1246.6415902741787,1209.3090246055629,1214.2718505859375,2657306
2018-02-07,INFY.NS,438.87284468668093,442.33350997573194,433.97683618577497,436.13973999023438,8342056
2018-02-07,TCS.NS,1226.3245261335514,1227.9450408691093,1194.0965195484666,1197.175537109375,2180324
2018-02-08,INFY.NS,441.5469904806032,450.82780428735572,439.08914529847658,446.04974365234375,8807244
2018-02-08,TCS.NS,1207.1819552087888,1226.5673984324162,1198.7755366936174,1204.9334716796875,2755004
2018-02-09,INFY.NS,439.65937656591234,440.56388285736546,434.94031349007071,436.1790771484375,4382690
2018-02-09,TCS.NS,1195.1296257181289,1212.9552879322298,1173.5159707201833,1203.9208984375,2102458
2018-02-12,INFY.NS,438.40088580368479,440.68173700287014,431.7155478666287,433.68182373046875,6291972
2018-02-12,TCS.NS,1206.5947209724932,1224.8457870855118,1197.3780438573297,1202.1383056640625,1974562
2018-02-14,INFY.NS,434.94030920179415,439.38411275631501,428.72685701128046,431.69595336914062,8345712
2018-02-14,TCS.NS,1203.2324044648269,1205.0352076460681,1171.8349258971421,1179.6539306640625,2847532
2018-02-15,INFY.NS,433.76049172721531,444.26038651362069,433.76049172721531,438.26324462890625,7986736
2018-02-15,TCS.NS,1187.8169285511522,1192.2936199265005,1176.9392836165139,1185.345703125,2465236
2018-02-16,INFY.NS,442.41218550704434,448.9598954535075,439.69871450164226,443.61163330078125,9889222
2018-02-16,TCS.NS,1184.1911322945757,1215.2240287630771,1184.1911322945757,1188.2626953125,2515756
2018-02-19,INFY.NS,443.74919398682965,446.73792401838966,440.56383634786721,445.06658935546875,6461840
2018-02-19,TCS.NS,1193.1037950020484,1196.4663823553722,1172.9283697904616,1184.43408203125,1568224
2018-02-20,INFY.NS,434.05548651965546,452.0469143867216,434.05548651965546,447.11154174804688,7188594
2018-02-20,TCS.NS,1186.2170228797013,1209.3296386843597,1186.1764704398809,1193.0029296875,1889068
2018-02-21,INFY.NS,451.26038525874941,452.99071790557969,448.31097097601247,451.2210693359375,13771358
2018-02-21,TCS.NS,1204.8527611290704,1240.7472037307643,1199.2012355113673,1232.5230712890625,3089228
2018-02-22,INFY.NS,450.49345765181488,457.74899598942631,448.48781797690384,456.47091674804688,17859974
2018-02-22,TCS.NS,1236.452517881328,1247.3909903527551,1224.5012238847687,1235.7232666015625,3463010
2018-02-23,INFY.NS,457.55234468952165,458.53548251652967,450.9653212485681,454.46530151367188,9459828
2018-02-23,TCS.NS,1235.6426296607121,1251.442650171128,1212.1857156970632,1246.094970703125,3362500
2018-02-26,INFY.NS,452.63665766952909,454.22936015863496,446.08895011010486,447.76028442382812,5083608
2018-02-26,TCS.NS,1245.7708536820767,1251.8275084573261,1223.9749080701251,1228.228759765625,1363882
2018-02-27,INFY.NS,450.25746247507061,453.67881106534321,442.66766692196973,452.32205200195312,6616026
2018-02-27,TCS.NS,1231.9958835902612,1247.2084799680526,1228.3497267496457,1232.5428466796875,1717800
2018-02-28,INFY.NS,451.29963251627953,467.77703406975621,449.31372267093354,461.13101196289062,17268416
2018-02-28,TCS.NS,1229.5651730091906,1241.2936249766549,1224.0756612689479,1229.58544921875,2706864
2018-03-01,INFY.NS,459.95121523515502,459.95121523515502,454.62263673934837,456.47091674804688,6579852
2018-03-01,TCS.NS,1235.2371528398135,1240.1797021839695,1223.4884229505533,1230.6591796875,1718124
2018-03-05,INFY.NS,456.47096828321031,460.423202200822,449.58900236035339,454.56369018554688,8101456
2018-03-05,TCS.NS,1235.2371965801055,1261.4287230249306,1228.734862267404,1258.268798828125,2858168
2018-03-06,INFY.NS,457.17896321232007,458.29973120409187,449.72674655601878,452.77447509765625,6689734
2018-03-06,TCS.NS,1264.811507602034,1266.8371506315057,1227.6004055873013,1232.725341796875,1906764
2018-03-07,INFY.NS,454.20967779881221,456.17595346027895,447.54402250835079,449.92318725585938,6370416
2018-03-07,TCS.NS,1243.7452053093298,1251.442651205381,1222.8810756437174,1226.5069580078125,1917772
2018-03-08,INFY.NS,451.85023065816443,458.45693730573333,451.85023065816443,454.858642578125,6093014
2018-03-08,TCS.NS,1237.6272430087058,1237.6272430087058,1210.3216166434183,1216.9859619140625,1951826
2018-03-09,INFY.NS,457.10012440462793,458.5355153357516,454.42601812663571,457.5130615234375,4220964
2018-03-09,TCS.NS,1217.4116439649124,1240.9901125954714,1206.149047244063,1229.200927734375,1872436
2018-03-12,INFY.NS,462.46806930937697,468.70115400991205,460.79673487522314,466.30230712890625,7676970
2018-03-12,TCS.NS,1232.8064182713804,1249.3761396371535,1229.7679535533275,1236.5133056640625,2091340
2018-03-13,INFY.NS,464.11982619425521,470.72653358686449,462.1339159874276,465.53558349609375,8581052
2018-03-13,TCS.NS,1184.9608563155143,1190.9567806611078,1163.5295883497192,1169.5255126953125,88067154
2018-03-14,INFY.NS,464.04105906329647,468.20955389121468,459.75456849302753,464.35568237304688,4429710
2018-03-14,TCS.NS,1172.0170885302862,1184.2115023345293,1164.7653241430728,1169.5660400390625,3668668
2018-03-15,INFY.NS,464.04115395414902,467.34450736291564,460.89511223242602,465.0242919921875,6101500
2018-03-15,TCS.NS,1172.8478002203622,1175.9065422444114,1156.885766095055,1162.5980224609375,2348906
2018-03-16,INFY.NS,464.8276110249729,464.98492269395797,459.81360760655633,460.85574340820312,17954826
2018-03-16,TCS.NS,1162.2331804502617,1163.5295724484747,1136.3859508070932,1144.7720947265625,7197482
2018-03-19,INFY.NS,457.74898319980377,464.23769301320306,449.35299555736088,450.96533203125,7526620
2018-03-19,TCS.NS,1146.1094201026306,1153.8068676042035,1142.46326075978,1146.919677734375,3489940
2018-03-20,INFY.NS,451.69294340299598,460.10861484818543,451.69294340299598,457.96539306640625,8553766
2018-03-20,TCS.NS,1142.4627536106154,1164.0155772658534,1142.0576249745834,1160.6328125,4024984
2018-03-21,INFY.NS,460.10859578886175,462.27149944427947,457.04118594835478,459.12545776367188,7692994
2018-03-21,TCS.NS,1163.7324630885525,1168.5130026489769,1154.6170652053524,1157.3516845703125,3907678
2018-03-22,INFY.NS,457.94568382444913,463.03831950061704,454.32775515930888,456.68728637695312,6813168
2018-03-22,TCS.NS,1158.648025034704,1165.1300854613066,1143.4962483508775,1147.0614013671875,2326094
2018-03-23,INFY.NS,451.06371684140657,461.60297546036497,449.23507055055188,459.16476440429688,12008084
2018-03-23,TCS.NS,1135.1705901218229,1148.1752606426701,1133.5703515769517,1141.71337890625,3654122
2018-03-26,INFY.NS,458.88950768407545,458.88950768407545,449.88395390100897,454.30807495117188,8930722
2018-03-26,TCS.NS,1142.0575716873834,1145.4606125079279,1126.8855247575634,1141.247314453125,2964210
2018-03-27,INFY.NS,456.17609033964743,456.68734136694457,452.28285376079043,453.81655883789062,3802088
2018-03-27,TCS.NS,1144.4884140581175,1159.8833024596074,1143.6984329876079,1153.684814453125,2494574
2018-03-28,INFY.NS,452.5384713719352,452.5384713719352,442.90371790800958,445.0863037109375,12558322
2018-03-28,TCS.NS,1148.9043838580781,1164.744954806798,1144.4885208101582,1154.2723388671875,6865654
2018-04-02,INFY.NS,448.70411668876056,452.06646735227469,440.95700959902535,447.19009399414062,8072702
2018-04-02,TCS.NS,1150.5655396752757,1180.5450643006175,1150.5655396752757,1178.78271484375,1662988
2018-04-03,INFY.NS,446.2266670666117,449.70701407489696,443.63119228458464,448.48788452148438,4077168
2018-04-03,TCS.NS,1171.6730970929138,1186.9868873256939,1171.6730970929138,1179.4312744140625,1937290
2018-04-04,INFY.NS,449.88410052027018,450.10041015513315,440.44597253732746,442.09762573242188,4813302
2018-04-04,TCS.NS,1186.8044651670502,1188.6478208672515,1171.6324123885793,1179.289306640625,2841820
2018-04-05,INFY.NS,448.13401796451166,452.75476693161318,444.02447199515228,451.28005981445312,7763544
2018-04-05,TCS.NS,1185.6294617677065,1200.7002301980485,1183.1176835140457,1198.3504638671875,1809424
2018-04-06,INFY.NS,449.49069157002134,450.67045716469335,441.27164832618297,443.1986083984375,5937742
2018-04-06,TCS.NS,1196.7500548846785,1199.1808268309576,1185.6292930121249,1195.2510986328125,1129018
2018-04-09,INFY.NS,442.41217322505099,442.72679663903938,435.15663278607741,437.00491333007812,7202882
2018-04-09,TCS.NS,1190.9570849412007,1200.5991699310321,1180.9504236034954,1184.5560302734375,1235866
2018-04-10,INFY.NS,437.29977492532868,442.21546484130585,434.70430025064957,437.850341796875,8926058
2018-04-10,TCS.NS,1185.2847451947559,1198.0665725216313,1185.2847451947559,1190.1058349609375,1184532
2018-04-11,INFY.NS,439.65940303518323,444.96834931512507,439.06952011518968,442.11724853515625,9025574
2018-04-11,TCS.NS,1195.3729216434651,1225.5144608867129,1193.3472779064623,1221.1187744140625,3124416
2018-04-12,INFY.NS,444.1621557777309,461.1901285646847,442.41218898765322,457.19857788085938,17044366
2018-04-12,TCS.NS,1219.4374076088038,1276.1554265673528,1218.6068739780928,1271.80029296875,6114360
2018-04-13,INFY.NS,461.68168365859367,466.36143093888563,452.34187106328568,460.67886352539062,21227038
2018-04-13,TCS.NS,1276.1554870629782,1312.9411951701522,1268.9037224300041,1277.492431640625,8179118
2018-04-16,INFY.NS,433.36720689496934,448.31090368445103,433.36720689496934,445.63674926757812,24745084
2018-04-16,TCS.NS,1262.3810157824992,1296.3915500043358,1260.2540901301056,1291.408447265625,6270274
2018-04-17,INFY.NS,443.19863176987423,443.35594345841639,438.47956914233339,442.49075317382812,10397940
2018-04-17,TCS.NS,1291.408618352126,1294.3660780041726,1275.0211802219619,1282.8807373046875,3301724
2018-04-18,INFY.NS,441.56662395835667,446.24637078098772,438.02732689994832,442.78570556640625,10430380
2018-04-18,TCS.NS,1282.6375116560123,1293.7582751007922,1274.4742076123298,1279.8421630859375,2433066
2018-04-19,INFY.NS,442.01884657479548,448.23229796165776,441.6649072924173,445.4991455078125,8525542
2018-04-19,TCS.NS,1288.2684748445622,1303.3797923360403,1282.5359443651762,1292.826171875,4820952
2018-04-20,INFY.NS,447.91762188023819,469.42865967292596,447.1114296099729,463.4315185546875,24272692
2018-04-20,TCS.NS,1316.6683229965195,1386.492296550163,1312.617035848838,1378.43017578125,18465662
2018-04-23,INFY.NS,459.32216512063445,477.56921963734464,454.30816032158646,467.06927490234375,21830638
2018-04-23,TCS.NS,1387.1605369783188,1441.4072251899136,1373.2038743712933,1380.9417724609375,15185910
2018-04-24,INFY.NS,466.00740600427338,470.49052482754985,452.28279009989944,454.01312255859375,8526216
2018-04-24,TCS.NS,1381.4888244718525,1394.9188009000707,1354.1426380636854,1371.6239013671875,8314336
2018-04-25,INFY.NS,453.02995806571437,460.5018063324232,450.35580369466379,456.31362915039062,11594178
2018-04-25,TCS.NS,1371.360606554992,1411.0632179116801,1363.278309024769,1405.8978271484375,8196574
2018-04-26,INFY.NS,461.68165494126163,464.69006714894937,456.17608154332493,462.64511108398438,11302084
2018-04-26,TCS.NS,1404.5811373611,1442.2581047030621,1404.5811373611,1433.8516845703125,12135034
2018-04-27,INFY.NS,464.04103012846218,468.60277980673629,461.76013128693802,466.0859375,7663370
2018-04-27,TCS.NS,1428.0789296796204,1435.7763763927869,1385.5404083700146,1398.4842529296875,4501330
2018-04-30,INFY.NS,464.70975348575757,475.03270477039109,464.29686423724968,471.709716796875,5511678
2018-04-30,TCS.NS,1398.4835965432035,1437.8013454241727,1392.6700607045432,1430.9547119140625,3458558
2018-05-02,INFY.NS,471.47372843124515,472.53549840343976,464.4344498611801,470.7462158203125,10295042
2018-05-02,TCS.NS,1430.3068282081533,1430.9955271937795,1406.3232297403097,1417.84912109375,3158046
2018-05-03,INFY.NS,470.824777418206,473.7545093892017,462.50742052771483,465.0439453125,5332230
2018-05-03,TCS.NS,1421.9209856609612,1428.4840519945155,1405.9588526776436,1410.59765625,3761550
2018-05-04,INFY.NS,466.00738290755442,466.40063808300386,454.20972764407202,461.32763671875,6023368
2018-05-04,TCS.NS,1414.7091863788785,1416.7348295437966,1405.7963564532383,1410.1514892578125,2347244
2018-05-07,INFY.NS,464.53272012563849,467.97370323768024,462.27150265201107,465.22091674804688,4638960
2018-05-07,TCS.NS,1413.899206199507,1413.899206199507,1381.85348548705,1385.925048828125,3484426
2018-05-08,INFY.NS,463.21539664411029,463.21539664411029,456.58905488105086,458.35870361328125,5718556
2018-05-08,TCS.NS,1391.4956914573975,1412.4813803927661,1376.1007990280486,1394.1290283203125,2992820
2018-05-09,INFY.NS,459.1253917730424,462.82199981739581,457.35574358205423,460.3837890625,3783504
2018-05-09,TCS.NS,1393.7236213889171,1415.8234099706181,1393.7236213889171,1413.615478515625,2615050
2018-05-10,INFY.NS,462.4680934540213,465.22087972458093,457.29677821622766,459.32205200195312,3182862
2018-05-10,TCS.NS,1419.1455736648513,1422.4676092554373,1393.7237474929764,1398.200439453125,3858678
2018-05-11,INFY.NS,461.01313305818604,465.29957673320223,458.55528782948886,464.33612060546875,3311706
2018-05-11,TCS.NS,1399.3952956801963,1411.8732772811677,1394.6553104850559,1400.5093994140625,2627876
2018-05-14,INFY.NS,465.75175287314488,468.56353695097869,460.10855076176671,467.69839477539062,4432094
2018-05-14,TCS.NS,1400.5297883839676,1406.2015896675591,1381.8128639297888,1391.029541015625,2433894
2018-05-15,INFY.NS,467.22650609471623,475.05229438630892,467.22650609471623,469.76303100585938,5611974
2018-05-15,TCS.NS,1397.6939387587274,1416.2488519882706,1391.090321527266,1410.820068359375,1952890
2018-05-16,INFY.NS,466.89236195600768,471.11985649467022,465.81090986472191,467.95413208007812,6205004
2018-05-16,TCS.NS,1409.8276003908022,1421.5966089125482,1407.9235152816566,1415.4791259765625,1648450
2018-05-17,INFY.NS,470.33327475251843,470.90347565795253,461.50471367166381,465.181640625,9519598
2018-05-17,TCS.NS,1423.196850431764,1431.3804304104931,1408.2273647111156,1414.62841796875,2968048
2018-05-18,INFY.NS,465.22086767936605,466.61694273948814,461.28831596610007,465.29949951171875,7139660
2018-05-18,TCS.NS,1410.1717781901987,1425.1209853187866,1400.9348254931872,1418.78076171875,1874996
2018-05-21,INFY.NS,463.86416438268679,467.34446310681176,460.10855823110961,463.844482421875,8475320
2018-05-21,TCS.NS,1429.5771638792128,1455.2218221185949,1425.2625841759675,1440.9410400390625,3446178
2018-05-22,INFY.NS,462.07494075420504,471.11981193492568,461.64236955956409,469.48779296875,5636804
2018-05-22,TCS.NS,1441.4476410917719,1448.3145514721316,1415.3978508429279,1421.5557861328125,1857416
2018-05-23,INFY.NS,469.93991560572431,474.91460297438948,464.63097095243791,465.96804809570312,9538442
2018-05-23,TCS.NS,1428.0787634823585,1436.1813380269393,1410.2530994842807,1415.9654541015625,1507298
2018-05-24,INFY.NS,471.11980186418663,482.74051400858002,471.11980186418663,480.1646728515625,9740570
2018-05-24,TCS.NS,1422.0016218682581,1464.5401319241462,1418.9024271275325,1459.962158203125,2962316
2018-05-25,INFY.NS,483.74316985104224,491.03807237856603,480.08592561196008,483.03533935546875,8901438
2018-05-25,TCS.NS,1468.5915971928935,1488.7670270546259,1447.3426157958747,1452.7105712890625,3769772
2018-05-28,INFY.NS,484.09717993861301,484.72637869500863,474.26579935496937,477.56915283203125,5739794
2018-05-28,TCS.NS,1465.1477144002638,1465.1477144002638,1412.278427319043,1418.78076171875,3716798
2018-05-29,INFY.NS,477.43157527816373,482.34726610716837,474.3444830337142,478.47366333007812,3388934
2018-05-29,TCS.NS,1430.0636090408645,1435.7759626769371,1413.0887578490849,1427.4708251953125,3525312
2018-05-30,INFY.NS,478.59159605756292,483.21234482804476,474.10847701120196,476.50732421875,6323066
2018-05-30,TCS.NS,1421.6169220262184,1431.3197348655535,1410.8607349757401,1423.662841796875,3779106
2018-05-31,INFY.NS,476.50736581138165,488.42301905299678,475.93716490248744,484.41183471679688,19720340
2018-05-31,TCS.NS,1416.6771253821687,1437.1430026396722,1410.2228094205982,1422.43701171875,5049371
2018-06-01,INFY.NS,483.8611468266601,490.09423136177986,478.6701500366508,480.08590698242188,4998356
2018-06-01,TCS.NS,1433.0171460017207,1435.8766442976194,1402.2163042498823,1415.4107666015625,1603856
2018-06-04,INFY.NS,480.20383301117585,488.81613001955543,476.62522090402348,487.40042114257812,4270156
2018-06-04,TCS.NS,1425.6642633552656,1428.9322616666816,1399.1934570865164,1425.051513671875,1681483
2018-06-05,INFY.NS,488.42294771938941,488.42294771938941,478.59156793437751,480.1055908203125,4710862
2018-06-05,TCS.NS,1424.8473200014153,1431.3016368674259,1398.0089027561544,1406.5465087890625,2449568
2018-06-06,INFY.NS,481.81622997562022,488.24599060769725,479.79100419134318,486.63360595703125,4038184
2018-06-06,TCS.NS,1407.6903847710009,1417.4127004681661,1401.3177476635742,1409.9371337890625,2236512
2018-06-07,INFY.NS,486.8499219303572,494.71502567721274,486.8499219303572,492.53244018554688,6676226
2018-06-07,TCS.NS,1409.3243397315418,1428.9323305451981,1408.3439800834183,1417.9437255859375,2414762
2018-06-08,INFY.NS,490.78243536100865,496.28800755255838,490.01560700766902,495.52117919921875,6459878
2018-06-08,TCS.NS,1417.4942082802816,1435.7133379968434,1417.4942082802816,1427.3798828125,2582138
2018-06-11,INFY.NS,497.68419820220657,499.43416485351707,493.55501809908696,496.4454345703125,5171290
2018-06-11,TCS.NS,1427.3797276136784,1440.370038891992,1424.0300497950889,1429.50390625,2179378
2018-06-12,INFY.NS,497.76275171000287,499.92565523313539,491.74592816192074,494.91165161132812,7839820
2018-06-12,TCS.NS,1435.4681830344609,1458.3441700150897,1432.200184894371,1455.076171875,4608875
2018-06-13,INFY.NS,498.1757052345543,504.93967545461805,498.1757052345543,501.32174682617188,5766928
2018-06-13,TCS.NS,1483.6711421320458,1496.4572046853534,1468.9651506351422,1490.288818359375,5370983
2018-06-14,INFY.NS,504.82702467657816,504.82702467657816,497.2123055295184,499.468505859375,7598848
2018-06-14,TCS.NS,1495.1093289154792,1496.9884679645997,1457.5273457842704,1460.427734375,3819998
2018-06-15,INFY.NS,498.38059408346032,520.33834863281243,497.57480492568595,516.20867919921875,19957760
2018-06-15,TCS.NS,1470.5995545881599,1509.0802229869337,1461.2857374628186,1503.3204345703125,9183574
2018-06-18,INFY.NS,517.31667219036262,520.23765807305745,508.59399416643515,510.62863159179688,8214846
2018-06-18,TCS.NS,1526.1145795123573,1526.1145795123573,1488.6960523607888,1494.29248046875,4674987
2018-06-19,INFY.NS,508.85599554407958,509.01716325703262,498.80379266019946,500.23403930664062,7545700
2018-06-19,TCS.NS,1488.6956716906816,1502.4620934379495,1487.756102311314,1490.6156005859375,3245034
2018-06-20,INFY.NS,503.01378262077782,504.56491660754597,498.78339037606963,500.85830688476562,5371802
2018-06-20,TCS.NS,1496.7434269443538,1500.2565654918624,1485.7956111896367,1488.9410400390625,3107695
2018-06-21,INFY.NS,501.9864953848886,506.23705298745426,497.97771388180939,502.228271484375,5798790
2018-06-21,TCS.NS,1496.7432680169202,1496.7432680169202,1484.9784538242197,1486.408203125,2910659
2018-06-22,INFY.NS,500.79804599454121,505.83422907976387,500.07281595767898,502.7520751953125,4343118
2018-06-22,TCS.NS,1492.6581874184619,1492.6581874184619,1470.2315895197555,1478.6058349609375,2949458
2018-06-25,INFY.NS,506.49882960737546,515.22150535310016,505.22970209834887,512.6630859375,7731178
2018-06-25,TCS.NS,1480.3214893313052,1488.8590946482389,1475.5011720897178,1486.326416015625,2083217
2018-06-26,INFY.NS,511.27332034026654,517.27646057299216,510.16536003220057,514.83892822265625,4483504
2018-06-26,TCS.NS,1489.3901435077578,1520.4361256543814,1487.756144447409,1513.0831298828125,4679712
2018-06-27,INFY.NS,517.29656922391314,521.12406842132486,509.90346218941835,511.67620849609375,6952142
2018-06-27,TCS.NS,1519.6193508645049,1540.1669120334964,1512.4706039182338,1517.9853515625,4081208
2018-06-28,INFY.NS,514.21440720589237,522.95720051573198,514.19424280292981,519.5728759765625,10996818
2018-06-28,TCS.NS,1523.7042382055774,1528.6062357547644,1492.0863939058806,1505.485107421875,4888125
2018-06-29,INFY.NS,522.97725078030669,529.80629321417155,517.01439221831617,526.6636962890625,9966600
2018-06-29,TCS.NS,1507.2825330758978,1525.6650234793976,1505.1583541311056,1509.6109619140625,3506276
2018-07-02,INFY.NS,529.40350957420173,539.87876927658317,529.40350957420173,537.743408203125,4830144
2018-07-02,TCS.NS,1513.0831936867226,1517.8218310541083,1504.1778784860244,1512.5521240234375,2650290
2018-07-03,INFY.NS,536.61522159616038,547.09047912732387,536.55477758180393,545.41845703125,8127452
2018-07-03,TCS.NS,1519.578491505963,1535.8776947096278,1517.2092722555988,1531.0982666015625,3242233
2018-07-04,INFY.NS,544.73356068138662,544.97528755942108,539.41532345732514,541.97369384765625,5025722
2018-07-04,TCS.NS,1535.877543146441,1535.877543146441,1517.2908025470454,1524.643798828125,2700614
2018-07-05,INFY.NS,542.73935306220199,542.79979709375687,510.9106768919242,517.31671142578125,17019902
2018-07-05,TCS.NS,1530.2402088938961,1542.0867027694762,1521.3348935514916,1536.204345703125,2472571
2018-07-06,INFY.NS,519.83466453025005,524.50823121676422,511.27315581390218,517.41729736328125,11215356
2018-07-06,TCS.NS,1538.2878458865755,1569.4564039965576,1537.3074861514467,1562.8795166015625,3713781
2018-07-09,INFY.NS,522.55415454006925,524.97152148474197,515.32221810317287,523.29949951171875,6644998
2018-07-09,TCS.NS,1571.9075120631142,1572.2343319079548,1533.100024109373,1538.4105224609375,6151747
2018-07-10,INFY.NS,527.1876294722415,529.98772751064314,521.466545332446,524.32708740234375,5974488
2018-07-10,TCS.NS,1550.6651198741422,1551.400439403079,1528.401882510301,1531.955810546875,5303302
2018-07-11,INFY.NS,530.83378127663991,540.72481385070057,520.27791361814343,532.00213623046875,11899832
2018-07-11,TCS.NS,1552.2994614886018,1632.3654337127507,1547.5200330929322,1617.5777587890625,22903802
2018-07-12,INFY.NS,534.27841221850872,534.68130673781718,517.49784565302411,521.48651123046875,13272240
2018-07-12,TCS.NS,1620.927350964274,1626.5646686533239,1601.7278586519451,1610.59228515625,6921701
2018-07-13,INFY.NS,529.80635862707868,536.49439864113492,523.09815421197118,530.7733154296875,19496158
2018-07-13,TCS.NS,1613.5741837953401,1632.2834942777777,1612.7571842086081,1618.557861328125,4148185
2018-07-16,INFY.NS,530.77340543157914,557.76734615184944,518.8074051855001,536.99810791015625,35344680
2018-07-16,TCS.NS,1625.8290545515376,1630.7310517009394,1615.5756706214843,1625.1754150390625,2582159
2018-07-17,INFY.NS,535.72890388036421,543.70623624479765,528.87969601362715,535.00372314453125,11161690
2018-07-17,TCS.NS,1628.2863026947409,1644.6592167489869,1621.7371370730427,1639.051513671875,3315492
2018-07-18,INFY.NS,539.79819836937838,541.24860907593302,529.40349813970965,532.8482666015625,6919016
2018-07-18,TCS.NS,1641.3847832619556,1646.869669996177,1631.6020061974973,1637.4962158203125,2013869
2018-07-19,INFY.NS,533.02958881762845,536.61536081603708,527.42934369443662,530.4913330078125,5118864
2018-07-19,TCS.NS,1639.0106241947165,1645.8462961711434,1612.7321157968804,1622.064697265625,1746318
2018-07-20,INFY.NS,534.23813083282812,550.8172500837286,532.34454627093669,543.14208984375,11705738
2018-07-20,TCS.NS,1624.9301842115785,1637.2917166860875,1624.1933829525988,1634.50830078125,1934995
2018-07-23,INFY.NS,544.77390075371068,551.15976982955078,538.36786727685467,546.30487060546875,7675702
2018-07-23,TCS.NS,1638.110025602112,1645.436864554285,1625.8303402527708,1641.916748046875,2086201
2018-07-24,INFY.NS,553.73823148952533,556.96138761090617,546.32496257405739,554.84619140625,6172246
2018-07-24,TCS.NS,1649.5711097125711,1649.5711097125711,1624.31590948334,1636.4727783203125,2038423
2018-07-25,INFY.NS,555.59156102677571,561.55441978797251,550.13232043184678,557.50531005859375,6936922
2018-07-25,TCS.NS,1638.8470002755789,1638.9288448667755,1611.4223667575784,1622.1466064453125,1535492
2018-07-26,INFY.NS,555.41038552440409,560.18467682723724,551.64328156734189,553.2750244140625,7362218
2018-07-26,TCS.NS,1616.7847978432151,1625.0122297096545,1600.5346955325922,1608.3936767578125,3503036
2018-07-27,INFY.NS,553.2548061422392,559.62056004718386,551.28066208623784,553.35552978515625,6493232
2018-07-27,TCS.NS,1605.2418675455556,1608.3527620829111,1588.4187534790253,1591.2430419921875,2033977
2018-07-30,INFY.NS,551.96560535670915,553.17428916405959,543.10192410280581,544.31060791015625,6409970
2018-07-30,TCS.NS,1590.628907312499,1600.2070239095804,1581.2554521805889,1591.938720703125,1579251
2018-07-31,INFY.NS,543.32345780343121,551.96552611268339,538.08582872352986,549.9913330078125,7943996
2018-07-31,TCS.NS,1589.8099059035549,1593.9031342915662,1578.3488664171234,1588.3363037109375,2204803
2018-08-01,INFY.NS,549.4676508874627,551.34107134955445,544.31058056261702,545.5394287109375,4675706
2018-08-01,TCS.NS,1596.3185006855804,1622.1877905521369,1596.1957837489326,1618.0535888671875,2425180
2018-08-02,INFY.NS,547.77549914319843,550.65620542639113,543.96816477058496,545.3782958984375,5940742
2018-08-02,TCS.NS,1620.9187488757959,1625.0119780396237,1592.2661447290016,1595.049560546875,1509287
2018-08-03,INFY.NS,550.43463090930038,550.43463090930038,546.32512530306167,549.58856201171875,3970390
2018-08-03,TCS.NS,1601.6802614004962,1622.5966983469957,1601.6802614004962,1620.4681396484375,1505131
2018-08-06,INFY.NS,550.37418803972207,553.98007503737745,542.90047353662987,548.19854736328125,6178930
2018-08-06,TCS.NS,1634.8354225540184,1636.4317416566882,1614.57394197905,1617.2755126953125,1532249
2018-08-07,INFY.NS,553.57718044026524,555.9743836378517,548.19854736616799,551.1396484375,7351528
2018-08-07,TCS.NS,1619.4447853185652,1620.222558645685,1604.954797282368,1610.5625,1353521
2018-08-08,INFY.NS,552.69070962447029,552.9727161094653,545.23716117417871,549.04449462890625,3992358
2018-08-08,TCS.NS,1614.3694223637758,1619.5269305724594,1606.1829648467183,1616.0067138671875,1315062
2018-08-09,INFY.NS,553.43603733406894,559.80174089727609,553.43603733406894,555.9742431640625,6409524
2018-08-09,TCS.NS,1620.9187037738329,1621.5736603947623,1609.4576624340179,1616.2933349609375,2060297
2018-08-10,INFY.NS,558.33136007330324,559.6206031293068,553.19445388907093,558.1903076171875,4779520
2018-08-10,TCS.NS,1621.6964990816261,1634.4264823556612,1614.4106307715815,1631.64306640625,2784105
2018-08-13,INFY.NS,560.02354538112797,568.02099408858521,555.47081631083563,567.57781982421875,9979746
2018-08-13,TCS.NS,1635.4902652728031,1640.7704895671584,1629.1047894417588,1637.4140625,3559575
2018-08-14,INFY.NS,569.67267695786677,573.94339814063983,565.66389622628265,567.3963623046875,6151320
2018-08-14,TCS.NS,1630.7423553967499,1657.4301872104488,1622.8833760801019,1640.19775390625,3311765
2018-08-16,INFY.NS,570.0757675893168,578.11354539734725,568.58507705103818,575.95806884765625,6626774
2018-08-16,TCS.NS,1637.5373879214083,1653.7056439939886,1633.1985247998739,1644.250244140625,2152065
2018-08-17,INFY.NS,576.50194619570209,579.22148499675461,573.31906872558284,576.28033447265625,6390408
2018-08-17,TCS.NS,1648.630104804532,1655.2202445885703,1640.5664622892343,1647.7296142578125,1213731
2018-08-20,INFY.NS,559.21758048836239,567.255306299023,553.37561008700698,557.70672607421875,16101876
2018-08-20,TCS.NS,1656.9391475878972,1656.9391475878972,1640.3205973896434,1645.4371337890625,1587032
2018-08-21,INFY.NS,560.02328548956643,562.4406521895213,553.47625067718832,557.58575439453125,8361482
2018-08-21,TCS.NS,1645.6010007568202,1656.9392259678064,1640.5663087151602,1651.7408447265625,1376866
2018-08-23,INFY.NS,561.23207602253103,564.65667950149111,558.14992305517467,563.00482177734375,7717182
2018-08-23,TCS.NS,1655.9567178777197,1668.4000937166029,1653.9101034349858,1666.0260009765625,3046791
2018-08-24,INFY.NS,562.64229319033143,564.81793380587874,554.42323374352372,555.30963134765625,7053000
2018-08-24,TCS.NS,1666.0260862466084,1674.9493456601047,1662.6696583752066,1672.493408203125,1570533
2018-08-27,INFY.NS,557.20322434140985,572.09015993954893,556.5586028263325,570.25701904296875,7012950
2018-08-27,TCS.NS,1672.4932278918147,1685.5915595835766,1665.9440620459341,1678.96044921875,1532702
2018-08-28,INFY.NS,570.98207537861219,579.52346843186012,568.68559636237819,574.0037841796875,6496890
2018-08-28,TCS.NS,1682.3170426017848,1696.2340205697801,1679.8611053133152,1693.9417724609375,1987983
2018-08-29,INFY.NS,577.58960373814125,577.58960373814125,566.12727372727704,568.12158203125,5646496
2018-08-29,TCS.NS,1696.6434537674011,1699.9999815590941,1674.6218613291369,1696.234130859375,1525867
2018-08-30,INFY.NS,569.20948244079557,572.7348100166887,562.50127784580252,570.57928466796875,11507962
2018-08-30,TCS.NS,1692.9597477463535,1706.8767282645779,1690.9131329642619,1704.7481689453125,2408020
2018-08-31,INFY.NS,574.16501530328003,585.9295657117973,572.55343709785006,580.611328125,10875864
2018-08-31,TCS.NS,1704.6662272818091,1712.6070517457395,1697.8714270175258,1701.473388671875,2504554
2018-09-03,INFY.NS,583.79431933236287,591.40903768168835,576.13932135630012,577.85162353515625,10976328
2018-09-03,TCS.NS,1706.7129455688046,1710.9698641094355,1676.9141160549602,1680.5980224609375,1439711
2018-09-04,INFY.NS,581.77976257602381,603.13317491434054,576.94502770697102,593.98748779296875,15370124
2018-09-04,TCS.NS,1686.2468036933349,1723.0448955920453,1683.9135830169882,1718.2557373046875,4420803
2018-09-05,INFY.NS,597.85531907104098,599.54745675325148,584.51951737308741,588.14556884765625,8658978
2018-09-05,TCS.NS,1719.156335480041,1725.0915180668173,1698.731160895733,1702.16943359375,1681106
2018-09-06,INFY.NS,590.2809815386222,592.65806996962976,583.47205165984735,585.92974853515625,5598659
2018-09-06,TCS.NS,1698.6901572850029,1704.0113553680644,1686.6561031316369,1698.935791015625,2238097
2018-09-07,INFY.NS,591.73126319429923,592.37593388187679,583.23019720265575,590.4822998046875,6510605
2018-09-07,TCS.NS,1702.2103493425368,1706.0579448498227,1690.8310521524004,1702.66064453125,1312182
2018-09-10,INFY.NS,594.47091422290805,601.92446346934912,587.74259484600373,588.91094970703125,5629871
2018-09-10,TCS.NS,1706.3854385345269,1713.753251654045,1698.0762625734035,1703.3974609375,1530539
2018-09-11,INFY.NS,592.98021001948814,600.11142378156808,589.83761290111829,591.69091796875,6963561
2018-09-11,TCS.NS,1710.1507885876413,1710.1507885876413,1671.8381316181064,1675.1536865234375,3679745
2018-09-12,INFY.NS,599.8294111597379,601.52154855609831,593.26221048148352,598.6207275390625,4636617
2018-09-12,TCS.NS,1680.1477405400535,1693.6961682590068,1670.0373852472146,1673.27099609375,2307661
2018-09-14,INFY.NS,597.81493879580501,600.31286527402472,587.46051959730175,591.20745849609375,7896514
2018-09-14,TCS.NS,1673.3121134843789,1695.8658465720439,1652.1501382978697,1690.8310546875,3642038
2018-09-17,INFY.NS,592.25502849554368,596.28397426762228,583.87480161703365,584.962646484375,5427054
2018-09-17,TCS.NS,1694.5965967796953,1700.9820732042635,1681.9485607042016,1697.993896484375,1033857
2018-09-18,INFY.NS,588.2260531429414,588.2260531429414,577.75079466231375,579.44293212890625,7729732
2018-09-18,TCS.NS,1697.052768506938,1701.8009541901242,1684.4457029463026,1695.2108154296875,1456507
2018-09-19,INFY.NS,585.80876877822163,585.80876877822163,574.6888872676941,579.966796875,4849498
2018-09-19,TCS.NS,1696.1523336614136,1710.1512582777411,1692.0183318230293,1701.064208984375,1301268
2018-09-21,INFY.NS,575.21254625304243,578.07313698721214,557.60607357362881,568.32305908203125,14350769
2018-09-21,TCS.NS,1700.3272346445565,1736.3476478965354,1678.3465161574175,1721.7347412109375,4508530
2018-09-24,INFY.NS,569.28997409713008,588.18573749687278,569.28997409713008,578.75799560546875,8637881
2018-09-24,TCS.NS,1731.4354088146488,1809.6160620259013,1717.6411507891094,1799.7513427734375,3032226
2018-09-25,INFY.NS,578.75808959543917,593.06084781377399,577.75085310119016,585.16412353515625,9602273
2018-09-25,TCS.NS,1805.0320297973033,1810.7625503507081,1763.1993496762655,1787.2674560546875,2868778
2018-09-26,INFY.NS,589.19310696692355,589.71684046834491,573.72194359547029,578.435791015625,6599606
2018-09-26,TCS.NS,1790.3783306850526,1800.2020800989624,1747.8906944157704,1753.6619873046875,1970951
2018-09-27,INFY.NS,581.77981078595985,588.87074601187692,578.11347970940608,584.0360107421875,14592616
2018-09-27,TCS.NS,1753.4572445737031,1808.9614661622275,1748.4636254386037,1791.892822265625,3311802
2018-09-28,INFY.NS,580.97397547173398,591.89240858640039,576.30040825152787,588.266357421875,7490031
2018-09-28,TCS.NS,1783.0103950668768,1792.8341438000277,1767.3334093260955,1787.6766357421875,2904371
2018-10-01,INFY.NS,594.26958663182563,608.2903396025763,590.64353491678401,601.642578125,8252398
2018-10-01,TCS.NS,1793.5707737740083,1863.1966301278253,1793.1206785333591,1846.496337890625,3772208
2018-10-03,INFY.NS,599.34595916237151,605.91316039900653,585.2446490555194,587.01739501953125,7792464
2018-10-03,TCS.NS,1842.1990707871428,1846.0466668826421,1764.6733372107399,1770.6085205078125,3902322
2018-10-04,INFY.NS,587.01748879001173,588.02472538711197,566.06696757032705,569.85418701171875,6173037
2018-10-04,TCS.NS,1765.491948696427,1765.5327211024396,1683.4226916055243,1690.3402099609375,4762419
2018-10-05,INFY.NS,574.52762207326475,589.4347202617015,571.54619259928484,583.874755859375,8543578
2018-10-05,TCS.NS,1678.2240578585383,1735.5292695902933,1654.4014826822377,1721.32568359375,3417624
2018-10-08,INFY.NS,584.23738989609035,587.17853984799933,571.50593167394368,575.696044921875,7259306
2018-10-08,TCS.NS,1721.3253535974784,1737.329917492975,1676.7091615882935,1700.7774658203125,2010154
2018-10-09,INFY.NS,577.8313199731997,582.10204137125231,566.1877073062625,578.3551025390625,6777212
2018-10-09,TCS.NS,1703.0699047465664,1725.4187756510939,1680.8435509039643,1712.443359375,1867130
2018-10-10,INFY.NS,580.08764839690161,580.08764839690161,560.34581355352657,564.4150390625,8866251
2018-10-10,TCS.NS,1719.1563899562343,1724.0272930881658,1661.0325310577139,1672.9847412109375,2749573
2018-10-11,INFY.NS,551.96565071627822,558.33140563070515,534.48001369670862,542.57818603515625,10985897
2018-10-11,TCS.NS,1625.0122538880069,1647.9343410965027,1588.9918311317992,1620.8780517578125,4700256
2018-10-12,INFY.NS,545.03574025564819,551.19999706028489,533.02946358027305,546.9696044921875,8909221
2018-10-12,TCS.NS,1619.2814409476368,1619.2814409476368,1557.8830041068518,1570.4083251953125,9373289
2018-10-15,INFY.NS,554.86639003734865,568.08135179422663,549.14530673441902,563.08544921875,6222176
2018-10-15,TCS.NS,1588.1730591978712,1600.903043021603,1571.8001410618108,1595.9501953125,2638151
2018-10-16,INFY.NS,572.11036701332705,575.2529647582428,555.51112815003648,560.2249755859375,11588963
2018-10-16,TCS.NS,1602.9083721831232,1614.2875680497475,1584.0795200073255,1606.4285888671875,2815425
2018-10-17,INFY.NS,572.11034284392076,581.61864574784954,565.14024645921995,568.3634033203125,20360697
2018-10-17,TCS.NS,1612.7319897416398,1628.2862576630059,1571.7997057380448,1579.4949951171875,2779207
2018-10-19,INFY.NS,553.5771013197899,554.14116351550581,546.32499955577509,550.797119140625,10421001
2018-10-19,TCS.NS,1579.1675521634941,1579.1675521634941,1530.9084282172798,1566.23291015625,3428776
2018-10-22,INFY.NS,554.94701762360569,560.06375923960468,542.94073917937476,547.8963623046875,6672840
2018-10-22,TCS.NS,1566.8880382383491,1568.5253298143555,1544.7436296999203,1557.8829345703125,1778496
2018-10-23,INFY.NS,544.67309887244301,549.54811261580767,526.42195786445188,529.8868408203125,9041701
2018-10-23,TCS.NS,1548.8587353882604,1557.0624363172235,1507.0198606505478,1512.475341796875,2752811
2018-10-24,INFY.NS,534.23817152645097,537.05843336708836,521.46643400643563,523.60174560546875,7058164
2018-10-24,TCS.NS,1519.3665777250565,1537.3736624765436,1485.7723599667725,1516.4542236328125,2735913
2018-10-25,INFY.NS,523.76468202447609,534.63909216102832,518.26637470928915,528.44842529296875,8270469
2018-10-25,TCS.NS,1512.7624212636604,1539.7526168126033,1497.2164483690867,1520.145751953125,2507233
2018-10-26,INFY.NS,525.638135730253,528.40767319848942,513.09388004463301,516.10772705078125,5464141
2018-10-26,TCS.NS,1520.8841788829532,1520.8841788829532,1469.3648955138517,1475.9278564453125,2285970
2018-10-29,INFY.NS,516.18920250343297,529.91458563797812,514.39715180946166,525.19012451171875,7137446
2018-10-29,TCS.NS,1483.8036136945609,1540.6142528399721,1463.827618370196,1534.9127197265625,2609483
2018-10-30,INFY.NS,522.2169434456373,540.70755558471933,519.24381477303223,537.286376953125,8793411
2018-10-30,TCS.NS,1531.6309277511014,1566.4146389080267,1513.582786127896,1554.437255859375,2404883
2018-10-31,INFY.NS,540.78901086652309,564.45208299565763,540.09660169855044,559.11669921875,11947995
2018-10-31,TCS.NS,1558.70310647417,1594.7173719628495,1538.5629815412799,1590.000244140625,2769190
2018-11-01,INFY.NS,561.80492234418477,561.80492234418477,537.28651080703287,543.0699462890625,5860244
2018-11-01,TCS.NS,1594.5125608258772,1595.0867799093028,1559.7699028502966,1588.0316162109375,2769759
2018-11-02,INFY.NS,542.45896543442598,550.4824018304912,537.69373567984564,539.445068359375,6654067
2018-11-02,TCS.NS,1586.7599861808503,1603.4955581354122,1562.8052166184304,1569.7373046875,1818635
2018-11-05,INFY.NS,540.46334536440736,544.61760288732012,535.16867807749156,542.499755859375,5799426
2018-11-05,TCS.NS,1566.9070080310046,1581.1404103005189,1546.192661458867,1551.1968994140625,1713366
2018-11-06,INFY.NS,544.04727756342015,549.83066167346681,538.14168897507557,542.86614990234375,6975525
2018-11-06,TCS.NS,1553.7807739158216,1589.4668687760845,1551.3196639254586,1585.529052734375,1398710
2018-11-07,INFY.NS,548.20162690541724,551.86716527254111,547.38706282383419,550.238037109375,758956
2018-11-07,TCS.NS,1591.5180445519709,1598.9013756864904,1589.0569341737978,1593.2818603515625,144530
2018-11-09,INFY.NS,553.08901683700356,553.08901683700356,533.94676073145195,537.20501708984375,9694143
2018-11-09,TCS.NS,1608.7459484765059,1609.5252601027194,1562.8052176684057,1566.250732421875,2570479
2018-11-12,INFY.NS,542.4995913989502,550.97107637667989,539.48569483665949,541.03338623046875,7118080
2018-11-12,TCS.NS,1565.6762901627653,1596.5221849940995,1565.6762901627653,1570.8856201171875,2552008
2018-11-13,INFY.NS,540.46325916542742,543.92515645473122,534.59838793190374,542.25531005859375,4137808
2018-11-13,TCS.NS,1571.0087782495989,1590.6976611101682,1561.1643368193143,1587.3751220703125,1418432
2018-11-14,INFY.NS,542.2554171190036,542.2554171190036,521.72838860743138,532.0733642578125,7323026
2018-11-14,TCS.NS,1579.2122468200478,1583.2320798405178,1534.0918969109036,1542.828857421875,2422318
2018-11-15,INFY.NS,532.72483615631768,542.49960379221341,526.77852912122228,534.6798095703125,5513390
2018-11-15,TCS.NS,1529.1699201695276,1557.8828746791487,1523.9195313163436,1536.43017578125,1829123
2018-11-16,INFY.NS,537.53090295495349,539.6487498600369,524.74223584504898,530.1590576171875,8583785
2018-11-16,TCS.NS,1549.6794800164373,1558.5395192181952,1534.2975370570364,1547.7105712890625,1829729
2018-11-19,INFY.NS,536.79774848926991,539.24144081926659,528.85574841678067,530.8514404296875,6018930
2018-11-19,TCS.NS,1557.8830196851177,1564.7330908700137,1529.4162136216282,1560.7132568359375,1740628
2018-11-20,INFY.NS,530.85142594185174,534.35404157584514,521.40245269351442,522.46142578125,5384830
2018-11-20,TCS.NS,1560.3441441085452,1560.3441441085452,1537.5378121448773,1540.8603515625,1190182
2018-11-21,INFY.NS,521.32078860855802,521.36150685176312,498.59444059334385,504.29638671875,14359086
2018-11-21,TCS.NS,1534.9124559819304,1534.9535145440343,1475.4766823373586,1486.5106201171875,3840461
2018-11-22,INFY.NS,506.86244046183975,511.66838786769938,502.38233853730759,505.64059448242188,6632975
2018-11-22,TCS.NS,1493.0738765968881,1515.7160757958304,1484.8291154079889,1486.962158203125,3194219
2018-11-26,INFY.NS,505.84419068975473,511.54613808883408,488.61614401857918,506.21075439453125,15075209
2018-11-26,TCS.NS,1492.2534602513706,1525.8886399491751,1463.9506870910229,1514.4854736328125,4333177
2018-11-27,INFY.NS,509.50974995744065,522.1354911634204,509.34682722427851,520.4249267578125,12285851
2018-11-27,TCS.NS,1520.9665327471978,1556.9808088640123,1505.6666066583589,1550.7049560546875,3344839
2018-11-28,INFY.NS,522.094835560918,544.69898785187024,521.32098977331441,542.82550048828125,17719890
2018-11-28,TCS.NS,1549.6794344044824,1631.7164611066785,1544.3470276688397,1627.5325927734375,5313249
2018-11-29,INFY.NS,546.57245114625232,549.74927067460453,536.6347602729121,538.467529296875,13399070
2018-11-29,TCS.NS,1638.2794090416023,1638.2794090416023,1593.6102884466081,1608.376953125,4035441
2018-11-30,INFY.NS,538.4268985024097,547.3871040750671,538.38618023867127,543.68084716796875,10445773
2018-11-30,TCS.NS,1612.8477706143624,1633.357025072836,1607.8024739890091,1614.693603515625,5268901
2018-12-03,INFY.NS,548.32384906066875,553.08902920455171,542.45897754101065,546.04302978515625,8260890
2018-12-03,TCS.NS,1627.6144521543679,1632.5366732798348,1614.7346802665345,1626.3018798828125,1610576
2018-12-04,INFY.NS,547.8351395239157,560.62380733162934,546.81693427994253,558.18011474609375,7827923
2018-12-04,TCS.NS,1626.7941883032861,1656.655685111604,1616.9497454088639,1649.6414794921875,3270615
2018-12-05,INFY.NS,556.3472278628434,556.87671436475682,547.79430561897834,555.0439453125,5177288
2018-12-05,TCS.NS,1645.6625544062226,1655.5069964066588,1628.4347809054595,1646.27783203125,2501539
2018-12-06,INFY.NS,550.72680044905326,558.34300506132797,541.31859448523153,544.5361328125,8039771
2018-12-06,TCS.NS,1639.0994664485202,1654.6864984117442,1624.0046365187254,1634.75146484375,2321216
2018-12-07,INFY.NS,547.38716447088791,558.58742267248715,542.1739334938668,556.1844482421875,5553948
2018-12-07,TCS.NS,1628.4758132904788,1643.9397706556531,1618.5903128834964,1636.802490234375,1680420
2018-12-10,INFY.NS,545.67652807398508,556.99893959888595,541.8480667371141,545.1063232421875,5121196
2018-12-10,TCS.NS,1620.2308709251358,1649.7641931293408,1607.9253200067171,1620.88720703125,2010786
2018-12-11,INFY.NS,545.10616120128304,555.45113247310439,538.10088196756931,549.42333984375,7120933
2018-12-11,TCS.NS,1616.1292510986327,1648.944058227539,1608.7459194946289,1640.7403564453125,2942014
2018-12-12,INFY.NS,551.54123120704992,554.43297300605798,546.24656552678096,552.681640625,6926183
2018-12-12,TCS.NS,1641.6425902568856,1658.7883454086179,1628.393593087691,1654.5224609375,2219993
2018-12-13,INFY.NS,555.5327961948002,570.1949521061,553.90366776021142,568.3621826171875,7521474
2018-12-13,TCS.NS,1660.4291641532946,1665.1052338963927,1619.8208422038931,1626.4658203125,3748429
2018-12-14,INFY.NS,568.11763372513576,581.35429783934183,565.63322363479995,575.12286376953125,9560576
2018-12-14,TCS.NS,1626.7940443307104,1639.8789084627185,1620.4361755240727,1632.33154296875,2473761
2018-12-17,INFY.NS,579.84746636400962,579.84746636400962,564.28931109118798,565.63336181640625,4778465
2018-12-17,TCS.NS,1639.9199085822352,1644.7601124330317,1628.4347266311838,1636.064208984375,1227921
2018-12-18,INFY.NS,559.19823743163761,559.19823743163761,549.46418679295095,551.134033203125,8021298
2018-12-18,TCS.NS,1634.0952440847184,1642.3809621770245,1621.3795073645667,1630.772705078125,1768742
2018-12-19,INFY.NS,547.02051671238894,547.02051671238894,538.50831184149354,541.56292724609375,8295459
2018-12-19,TCS.NS,1628.2711680353573,1628.2711680353573,1607.9670011583619,1614.8580322265625,2498833
2018-12-20,INFY.NS,537.61231342781696,547.02051896939417,534.67990251412073,543.35498046875,11705260
2018-12-20,TCS.NS,1602.8389748791246,1620.1487621618219,1596.4400487069311,1603.0440673828125,1940277
2018-12-21,INFY.NS,537.20490602881307,537.20490602881307,524.13116503702327,526.3712158203125,12802132
2018-12-21,TCS.NS,1598.0809699998597,1599.7217102154652,1547.6692669325116,1555.2576904296875,3729956
2018-12-24,INFY.NS,535.16861239346588,536.63481782647693,527.51168998534035,528.652099609375,8379825
2018-12-24,TCS.NS,1563.4615874060405,1590.6158213481124,1562.8052511804265,1573.8802490234375,1864116
2018-12-26,INFY.NS,527.0229078246399,527.0229078246399,519.16234534043906,524.61993408203125,6178552
2018-12-26,TCS.NS,1576.5875331482002,1576.5875331482002,1534.2974081348505,1549.8433837890625,2446614
2018-12-27,INFY.NS,531.70676235718008,540.2596861484484,528.65214671744138,535.0057373046875,15333902
2018-12-27,TCS.NS,1566.0865907905288,1592.9126542005752,1535.8149127210124,1566.0455322265625,4968201
2018-12-28,INFY.NS,540.34111043092412,540.46331494056426,532.15475064539271,535.1279296875,4736598
2018-12-28,TCS.NS,1571.0088651868136,1575.1107160097556,1552.9607215658684,1555.462890625,2239130
2018-12-31,INFY.NS,537.61236252964807,539.24149090095,534.19118300650348,536.757080078125,3373319
2018-12-31,TCS.NS,1565.2662023259679,1566.0865724529731,1547.3411350794713,1553.001708984375,1879740
2019-01-01,INFY.NS,538.38619790434598,542.74409632540198,532.8471714938197,541.72589111328125,2943390
2019-01-01,TCS.NS,1555.4218091168841,1566.9069912517134,1546.3977374395183,1561.0003662109375,1094883
2019-01-02,INFY.NS,542.49965940548543,549.01617183077656,539.28212145208909,544.98406982421875,7416655
2019-01-02,TCS.NS,1562.8050580381391,1586.9649176971325,1558.7032074921071,1577.81787109375,2100463
2019-01-03,INFY.NS,547.38710069929334,551.45992138902022,540.13745998475974,545.06561279296875,6827249
2019-01-03,TCS.NS,1574.290199615918,1595.5787633524446,1553.042594298111,1558.662109375,2611668
2019-01-04,INFY.NS,547.18337415423991,548.93470666395444,530.28117093324931,538.467529296875,7889310
2019-01-04,TCS.NS,1558.7035057532753,1559.6879100155566,1510.3016600483052,1539.7119140625,4280862
2019-01-07,INFY.NS,541.68505051233819,548.69028090282461,538.83407656227325,547.14263916015625,8046340
2019-01-07,TCS.NS,1551.9761093751106,1565.9224003035415,1543.1160727281522,1556.9803466796875,1856423
2019-01-08,INFY.NS,549.7900903298231,551.8265007320249,544.57685981336647,545.7987060546875,8621545
2019-01-08,TCS.NS,1563.13335386474,1563.953724040995,1545.0031929980744,1553.4119873046875,1691756
2019-01-09,INFY.NS,558.9538725093123,561.88628326259516,540.87054028528087,550.72674560546875,18130292
2019-01-09,TCS.NS,1564.7743132020141,1574.2905885497728,1531.3851822700381,1547.9976806640625,2414376
2019-01-10,INFY.NS,555.2068215102297,555.53266700819529,547.83502700140343,553.6591796875,9572493
2019-01-10,TCS.NS,1550.4995552324278,1562.805107258082,1535.8149097865794,1549.31005859375,3053461
2019-01-11,INFY.NS,554.06640449537463,558.38358345394511,547.79425218494248,556.75445556640625,12281903
2019-01-11,TCS.NS,1534.0921176851725,1538.1939682672185,1505.379163610851,1511.572998046875,9209862
2019-01-14,INFY.NS,575.89681067623894,578.50342570333135,566.89588744005493,571.7425537109375,19312937
2019-01-14,TCS.NS,1517.6847349803529,1518.5051051073694,1484.8699298996967,1487.5361328125,3615370
2019-01-15,INFY.NS,576.05967084463521,594.63172010449057,576.05967084463521,591.8621826171875,19671304
2019-01-15,TCS.NS,1484.8702752980228,1533.5592336335044,1483.2295346623343,1532.2877197265625,7711653
2019-01-16,INFY.NS,594.55013291534055,600.9851570554282,593.40972371733596,600.17059326171875,9658944
2019-01-16,TCS.NS,1534.0922564740868,1538.1941074272261,1515.2237420896461,1534.21533203125,2359280
2019-01-17,INFY.NS,599.3563490403634,601.96296451346734,593.89875876915778,597.36065673828125,6903771
2019-01-17,TCS.NS,1543.9574187726259,1560.3999897925687,1538.4491976239408,1557.358154296875,2625816
2019-01-18,INFY.NS,594.63185476480442,599.68216265279261,591.61795733833947,595.40570068359375,5902151
2019-01-18,TCS.NS,1546.4240091842551,1565.497353949853,1542.3133658849879,1562.578857421875,1683728
2019-01-21,INFY.NS,601.31113362930864,611.73754251979346,597.88995500602982,606.85015869140625,8129422
2019-01-21,TCS.NS,1563.6885560118367,1588.3524133621811,1558.3035736806812,1569.19677734375,2409803
2019-01-22,INFY.NS,603.79562211232508,610.1084937094522,597.89003255372222,607.13531494140625,6723375
2019-01-22,TCS.NS,1567.8815964053913,1577.0483513223214,1553.823215951616,1563.6065673828125,2457093
2019-01-23,INFY.NS,604.691502120461,604.89514309911237,593.9800164736223,595.9757080078125,7212099
2019-01-23,TCS.NS,1562.8665851389351,1567.0594212400849,1537.3805966385105,1541.9844970703125,2578169
2019-01-24,INFY.NS,596.34447345708611,602.89680960270596,590.52929512399146,599.53875732421875,7429783
2019-01-24,TCS.NS,1549.5477081446163,1566.3601944291695,1541.4908093713125,1563.318359375,1962927
2019-01-25,INFY.NS,596.26252731267971,604.37106244672657,593.19112006347291,598.187255859375,5543112
2019-01-25,TCS.NS,1563.6888372650506,1590.8190852302171,1562.8667085388336,1579.1448974609375,2327080
2019-01-28,INFY.NS,598.7195641086289,600.03001101067673,588.89106237223552,596.22149658203125,7944693
2019-01-28,TCS.NS,1589.1746447160726,1613.0163750299712,1583.0086799797195,1607.261474609375,2769033
2019-01-29,INFY.NS,594.21494335780051,600.23488178161722,586.8435657007085,596.1806640625,6760819
2019-01-29,TCS.NS,1613.0165130303556,1635.2551345584102,1592.1755705099511,1630.07568359375,2557626
2019-01-30,INFY.NS,596.18056411793759,601.83192271342705,590.6110397184234,594.54248046875,5763026
2019-01-30,TCS.NS,1627.4857045960625,1635.6247975480464,1606.9736368230888,1628.965576171875,2429575
2019-01-31,INFY.NS,594.62441518661876,615.34616511171885,594.62441518661876,613.912841796875,13825233
2019-01-31,TCS.NS,1633.5693366474525,1660.4940451402576,1631.9250796402582,1655.8489990234375,4094319
2019-02-01,INFY.NS,615.38711520683103,624.51945244195861,609.77669815480408,620.0556640625,6276585
2019-02-01,TCS.NS,1652.0676350548879,1672.8263848857591,1642.6953477330128,1668.880126953125,3064163
2019-02-04,INFY.NS,620.01469559211364,624.51942587712904,613.6261790041616,619.11376953125,3945391
2019-02-04,TCS.NS,1668.8799626321243,1689.8442425753572,1663.166208829811,1685.5692138671875,1590764
2019-02-05,INFY.NS,611.8242645904229,622.43086659176674,611.8242645904229,618.25372314453125,4694366
2019-02-05,TCS.NS,1685.3634949382511,1689.4741376088321,1667.2766671876941,1680.8829345703125,1111404
2019-02-06,INFY.NS,618.82704737170002,628.16414427077734,617.84418717332142,625.17462158203125,5880482
2019-02-06,TCS.NS,1685.2816808694358,1715.6594994124321,1678.0059617032423,1705.7528076171875,1789812
2019-02-07,INFY.NS,624.96988606880564,630.21177400915315,623.29086024099615,625.74798583984375,3961797
2019-02-07,TCS.NS,1705.7112315388351,1724.7845740066118,1699.3397351925639,1712.4114990234375,1339945
2019-02-08,INFY.NS,622.47188765232113,632.50515163092768,618.29479366553267,623.20904541015625,5915169
2019-02-08,TCS.NS,1705.9167463730064,1717.8376103838057,1686.1856611137523,1694.7357177734375,1684474
2019-02-11,INFY.NS,628.12329978768753,629.63850741915621,621.65284830066935,624.76519775390625,5500216
2019-02-11,TCS.NS,1693.5849462640065,1723.1815763928921,1684.4592383549359,1698.4354248046875,1778730
2019-02-12,INFY.NS,622.75838582042525,622.75838582042525,606.90994766893209,614.64990234375,7310690
2019-02-12,TCS.NS,1701.8062859186939,1701.8062859186939,1659.0555966105915,1686.67919921875,2422903
2019-02-14,INFY.NS,615.10060083403027,616.73868499071216,603.83877225684262,606.132080078125,4610535
2019-02-14,TCS.NS,1693.6258960307673,1705.9166772491587,1671.4284260135494,1680.9239501953125,1724085
2019-02-15,INFY.NS,607.9746939388574,611.41467935998276,600.02997879706243,607.68804931640625,5586389
2019-02-15,TCS.NS,1684.5415611624785,1687.0079470499786,1653.2595266796877,1668.6744384765625,1930065
2019-02-18,INFY.NS,608.01567209708071,612.35663371405428,602.81477656174184,606.950927734375,5346825
2019-02-18,TCS.NS,1675.1691585104936,1678.7453977277819,1613.5506621719824,1619.8399658203125,2942184
2019-02-19,INFY.NS,605.35380386109955,606.54142452699864,590.77486910925836,593.23199462890625,9401334
2019-02-19,TCS.NS,1619.5930927738198,1620.4152212473089,1555.4670718416583,1565.9903564453125,4408554
2019-02-20,INFY.NS,595.44348323436714,608.54815411710422,594.66538340263423,606.66436767578125,5210675
2019-02-20,TCS.NS,1574.3763085223472,1589.8323667333464,1546.6706141498355,1574.1707763671875,4645778
2019-02-21,INFY.NS,604.45294917259901,604.45294917259901,595.52537206808211,600.726318359375,7202786
2019-02-21,TCS.NS,1574.1707167265922,1594.9294636112229,1559.6190808356112,1573.718505859375,4683919
2019-02-22,INFY.NS,599.94804973599048,604.61659745896623,596.26236205843156,601.9547119140625,3750833
2019-02-22,TCS.NS,1576.1850326608314,1586.7083196909018,1566.2372959093993,1583.132080078125,2271955
2019-02-25,INFY.NS,602.44624830603414,620.83374861601635,602.44624830603414,618.29473876953125,6547552
2019-02-25,TCS.NS,1588.763374989677,1636.0357651898873,1587.1191179392349,1632.0484619140625,2934880
2019-02-26,INFY.NS,613.13462336126599,616.41079030413221,606.21376068673351,608.13848876953125,8319610
2019-02-26,TCS.NS,1631.1033309921604,1681.3765207663687,1621.443318825246,1676.07373046875,6453309
2019-02-27,INFY.NS,610.18622010875345,611.33289877355446,600.15295675797188,602.2005615234375,5936354
2019-02-27,TCS.NS,1677.1419783064678,1705.8753264682878,1662.3436667331755,1692.0225830078125,4732082
2019-02-28,INFY.NS,605.02616707478455,608.05663162975554,599.78427973697842,601.42236328125,8559921
2019-02-28,TCS.NS,1693.584861348382,1702.916100943261,1625.8414468229485,1630.65087890625,8454295
2019-03-01,INFY.NS,602.40532854419757,608.87577966950084,602.40532854419757,607.647216796875,3998826
2019-03-01,TCS.NS,1640.1877389224856,1648.3678785257866,1628.1023880275236,1640.4754638671875,4148548
2019-03-05,INFY.NS,606.50051623660147,608.1386000076659,598.10533690989632,599.94818115234375,4826505
2019-03-05,TCS.NS,1648.3677474892572,1650.0120045939846,1625.0192765306297,1634.4737548828125,2449622
2019-03-06,INFY.NS,602.89671194411994,602.89671194411994,595.44345078191657,599.94818115234375,6076668
2019-03-06,TCS.NS,1635.4602373943592,1656.5888993422329,1631.9661913287491,1643.9281005859375,2635047
2019-03-07,INFY.NS,601.17662169930418,601.58614255877228,590.16050058154201,592.126220703125,5951551
2019-03-07,TCS.NS,1648.3680640229761,1664.0296560959735,1644.4218060708404,1655.1917724609375,2539884
2019-03-08,INFY.NS,592.12626990905255,592.12626990905255,582.05206592703257,583.44439697265625,7193994
2019-03-08,TCS.NS,1664.8102472559074,1671.3872753932146,1652.5194660673085,1662.9193115234375,2031071
2019-03-11,INFY.NS,584.22254386733312,588.48157150188104,581.02831063418273,582.54351806640625,9932198
2019-03-11,TCS.NS,1668.0169212293274,1671.3876287909018,1647.2581717817277,1656.4249267578125,3111689
2019-03-12,INFY.NS,580.70057091331887,585.57387907349414,577.91580911026483,579.02154541015625,11997387
2019-03-12,TCS.NS,1655.8081618390568,1664.6460443684045,1646.7236005844964,1654.49267578125,2658550
2019-03-13,INFY.NS,581.51968791905404,588.56342752306227,578.4892232092941,580.25018310546875,11348867
2019-03-13,TCS.NS,1654.944942902458,1657.3291360163907,1626.6636977758938,1644.6683349609375,1833163
2019-03-14,INFY.NS,584.79594189221996,585.53309963024196,578.40742479398898,580.1683349609375,6415187
2019-03-14,TCS.NS,1648.3267345491979,1650.6698813993858,1628.6367942668105,1633.8984375,1905495
2019-03-15,INFY.NS,583.15786823490191,592.78161114467741,581.19214755931716,588.5225830078125,14638664
2019-03-15,TCS.NS,1643.3528774964584,1700.9429256728856,1636.8580414893661,1677.1011962890625,5184318
2019-03-18,INFY.NS,590.97957571915526,592.74053551058284,577.71108912401246,581.6834716796875,8065544
2019-03-18,TCS.NS,1679.6087892191906,1697.3668478934101,1653.3006730884936,1663.0018310546875,2349915
2019-03-19,INFY.NS,583.81308324083136,595.03396778628257,579.39028677111185,591.55303955078125,8917337
2019-03-19,TCS.NS,1668.9211170410949,1668.9211170410949,1640.2288078145536,1663.0018310546875,2373993
2019-03-20,INFY.NS,595.64809776312904,607.97466579371019,595.56621358631719,605.23089599609375,13471173
2019-03-20,TCS.NS,1667.2771426442498,1681.088946099102,1644.2575371245068,1656.630615234375,3091165
2019-03-22,INFY.NS,610.1861432695822,611.2918297075571,599.78430237282373,608.62994384765625,8883260
2019-03-22,TCS.NS,1656.5894718198742,1657.4116005900082,1630.5280299496349,1648.902587890625,3148149
2019-03-25,INFY.NS,608.05673114880949,608.05673114880949,598.35105456629196,602.2005615234375,7644966
2019-03-25,TCS.NS,1650.6698849831268,1650.6698849831268,1625.5126689006809,1631.3087158203125,2429205
2019-03-26,INFY.NS,602.20049180791204,602.20049180791204,588.97294655818996,596.05767822265625,9406261
2019-03-26,TCS.NS,1631.1031396694555,1640.1054076813871,1609.7689426781678,1629.9932861328125,2316539
2019-03-27,INFY.NS,597.90073192836212,599.78451875691326,595.56648194369097,597.655029296875,7387487
2019-03-27,TCS.NS,1639.3247278075225,1642.6132428081394,1612.1944790524331,1617.8671875,2266166
2019-03-28,INFY.NS,597.90066689471439,610.18629703638658,597.90066689471439,604.2891845703125,9277241
2019-03-28,TCS.NS,1627.8145344161626,1656.2601622693107,1621.8952489794631,1644.5037841796875,4054489
2019-04-01,INFY.NS,607.72912756824974,622.47188268446064,607.72912756824974,618.45855712890625,6584982
2019-04-01,TCS.NS,1652.4786044238763,1677.1013176154502,1651.0398792707711,1670.2777099609375,2095740
2019-04-02,INFY.NS,621.65283197811289,627.22230716772503,618.04902744876529,621.98046875,7283600
2019-04-02,TCS.NS,1674.7580198784226,1714.9601253426604,1674.6758270963562,1709.451904296875,3719663
2019-04-03,INFY.NS,619.19567605653083,621.2432808053951,611.66048058264062,616.9842529296875,6897127
2019-04-03,TCS.NS,1714.1379968070214,1717.91986835695,1692.022819484326,1709.451904296875,2939886
2019-04-04,INFY.NS,615.42804775680997,617.39371814405797,610.2680442632128,612.5614013671875,7688525
2019-04-04,TCS.NS,1708.5065068237891,1709.7808463243994,1650.3410074709589,1656.1781005859375,4397518
2019-04-05,INFY.NS,615.01857663725616,623.24993765296063,612.64333515455451,621.89849853515625,6276040
2019-04-05,TCS.NS,1667.8112172675831,1688.980928522637,1659.713270566903,1683.966064453125,3152103
2019-04-08,INFY.NS,624.96992605283697,630.66227738575276,618.70428536912448,628.409912109375,4919911
2019-04-08,TCS.NS,1692.7625974558207,1705.9166535798095,1671.1405775590204,1702.422607421875,2194294
2019-04-09,INFY.NS,630.66227078714178,633.11939651748128,620.99758624587651,622.9632568359375,6730692
2019-04-09,TCS.NS,1701.8062898515943,1724.8258918399251,1691.6529208314553,1719.4820556640625,2690970
2019-04-10,INFY.NS,625.748022520164,627.95944568682648,615.34618021056747,616.49285888671875,7031088
2019-04-10,TCS.NS,1712.4940231766366,1714.5493448559173,1673.8539756061605,1677.3480224609375,3313062
2019-04-11,INFY.NS,615.71468661813049,615.71468661813049,606.13188735044776,608.3023681640625,8200995
2019-04-11,TCS.NS,1681.2529754449777,1689.4742613884739,1655.479264083616,1660.2886962890625,3422442
2019-04-12,INFY.NS,608.63009434590685,615.55100929107869,606.58248933197183,612.43865966796875,7043212
2019-04-12,TCS.NS,1675.4981231045622,1676.320251722376,1650.0121359523337,1656.1781005859375,3198471
2019-04-15,INFY.NS,593.55978064850945,599.00638025940691,583.64934189912583,595.85308837890625,31574803
2019-04-15,TCS.NS,1701.8060906805704,1742.7481324254461,1677.9643628401179,1737.404296875,9189201
2019-04-16,INFY.NS,596.18057525339748,596.18057525339748,584.87775787061298,593.06817626953125,12524411
2019-04-16,TCS.NS,1742.9127334140874,1772.4682181608212,1739.254301074214,1752.6138916015625,5771952
2019-04-18,INFY.NS,591.75779486756505,591.75779486756505,583.77213604409269,587.29400634765625,13801105
2019-04-18,TCS.NS,1767.4938698741541,1771.6868052444727,1738.143924426784,1767.6173095703125,3413728
2019-04-22,INFY.NS,587.29384052678563,594.4195133092702,585.61481504116875,590.57000732421875,6455426
2019-04-22,TCS.NS,1765.9325209732554,1788.9521255297038,1763.9594922972833,1776.9901123046875,2007135
2019-04-23,INFY.NS,592.90433899190771,597.90047363850408,588.39960939600121,596.42620849609375,5516668
2019-04-23,TCS.NS,1778.2639086402817,1780.319229847679,1754.4633292016115,1771.72802734375,2163524
2019-04-24,INFY.NS,596.42631504356268,604.37103138458963,592.98632910318145,603.18341064453125,8285120
2019-04-24,TCS.NS,1774.153768623627,1804.5725311069791,1772.5918043496783,1795.076904296875,3003071
2019-04-25,INFY.NS,603.18346420511523,604.16632455969159,595.48444974968072,596.7130126953125,8005235
2019-04-25,TCS.NS,1788.1298146866991,1812.7936741996191,1782.4160607092065,1804.5723876953125,4211526
2019-04-26,INFY.NS,598.7195274952627,605.92708499645335,597.08144397270382,604.45281982421875,6895168
2019-04-26,TCS.NS,1811.1497458693061,1844.8158800764336,1803.0516969056634,1840.37646484375,2716958
2019-04-30,INFY.NS,604.4529560155313,617.39380876142457,604.4529560155313,615.38714599609375,9920046
2019-04-30,TCS.NS,1840.3756556061039,1863.7240229666595,1833.4287104458115,1858.298095703125,3488395
2019-05-02,INFY.NS,611.82433675839013,612.97101548473461,597.49110263085083,598.55584716796875,6351352
2019-05-02,TCS.NS,1853.9000009146732,1857.5172864841202,1817.8086355065882,1821.3436279296875,2457699
2019-05-03,INFY.NS,592.08534109960897,598.71955972698493,588.2358346162913,592.65863037109375,6348116
2019-05-03,TCS.NS,1796.3511397198934,1797.2144149643618,1747.0234196360518,1752.7783203125,3780886
2019-05-06,INFY.NS,585.61501753656205,591.18449301995759,582.05220490853071,588.3997802734375,8858265
2019-05-06,TCS.NS,1734.6912204190867,1779.9082901456504,1733.4580276083623,1774.0301513671875,2891422
2019-05-07,INFY.NS,590.03771317971757,596.18052647632624,588.64533216775112,593.43670654296875,5747536
2019-05-07,TCS.NS,1775.8388872431983,1795.8166519687445,1758.3686548407636,1769.1795654296875,2201698
2019-05-08,INFY.NS,590.52923459781789,594.62444426909269,586.84354589367058,589.17779541015625,6247642
2019-05-08,TCS.NS,1768.3987814686066,1782.374968955806,1751.4628504628199,1769.9197998046875,1824895
2019-05-09,INFY.NS,589.01385808964085,598.14614304328279,586.27003840258772,590.57000732421875,7396525
2019-05-09,TCS.NS,1763.4656755740825,1795.6109809952441,1756.1488120313484,1786.1153564453125,2264162
2019-05-10,INFY.NS,590.36529086945927,594.62431802139997,585.61485865743941,587.13006591796875,8352335
2019-05-10,TCS.NS,1788.1298697669026,1802.106057254736,1747.722325639553,1755.9024658203125,2039633
2019-05-13,INFY.NS,586.88447550491423,594.99301047765039,583.23972897696012,589.4644775390625,6808993
2019-05-13,TCS.NS,1753.6003699239395,1781.5527433779544,1744.2691296760854,1750.1063232421875,1701744
2019-05-14,INFY.NS,586.8435156781311,587.86731804323608,576.27785527410856,584.67303466796875,10513001
2019-05-14,TCS.NS,1755.2443646439913,1775.6331917861282,1703.7380939019006,1720.1806640625,2456110
2019-05-15,INFY.NS,585.5331198116811,593.96924203923629,583.64928330299574,586.51593017578125,6668929
2019-05-15,TCS.NS,1724.0037185016752,1746.201191272083,1713.7271107375975,1722.688232421875,2346876
2019-05-16,INFY.NS,589.7101466891902,603.63385848601831,588.97298900968929,600.4395751953125,6468556
2019-05-16,TCS.NS,1723.1810712433314,1746.2006657065058,1707.6017787049916,1733.6632080078125,1946529
2019-05-17,INFY.NS,600.48055610552785,602.65098702748901,589.79201990343245,592.9044189453125,8155948
2019-05-17,TCS.NS,1736.8288732564383,1755.2444726838505,1718.2486875453151,1722.729248046875,1947908
2019-05-20,INFY.NS,589.46435852299294,594.9519482558353,578.24347652993856,591.67578125,11213708
2019-05-20,TCS.NS,1747.023242525097,1768.7273568756493,1685.36359867127,1762.6025390625,2625116
2019-05-21,INFY.NS,591.88058833559376,591.88058833559376,579.63590318817876,580.94635009765625,8645535
2019-05-21,TCS.NS,1765.9732815522777,1766.5075848266854,1728.5664323243163,1734.4857177734375,1863157
2019-05-22,INFY.NS,581.51970186465303,588.27679699195357,579.06257636381645,581.31494140625,5795713
2019-05-22,TCS.NS,1734.691195386619,1744.5155911606244,1705.9166968849452,1711.466064453125,2595795
2019-05-23,INFY.NS,585.61510039654343,587.00748196199243,571.24092156670076,574.189453125,7233736
2019-05-23,TCS.NS,1724.8257479833633,1739.0897590260354,1685.3635764375094,1688.6932373046875,2541294
2019-05-24,INFY.NS,576.44165587610962,582.95304871546898,573.69788561837208,580.864501953125,7016424
2019-05-24,TCS.NS,1701.8059426546097,1701.8059426546097,1670.7705927342176,1683.7191162109375,2274208
2019-05-27,INFY.NS,579.39021168670286,584.63204941488652,577.8340122104795,579.9635009765625,10247544
2019-05-27,TCS.NS,1689.30954344631,1700.9425804815985,1677.2241952726279,1689.59716796875,2329820
2019-05-28,INFY.NS,583.15780635567035,600.72626431206743,581.35590425931082,596.3443603515625,23860490
2019-05-28,TCS.NS,1693.5851345878543,1724.414961067002,1681.253203996195,1704.889404296875,5872979
2019-05-29,INFY.NS,594.21490744720325,600.89011902941502,592.69969990540119,596.09869384765625,10293077
2019-05-29,TCS.NS,1710.0279234638765,1745.9549122897968,1707.6438302027559,1732.6776123046875,3281320
2019-05-30,INFY.NS,595.44351262967211,603.83869282837111,591.79876586240994,600.8082275390625,15089296
2019-05-30,TCS.NS,1745.3789105524872,1772.9613635306387,1738.3085247409419,1764.5345458984375,4971725
2019-05-31,INFY.NS,603.22436655807883,608.50719687427477,600.5215382538521,604.2481689453125,8290306
2019-05-31,TCS.NS,1775.7975980844428,1812.7522348089931,1769.4261020727972,1805.846435546875,4265370
2019-06-03,INFY.NS,597.73679443354149,615.01860926401912,597.08157088331757,609.89959716796875,7744761
2019-06-03,TCS.NS,1809.504673872533,1847.8568848342381,1796.8849221899413,1843.4586181640625,3682419
2019-06-04,INFY.NS,603.83853546750242,605.64043733132667,600.48048425927595,602.24139404296875,11733702
2019-06-04,TCS.NS,1843.2101953281476,1843.2101953281476,1802.5998987584178,1809.3131103515625,2408658
2019-06-06,INFY.NS,603.22434030004808,609.89955157038366,600.89009095490428,602.4871826171875,7563925
2019-06-06,TCS.NS,1822.4907102360526,1822.4907102360526,1783.5379756380105,1795.223876953125,3735467
2019-06-07,INFY.NS,602.69199551344491,609.3262652652536,602.69199551344491,605.3538818359375,3218358
2019-06-07,TCS.NS,1801.7711566161411,1814.8659460603187,1775.3331051249543,1808.1942138671875,2659446
2019-06-10,INFY.NS,606.17288983934111,617.63947643263498,606.17288983934111,617.1480712890625,4435148
2019-06-10,TCS.NS,1820.5846273696077,1853.0315506786822,1811.3023132693465,1849.42626953125,2080593
2019-06-11,INFY.NS,618.37662296186329,621.652790500734,614.69093448063359,618.29473876953125,5733127
2019-06-11,TCS.NS,1853.983827851386,1876.3194441383957,1849.0111398911229,1867.07861328125,3048937
2019-06-12,INFY.NS,619.97380091209095,619.97380091209095,610.18623981893825,617.393798828125,8738342
2019-06-12,TCS.NS,1860.6149322628248,1878.7651707108778,1839.066607880271,1873.79248046875,2404448
2019-06-13,INFY.NS,614.65274025775716,620.63315543740725,614.65274025775716,616.8538818359375,4808577
2019-06-13,TCS.NS,1876.3617180238182,1893.7661332528378,1858.9987823465326,1868.1568603515625,3320916
2019-06-14,INFY.NS,617.85053883045146,619.22106851623778,613.19913324227036,615.0264892578125,5556353
2019-06-14,TCS.NS,1870.7670641924699,1875.6155169635952,1851.4978940772967,1868.4879150390625,2131408
2019-06-17,INFY.NS,617.1445671539617,618.39048485346495,612.82537565637938,615.10955810546875,3085588
2019-06-17,TCS.NS,1869.731214104668,1874.7039035038824,1857.6724018437228,1864.095458984375,1489497
2019-06-18,INFY.NS,614.81883786728588,624.99383197653719,614.81883786728588,623.08343505859375,6202838
2019-06-18,TCS.NS,1859.7858999019684,1873.046405427116,1849.177455013999,1865.463134765625,1877447
2019-06-19,INFY.NS,625.0354562375752,627.44425103191895,621.79604954125455,624.537109375,4596253
2019-06-19,TCS.NS,1868.9025519767083,1886.3069659862476,1859.0814088499062,1872.9635009765625,1652817
2019-06-20,INFY.NS,612.82537739632926,628.69009323296052,611.24724539039039,627.02886962890625,7148684
2019-06-20,TCS.NS,1848.1831760477994,1892.9373874857281,1833.2651055684898,1887.9232177734375,2199377
2019-06-21,INFY.NS,627.11192661267012,627.11192661267012,620.59164407815399,623.125,13200318
2019-06-21,TCS.NS,1893.7664881861704,1899.9823519329523,1858.1288693712884,1864.6348876953125,3871804
2019-06-24,INFY.NS,624.53700489791186,624.53700489791186,616.85384608992069,619.2210693359375,4758178
2019-06-24,TCS.NS,1868.1986142101457,1889.6227069771753,1865.4223162855087,1885.8931884765625,1382424
2019-06-25,INFY.NS,617.97518811898965,623.70642990031467,612.41007883936641,621.38067626953125,3677911
2019-06-25,TCS.NS,1881.3345097901165,1885.0225479868254,1865.1732662038137,1879.51123046875,1386077
2019-06-26,INFY.NS,617.14471879530208,624.16340036639917,612.99165877649114,613.9884033203125,5447130
2019-06-26,TCS.NS,1877.1902613318478,1878.6821086298955,1864.7585377468686,1868.2393798828125,1762224
2019-06-27,INFY.NS,616.31392046890505,618.5565823403731,604.80996797326111,606.80340576171875,11122346
2019-06-27,TCS.NS,1868.9029114138762,1876.3619474239538,1857.5486415108405,1866.8724365234375,2813464
2019-06-28,INFY.NS,610.91507633396839,614.23752406386075,605.10079280665661,608.0079345703125,5919494
2019-06-28,TCS.NS,1873.0468766014467,1874.6629606510069,1841.9675589587237,1845.86279296875,2372928
2019-07-01,INFY.NS,610.49966536241891,612.57619483644066,606.22199436732581,607.4263916015625,3224968
2019-07-01,TCS.NS,1852.3273908758308,1868.9030274832207,1828.7900678290628,1856.098388671875,2769940
2019-07-02,INFY.NS,609.6690393396326,616.02323966040399,606.4296331571768,614.6527099609375,4837606
2019-07-02,TCS.NS,1860.5318777222358,1870.5602167985132,1836.953079834788,1866.499267578125,1771746
2019-07-03,INFY.NS,615.48333610007126,617.31069217651452,606.34660641437517,607.4263916015625,5958379
2019-07-03,TCS.NS,1866.5823755255669,1872.0524164761912,1849.8410232205551,1854.5235595703125,1656881
2019-07-04,INFY.NS,605.51606381625766,611.6626120403281,605.1837987838386,609.50299072265625,3274064
2019-07-04,TCS.NS,1851.4982338137149,1866.4163037370124,1848.266066266043,1858.6671142578125,984140
2019-07-05,INFY.NS,610.49967306238023,611.66254986110755,592.64151936055555,596.3792724609375,4926289
2019-07-05,TCS.NS,1862.2723705081842,1864.7587154621335,1773.5927338173183,1792.7376708984375,4088470
2019-07-08,INFY.NS,595.09182393478079,602.15202411240875,591.64476474591913,596.0469970703125,7177092
2019-07-08,TCS.NS,1781.0514021869631,1814.0369455896814,1767.0450760975455,1802.93115234375,2788062
2019-07-09,INFY.NS,596.37932509362986,597.91593678079016,588.94533868748908,594.30279541015625,5022638
2019-07-09,TCS.NS,1801.7714385636771,1802.1028703121515,1744.2125892393319,1768.08154296875,3977224
2019-07-10,INFY.NS,588.90379991395082,600.28319236470998,586.82727029507225,595.75634765625,7573816
2019-07-10,TCS.NS,1723.8658247933715,1763.5231075157922,1716.6554649363684,1747.2374267578125,6343581
2019-07-11,INFY.NS,597.58369386857555,600.94766165560839,589.40213688907534,599.28643798828125,6252688
2019-07-11,TCS.NS,1763.6472610164021,1764.4760426240225,1728.8799130445746,1742.5548095703125,2400346
2019-07-12,INFY.NS,600.11699475740136,606.84492971413647,597.70820038218983,603.6470947265625,7874441
2019-07-12,TCS.NS,1742.1820571877197,1756.8099729604655,1734.7230220389313,1746.7403564453125,1560725
2019-07-15,INFY.NS,633.75673798856121,649.24766673831652,626.44736504228206,647.33721923828125,31064152
2019-07-15,TCS.NS,1761.1610325179117,1784.8642689971562,1738.7839276341547,1778.3167724609375,2900415
2019-07-16,INFY.NS,645.38535741009673,654.35595455525731,644.55474562449808,651.9056396484375,9924322
2019-07-16,TCS.NS,1766.1053159592384,1771.5049794370066,1744.5066620481659,1749.490966796875,2735399
2019-07-17,INFY.NS,651.11660027481753,660.33637083427288,645.17770571763708,659.63037109375,6754348
2019-07-17,TCS.NS,1751.1526543958112,1765.274853221584,1737.9443260305873,1758.8367919921875,1802969
2019-07-18,INFY.NS,655.39421109731131,663.2435025124355,653.02698781654465,658.42596435546875,6534471
2019-07-18,TCS.NS,1757.9641306257117,1757.9641306257117,1711.2778530608898,1716.2205810546875,3072096
2019-07-19,INFY.NS,655.10349642473398,659.9210344285209,648.91542875680545,652.36248779296875,6812754
2019-07-19,TCS.NS,1725.3997307218003,1742.014075745602,1713.354330579544,1725.358154296875,1953177
2019-07-22,INFY.NS,652.81935954766629,657.84455083837747,649.57995322326269,651.53192138671875,7107151
2019-07-22,TCS.NS,1725.4005496896027,1759.0030378874219,1718.5887055589426,1752.7310791015625,1920167
2019-07-23,INFY.NS,653.69149762221309,667.81189846030406,652.48710035260092,656.224853515625,10782564
2019-07-23,TCS.NS,1767.6832968618662,1769.4278843514576,1746.5000052886446,1754.8487548828125,3538588
2019-07-24,INFY.NS,654.52215774921774,659.29817603228628,650.86744521921594,653.110107421875,5745146
2019-07-24,TCS.NS,1752.8140641204459,1761.7858543949128,1724.9850256616614,1741.8486328125,2413196
2019-07-25,INFY.NS,654.72975774228451,664.65557898849693,654.23141093602749,659.92108154296875,9773568
2019-07-25,TCS.NS,1751.8999620837467,1773.5817688131935,1738.3178533633352,1767.68359375,2544464
2019-07-26,INFY.NS,658.09376100197039,660.33642314440715,649.7046015651606,653.6915283203125,4941763
2019-07-26,TCS.NS,1769.2619218197742,1769.2619218197742,1740.3529163462565,1752.0245361328125,1720592
2019-07-29,INFY.NS,655.7679313373975,661.95599858685068,653.02692289099627,657.38763427734375,6244316
2019-07-29,TCS.NS,1753.4784876904578,1779.3968323613556,1747.2481066247667,1769.42822265625,1647090
2019-07-30,INFY.NS,657.76148507459732,662.66206413047826,654.97890520970179,658.42596435546875,8673253
2019-07-30,TCS.NS,1769.4282511210763,1815.1177130044844,1761.4948585407617,1810.2579345703125,2851672
2019-07-31,INFY.NS,656.88927342933891,664.32325863178471,649.20611484452706,659.21502685546875,7350584
2019-07-31,TCS.NS,1804.1106591177179,1837.2977813649434,1783.6749283029476,1832.3134765625,3000677
2019-08-01,INFY.NS,653.23476729026709,654.8544707049806,634.91978423842443,638.615966796875,10066407
2019-08-01,TCS.NS,1827.5782645919669,1842.1158189694031,1799.5415525783401,1811.0054931640625,2375236
2019-08-02,INFY.NS,635.4595290476127,647.79414433831141,633.1338262142699,644.22247314453125,10838336
2019-08-02,TCS.NS,1805.1489874413658,1835.8855325565662,1798.9186066747711,1831.981201171875,2500816
2019-08-05,INFY.NS,641.73069148465731,652.77786958582078,638.44981525250944,645.13623046875,9976238
2019-08-05,TCS.NS,1827.4948345812845,1870.9829646342462,1823.9229125825868,1867.950927734375,3039682
2019-08-06,INFY.NS,646.88047512190155,650.95049331753648,639.40496874369035,643.267333984375,9331718
2019-08-06,TCS.NS,1854.8256500101008,1870.7338053691167,1837.089754319926,1839.9556884765625,2885467
2019-08-07,INFY.NS,646.96363230639849,650.7429063303058,641.52308377795816,644.63787841796875,5130457
2019-08-07,TCS.NS,1852.5001249132638,1859.5612240440992,1833.6013007689692,1838.751708984375,2165362
2019-08-08,INFY.NS,650.11982856987015,658.46746653996627,648.91543138990687,655.14501953125,8009009
2019-08-08,TCS.NS,1851.585907565277,1894.8663646650546,1843.278733673716,1875.843017578125,2073298
2019-08-09,INFY.NS,657.84442908230039,661.78983443348852,651.86401504224989,656.05859375,4362520
2019-08-09,TCS.NS,1877.4210196247218,1883.9836048960221,1861.9282237512241,1865.9986572265625,1744550
2019-08-13,INFY.NS,651.3242151572565,652.86082659519036,631.38953342915909,635.2103271484375,7517099
2019-08-13,TCS.NS,1864.9610542719367,1865.9994512954734,1822.8437115596714,1827.121826171875,1647281
2019-08-14,INFY.NS,643.80715678786544,646.42360411815582,637.90983355315598,643.5579833984375,5940968
2019-08-14,TCS.NS,1811.8774824722675,1842.4063415339895,1800.4964938514954,1831.2330322265625,1945002
2019-08-16,INFY.NS,647.87724758587854,647.91876803936759,633.34154010799023,643.35040283203125,5128088
2019-08-16,TCS.NS,1861.9698783712095,1861.9698783712095,1780.4350475995827,1798.5863037109375,3755507
2019-08-19,INFY.NS,644.22249820460831,650.36904586431001,642.3536216360327,645.92529296875,3881451
2019-08-19,TCS.NS,1810.9639931518725,1815.9482977201803,1792.4389539439537,1796.841796875,974884
2019-08-20,INFY.NS,652.19648056341271,662.82830285078649,651.07512406924479,658.46759033203125,8435344
2019-08-20,TCS.NS,1804.3180860670086,1831.7317586453748,1799.749140637281,1816.5711669921875,1843611
2019-08-21,INFY.NS,658.67507614984027,667.60415189840364,658.67507614984027,664.03253173828125,5926896
2019-08-21,TCS.NS,1815.0757391085856,1829.2395097532853,1812.8328429423736,1816.1141357421875,1214408
2019-08-22,INFY.NS,664.40636516566474,665.56919120836358,658.13520583873219,660.91778564453125,5222488
2019-08-22,TCS.NS,1816.7787055280664,1857.1930203905013,1802.6565116579352,1840.8695068359375,2131601
2019-08-23,INFY.NS,661.54081537804143,672.75407530738164,661.00089739913039,666.31683349609375,6895015
2019-08-23,TCS.NS,1839.9970147309223,1877.3377121696126,1839.1247211118048,1867.2030029296875,2826425
2019-08-26,INFY.NS,661.08394491640706,670.13758302287226,653.60843879536151,666.60748291015625,5412074
2019-08-26,TCS.NS,1866.6217350361578,1895.6968399432631,1848.3459548088344,1890.9617919921875,2345475
2019-08-27,INFY.NS,657.01398911891738,660.29491614446727,648.79091132794656,651.7396240234375,16061642
2019-08-27,TCS.NS,1885.7280745016976,1889.7571341115943,1851.6686687507859,1857.8990478515625,3432106
2019-08-28,INFY.NS,654.02376092368752,668.64250853351336,653.11005751274729,666.56597900390625,5881134
2019-08-28,TCS.NS,1860.8074864631014,1870.9006245171395,1840.870263393854,1860.1844482421875,1294621
2019-08-29,INFY.NS,660.7516315435613,672.54632825472959,660.7516315435613,670.26214599609375,7830413
2019-08-29,TCS.NS,1846.0197876095042,1867.6184355855946,1846.0197876095042,1855.3653564453125,1670652
2019-08-30,INFY.NS,672.79552167193629,678.90049779368542,666.15062763073195,676.86553955078125,8174186
2019-08-30,TCS.NS,1861.6378076851352,1882.4057439600697,1842.5313063121953,1877.0892333984375,2583625
2019-09-03,INFY.NS,676.948642467186,683.09519029703097,674.49832742569959,676.32568359375,5647088
2019-09-03,TCS.NS,1885.7284782501681,1907.4932333398458,1858.2732279053425,1870.443359375,2545060
2019-09-04,INFY.NS,673.41857346725249,683.13674248360576,673.00326753233594,682.1815185546875,6199015
2019-09-04,TCS.NS,1881.5748663880734,1885.7284532895924,1854.9919102183524,1865.292724609375,2228092
2019-09-05,INFY.NS,689.49086266934387,695.637410515493,686.62529240115521,692.77178955078125,7926895
2019-09-05,TCS.NS,1862.6344238650966,1872.1460970738851,1833.6424691283996,1840.2882080078125,2055943
2019-09-06,INFY.NS,700.45495890614075,703.52823287263413,693.60241118335534,697.83856201171875,6106841
2019-09-06,TCS.NS,1840.8697365614335,1855.4072908889718,1821.4310307567844,1825.50146484375,1890550
2019-09-09,INFY.NS,695.05593823044387,697.96307950589096,687.37277914533377,688.66021728515625,4377870
2019-09-09,TCS.NS,1827.5785111969035,1829.946137211165,1810.7980581564736,1813.331787109375,1703945
2019-09-11,INFY.NS,683.01210961523282,688.20343364352652,676.24265350025212,681.18475341796875,7981036
2019-09-11,TCS.NS,1815.9480666193347,1823.4245225203292,1783.1763088156779,1789.3651123046875,2627440
2019-09-12,INFY.NS,678.1114501953125,680.97702016383653,673.50151444451956,678.1114501953125,4400017
2019-09-12,TCS.NS,1790.196218749807,1798.5033937788085,1761.4119383990733,1772.4189453125,2118859
2019-09-13,INFY.NS,679.52355290039418,690.27998679311338,679.02520605529412,688.826416015625,4832021
2019-09-13,TCS.NS,1773.5817788191548,1792.6467039822585,1757.4243647688691,1779.355224609375,2291174
2019-09-16,INFY.NS,691.11045507069537,696.0110843808967,681.55842051758555,687.497314453125,4846496
2019-09-16,TCS.NS,1794.3082009977379,1805.4813106698491,1766.4375886608557,1786.0426025390625,2597948
2019-09-17,INFY.NS,690.65363681420342,693.56077779898965,681.55842845106929,690.44598388671875,5540901
2019-09-17,TCS.NS,1790.1543551566301,1791.4835840728072,1749.1585746517067,1763.3221435546875,2796530
2019-09-18,INFY.NS,689.32477427349386,691.85813020200999,684.42414422434638,689.283203125,3199389
2019-09-18,TCS.NS,1766.437302100627,1780.1857148847716,1755.43029714966,1776.5306396484375,1454663
2019-09-19,INFY.NS,685.13011397567902,686.91594960089174,677.11474062859895,681.68310546875,6601607
2019-09-19,TCS.NS,1773.5813445522997,1774.2459589205871,1737.0297852266317,1746.1260986328125,1652691
2019-09-20,INFY.NS,683.51055138303627,693.56093507375783,666.1507424301243,668.642578125,22462366
2019-09-20,TCS.NS,1748.5769359328897,1768.929511788233,1708.7856544669833,1715.80517578125,6941979
2019-09-23,INFY.NS,670.22068564847268,670.22068564847268,616.23091833029059,634.87811279296875,17279260
2019-09-23,TCS.NS,1743.6755737782946,1743.6755737782946,1640.6666308776237,1674.5599365234375,6323401
2019-09-24,INFY.NS,635.41809793681114,663.3682084057142,635.41809793681114,659.54736328125,13717998
2019-09-24,TCS.NS,1673.8953636444069,1712.1083595390187,1672.2339290402933,1698.567626953125,4620978
2019-09-25,INFY.NS,654.27304322726673,665.32017202419263,649.24785106851243,658.38458251953125,9313576
2019-09-25,TCS.NS,1715.4314603629921,1737.8608305469149,1711.3194497249799,1734.9117431640625,4002232
2019-09-26,INFY.NS,654.31449210021538,661.99765179799647,646.29906738013676,649.99530029296875,18442824
2019-09-26,TCS.NS,1742.7617925924881,1750.3214013643151,1713.7698391146569,1734.20556640625,4234281
2019-09-27,INFY.NS,653.73309839317028,659.71351432808467,647.96033543727015,649.70465087890625,5087642
2019-09-27,TCS.NS,1732.0458692066838,1732.2119721329618,1704.1336819882431,1708.07958984375,2046795
2019-09-30,INFY.NS,652.11332059778522,671.13435158339882,651.32427992479973,669.18243408203125,8178091
2019-09-30,TCS.NS,1712.8148431803927,1747.829502323191,1711.2779347841129,1743.9251708984375,2620039
2019-10-01,INFY.NS,670.30375849044765,670.76058486560351,657.47079535402088,659.13201904296875,5881438
2019-10-01,TCS.NS,1741.142279786942,1741.142279786942,1694.414421050021,1711.2364501953125,3342877
2019-10-03,INFY.NS,658.30144935148303,662.70368226977803,651.32433982905138,652.5286865234375,5497672
2019-10-03,TCS.NS,1719.5852133435337,1728.8476322809913,1699.7726213840253,1711.4857177734375,2317618
2019-10-04,INFY.NS,656.18339008383532,662.49602014020854,653.73307488029297,659.04901123046875,8201713
2019-10-04,TCS.NS,1711.7758599008155,1734.4958525248671,1707.0821862628022,1727.351806640625,2163251
2019-10-07,INFY.NS,660.21186438469272,666.15075989176557,652.94401008412797,655.80963134765625,3679845
2019-10-07,TCS.NS,1727.8923964208605,1739.9378001459097,1695.4944139879692,1701.0601806640625,2177916
2019-10-09,INFY.NS,660.7100823650793,661.08386776681436,646.88037737648654,650.90887451171875,6335025
2019-10-09,TCS.NS,1711.2777222613627,1711.2777222613627,1674.3108005911536,1678.132080078125,2066920
2019-10-10,INFY.NS,652.36249049663854,660.08716965327028,645.05306651961416,650.4105224609375,10402917
2019-10-10,TCS.NS,1684.6947817642556,1693.8742490221364,1659.0255954295617,1665.13134765625,2881452
2019-10-11,INFY.NS,649.12322554775267,684.2581001693809,645.05320679801628,676.7825927734375,20636344
2019-10-11,TCS.NS,1604.1151985942729,1657.2811088532235,1599.1308945074964,1650.5107421875,12593069
2019-10-14,INFY.NS,653.48394880547028,661.99772125574816,647.87731816748249,652.94403076171875,15150858
2019-10-14,TCS.NS,1657.2812301884896,1688.6408123637354,1634.8518601558635,1678.8798828125,3510704
2019-10-15,INFY.NS,642.14592283770673,644.51319674013632,635.41798794978672,638.15899658203125,13762133
2019-10-15,TCS.NS,1688.0176896194162,1700.4784501234965,1680.2919775445148,1692.4205322265625,2261310
2019-10-16,INFY.NS,635.62570915935578,644.51326596707611,632.55243521882323,640.7755126953125,10767032
2019-10-16,TCS.NS,1693.0019345495787,1707.9548466309782,1674.7261531167569,1699.97998046875,3034082
2019-10-17,INFY.NS,637.07929311532951,640.02795506280358,635.50111031140148,639.15582275390625,9860495
2019-10-17,TCS.NS,1710.6823789235214,1731.0678690397897,1698.1963077016928,1725.07958984375,3818774
2019-10-18,INFY.NS,634.42131052209595,642.72742888634582,631.26499568298573,637.7852783203125,10037200
2019-10-18,TCS.NS,1730.6432018168946,1753.0671583910496,1720.0257588609627,1747.5037841796875,3087901
2019-10-22,INFY.NS,574.03567265086815,574.03567265086815,530.22090951669134,534.54010009765625,90152532
2019-10-22,TCS.NS,1766.7424993460306,1793.4984554659345,1732.8091932969201,1742.44970703125,5552505
2019-10-23,INFY.NS,529.87222112251777,552.28667767688069,517.3403020255987,547.19818115234375,60516887
2019-10-23,TCS.NS,1749.7548840506042,1770.0130514579378,1743.3844172397403,1758.3338623046875,2348134
2019-10-24,INFY.NS,546.69353904396087,549.38496365695437,531.55433334735892,534.37188720703125,25666433
2019-10-24,TCS.NS,1770.1403194137997,1782.8812526149547,1750.8590819771105,1768.4415283203125,2798671
2019-10-25,INFY.NS,544.1704253387669,548.79629448770538,534.91868704088984,536.13824462890625,16549337
2019-10-25,TCS.NS,1778.6342236920791,1809.2124624948083,1762.5382200189222,1804.9229736328125,3954245
2019-10-27,INFY.NS,547.61884165827348,548.79635628992776,542.95092889469515,545.7264404296875,2945281
2019-10-27,TCS.NS,1808.3629189650892,1808.3629189650892,1791.2051722933541,1797.06591796875,224405
2019-10-29,INFY.NS,547.53470941113005,549.84764405149974,544.17044084331974,547.2403564453125,16709764
2019-10-29,TCS.NS,1801.9924161628351,1870.1138886060821,1801.9924161628351,1864.295654296875,5064173
2019-10-30,INFY.NS,555.44071437223272,564.69245215573062,551.90822240614693,555.60888671875,22879467
2019-10-30,TCS.NS,1889.9049525389898,1919.6337944890415,1849.0066429193396,1913.5181884765625,5195136
2019-10-31,INFY.NS,562.16936564335492,584.92022429504982,560.23486991710286,576.63568115234375,27405901
2019-10-31,TCS.NS,1911.1397844303751,1940.8261142741392,1900.0976434536663,1927.830322265625,4879261
2019-11-01,INFY.NS,580.33634992565578,583.70061862087698,574.11243230563002,578.57012939453125,9713519
2019-11-01,TCS.NS,1923.0313865311218,1932.3747369073774,1864.4230978073376,1869.4344482421875,4172620
2019-11-04,INFY.NS,573.43961206921324,616.08172977592778,570.36974756123323,596.316650390625,29381982
2019-11-04,TCS.NS,1874.615534563879,1893.4720698304654,1852.4462330142458,1863.5308837890625,2646411
2019-11-05,INFY.NS,596.10637853354638,596.10637853354638,581.59796932056054,585.46685791015625,12897805
2019-11-05,TCS.NS,1866.1216823942223,1878.0132179215409,1842.338611339585,1870.2413330078125,2693475
2019-11-06,INFY.NS,585.21449450727107,606.82992985712565,582.01844970357718,599.09210205078125,21372589
2019-11-06,TCS.NS,1868.6697799755827,1877.8432912789362,1850.8324775303613,1858.9017333984375,2540719
2019-11-07,INFY.NS,603.04523882537876,609.22706278992882,598.92398862589687,605.65252685546875,13733737
2019-11-07,TCS.NS,1872.4922804432572,1872.4922804432572,1847.6049521387552,1856.2264404296875,1915598
2019-11-08,INFY.NS,607.25044331612696,609.14284428213989,593.37283623203268,595.6016845703125,8585630
2019-11-08,TCS.NS,1859.8366138696931,1859.8366138696931,1804.1161818030723,1809.1700439453125,2788759
2019-11-11,INFY.NS,587.82182376567812,594.80267051237286,587.06484283274517,592.44769287109375,6951494
2019-11-11,TCS.NS,1813.4595585539512,1816.8571408650594,1776.0861531317621,1784.53759765625,2983768
2019-11-13,INFY.NS,585.80319549313606,588.74693014385537,578.44385886633791,581.4716796875,9973690
2019-11-13,TCS.NS,1799.0192378679956,1854.9094898483781,1799.0192378679956,1850.49267578125,3823365
2019-11-14,INFY.NS,585.67708961629023,596.98945305550671,585.67708961629023,593.20465087890625,10539902
2019-11-14,TCS.NS,1858.0522422917832,1868.6696836763078,1823.3968721383151,1865.95166015625,2995915
2019-11-15,INFY.NS,596.35868695205193,599.63886956074327,590.68148336101024,592.0272216796875,7362623
2019-11-15,TCS.NS,1865.2730253374289,1878.4386591683624,1842.1269916669166,1846.968505859375,2724180
2019-11-18,INFY.NS,592.9522597244918,597.15759489984282,588.15816735766009,593.1204833984375,7490916
2019-11-18,TCS.NS,1850.3230512060695,1858.2649819809349,1825.1385578935133,1828.4088134765625,1611089
2019-11-19,INFY.NS,597.07364129854489,600.52199637410831,592.95239137779606,599.55474853515625,6495885
2019-11-19,TCS.NS,1828.7486875763011,1830.1501073374538,1787.9776996507728,1791.2054443359375,2975313
2019-11-20,INFY.NS,599.51250144360165,601.36285896889785,592.95218961268949,599.68072509765625,6142171
2019-11-20,TCS.NS,1802.3742452692452,1813.4588949775612,1779.0583866653405,1790.992431640625,2894129
2019-11-21,INFY.NS,601.78339181412662,606.78775034282364,597.57805714037306,599.8909912109375,9692973
2019-11-21,TCS.NS,1793.9229755439826,1806.3242305774734,1790.0156739931811,1799.1043701171875,2052574
2019-11-22,INFY.NS,598.62955669212351,598.83982348407721,576.21509613599494,583.02777099609375,14415826
2019-11-22,TCS.NS,1781.1822511517339,1789.6762056159769,1750.1793173572476,1759.6925048828125,3742049
2019-11-25,INFY.NS,583.15385703035929,593.07848994240703,583.02772776533902,587.14892578125,7334511
2019-11-25,TCS.NS,1762.1134664143133,1770.9470966174831,1743.1293941437984,1768.0167236328125,2737010
2019-11-26,INFY.NS,592.95232964995375,594.84473070202807,576.97205409910384,580.8409423828125,27253106
2019-11-26,TCS.NS,1775.1092302208685,1781.9466979503873,1728.5623163534799,1738.415283203125,6561580
2019-11-27,INFY.NS,583.91082368906223,586.77047231157303,580.4203747528793,585.17242431640625,3861635
2019-11-27,TCS.NS,1742.95955689363,1759.6926066818157,1738.3303929172055,1744.9132080078125,2907521
2019-11-28,INFY.NS,587.99004377545816,591.5645792829888,583.74266479226696,590.302978515625,4837683
2019-11-28,TCS.NS,1755.7432491125583,1778.9740947814862,1749.754968546777,1764.4920654296875,2924429
2019-11-29,INFY.NS,589.50402085010876,590.68148412898086,581.64001173149256,585.6771240234375,4262379
2019-11-29,TCS.NS,1770.989422316849,1770.989422316849,1737.6931638608646,1744.0211181640625,2064271
2019-12-02,INFY.NS,591.35436848590075,592.11134955186697,580.58871785189206,582.6072998046875,9383736
2019-12-02,TCS.NS,1749.7546888395466,1756.2949925613059,1712.381287718702,1716.6707763671875,3809860
2019-12-03,INFY.NS,582.60713301354235,588.49460213325688,579.11668435870592,587.359130859375,5239013
2019-12-03,TCS.NS,1722.3186687798632,1751.4529666835538,1707.2844146624361,1742.109619140625,4664774
2019-12-04,INFY.NS,586.22380447808712,597.578211021063,583.15388884186098,596.1904296875,7427886
2019-12-04,TCS.NS,1743.8090416837376,1768.4415123163865,1737.4385751408111,1765.4686279296875,3334301
2019-12-05,INFY.NS,594.17194364405088,602.12003908391091,591.94309499290773,601.23687744140625,4814422
2019-12-05,TCS.NS,1769.2906243580132,1806.4941844818848,1756.8470646534729,1801.822509765625,3902721
2019-12-06,INFY.NS,602.1621425943332,605.56845488613294,596.82133444835245,601.44720458984375,5226096
2019-12-06,TCS.NS,1804.1160424388033,1807.5136244396297,1784.5799459340517,1803.7763671875,1829461
2019-12-09,INFY.NS,602.20409815865719,607.54485419365574,600.73223060030853,603.25543212890625,6435865
2019-12-09,TCS.NS,1807.4709085217225,1807.4709085217225,1744.2334621664074,1750.13671875,2244747
2019-12-10,INFY.NS,599.68085330831389,604.3067224432308,597.15765196199561,600.9844970703125,4457939
2019-12-10,TCS.NS,1749.7545815711517,1750.4766506336791,1701.5513910351503,1709.70556640625,4520045
2019-12-11,INFY.NS,602.70877850873296,607.8393196000186,599.68095690395614,606.4515380859375,6043554
2019-12-11,TCS.NS,1720.3658322740039,1739.5621516872623,1704.5245839347722,1734.380859375,4943024
2019-12-12,INFY.NS,604.30676687003609,606.15712492696809,588.36853359379563,590.51324462890625,11112042
2019-12-12,TCS.NS,1742.1951404995314,1769.8427972938393,1685.200621218223,1716.5433349609375,7137306
2019-12-13,INFY.NS,589.04128218790311,599.59671463016844,589.04128218790311,598.2509765625,10302412
2019-12-13,TCS.NS,1718.3269728094826,1764.5340017345777,1704.7366457877565,1759.310302734375,5711133
2019-12-16,INFY.NS,599.09214816870644,605.73659949246746,597.32592760652562,600.52197265625,5616324
2019-12-16,TCS.NS,1780.3329923151523,1814.3088127791818,1766.9975242574108,1806.451904296875,5574177
2019-12-17,INFY.NS,605.31613381105547,615.03045066227367,601.36310731422316,613.726806640625,10525565
2019-12-17,TCS.NS,1806.2392274828633,1842.3385301717988,1799.8687623024628,1838.8984375,6059673
2019-12-18,INFY.NS,614.82011516057594,620.11882818435606,607.88131085130817,616.0396728515625,12215295
2019-12-18,TCS.NS,1846.5858214973043,1871.6004775588369,1828.7485159538619,1841.277099609375,8251081
2019-12-19,INFY.NS,616.9228184388395,618.98344343675535,609.43729949446606,614.6939697265625,7199210
2019-12-19,TCS.NS,1851.5124835059869,1899.6731702925317,1841.107387894056,1893.34521484375,6251505
2019-12-20,INFY.NS,614.82013813944354,618.18440702119153,612.50720328324178,615.28271484375,7794167
2019-12-20,TCS.NS,1885.6576860313423,1908.33650051058,1875.6772906210413,1888.120849609375,5548338
2019-12-23,INFY.NS,615.78724208169456,620.1187064539813,615.3667085697449,619.02532958984375,4975608
2019-12-23,TCS.NS,1877.1639850069625,1904.3021287456841,1877.1639850069625,1895.5958251953125,2247329
2019-12-24,INFY.NS,619.82440094318406,619.82440094318406,612.54915009606964,616.838623046875,2890759
2019-12-24,TCS.NS,1901.7965483678522,1905.6613394157457,1878.1408004471896,1881.9207763671875,1805896
2019-12-26,INFY.NS,615.66119196521311,617.8059030637321,611.07736544662589,613.095947265625,3821806
2019-12-26,TCS.NS,1882.5995253973199,1893.301988361035,1864.5923877989044,1870.3258056640625,1880367
2019-12-27,INFY.NS,613.76876898315902,620.2870395684547,613.01178799422598,619.824462890625,3399094
2019-12-27,TCS.NS,1875.4654984932911,1891.0942946986122,1848.2848390948375,1867.396240234375,2720261
2019-12-30,INFY.NS,619.10946444069464,620.66546935805559,611.66604122775186,616.4180908203125,5368416
2019-12-30,TCS.NS,1874.6160469234892,1889.9051673786876,1849.2192020050302,1854.400390625,2288830
2019-12-31,INFY.NS,613.72667047070956,620.49725032936362,610.15213531123845,614.94622802734375,6927885
2019-12-31,TCS.NS,1859.3264746497275,1866.1216376452496,1832.5280091117538,1836.137939453125,1909289
2020-01-01,INFY.NS,618.18434175050015,622.38967740866678,616.12371701106565,619.74029541015625,2112415
2020-01-01,TCS.NS,1841.4894555267842,1854.9947611125413,1829.5979184523494,1841.1497802734375,1354908
2020-01-02,INFY.NS,621.4644989125743,623.06249559711966,614.73596213218491,617.9320068359375,5658200
2020-01-02,TCS.NS,1851.6396812673222,1851.6396812673222,1825.5207696068219,1832.6981201171875,2380752
2020-01-03,INFY.NS,617.25926421828387,629.11829169633882,617.25926421828387,627.4361572265625,7882938
2020-01-03,TCS.NS,1838.0919051123701,1888.2062407877997,1838.0919051123701,1869.22216796875,4655761
2020-01-06,INFY.NS,627.52016096818193,633.99638809286262,619.44593710797187,621.42242431640625,6519403
2020-01-06,TCS.NS,1872.9169146868601,1890.7117073905645,1858.3921699507205,1869.0521240234375,3023209
2020-01-07,INFY.NS,620.70752581311581,624.57641397673103,609.85773958414359,612.2127685546875,7899363
2020-01-07,TCS.NS,1869.0944459269242,1881.1133070408127,1854.9095852213563,1873.6387939453125,2429317
2020-01-08,INFY.NS,609.73164667791298,613.13795840210264,595.72785795831976,604.054443359375,8639443
2020-01-08,TCS.NS,1872.9165216058364,1919.6332602399957,1870.410847098927,1915.5986328125,5197454
2020-01-09,INFY.NS,606.9981736921635,615.24062151247904,600.77425623527313,611.91839599609375,13521186
2020-01-09,TCS.NS,1910.0783789800812,1912.7964034590987,1877.1642990754774,1880.8592529296875,3734173
2020-01-10,INFY.NS,622.76824564689991,624.82887064363467,614.39961637526517,620.83380126953125,9341405
2020-01-10,TCS.NS,1892.4530439461939,1897.5494165959594,1875.4651351136429,1880.1793212890625,1915807
2020-01-13,INFY.NS,639.21097334091962,653.92964706916439,635.00563798999247,650.607421875,36952038
2020-01-13,TCS.NS,1883.8317633185686,1884.7659738812758,1855.6741800031211,1860.473388671875,2843893
2020-01-14,INFY.NS,647.57968609956174,653.46715636494059,645.26675135244864,652.373779296875,11414418
2020-01-14,TCS.NS,1864.4225530236201,1893.9815488693966,1864.4225530236201,1874.5302734375,2948452
2020-01-15,INFY.NS,650.85980909649777,650.85980909649777,641.01936427332771,645.56109619140625,6047430
2020-01-15,TCS.NS,1879.7124053679586,1895.0015257008204,1863.7437271014651,1891.5189208984375,2620681
2020-01-16,INFY.NS,648.21046949640368,649.72438011517579,639.4213074207928,645.0985107421875,5740586
2020-01-16,TCS.NS,1891.5617749403157,1910.2909922165729,1881.4115374654109,1901.627197265625,3117214
2020-01-17,INFY.NS,648.21054905989047,650.06090730313792,641.10352042938996,645.8134765625,3762957
2020-01-17,TCS.NS,1903.2827602494281,1914.1550629449189,1879.7120376802341,1884.8934326171875,3281059
2020-01-20,INFY.NS,648.96744617558329,651.32247545843848,641.69224552610387,646.318115234375,3887680
2020-01-20,TCS.NS,1864.3374719543426,1904.5139070443347,1831.4659186523049,1843.4849853515625,5817599
2020-01-21,INFY.NS,646.31801914804782,648.0421964251409,639.84179225233731,641.31365966796875,4448374
2020-01-21,TCS.NS,1843.1456601584598,1857.2457079207597,1833.0379370059754,1844.080078125,1902980
2020-01-22,INFY.NS,646.31804950741832,654.35023037165433,644.25742476180869,647.7899169921875,9733935
2020-01-22,TCS.NS,1852.5310196558157,1877.163481631982,1846.3303929253693,1874.5302734375,1773686
2020-01-23,INFY.NS,653.59324234724932,660.65822673158607,653.25684629802493,659.69097900390625,12528017
2020-01-23,TCS.NS,1881.2565310047064,1888.0245178056796,1859.0368830317057,1865.208984375,2069866
2020-01-24,INFY.NS,652.45780614891282,661.49927751997416,650.64949134083577,658.34527587890625,7540490
2020-01-24,TCS.NS,1865.2085445525686,1865.2085445525686,1847.3733457554258,1858.781005859375,1319430
2020-01-27,INFY.NS,655.23335022800018,660.0694863204792,651.32241879748972,654.434326171875,3741610
2020-01-27,TCS.NS,1864.1442768961599,1867.3367421627456,1843.116613908807,1846.7347412109375,1549101
2020-01-28,INFY.NS,656.873421087976,657.54626451742035,649.30381700373562,654.3502197265625,5121009
2020-01-28,TCS.NS,1850.7792987755795,1862.5276174016999,1832.0501614374641,1859.0797119140625,1743024
2020-01-29,INFY.NS,661.58327432112242,666.79789993015993,659.60678742692812,664.19061279296875,6832757
2020-01-29,TCS.NS,1860.1433558422534,1861.8033964448073,1830.3470091811648,1834.26318359375,2306761
2020-01-30,INFY.NS,664.19063589408188,664.19063589408188,654.35014149414098,656.62103271484375,3859680
2020-01-30,TCS.NS,1838.8609047723132,1843.117527237064,1809.0645475190581,1820.004150390625,2098567
2020-01-31,INFY.NS,656.49492578950969,660.19564162623601,648.96736484971166,652.62603759765625,6092028
2020-01-31,TCS.NS,1821.3229711917156,1825.5371923967668,1763.6033547776103,1769.9456787109375,3287223
2020-02-03,INFY.NS,657.71455829207196,665.24212008933046,642.99588211545904,645.43499755859375,6416745
2020-02-03,TCS.NS,1832.0499786340665,1868.4014863627419,1781.9920659020738,1789.909423828125,4728073
2020-02-04,INFY.NS,647.70576333078952,664.35893323960545,647.70576333078952,662.63470458984375,5771311
2020-02-04,TCS.NS,1812.4691788604741,1819.0243334766103,1776.373116772761,1794.3785400390625,3509339
2020-02-05,INFY.NS,656.87347467536927,661.07881062079423,651.32245176127537,659.8592529296875,6310409
2020-02-05,TCS.NS,1800.5509541962376,1836.0511371146565,1791.4418254527991,1827.4102783203125,2439322
2020-02-06,INFY.NS,659.6910143244213,661.75163915806945,647.62172096752931,648.75714111328125,7341622
2020-02-06,TCS.NS,1826.0904809765671,1850.9491070278218,1800.9764160866796,1811.916015625,2640065
2020-02-07,INFY.NS,652.62605450953038,655.06511840336884,648.46276191899312,653.761474609375,2853344
2020-02-07,TCS.NS,1820.9824311997211,1831.1983214168304,1803.9559475045389,1818.896728515625,2083442
2020-02-10,INFY.NS,650.98595378363098,654.35022227863681,647.41141850768724,650.3131103515625,3827682
2020-02-10,TCS.NS,1822.5998481699128,1844.8194923360993,1803.9559318228862,1840.520263671875,2383032
2020-02-11,INFY.NS,655.19124767444259,655.27533384759704,646.94880065355744,650.607421875,4312817
2020-02-11,TCS.NS,1841.4146184052609,1851.4602875730857,1828.3043062010099,1833.2418212890625,1335820
2020-02-12,INFY.NS,652.49992453668756,658.76588545364314,651.91116722881236,656.91552734375,2948825
2020-02-12,TCS.NS,1831.2835258983955,1860.1433324500822,1830.3469861636963,1848.011962890625,1620407
2020-02-13,INFY.NS,660.23765190801021,667.80725556045866,657.88267437195827,666.33538818359375,4387430
2020-02-13,TCS.NS,1849.8852616572199,1870.3596544729824,1848.2252206922369,1866.0604248046875,1645948
2020-02-14,INFY.NS,668.22773241262826,672.1807575849582,659.90114856739399,661.4571533203125,5321680
2020-02-14,TCS.NS,1862.6971092439342,1883.1288874074874,1848.2245997114173,1859.4620361328125,1500115
2020-02-17,INFY.NS,664.69529418944228,667.34467598996139,658.80782470798636,663.98040771484375,2929629
2020-02-17,TCS.NS,1870.3170348173858,1887.3861300201052,1864.5705953146182,1875.680419921875,1774724
2020-02-18,INFY.NS,660.23779798109956,672.0547826971391,659.10237771589243,670.8773193359375,5083346
2020-02-18,TCS.NS,1872.8709333229856,1890.7913521826165,1861.0376081776701,1886.3218994140625,2486223
2020-02-19,INFY.NS,672.85362626751169,676.93278084289545,669.61553872496245,673.23211669921875,3985192
2020-02-19,TCS.NS,1886.3218832708073,1898.4532549673474,1864.8259439488677,1869.8062744140625,1760463
2020-02-20,INFY.NS,675.58717495524604,677.98419575175387,667.68112336681554,670.33050537109375,4564569
2020-02-20,TCS.NS,1876.744231883556,1885.1722584745487,1831.4112174368338,1836.1361083984375,2317278
2020-02-24,INFY.NS,672.93781669333907,682.61008906943312,666.25137381411969,669.36328125,6627536
2020-02-24,TCS.NS,1835.4552497935824,1854.9931015379816,1793.4849188860398,1800.8489990234375,3092877
2020-02-25,INFY.NS,672.0126153334312,677.90008505475043,668.98479429633198,671.50799560546875,6996695
2020-02-25,TCS.NS,1800.9765148178301,1853.0349114165053,1797.1455555568139,1835.582763671875,2674567
2020-02-26,INFY.NS,667.76523771382813,674.07324099596394,656.45287489426551,658.34527587890625,8760569
2020-02-26,TCS.NS,1833.7524892892445,1842.1805164789253,1798.8055862140268,1807.872314453125,2686842
2020-02-27,INFY.NS,654.35011857071095,656.66305279445055,649.47194029302739,654.22393798828125,5223386
2020-02-27,TCS.NS,1804.7649739205312,1804.7649739205312,1776.0327777495097,1792.46337890625,2349001
2020-02-28,INFY.NS,630.80033129318372,636.51957736330939,607.29249534672522,615.4088134765625,14123957
2020-02-28,TCS.NS,1760.5384493558192,1761.8154356585435,1694.1351616141587,1702.776123046875,4298076
2020-03-02,INFY.NS,619.86651531627876,644.17337749551928,617.13304696515536,623.2728271484375,9821523
2020-03-02,TCS.NS,1732.4448344429431,1748.5773872786488,1690.47450769598,1703.7552490234375,2667076
2020-03-03,INFY.NS,635.00575952900147,638.37002845365839,623.44108510049318,628.2772216796875,7826587
2020-03-03,TCS.NS,1719.6748980099576,1753.7278662873825,1712.8643043544728,1733.46630859375,2757585
2020-03-04,INFY.NS,634.08051303026116,640.47260251492992,627.05757188015355,638.15966796875,11013444
2020-03-04,TCS.NS,1750.3224186892278,1783.0557900577294,1723.9313705475129,1773.4783935546875,3237002
2020-03-05,INFY.NS,642.36503544018672,650.60748323847645,632.27222964603652,634.66925048828125,7755293
2020-03-05,TCS.NS,1775.6067565250028,1828.4314621496162,1774.2021548000409,1809.1064453125,3937056
2020-03-06,INFY.NS,623.23076921806194,625.75397071287193,613.22204942144936,621.506591796875,9216022
2020-03-06,TCS.NS,1786.0786285213057,1807.9150167004432,1763.6037470288265,1801.7855224609375,2595027
2020-03-09,INFY.NS,609.35319444460083,610.48861464572337,586.22384613925021,592.48980712890625,10308654
2020-03-09,TCS.NS,1766.4978306347193,1770.66923635065,1647.3124348328586,1679.109375,4940975
2020-03-11,INFY.NS,580.88308999988283,585.34073595269842,562.71600743557485,576.97210693359375,16165009
2020-03-11,TCS.NS,1645.6095654341752,1691.8365078837899,1634.5423515952491,1663.23193359375,6796449
2020-03-12,INFY.NS,561.83291703657301,563.51505151871845,527.7696937731281,530.88165283203125,13965574
2020-03-12,TCS.NS,1620.9210915445626,1624.6669383807312,1496.9257152017399,1506.7159423828125,8728786
2020-03-13,INFY.NS,497.91175020158181,560.99178612239029,479.40827299814464,540.25946044921875,16903113
2020-03-13,TCS.NS,1436.9501419017092,1549.4100482455815,1282.1368564917832,1537.7469482421875,8029720
2020-03-16,INFY.NS,523.14376057766481,523.2699411824093,487.81894073158452,490.46832275390625,19140152
2020-03-16,TCS.NS,1494.0739789689922,1568.3520158151714,1426.6916473953106,1444.1864013671875,7844271
2020-03-17,INFY.NS,494.63159049616843,497.91177304842859,462.58695131188466,466.750244140625,16059887
2020-03-17,TCS.NS,1472.7912061665977,1473.6425305632258,1381.8272151711731,1411.495849609375,5713248
2020-03-18,INFY.NS,477.72611264076613,486.13678363796271,444.08342865197977,449.38214111328125,15390183
2020-03-18,TCS.NS,1427.5005928402754,1458.7867600988843,1385.7430953796049,1408.430908203125,7258778
2020-03-19,INFY.NS,428.31342122616059,469.31544240392265,428.31342122616059,458.84414672851562,16583991
2020-03-19,TCS.NS,1337.5116477320128,1445.3478309516954,1326.406492207112,1403.242431640625,5135111
2020-03-20,INFY.NS,462.16639745629834,519.31692038411484,460.90479673530757,492.1925048828125,21354894
2020-03-20,TCS.NS,1397.797416044187,1602.7505341021995,1395.224782763124,1541.3931884765625,8547498
2020-03-23,INFY.NS,454.17626539979733,471.79663262992631,433.9065674223022,442.77981567382812,17146150
2020-03-23,TCS.NS,1389.2217649977169,1500.7025239172867,1387.292290324109,1431.8416748046875,7003490
2020-03-24,INFY.NS,439.03703110009297,505.60751334195101,439.03703110009297,496.06137084960938,20027097
2020-03-24,TCS.NS,1417.5637808475931,1517.8535543306596,1400.2413215434158,1460.5267333984375,6350865
2020-03-25,INFY.NS,502.11703123475564,534.07757928654917,475.79164271165757,509.8548583984375,18339548
2020-03-25,TCS.NS,1457.825199892485,1552.1550657678811,1440.6743151878675,1500.959716796875,2765520
2020-03-26,INFY.NS,517.25627323702372,547.40850863087792,514.81715808139063,540.80615234375,14843813
2020-03-26,TCS.NS,1570.6781675361465,1571.0641252915073,1477.163021536476,1535.8189697265625,4556067
2020-03-27,INFY.NS,559.35169733343537,567.63623955422315,540.17537659775439,548.96453857421875,13495283
2020-03-27,TCS.NS,1560.7306501995411,1586.4569795984346,1501.0455869302484,1564.589599609375,4331250
2020-03-30,INFY.NS,525.75112437441931,558.0481277342011,522.38685533005344,527.09686279296875,14624804
2020-03-30,TCS.NS,1514.4235165145312,1633.6221964666943,1512.322574459605,1525.142822265625,8513547
2020-03-31,INFY.NS,546.69356431611709,556.78636858041455,532.98418212404431,539.54449462890625,15175521
2020-03-31,TCS.NS,1575.65208548601,1590.7448458365106,1526.429016490021,1565.9617919921875,3927593
2020-04-01,INFY.NS,533.53099242648341,536.18037481236604,499.59394923693401,506.99533081054688,13083824
2020-04-01,TCS.NS,1565.7903259279699,1573.3795728592779,1459.5405548475221,1465.3289794921875,4941878
2020-04-03,INFY.NS,507.5840534689633,509.6867214617925,489.62728934406925,492.61306762695312,10221655
2020-04-03,TCS.NS,1492.1271508971231,1492.1271508971231,1414.9481603334789,1418.5498046875,5735369
2020-04-07,INFY.NS,517.25628346904341,541.85749695110769,515.49006303496583,537.44189453125,15145605
2020-04-07,TCS.NS,1466.4011275138323,1531.4458583448938,1462.1134049187626,1522.31298828125,5427577
2020-04-08,INFY.NS,529.87226972515043,551.44566124068183,526.80235429525919,531.21795654296875,11806896
2020-04-08,TCS.NS,1509.2782372916101,1548.7252821299135,1458.6831145642209,1462.4991455078125,6285615
2020-04-09,INFY.NS,544.0021532890604,549.04855554839241,531.63845748676533,535.12890625,11931114
2020-04-09,TCS.NS,1501.088492607335,1525.3999591120478,1484.580763572668,1514.552001953125,5307397
2020-04-13,INFY.NS,529.0312674456261,548.12350310368163,526.5501089450446,536.09625244140625,8330276
2020-04-13,TCS.NS,1510.1360790647871,1532.4322392326942,1497.2729097371482,1508.6353759765625,2990438
2020-04-15,INFY.NS,547.87115777629538,549.46915454804912,534.5822558420756,537.48394775390625,11963447
2020-04-15,TCS.NS,1530.7169568581719,1553.8706587266149,1481.6654525499093,1487.9683837890625,4761399
2020-04-16,INFY.NS,521.419576034334,533.99353985917082,507.58401151806868,524.69970703125,17783287
2020-04-16,TCS.NS,1466.3580067370287,1513.4801343842425,1436.429790884263,1471.589111328125,6245533
2020-04-17,INFY.NS,541.6473207629225,543.32945529945323,526.50810993414518,528.821044921875,8878320
2020-04-17,TCS.NS,1543.5798731988004,1588.129261555782,1503.2752876208317,1548.8966064453125,9895823
2020-04-20,INFY.NS,538.28293425047696,555.94534303057071,537.44186716571062,549.4691162109375,13322913
2020-04-20,TCS.NS,1569.3063508041578,1569.3063508041578,1545.7238783193959,1559.5732421875,3244282
2020-04-21,INFY.NS,528.02199815017252,543.74996566049595,528.02199815017252,532.56378173828125,11660575
2020-04-21,TCS.NS,1513.5657551629176,1538.9490466079792,1481.5793095129716,1490.1119384765625,5122541
2020-04-22,INFY.NS,532.56372819577894,542.48831027180302,528.23221185121577,539.83892822265625,8266728
2020-04-22,TCS.NS,1490.1119168105436,1535.0043412742389,1474.2473468029607,1517.4246826171875,3829836
2020-04-23,INFY.NS,544.21238175686199,574.99546417355907,536.6848219827632,571.3367919921875,14451289
2020-04-23,TCS.NS,1526.4291192141955,1629.3344530938041,1510.007122079764,1610.682861328125,5934366
2020-04-24,INFY.NS,562.29536625505125,567.72025899684172,550.73069431252304,553.422119140625,7319940
2020-04-24,TCS.NS,1578.4818281142298,1588.1292019596951,1550.2687030129441,1559.4873046875,2987102
2020-04-27,INFY.NS,555.98736675126463,572.76666477481558,555.98736675126463,558.97314453125,7183306
2020-04-27,TCS.NS,1571.2786862470853,1607.8957911928987,1565.0185700944214,1574.966064453125,3374741
2020-04-28,INFY.NS,566.03816946636687,569.40243793273464,549.25887022342533,555.69305419921875,7296571
2020-04-28,TCS.NS,1599.3201201523009,1601.8927530533501,1571.5356638848284,1594.2177734375,2678505
2020-04-29,INFY.NS,560.15073838962996,573.60781318577722,553.42220099155634,569.02398681640625,8639056
2020-04-29,TCS.NS,1607.0377830881068,1640.0961528889011,1586.4996419801462,1634.1790771484375,4241510
2020-04-30,INFY.NS,588.74696828867479,605.56831023977986,587.14892026945518,601.78350830078125,16253821
2020-04-30,TCS.NS,1697.9379827411499,1742.5302933989981,1665.5227611983501,1727.4803466796875,5915544
2020-05-04,INFY.NS,580.16817629317359,589.75636343589269,563.80940808394587,566.62701416015625,9122740
2020-05-04,TCS.NS,1685.9324025944709,1685.9324025944709,1641.0399712031374,1655.4466552734375,3729348
2020-05-05,INFY.NS,573.39759522666498,576.6356835913997,563.51505508157754,566.62701416015625,6393053
2020-05-05,TCS.NS,1676.5849183062858,1695.3651602896416,1652.4879432868686,1657.4188232421875,2905528
2020-05-06,INFY.NS,569.31838928298771,573.14523464880449,558.5106453215642,560.066650390625,7934250
2020-05-06,TCS.NS,1663.4643058904348,1675.3840867040087,1623.8457004499769,1632.421142578125,3517431
2020-05-07,INFY.NS,559.77225894110381,567.17363995811706,557.16497118176233,559.26763916015625,4779548
2020-05-07,TCS.NS,1637.9098696296951,1658.8767891775371,1615.0562895178284,1622.1739501953125,3166754
2020-05-08,INFY.NS,565.40739413474068,572.68264554888276,562.25339230803149,567.0474853515625,8400321
2020-05-08,TCS.NS,1662.8642970944757,1663.2073357848401,1617.5430972540112,1623.674560546875,2686530
2020-05-11,INFY.NS,574.02829871814561,587.52741547601352,570.24349674857535,574.36474609375,7370186
2020-05-11,TCS.NS,1637.0522533839771,1673.4121567420582,1637.0522533839771,1659.605712890625,2449841
2020-05-12,INFY.NS,570.66401787500558,581.17735645044786,568.14081661689943,578.35980224609375,7356039
2020-05-12,TCS.NS,1657.9765138319592,1677.7857703272275,1638.1243382405246,1671.782958984375,3256595
2020-05-13,INFY.NS,584.37338398050815,588.66285679434634,575.07960321918119,583.82672119140625,8287101
2020-05-13,TCS.NS,1709.9435731059755,1709.9435731059755,1651.3304329479392,1671.9114990234375,2656665
2020-05-14,INFY.NS,554.26328746848094,564.98689432010929,548.88043682869818,553.54840087890625,16888262
2020-05-14,TCS.NS,1637.9094774523005,1649.1432859164895,1621.7018705874457,1631.3492431640625,2263146
2020-05-15,INFY.NS,559.14139036782217,559.14139036782217,543.91809659439264,548.6280517578125,9255353
2020-05-15,TCS.NS,1643.0549811670965,1644.2555641980364,1599.4916861406964,1623.2457275390625,3173682
2020-05-18,INFY.NS,554.97815833673565,563.97758743206248,549.21686868607003,558.384521484375,10435442
2020-05-18,TCS.NS,1635.3372814195693,1674.7414073927082,1605.4089588989771,1668.4384765625,3727694
2020-05-19,INFY.NS,558.46863572453731,567.55215146035198,550.89903072224695,562.3375244140625,5902208
2020-05-19,TCS.NS,1631.9071505770628,1686.318306132054,1631.9071505770628,1671.0540771484375,3198693
2020-05-20,INFY.NS,562.25336440864999,566.03816641289666,554.80994100082978,563.136474609375,5794636
2020-05-20,TCS.NS,1672.2115671745078,1683.2739107858047,1656.5184629025853,1675.2987060546875,2778505
2020-05-21,INFY.NS,560.57126335598014,571.4630933685396,559.64611001183948,565.3653564453125,7213225
2020-05-21,TCS.NS,1668.7812742958979,1713.3735796727667,1664.6222052113117,1707.542236328125,3400908
2020-05-22,INFY.NS,567.72031104789698,585.2565401219556,566.45871035667949,582.31280517578125,11867731
2020-05-22,TCS.NS,1695.4507609790985,1742.5299624964662,1681.8587051900563,1732.53955078125,3663418
2020-05-26,INFY.NS,582.85954102243284,588.28443446338429,571.08460079975748,572.38824462890625,7099606
2020-05-26,TCS.NS,1727.9520625547841,1735.669962586046,1650.7730622421634,1666.2088623046875,4575317
2020-05-27,INFY.NS,577.01420658527434,596.48493496861352,567.72042325667394,593.3309326171875,8774636
2020-05-27,TCS.NS,1679.9293230987366,1723.6640834244311,1664.7079114167548,1719.6336669921875,3482160
2020-05-28,INFY.NS,594.63437785643919,597.15757889401948,580.33623864348374,594.9708251953125,9440091
2020-05-28,TCS.NS,1705.226880913875,1727.0942610814907,1690.4771604770194,1718.776123046875,3475681
2020-05-29,INFY.NS,590.36733602476875,597.44320849028941,575.40569047877284,589.08856201171875,28290128
2020-05-29,TCS.NS,1699.652887320191,1717.3611989340122,1682.845039138534,1691.3775634765625,7237735
2020-06-01,INFY.NS,595.69550011093725,602.4303967037439,589.51475968044815,596.37750244140625,12276438
2020-06-01,TCS.NS,1706.5136092059727,1766.5417261127154,1698.8814419773983,1753.8929443359375,3747773
2020-06-02,INFY.NS,597.18746408872641,606.69303839902102,594.67253145639552,603.66656494140625,7059304
2020-06-02,TCS.NS,1766.7127409939051,1784.5497044677859,1749.4333069369161,1755.5218505859375,2443886
2020-06-03,INFY.NS,605.88299900223478,606.90602838502252,593.35100613831594,598.08245849609375,11378568
2020-06-03,TCS.NS,1764.7248222105809,1774.9595138539348,1737.3316622580003,1759.8223876953125,3699799
2020-06-04,INFY.NS,598.46619734634407,604.81745158526974,594.62987556848293,603.3681640625,10782424
2020-06-04,TCS.NS,1760.3384223733683,1806.1368936040424,1760.3384223733683,1798.869384765625,4048593
2020-06-05,INFY.NS,602.72878814653961,606.73562359465541,597.27266514909093,599.78759765625,7718679
2020-06-05,TCS.NS,1798.912325671897,1804.4166585614244,1754.7909421206657,1761.62841796875,3573289
2020-06-08,INFY.NS,603.28296333034223,618.7560973850326,600.17125914214978,614.5361328125,10719105
2020-06-08,TCS.NS,1787.4303892680414,1801.8364804602654,1773.5404211540367,1781.8399658203125,2957841
2020-06-09,INFY.NS,613.81143980543595,621.99557152279897,609.59147575008558,611.765380859375,10078029
2020-06-09,TCS.NS,1774.4006029655602,1802.2666315310605,1771.9493331481112,1782.09814453125,2909439
2020-06-10,INFY.NS,609.54894178157349,613.34264839935111,604.60435937381112,610.2735595703125,7263049
2020-06-10,TCS.NS,1786.3979700243819,1833.6584976567131,1783.3446974161325,1813.6619873046875,5168397
2020-06-11,INFY.NS,606.99122045773197,608.18476333380283,596.97416028866132,600.12847900390625,8825715
2020-06-11,TCS.NS,1806.1370377988485,1810.4373640793219,1773.2825870114052,1778.3138427734375,2269513
2020-06-12,INFY.NS,576.13037783441268,592.62659581457001,575.87463340761383,589.9837646484375,9795316
2020-06-12,TCS.NS,1729.7628987146727,1762.445372733657,1729.5909276888867,1754.102783203125,2842642
2020-06-15,INFY.NS,590.79362278257645,600.5123265681375,584.18662339359389,586.14739990234375,7857344
2020-06-15,TCS.NS,1753.7586258157262,1770.8739413411836,1720.947123097711,1745.8460693359375,2399022
2020-06-16,INFY.NS,598.46630423343913,606.99146526240554,596.03665415356511,597.7843017578125,10131760
2020-06-16,TCS.NS,1776.0344483153544,1783.7319890378681,1746.7922346384917,1759.521240234375,2146528
2020-06-17,INFY.NS,596.67598969494907,605.54212517922076,595.05618842596868,599.8729248046875,7291916
2020-06-17,TCS.NS,1759.6931738507012,1770.7450942461157,1742.964949848317,1761.2413330078125,2703527
2020-06-18,INFY.NS,603.75185434546881,610.91295767649524,601.87630869920656,608.6112060546875,6670195
2020-06-18,TCS.NS,1758.8331519039009,1771.0460344841017,1741.8038207116163,1752.898681640625,1944389
2020-06-19,INFY.NS,604.43374383019818,606.90606063385223,597.6136169604639,601.4925537109375,22438862
2020-06-19,TCS.NS,1756.2529874121185,1797.536113462942,1747.6523361515301,1758.4891357421875,5681758
2020-06-22,INFY.NS,602.8140505610636,604.17810739872414,596.76120769637953,599.91552734375,7804096
2020-06-22,TCS.NS,1763.1334224123493,1765.0685688515825,1736.6004355654366,1744.1689453125,3196138
2020-06-23,INFY.NS,593.09531859758636,617.64776596852926,590.02623015531799,614.3656005859375,12157390
2020-06-23,TCS.NS,1743.3520180136024,1757.9731252194392,1728.7309108077657,1750.4906005859375,4205944
2020-06-24,INFY.NS,611.16869862177657,619.60857521354342,604.77482906735747,608.82427978515625,10220838
2020-06-24,TCS.NS,1749.3725564268868,1775.3895278290074,1747.3083790204387,1756.425048828125,2560937
2020-06-25,INFY.NS,600.89592404743337,601.53531109240123,591.21988758029977,597.1875,14945284
2020-06-25,TCS.NS,1750.2326701599084,1771.7343000144529,1728.0859914097277,1733.9774169921875,3043931
2020-06-26,INFY.NS,605.45692814440224,640.75106250352178,605.28641452235343,637.8525390625,26030458
2020-06-26,TCS.NS,1741.6319230401405,1833.6588937884342,1737.2885520515113,1822.34912109375,6300722
2020-06-29,INFY.NS,626.94025630606984,634.86864430852154,622.42188010206189,623.82855224609375,8954428
2020-06-29,TCS.NS,1813.0172836678028,1829.874644110098,1798.6542380743408,1807.5557861328125,3076341
2020-06-30,INFY.NS,624.72373339245109,629.96672776528033,617.43473177746694,627.4091796875,10411290
2020-06-30,TCS.NS,1806.1365463928769,1816.371236165045,1784.6779660870477,1790.7843017578125,3071725
2020-07-01,INFY.NS,628.51736024417391,632.82255522132152,622.12349086223935,623.9564208984375,5477468
2020-07-01,TCS.NS,1788.6773065970146,1818.134535615281,1788.5053355762147,1799.2991943359375,2503466
2020-07-02,INFY.NS,628.6025582124721,652.55828546647672,626.94019388669039,645.01348876953125,17263756
2020-07-02,TCS.NS,1807.8568013847482,1862.0409015213986,1804.4165410586118,1855.289306640625,3758699
2020-07-03,INFY.NS,643.64954497319434,651.32218855565623,641.51825508917716,650.21392822265625,7796572
2020-07-03,TCS.NS,1860.8793383799677,1896.4431060140739,1857.9552017083461,1891.8416748046875,4185208
2020-07-06,INFY.NS,652.34523416604566,660.69988031037815,649.19091465335862,651.32220458984375,8810958
2020-07-06,TCS.NS,1896.4435213898671,1952.2616616794996,1896.4435213898671,1946.499267578125,5190366
2020-07-07,INFY.NS,655.92580361814987,679.41260802335512,652.64358593616657,677.02557373046875,19362533
2020-07-07,TCS.NS,1956.6480124786099,1980.471772657161,1919.794140648449,1952.2615966796875,5630055
2020-07-08,INFY.NS,669.13982640218842,669.13982640218842,658.31286284098519,660.44415283203125,8476642
2020-07-08,TCS.NS,1952.347475093562,1956.1316769576495,1898.6795051433835,1908.3980712890625,2793358
2020-07-09,INFY.NS,664.96251651294915,673.48767698106394,660.69993627889176,666.41180419921875,6854166
2020-07-09,TCS.NS,1917.0855352154574,1930.4165472369198,1884.4460993905429,1895.885009765625,3443998
2020-07-10,INFY.NS,659.42100328419656,673.40228389571098,659.42100328419656,666.53948974609375,5206452
2020-07-10,TCS.NS,1896.6586468660116,1935.0176360376679,1871.5017415623813,1911.3658447265625,9610320
2020-07-13,INFY.NS,671.78254407522491,686.57367445436716,670.12012762672589,679.497802734375,10804688
2020-07-13,TCS.NS,1909.344482421875,1930.8030642267013,1900.7438316001546,1909.344482421875,2963503
2020-07-14,INFY.NS,676.00256987008811,687.46892043035939,666.11335309005347,667.733154296875,8961822
2020-07-14,TCS.NS,1900.7439530807558,1925.6858420578337,1862.0410219094283,1868.0184326171875,2976738
2020-07-15,INFY.NS,681.16035495070059,723.31728594852029,677.57977697105275,708.39825439453125,30060599
2020-07-15,TCS.NS,1879.2420981887101,1943.7469757009085,1875.8879285488017,1921.2991943359375,5569321
2020-07-16,INFY.NS,767.34958415985534,814.5789885034153,762.36238667627333,776.64202880859375,90432109
2020-07-16,TCS.NS,1934.3149991435005,2011.0324835123827,1913.7134217898549,1926.341552734375,8582118
2020-07-17,INFY.NS,776.64205873945161,784.22947178420338,760.57215330997747,769.9498291015625,31682878
2020-07-17,TCS.NS,1928.2814767515335,1934.2291539445812,1887.8108816781694,1897.0341796875,4509135
2020-07-20,INFY.NS,774.5107148612932,805.62754600321637,773.01881199832428,796.505615234375,18421053
2020-07-20,TCS.NS,1897.2498320904228,1919.5754047268781,1888.4575305692188,1903.197509765625,2952646
2020-07-21,INFY.NS,805.62767890093323,809.63451480056995,792.1579355228248,798.59442138671875,12877784
2020-07-21,TCS.NS,1922.2474208083231,1929.7035878354609,1897.3787993689534,1917.9805908203125,2665286
2020-07-22,INFY.NS,800.46986446624146,800.51247985720215,775.78951722050476,782.5244140625,14354201
2020-07-22,TCS.NS,1923.1098378216229,1923.1098378216229,1882.7684508597677,1888.5869140625,2861534
2020-07-23,INFY.NS,780.60631491631261,780.73416109930736,767.81857460992478,774.04193115234375,13051307
2020-07-23,TCS.NS,1888.5870153169769,1888.5870153169769,1864.4943084827962,1871.5626220703125,2265766
2020-07-24,INFY.NS,770.0350916608719,789.21670202607493,770.0350916608719,786.744384765625,18209580
2020-07-24,TCS.NS,1857.1666825945404,1864.4936339995315,1831.8241348552292,1859.6663818359375,3665100
2020-07-27,INFY.NS,785.63614539206822,812.2772716127954,783.16388009885452,808.56884765625,16827870
2020-07-27,TCS.NS,1866.2178598797905,1909.3175795074992,1864.9248682909592,1902.249267578125,4248480
2020-07-28,INFY.NS,806.48015756750385,824.85186745212457,802.38809106476015,820.84503173828125,15818463
2020-07-28,TCS.NS,1909.3180755175918,1999.8275102486741,1909.3180755175918,1990.9920654296875,8092319
2020-07-29,INFY.NS,812.66093738585687,818.41542081345153,804.43413656117457,813.42822265625,11152710
2020-07-29,TCS.NS,1975.6912742347954,2018.7909966221164,1936.0826714504201,1961.9425048828125,6090431
2020-07-30,INFY.NS,820.12042370440508,829.19974026877435,817.34974659729562,819.65155029296875,12492320
2020-07-30,TCS.NS,1970.4331846426496,2032.5830735735633,1958.6670436503518,1964.91650390625,7098496
2020-07-31,INFY.NS,826.30107230429326,840.96435683389541,812.70343269641455,823.5303955078125,12704346
2020-07-31,TCS.NS,1985.3023334220566,2012.5845826602138,1945.9092311292054,1966.553955078125,4723290
2020-08-03,INFY.NS,818.41536180024684,823.01896902375222,807.71629638340187,815.7725830078125,8479792
2020-08-03,TCS.NS,1974.3553858331834,1985.9062391355415,1922.8512111869852,1943.06494140625,4012337
2020-08-04,INFY.NS,818.79896851016736,827.53725714628649,801.83388000325056,809.76226806640625,11133170
2020-08-04,TCS.NS,1948.0648154988469,1956.4261217216631,1917.9812856468027,1939.2293701171875,2927928
2020-08-05,INFY.NS,811.59518218318749,819.22521032153554,799.91570329340027,805.371826171875,9614176
2020-08-05,TCS.NS,1948.1075109088017,1982.5872898629398,1942.0735495918275,1947.676513671875,3800641
2020-08-06,INFY.NS,812.87396898457132,830.69157338659909,803.49629341159778,827.66510009765625,10976491
2020-08-06,TCS.NS,1961.0374780859443,1999.3962331518012,1952.7193153800265,1989.569580078125,4748047
2020-08-07,INFY.NS,826.47163181337214,826.47163181337214,809.03766951873945,810.657470703125,8010948
2020-08-07,TCS.NS,1989.482756515433,2006.7226417538684,1971.3808770150761,1978.57861328125,3165491
2020-08-10,INFY.NS,808.95245408466451,815.68729927184995,805.88336526129058,811.04107666015625,5716319
2020-08-10,TCS.NS,1998.103273043605,2004.1372346101734,1961.9426454592467,1967.7611083984375,2929353
2020-08-11,INFY.NS,809.80500631958171,820.1204295788674,806.56540374438157,808.56884765625,6802442
2020-08-11,TCS.NS,1967.9333754351624,1992.931215070563,1961.5547005349317,1965.2611083984375,2774423
2020-08-12,INFY.NS,808.18511123136977,817.3922729779498,803.24052918537711,814.110107421875,6908726
2020-08-12,TCS.NS,1972.5446987092889,1979.4835843187227,1936.5132956446287,1945.8228759765625,3415751
2020-08-13,INFY.NS,813.98218344653503,825.66166186305702,808.39821462224461,810.91314697265625,5097703
2020-08-13,TCS.NS,1959.3135266222068,1982.5873784562584,1939.9186500938304,1943.323486328125,2695682
2020-08-14,INFY.NS,814.87726713777477,820.97277637386389,811.6377172638596,812.9591064453125,4663873
2020-08-14,TCS.NS,1962.7611688501747,1966.4677867087619,1924.9197004107248,1932.7205810546875,2270405
2020-08-17,INFY.NS,813.38542162935505,829.02912004240261,813.38542162935505,816.28399658203125,9008210
2020-08-17,TCS.NS,1950.6936889851554,1956.7276509042433,1929.35932362838,1942.41845703125,2625630
2020-08-18,INFY.NS,821.74015460688315,826.25847878791649,817.30706120846662,824.851806640625,6141761
2020-08-18,TCS.NS,1950.5213867620375,1973.1056027732266,1938.0224652940551,1956.51220703125,3493374
2020-08-19,INFY.NS,827.7078205185552,828.26192470873286,816.24146969984099,817.818603515625,6622744
2020-08-19,TCS.NS,1962.2013944577941,1969.312849554681,1941.6427400894556,1945.177001953125,2843005
2020-08-20,INFY.NS,817.47757449702829,823.1041590171701,810.99842198381748,814.2806396484375,5656501
2020-08-20,TCS.NS,1945.5217734176565,1962.3738096013055,1930.9110073284901,1941.944580078125,2895164
2020-08-21,INFY.NS,821.01541685324185,821.35644402236699,806.9489046786,808.8670654296875,6513773
2020-08-21,TCS.NS,1948.1074140529709,1957.5893527939368,1931.7726616751515,1938.28076171875,1975294
2020-08-24,INFY.NS,807.33261782059014,811.59519764012862,800.68300370879911,807.67364501953125,5798574
2020-08-24,TCS.NS,1940.004473073921,1948.0639935821569,1922.2473061563051,1937.8494873046875,2167966
2020-08-25,INFY.NS,807.7589104759129,808.73932468986936,795.90891725555218,799.7452392578125,6233918
2020-08-25,TCS.NS,1935.1775044976569,1939.4874766680302,1925.3077103170738,1933.1517333984375,1663419
2020-08-26,INFY.NS,802.43056633025219,813.51327269125431,800.00091690294676,810.57208251953125,5153601
2020-08-26,TCS.NS,1932.5914588591356,1948.0210745522418,1910.5674596893462,1942.50439453125,2618149
2020-08-27,INFY.NS,818.41533642935599,819.22523701271996,805.79811039942581,807.375244140625,6154280
2020-08-27,TCS.NS,1953.2797092246374,1971.6833776014764,1932.3763407565448,1938.1085205078125,3579393
2020-08-28,INFY.NS,811.12638281179011,812.0215142318126,795.44006713031047,797.31561279296875,7593610
2020-08-28,TCS.NS,1955.3483306763478,1965.3044097045517,1926.6440808479661,1929.617919921875,2941136
2020-08-31,INFY.NS,797.31555322856002,810.31642164527807,779.71107780500324,791.64630126953125,12808355
2020-08-31,TCS.NS,1930.8671710599181,1962.0713216455188,1920.5232397863829,1945.736572265625,6018154
2020-09-01,INFY.NS,789.64287549188998,797.10238983526813,777.57975434036416,779.32745361328125,6907773
2020-09-01,TCS.NS,1955.8652753218382,1963.6232248493379,1931.9880727545483,1936.3411865234375,3610908
2020-09-02,INFY.NS,780.05220883852473,789.77091290956582,778.77343472567475,787.724853515625,5678118
2020-09-02,TCS.NS,1936.9015158782217,1955.6498950372566,1932.2897614231763,1952.546630859375,2084137
2020-09-03,INFY.NS,789.8560905427571,809.3787281650184,787.72480049811941,797.57135009765625,8827948
2020-09-03,TCS.NS,1955.0030634631848,2003.2747440425228,1955.0030634631848,1982.1558837890625,4654146
2020-09-04,INFY.NS,780.05206498233588,792.4135457935314,779.58319163411693,783.59002685546875,8650342
2020-09-04,TCS.NS,1961.0381456384985,2003.491389011112,1950.6510663379447,1972.9337158203125,5231303
2020-09-07,INFY.NS,783.37687051909381,790.75110173232417,778.38962135281292,788.61981201171875,6700385
2020-09-07,TCS.NS,1973.1051246711334,2020.0838181156842,1968.2349406307906,2005.904052734375,4620401
2020-09-08,INFY.NS,792.79718548544838,811.59515100271994,789.04609464642863,800.7681884765625,12891964
2020-09-08,TCS.NS,2013.5761865672202,2060.5548909323802,2005.904519024361,2024.1356201171875,7453998
2020-09-09,INFY.NS,797.1023711705908,806.48004612553893,789.42972802563327,790.921630859375,5528947
2020-09-09,TCS.NS,2004.1373074350115,2033.4451218233085,1999.8273347308502,2006.4215087890625,3866535
2020-09-10,INFY.NS,797.35814208985096,803.0700092502301,788.40672478929105,801.4075927734375,5171884
2020-09-10,TCS.NS,2012.7567506145015,2024.3936740120585,2003.533453418597,2009.43798828125,2308813
2020-09-11,INFY.NS,797.01726348036766,813.42819718593989,793.6924301240407,806.22442626953125,6671903
2020-09-11,TCS.NS,2009.2659935145825,2054.1328483428242,2008.5763558401682,2046.461181640625,4145424
2020-09-14,INFY.NS,815.85782115227437,844.88598087122205,808.44092146238222,834.1016845703125,21871587
2020-09-14,TCS.NS,2055.0806899524678,2159.942212120523,2053.1412027820511,2147.572509765625,7512131
2020-09-15,INFY.NS,835.0394496343016,847.40093204338518,828.34721962621177,837.55438232421875,11608203
2020-09-15,TCS.NS,2147.572509765625,2187.7415282298266,2124.4712309384809,2147.572509765625,7318770
2020-09-16,INFY.NS,840.58074699841688,857.33270663382234,837.17068311607034,854.00787353515625,10059251
2020-09-16,TCS.NS,2145.4607150897095,2161.537035384561,2135.4185654669823,2157.57177734375,3074003
2020-09-17,INFY.NS,848.25336067660044,870.41877512644123,848.25336067660044,861.89361572265625,15628241
2020-09-17,TCS.NS,2137.746477671591,2151.3228917939005,2112.4039221557682,2121.325439453125,4828176
2020-09-18,INFY.NS,861.8937454177194,868.54336034659616,851.74878338725591,854.3489990234375,12897633
2020-09-18,TCS.NS,2142.0566324756173,2155.3312654554588,2100.1636097297287,2111.800537109375,4183256
2020-09-21,INFY.NS,853.36857987107862,878.94406178529675,852.94232183917495,860.95599365234375,14140637
2020-09-21,TCS.NS,2124.8163107483369,2159.2098049865785,2113.7395979310108,2125.074951171875,4598809
2020-09-22,INFY.NS,860.18874729809625,871.69771468018178,845.01397108248159,858.90997314453125,12625762
2020-09-22,TCS.NS,2142.0563928615079,2202.3960095618318,2118.7825407056685,2174.76904296875,7499613
2020-09-23,INFY.NS,869.6941155520293,884.05898764297694,859.42125733791102,869.35308837890625,13486204
2020-09-23,TCS.NS,2163.6061296123603,2172.0968593599073,2076.5446877434965,2126.92822265625,7502280
2020-09-24,INFY.NS,855.07342371425386,860.18851897076979,826.94039980341597,831.54400634765625,14427432
2020-09-24,TCS.NS,2111.8869581538415,2111.8869581538415,1984.8290269730596,2010.3870849609375,8424708
2020-09-25,INFY.NS,831.88506776652503,865.21847319910762,831.20306540160254,862.27728271484375,13311078
2020-09-25,TCS.NS,2041.202457512245,2103.2660457474149,2027.4968326227743,2088.0087890625,8228267
2020-09-28,INFY.NS,865.133180092462,866.28410785093411,851.23718044284806,861.38214111328125,8554526
2020-09-28,TCS.NS,2103.2668033457016,2106.7147817118421,2039.4792035721025,2091.45751953125,4347166
2020-09-29,INFY.NS,867.86118064857681,876.38633959404422,856.01118890100088,860.18853759765625,8708463
2020-09-29,TCS.NS,2098.8274227646548,2164.5113625220984,2091.4573275938187,2144.987060546875,6995811
2020-09-30,INFY.NS,860.18858128932402,872.93370496685054,856.77851753792925,859.5491943359375,8048817
2020-09-30,TCS.NS,2145.5042530896676,2159.2961647206175,2120.5064132585703,2148.348876953125,3917166
2020-10-01,INFY.NS,870.07768539236361,875.10754989240797,862.53294067573677,867.56280517578125,5563358
2020-10-01,TCS.NS,2163.6064102237888,2189.4662477961847,2148.3491481456545,2175.2001953125,2610337
2020-10-05,INFY.NS,867.90404201766239,899.31929285547301,867.90404201766239,894.03363037109375,14212509
2020-10-05,TCS.NS,2258.4255952630692,2351.6072851093713,2243.8148305435952,2332.384765625,17412105
2020-10-06,INFY.NS,899.40425322684189,903.66683262602123,879.24223185534754,900.04364013671875,9090819
2020-10-06,TCS.NS,2358.4166620419396,2358.4166620419396,2284.3714277746603,2339.71142578125,9846367
2020-10-07,INFY.NS,890.79386485546831,913.89702441680834,882.78019476082557,909.2508544921875,9284008
2020-10-07,TCS.NS,2363.5883986821518,2387.7242393689135,2329.9706205827338,2358.373291015625,9656101
2020-10-08,INFY.NS,929.24252170021168,958.2280682486587,927.87851679366554,932.39678955078125,21482613
2020-10-08,TCS.NS,2413.5845766228931,2486.8541084132307,2413.5845766228931,2435.73779296875,19839329
2020-10-09,INFY.NS,933.59025857740755,949.10611234702367,927.92100631671883,943.56475830078125,10567867
2020-10-09,TCS.NS,2422.2049606126379,2439.3156385527141,2396.3451211754923,2424.747802734375,7739245
2020-10-12,INFY.NS,957.37548687682113,971.86825916257885,948.08304148022057,965.13336181640625,14633537
2020-10-12,TCS.NS,2426.9456590847917,2460.1324493084694,2414.2312394536425,2439.444580078125,4623203
2020-10-13,INFY.NS,968.07460935152983,994.07634799413074,968.07460935152983,987.0430908203125,17523825
2020-10-13,TCS.NS,2452.3744602592483,2460.9081220050739,2424.1009973273153,2436.470703125,4209878
2020-10-14,INFY.NS,990.62356843839325,993.09588559296901,964.28080385156704,969.3106689453125,16649573
2020-10-14,TCS.NS,2460.2326652428605,2460.2326652428605,2413.0970042668137,2432.18505859375,4395936
2020-10-15,INFY.NS,1005.9687993458155,1011.0838949357095,931.37365532652836,944.80078125,44288251
2020-10-15,TCS.NS,2433.397655409141,2447.8976236510844,2360.6813967629764,2372.45458984375,6629355
2020-10-16,INFY.NS,949.57498805092735,968.41557207293897,935.12488253018148,961.21185302734375,18365685
2020-10-16,TCS.NS,2380.6779404103481,2399.3329503437703,2364.4033104207351,2392.104736328125,5273773
2020-10-19,INFY.NS,967.60565305122111,971.01571702673198,950.81112959858729,959.8477783203125,12902123
2020-10-19,TCS.NS,2401.3676693549701,2401.3676693549701,2343.0216180190064,2347.306640625,3331194
2020-10-20,INFY.NS,953.88016187836831,975.87501197686561,946.29274875515114,969.7369384765625,10448776
2020-10-20,TCS.NS,2358.9497171034991,2389.161502336794,2352.8467040067389,2371.069091796875,3406273
2020-10-21,INFY.NS,972.84862097242512,984.10179016116138,967.60562693819247,978.9866943359375,19811433
2020-10-21,TCS.NS,2371.0693743031625,2379.726071544138,2305.3218010269838,2316.0126953125,4570143
2020-10-22,INFY.NS,973.57318163841148,987.21343637239977,958.05743350525381,962.53314208984375,11271335
2020-10-22,TCS.NS,2303.5467901102547,2325.751130662899,2283.7230409416024,2312.333251953125,5262294
2020-10-23,INFY.NS,976.27688836520394,978.00023680009394,965.20439570800363,967.22930908203125,9069862
2020-10-23,TCS.NS,2326.7467731081688,2339.0392390532675,2311.4244635891673,2325.881103515625,3499091
2020-10-26,INFY.NS,967.01396913429869,973.34725411037152,950.55601128023272,958.56951904296875,6309368
2020-10-26,TCS.NS,2328.6079394048988,2345.9213317108815,2311.7707076563547,2327.093017578125,2672752
2020-10-27,INFY.NS,952.75305429441823,956.19975085358737,928.1523207142468,939.95721435546875,10172479
2020-10-27,TCS.NS,2337.0915091801853,2353.0197453269852,2271.6036882938483,2276.8408203125,3537502
2020-10-28,INFY.NS,943.96405953307237,951.93454565875095,922.03449383419365,927.6353759765625,7608392
2020-10-28,TCS.NS,2294.0248903894976,2299.1755832517174,2255.9354205113323,2269.959228515625,3569445
2020-10-29,INFY.NS,921.99155473527992,932.33164693791866,913.46095763113158,926.170654296875,6935616
2020-10-29,TCS.NS,2257.6664545492144,2298.3529282316581,2250.9575147398755,2279.005126953125,3105968
2020-10-30,INFY.NS,923.71470811486768,933.71010742690487,906.78278967635481,913.8916015625,8800386
2020-10-30,TCS.NS,2281.9913970220828,2315.1032545777575,2269.4391895826766,2306.87939453125,3427003
2020-11-02,INFY.NS,917.68300300468502,930.56498994006495,905.70571084868936,923.9732666015625,7183119
2020-11-02,TCS.NS,2302.6811562550556,2306.8797383900346,2250.7843055475792,2254.72314453125,2571196
2020-11-03,INFY.NS,923.71467796209049,930.09108763424285,911.22040293368525,915.5718994140625,7204782
2020-11-03,TCS.NS,2254.203248175203,2307.0090846339922,2251.6495655662939,2279.8271484375,2879269
2020-11-04,INFY.NS,920.26813446381118,961.62850005769042,919.23416739790389,942.6285400390625,15702690
2020-11-04,TCS.NS,2259.3976619035711,2356.2228914546122,2259.3976619035711,2296.751220703125,4893928
2020-11-05,INFY.NS,956.37210624337035,967.66001593548322,946.97983750053072,951.2882080078125,9568890
2020-11-05,TCS.NS,2324.3232726643669,2345.9650163577039,2308.7412172051645,2324.92919921875,2816502
2020-11-06,INFY.NS,954.73498954764375,966.02290024630292,940.68965836754808,958.82794189453125,8807127
2020-11-06,TCS.NS,2336.4427010973682,2348.7784952769298,2321.1203884907331,2343.757568359375,3884421
2020-11-09,INFY.NS,973.0888596637086,987.47877885227376,966.06619286090347,979.33599853515625,10160320
2020-11-09,TCS.NS,2364.2304743768741,2375.3975283650279,2333.0663668618809,2360.3349609375,3646592
2020-11-10,INFY.NS,959.77587112070262,959.77587112070262,928.88486936838058,940.1297607421875,15622869
2020-11-10,TCS.NS,2334.8842167242133,2348.6916058399343,2283.9396829048114,2293.678466796875,4760020
2020-11-11,INFY.NS,944.39494231973833,970.5467337822264,936.63987436273317,967.22930908203125,12514800
2020-11-11,TCS.NS,2309.5627151547792,2331.0746850437272,2288.3104883640322,2326.746337890625,3242441
2020-11-12,INFY.NS,972.05459801519748,984.03188986576686,959.68959486689823,963.13629150390625,9180976
2020-11-12,TCS.NS,2325.188298909175,2348.5613756294088,2304.1958133363728,2312.24658203125,2437505
2020-11-13,INFY.NS,965.07522385168443,976.27698984282006,962.49020093065315,968.6942138671875,6363212
2020-11-13,TCS.NS,2299.0017805719995,2306.9225719794517,2281.9048079027734,2299.9541015625,2548093
2020-11-14,INFY.NS,979.7235361739331,982.00699377278318,974.63963750862274,976.66455078125,1136144
2020-11-14,TCS.NS,2318.2198312031728,2327.7855224207824,2302.7244301140959,2311.640869140625,298819
2020-11-17,INFY.NS,986.40165274813023,986.61707132265485,958.74192881614215,968.26336669921875,12813968
2020-11-17,TCS.NS,2332.9797962315688,2332.9797962315688,2294.06798624063,2307.918701171875,2827273
2020-11-18,INFY.NS,972.39932161972808,976.01831113711148,949.09099274932544,956.93231201171875,9839468
2020-11-18,TCS.NS,2303.5466239690491,2306.3167242016079,2256.8437950005155,2273.810791015625,2893762
2020-11-19,INFY.NS,947.84170115540235,960.50827090599444,942.49936273192009,945.041259765625,10092343
2020-11-19,TCS.NS,2282.7709776791262,2316.6618615810162,2277.4471936116729,2282.684326171875,4167501
2020-11-20,INFY.NS,953.0116681231907,955.59669073111979,940.17270146684166,950.72821044921875,8063554
2020-11-20,TCS.NS,2298.3526957199747,2316.5317565900759,2274.5901084230777,2302.8974609375,2711471
2020-11-23,INFY.NS,952.15005545827319,986.44473301387609,949.52190689641827,982.17938232421875,10546363
2020-11-23,TCS.NS,2328.6513516836631,2363.2781375823047,2307.0096104970116,2358.300537109375,3706418
2020-11-24,INFY.NS,986.61699095969823,995.14758685299944,976.57846516755035,982.35174560546875,8515426
2020-11-24,TCS.NS,2367.0873794301051,2374.5322241313233,2341.636772247623,2356.396484375,3120516
2020-11-25,INFY.NS,979.72350421061321,985.32438616080583,957.53539494638869,961.3267822265625,8958701
2020-11-25,TCS.NS,2362.413095365594,2365.8324491122016,2327.0937220995193,2338.43408203125,3302249
2020-11-26,INFY.NS,965.0318150030248,965.0318150030248,946.37665587598906,959.21551513671875,10962256
2020-11-26,TCS.NS,2325.1883745059263,2364.1001778936597,2319.994357288117,2355.140625,2341099
2020-11-27,INFY.NS,963.35181130149158,965.93683405095885,940.08660655628557,947.8416748046875,25306145
2020-11-27,TCS.NS,2341.6367075485573,2352.6306712632104,2310.5159218558988,2319.69189453125,6086808
2020-12-01,INFY.NS,952.19308297170039,982.52397166071955,952.19308297170039,980.4559326171875,8933802
2020-12-01,TCS.NS,2319.129004878067,2368.3855236911018,2271.9066829464437,2360.508056640625,3605017
2020-12-02,INFY.NS,977.1384728190003,988.72794790504622,965.93670902125154,983.08404541015625,6741637
2020-12-02,TCS.NS,2353.7558970275409,2384.6602628217288,2339.4290213286472,2380.2021484375,2509032
2020-12-03,INFY.NS,988.3403828052343,988.3403828052343,967.40165607378276,970.6329345703125,16212632
2020-12-03,TCS.NS,2401.280890505263,2401.280890505263,2338.00056766539,2345.488525390625,2852548
2020-12-04,INFY.NS,969.38355273498712,979.72364396416037,960.7668100440095,977.69873046875,10564055
2020-12-04,TCS.NS,2346.6570177108483,2370.9390904362444,2336.4420749289857,2361.156982421875,2686527
2020-12-07,INFY.NS,988.59874449906829,993.51024483237461,978.86178502131611,985.3243408203125,7792141
2020-12-07,TCS.NS,2350.2929460150199,2375.3973642229153,2342.6316855755986,2369.943603515625,1996400
2020-12-08,INFY.NS,986.61693131728305,1005.573763185388,986.61693131728305,993.8118896484375,12308330
2020-12-08,TCS.NS,2371.9344485095276,2428.6791269463565,2365.3986014645061,2421.537353515625,4277818
2020-12-09,INFY.NS,1006.47863968937,1016.3447676789543,996.95709724845278,1012.6395263671875,10039346
2020-12-09,TCS.NS,2436.8596465902087,2458.501384126534,2417.9446834454234,2433.223876953125,3659996
2020-12-10,INFY.NS,997.30166444676865,1009.5805208651112,990.92525481361054,1006.219970703125,9488782
2020-12-10,TCS.NS,2439.4572062081147,2447.5079766594476,2406.7781751455327,2410.2841796875,2127801
2020-12-11,INFY.NS,999.28370032578414,1009.839211099602,995.44929154719716,1002.299560546875,10574009
2020-12-11,TCS.NS,2417.5556899923181,2430.5407352832267,2393.1871728677684,2409.67822265625,1795408
2020-12-14,INFY.NS,1007.6419288306225,1010.3992444657129,989.37437089738921,1003.4628295898438,6728187
2020-12-14,TCS.NS,2425.6062105983228,2427.3375497921834,2386.001826538768,2421.8837890625,2483658
2020-12-15,INFY.NS,996.09528081828773,1002.7301294556891,992.64858434486803,994.888916015625,6905926
2020-12-15,TCS.NS,2411.7559150757884,2419.287199605451,2384.9201529195248,2390.59033203125,2365509
2020-12-16,INFY.NS,999.54193000743294,1007.210850334972,994.02719487387537,1004.4534301757812,7788404
2020-12-16,TCS.NS,2405.6957100495592,2441.0150704078296,2389.6374974237838,2436.167236328125,2565149
2020-12-17,INFY.NS,1004.6259412135943,1007.2109637374213,996.26763860898552,998.8526611328125,6658153
2020-12-17,TCS.NS,2433.3976726728083,2470.3617288111518,2428.2036541612338,2456.94384765625,2863460
2020-12-18,INFY.NS,1019.2311507466757,1029.7005117144608,1012.9840137509185,1025.2198486328125,15995676
2020-12-18,TCS.NS,2482.7403511119364,2508.7104384666641,2463.8687120318123,2476.6806640625,6076692
2020-12-21,INFY.NS,1023.6690918976961,1042.4105083528939,992.69194217557504,1014.44921875,10858352
2020-12-21,TCS.NS,2476.6803086985451,2498.7548797827158,2410.889430173173,2441.317626953125,2705195
2020-12-22,INFY.NS,1018.4986473749232,1054.5596825077073,1013.4147498409116,1051.673095703125,10901851
2020-12-22,TCS.NS,2453.3074650511312,2496.2878729759659,2440.0193531353439,2486.6357421875,2881737
2020-12-23,INFY.NS,1066.7527078945845,1084.7185947409778,1060.3332768878963,1079.720947265625,15878346
2020-12-23,TCS.NS,2489.7090048004129,2526.8894704991671,2480.5328228360959,2518.016357421875,2790988
2020-12-24,INFY.NS,1077.006800652292,1077.006800652292,1056.4127624677035,1065.0726318359375,7313885
2020-12-24,TCS.NS,2518.2333080019316,2528.9244139747898,2495.8989861363211,2518.536376953125,1807144
2020-12-28,INFY.NS,1067.1404376231014,1075.3694688214343,1065.0293777750744,1068.734619140625,4607051
2020-12-28,TCS.NS,2519.0986715195877,2553.4657142194028,2512.1733143470251,2535.892578125,2108994
2020-12-29,INFY.NS,1064.1676607314378,1080.9271822212474,1064.1676607314378,1077.351318359375,6878105
2020-12-29,TCS.NS,2527.7549526264715,2555.4563767648442,2527.7549526264715,2536.844482421875,1994151
2020-12-30,INFY.NS,1079.6779099346707,1079.9364543014929,1066.8820674740116,1074.3355712890625,5194690
2020-12-30,TCS.NS,2540.2203640117209,2551.7338100313209,2512.172758209987,2518.4921875,2637968
2020-12-31,INFY.NS,1071.0611035863476,1084.3309082075723,1067.6144065514759,1082.090576171875,7430470
2020-12-31,TCS.NS,2510.4419953770412,2514.7703436449328,2462.8301644302351,2478.19580078125,4040956
2021-01-01,INFY.NS,1083.8998401178012,1090.4485420516723,1082.0903455970349,1086.0970458984375,4253550
2021-01-01,TCS.NS,2493.1281748911465,2545.0683452013786,2492.2625053859761,2534.896728515625,2681440
2021-01-04,INFY.NS,1093.4646501620718,1111.5598098574253,1086.700528170064,1110.0518798828125,7208454
2021-01-04,TCS.NS,2553.7250834103975,2640.941287530261,2545.8907319871869,2631.1591796875,5113293
2021-01-05,INFY.NS,1104.6663089535523,1119.3147701487244,1098.6777154212259,1114.8341064453125,8145280
2021-01-05,TCS.NS,2631.2896804059933,2695.9118383773275,2631.2896804059933,2677.516357421875,5801309
2021-01-06,INFY.NS,1120.1764302130741,1121.8997785672482,1092.6459823290795,1104.75244140625,7161715
2021-01-06,TCS.NS,2683.5760445042397,2695.2625853432096,2629.2119455917064,2641.591064453125,3726716
2021-01-07,INFY.NS,1116.7297849912563,1118.151568485968,1081.8319792102795,1087.5621337890625,10954918
2021-01-07,TCS.NS,2661.9337997185553,2666.9980509975235,2597.2250024733644,2625.402587890625,3717827
2021-01-08,INFY.NS,1101.4351303405995,1134.6527153635936,1101.4351303405995,1130.602783203125,13186251
2021-01-08,TCS.NS,2674.9193480884219,2707.8147963820657,2648.9492573302819,2701.66845703125,5879039
2021-01-11,INFY.NS,1156.452750620937,1191.9968060794633,1154.6432561072857,1185.8358154296875,20528626
2021-01-11,TCS.NS,2796.1127519351512,2796.1127519351512,2723.8726675326607,2749.756103515625,9508039
2021-01-12,INFY.NS,1187.386928051531,1187.386928051531,1171.876794013122,1182.00146484375,8309868
2021-01-12,TCS.NS,2749.7567710332378,2778.8000348503165,2726.8598472830208,2748.371826171875,3611458
2021-01-13,INFY.NS,1183.8109327130701,1200.1397199012399,1171.8767675510776,1195.271240234375,14442997
2021-01-13,TCS.NS,2748.5012182879759,2750.2325576380786,2706.2998216292235,2734.607177734375,3572801
2021-01-14,INFY.NS,1171.8769809148123,1192.5571629309559,1136.0743737254254,1180.924560546875,27521697
2021-01-14,TCS.NS,2736.384779134482,2833.0906120579352,2706.3755301382444,2819.386962890625,6931542
2021-01-15,INFY.NS,1171.8768069574498,1175.7112147298128,1154.6433245021933,1158.9085693359375,15018441
2021-01-15,TCS.NS,2805.7708322730891,2839.5961993391325,2784.087904666651,2804.33984375,4131692
2021-01-18,INFY.NS,1152.9199716346211,1154.6433198732379,1125.3463998167526,1130.5595703125,8861765
2021-01-18,TCS.NS,2818.7807624386492,2824.6351532529447,2764.4866236693515,2794.279052734375,4160906
2021-01-19,INFY.NS,1137.4100252392061,1146.8884421161995,1130.5166311468472,1134.5234375,5585744
2021-01-19,TCS.NS,2804.0356658558094,2843.9322450792451,2803.1683489161696,2828.060302734375,2975735
2021-01-20,INFY.NS,1137.8837554585307,1161.8813576980499,1137.8837554585307,1154.1693115234375,8225838
2021-01-20,TCS.NS,2836.1268634002677,2886.3878460459218,2833.6117285567366,2869.77880859375,3453446
2021-01-21,INFY.NS,1163.2601740602263,1172.7817160773957,1150.3350610151126,1154.3848876953125,6142421
2021-01-21,TCS.NS,2866.482167000132,2870.0814472007828,2829.2743591228532,2839.46533203125,2778546
2021-01-22,INFY.NS,1143.4416876065104,1168.4302399355149,1143.0539762822382,1155.3758544921875,9646591
2021-01-22,TCS.NS,2811.7545101722335,2883.8286276401386,2811.7545101722335,2864.83447265625,3052459
2021-01-25,INFY.NS,1158.9516568021336,1161.4505327125012,1131.3780857852798,1141.8043212890625,6542611
2021-01-25,TCS.NS,2869.9079104832576,2896.6647187182984,2843.6281688422373,2854.599853515625,2272887
2021-01-27,INFY.NS,1137.0652043305388,1143.9155770365226,1107.3374457103669,1121.0380859375,8133665
2021-01-27,TCS.NS,2862.1462139580863,2867.7403664813583,2798.8320704371954,2828.3642578125,2786662
2021-01-28,INFY.NS,1113.1106572941733,1117.117357757531,1096.523430677832,1099.66845703125,4660690
2021-01-28,TCS.NS,2801.4335829132192,2840.462843356283,2761.3635845411322,2772.421875,3083938
2021-01-29,INFY.NS,1108.3284512927601,1112.5506759537004,1060.7209512469485,1067.657470703125,12183519
2021-01-29,TCS.NS,2784.1307498578026,2790.0285473235554,2688.6824794865702,2698.526611328125,5445659
2021-02-01,INFY.NS,1077.5669208380566,1101.1767143265185,1069.3378885660422,1086.4852294921875,8880279
2021-02-01,TCS.NS,2688.6825171101018,2745.0581182753135,2640.1995848069396,2722.8115234375,3985846
2021-02-02,INFY.NS,1102.9429695181907,1115.351098962238,1088.8114916842712,1095.4033203125,6892490
2021-02-02,TCS.NS,2752.8638099290388,2796.2296544458791,2732.0482045609551,2778.40625,2881837
2021-02-03,INFY.NS,1100.9181094452731,1123.6232045430509,1096.911303208055,1106.9498291015625,8182968
2021-02-03,TCS.NS,2786.6892311636057,2806.6375200888351,2743.0197400566317,2775.45751953125,2505866
2021-02-04,INFY.NS,1107.2511699180425,1114.4892530774284,1096.0925328865717,1102.3826904296875,5032240
2021-02-04,TCS.NS,2789.334515140999,2808.242065615907,2754.5984314876746,2765.396484375,2057261
2021-02-05,INFY.NS,1108.4577254721191,1110.4826388299136,1087.4328536980415,1096.1357421875,5477481
2021-02-05,TCS.NS,2774.5031049305189,2780.4877180496956,2713.8343355910642,2738.943115234375,2366135
2021-02-08,INFY.NS,1107.682211859104,1128.7932302881572,1099.0654696431639,1123.2354736328125,6921922
2021-02-08,TCS.NS,2766.3077148237662,2797.9647869639348,2736.5152896312802,2787.643798828125,2526592
2021-02-09,INFY.NS,1126.1219793119321,1147.7499796635198,1118.3237860998943,1124.958740234375,7965949
2021-02-09,TCS.NS,2771.0779175109137,2815.1376650902857,2744.191089516285,2755.37939453125,2658751
2021-02-10,INFY.NS,1116.5575146413062,1123.9247662320911,1106.0450258741864,1117.16064453125,5951207
2021-02-10,TCS.NS,2762.4041100537565,2792.239724377092,2738.3794761556483,2786.94921875,2127983
2021-02-11,INFY.NS,1110.6981296087999,1116.7298494747902,1105.5712097966468,1113.84326171875,4673317
2021-02-11,TCS.NS,2788.4235270233057,2792.1530316328526,2762.4474310728065,2780.61767578125,1165882
2021-02-12,INFY.NS,1124.4848932169059,1140.6412853608269,1121.5121591363622,1128.6209716796875,5797875
2021-02-12,TCS.NS,2761.7104381985223,2814.8770066636739,2759.8023833627517,2767.434814453125,2777404
2021-02-15,INFY.NS,1137.4100066429589,1144.6480913585649,1126.2943878137974,1128.49169921875,4363513
2021-02-15,TCS.NS,2783.2197480161849,2783.2197480161849,2716.046100903548,2723.244873046875,2630853
2021-02-16,INFY.NS,1132.2400335182519,1137.1946607577725,1108.1131530475434,1111.904541015625,6896421
2021-02-16,TCS.NS,2732.0488516838659,2747.356913725318,2688.6829968952329,2696.3154296875,3435770
2021-02-17,INFY.NS,1111.9044468739928,1115.4372901782608,1098.6346427016474,1104.063232421875,4575741
2021-02-17,TCS.NS,2693.1061957536344,2717.1742433468739,2641.4574242446233,2665.35205078125,3678426
2021-02-18,INFY.NS,1099.4961573516564,1125.3463804868834,1098.6344832471489,1113.670654296875,6437551
2021-02-18,TCS.NS,2658.3262958294185,2686.8609371118364,2628.8375212590431,2651.69140625,4189909
2021-02-19,INFY.NS,1116.816027195596,1119.7457408210937,1100.1857764951576,1112.6800537109375,5389696
2021-02-19,TCS.NS,2652.2549109868482,2677.5371123099349,2615.9576163386901,2664.267333984375,3725028
2021-02-22,INFY.NS,1115.8681194822566,1127.543847285139,1085.7095216584119,1090.190185546875,7371303
2021-02-22,TCS.NS,2685.2130530835975,2685.2130530835975,2552.643583641845,2565.91357421875,5366696
2021-02-23,INFY.NS,1095.3172307680072,1112.42144338809,1083.5984821457366,1091.18115234375,6612942
2021-02-23,TCS.NS,2575.9314851380354,2626.2358710430881,2574.1968511413097,2584.778076171875,3832829
2021-02-24,INFY.NS,1085.7523951675848,1100.0130371427626,1078.8158772058725,1098.03125,4537258
2021-02-24,TCS.NS,2577.6662929597965,2604.856767390992,2533.5631359200152,2556.9375,3774549
2021-02-25,INFY.NS,1110.2238892661567,1119.9608481192715,1096.0493931969329,1098.2467041015625,8788221
2021-02-25,TCS.NS,2579.4003758655426,2627.883304283941,2574.5867248792151,2597.874267578125,4224073
2021-02-26,INFY.NS,1093.4645216914641,1098.0314368662373,1072.5689230697005,1079.936279296875,15132388
2021-02-26,TCS.NS,2567.2580696180776,2577.9695182223272,2497.8727163851563,2510.275390625,5553153
2021-03-01,INFY.NS,1088.552936758949,1106.8203856747455,1084.8476960408755,1091.7410888671875,5756286
2021-03-01,TCS.NS,2537.7692205642184,2571.5945792798725,2516.7801941721673,2536.2080078125,3265871
2021-03-02,INFY.NS,1104.8818247785234,1128.7932855994275,1102.2536761999449,1124.0540771484375,10461434
2021-03-02,TCS.NS,2567.2582692396709,2623.6338731250016,2556.8504654454559,2607.45849609375,3306469
2021-03-03,INFY.NS,1136.720302323251,1160.6748816729814,1127.0695955666367,1157.7021484375,9056399
2021-03-03,TCS.NS,2632.3068064083259,2657.4589966507779,2599.261947632257,2653.209228515625,3509857
2021-03-04,INFY.NS,1150.3352981177582,1175.1945829614581,1142.494082291156,1146.3284912109375,12041941
2021-03-04,TCS.NS,2621.8998028350479,2672.5944490319571,2615.8719908577896,2645.05712890625,3916760
2021-03-05,INFY.NS,1144.7340809811906,1154.643333469925,1124.5278647193991,1134.5662841796875,6486176
2021-03-05,TCS.NS,2615.9145605118238,2656.7650590431026,2599.0018811317132,2608.9326171875,3203686
2021-03-08,INFY.NS,1141.5461538089207,1159.8997532734595,1134.9973449862318,1150.9814453125,5119392
2021-03-08,TCS.NS,2615.8275310606523,2630.5719170115913,2598.4811946477835,2607.978271484375,2003125
2021-03-09,INFY.NS,1145.5958680350614,1163.6479007526516,1136.3328702303399,1159.42578125,6518173
2021-03-09,TCS.NS,2607.9786789296363,2659.9742881010461,2595.0991491792706,2646.140625,1942397
2021-03-10,INFY.NS,1169.2058227917159,1183.9404315800884,1167.5686206630421,1178.899658203125,7925984
2021-03-10,TCS.NS,2666.9994922332839,2682.7846176102144,2653.989738612634,2663.48681640625,3053778
2021-03-12,INFY.NS,1183.0782875723924,1199.1915477399882,1180.536391592171,1184.67236328125,9462061
2021-03-12,TCS.NS,2666.9999564084487,2703.4272728862229,2637.8148220722114,2652.212158203125,2938317
2021-03-15,INFY.NS,1180.4936969291621,1189.0242928563487,1170.5844432688077,1183.595703125,6658635
2021-03-15,TCS.NS,2637.510794294109,2687.815176427966,2637.510794294109,2659.32373046875,3097083
2021-03-16,INFY.NS,1194.3236031436679,1211.5139618801932,1189.5412691149409,1192.55712890625,9352771
2021-03-16,TCS.NS,2653.989913464924,2724.2425876448779,2653.989913464924,2697.399169921875,4894756
2021-03-17,INFY.NS,1199.6660018293824,1206.3439774186643,1190.8338405661386,1195.1422119140625,7626744
2021-03-17,TCS.NS,2693.0194226283334,2736.3852748445706,2675.9333192046006,2699.91455078125,3838390
2021-03-18,INFY.NS,1200.9585220891945,1200.9585220891945,1131.809161445135,1152.1446533203125,10961755
2021-03-18,TCS.NS,2711.1896200659207,2728.9696191316498,2590.7193696316908,2633.608154296875,3656306
2021-03-19,INFY.NS,1146.0266336557611,1167.7407804300419,1135.6865437280399,1158.477783203125,12767112
2021-03-19,TCS.NS,2627.9702310435428,2687.8150976910692,2606.2873083451641,2645.489990234375,5776626
2021-03-22,INFY.NS,1163.346265133308,1185.6636469671121,1151.2828268647472,1181.1829833984375,4862758
2021-03-22,TCS.NS,2644.1896476321417,2722.8986758624792,2618.1267259623241,2714.39892578125,2821646
2021-03-23,INFY.NS,1182.6048905214959,1191.9110153467443,1171.5323964330696,1181.8294677734375,7165335
2021-03-23,TCS.NS,2723.3757501695527,2748.5279465883164,2708.501346296704,2725.630859375,3305973
2021-03-24,INFY.NS,1170.0245431618678,1180.8816193807818,1160.0291413283414,1166.49169921875,6134303
2021-03-24,TCS.NS,2698.3963456428687,2734.0431555752925,2698.352937447627,2706.98291015625,2207104
2021-03-25,INFY.NS,1160.4599100900655,1165.4145375138769,1143.9588255459664,1149.30126953125,8749994
2021-03-25,TCS.NS,2699.2636172816319,2715.4392045356867,2645.3165483821172,2658.1962890625,3179786
2021-03-26,INFY.NS,1158.6932492202639,1169.0333395716661,1147.7500290056321,1151.3690185546875,4922071
2021-03-26,TCS.NS,2680.5730777603899,2704.2942813156242,2639.2889175122286,2659.8876953125,3697370
2021-03-30,INFY.NS,1160.5888188986501,1206.3436907018781,1151.3258227021893,1193.6771240234375,10546381
2021-03-30,TCS.NS,2673.93803231726,2765.3965580858217,2654.7702439160366,2739.4638671875,4694008
2021-03-31,INFY.NS,1190.8334200940728,1196.0034638860875,1174.7201590162174,1178.8131103515625,8220987
2021-03-31,TCS.NS,2736.3853336932875,2779.7511868421511,2716.4370412448102,2756.20361328125,3530069
2021-04-01,INFY.NS,1189.1106438936024,1199.1060456603736,1181.3555744769051,1193.59130859375,5675155
2021-04-01,TCS.NS,2767.6949160683212,2788.4237043190906,2727.7115241317388,2745.057861328125,4285076
2021-04-05,INFY.NS,1198.5887273838971,1227.88564811075,1195.1420308277966,1214.8743896484375,9479572
2021-04-05,TCS.NS,2750.262333854494,2830.0555015349146,2732.9159930544029,2809.153076171875,5317862
2021-04-06,INFY.NS,1226.1623205063411,1228.747342967001,1211.9015711911009,1215.8653564453125,5793571
2021-04-06,TCS.NS,2840.4631926612587,2840.4631926612587,2801.433927418585,2831.52978515625,2291562
2021-04-07,INFY.NS,1215.17609607656,1236.4594077151494,1212.0309640658779,1232.366455078125,5879234
2021-04-07,TCS.NS,2826.5859307262708,2842.6747024451611,2805.5969029549656,2837.340576171875,2491268
2021-04-08,INFY.NS,1232.1941703487278,1250.8924593912707,1224.4391021437357,1240.681640625,5654434
2021-04-08,TCS.NS,2836.1265477595966,2892.5021519199554,2832.700688010083,2877.194091796875,2578118
2021-04-09,INFY.NS,1253.7357652407666,1253.7357652407666,1232.237039381529,1241.7154541015625,6052712
2021-04-09,TCS.NS,2908.9809154011305,2909.2845610184704,2869.0843375512641,2881.443603515625,2911129
2021-04-12,INFY.NS,1270.107636092024,1273.1666212515227,1219.2688636839985,1228.5318603515625,20384532
2021-04-12,TCS.NS,2881.4446908561063,2895.1917537626159,2786.8637038041384,2815.788818359375,3791828
2021-04-13,INFY.NS,1234.7790588105163,1236.7178256509376,1184.8019580352127,1203.8880615234375,14855206
2021-04-13,TCS.NS,2787.5572776210893,2787.5572776210893,2665.3089695409717,2692.19580078125,8654596
2021-04-15,INFY.NS,1148.0086039057906,1177.3916737330917,1137.4099689394636,1172.523193359375,25342491
2021-04-15,TCS.NS,2740.982518180198,2807.722532633933,2677.7983771055092,2791.8505859375,6062760
2021-04-16,INFY.NS,1176.1855360543627,1181.2263101719093,1160.3307063262548,1166.49169921875,10879878
2021-04-16,TCS.NS,2800.5660346866675,2816.17773757436,2760.3226186084125,2771.207275390625,3224657
2021-04-19,INFY.NS,1154.6435435911633,1188.8519706818274,1148.0517142642886,1174.0743408203125,12508028
2021-04-19,TCS.NS,2748.5275990941982,2765.8739392588823,2719.1256372139851,2742.282958984375,2679106
2021-04-20,INFY.NS,1188.2486510929871,1188.2486510929871,1156.7113982865865,1164.42333984375,8560766
2021-04-20,TCS.NS,2797.0971388602725,2797.4007844889911,2711.5364072030479,2727.321533203125,3141893
2021-04-22,INFY.NS,1168.0426436425228,1176.0131309462072,1159.081209853302,1164.2081298828125,6622446
2021-04-22,TCS.NS,2730.3138951067372,2730.3138951067372,2693.2360936404689,2704.98828125,1988980
2021-04-23,INFY.NS,1157.2286313354059,1161.8816937790868,1146.8885393204955,1149.30126953125,7316262
2021-04-23,TCS.NS,2693.0191927742858,2705.1616303584528,2680.9201633880944,2696.922119140625,1615309
2021-04-26,INFY.NS,1147.9651901327613,1164.3801219586326,1138.2713576020849,1157.7021484375,7088606
2021-04-26,TCS.NS,2690.4606110408986,2734.6503676872076,2678.3181736328361,2689.37646484375,2490260
2021-04-27,INFY.NS,1159.8134658807819,1165.8451852427174,1154.7726928795603,1161.9676513671875,3636115
2021-04-27,TCS.NS,2693.8865262125341,2719.9928518770071,2691.2845752857352,2716.436767578125,1471417
2021-04-28,INFY.NS,1170.1536463734674,1171.446157764896,1158.607190239735,1168.4302978515625,4879234
2021-04-28,TCS.NS,2732.0044846651235,2732.9152096455277,2699.0898547816191,2709.58447265625,1639037
2021-04-29,INFY.NS,1178.7703372600251,1179.6320114831685,1164.4665661928148,1168.7318115234375,5412357
2021-04-29,TCS.NS,2728.2323343177331,2738.4233086733479,2693.4528392647562,2701.9091796875,1621395
2021-04-30,INFY.NS,1160.0720087052553,1183.8541954072941,1159.7273179909107,1167.0084228515625,8354677
2021-04-30,TCS.NS,2687.8154679957943,2716.4803381017155,2619.2974228290732,2632.870849609375,3072305
2021-05-03,INFY.NS,1155.3330189607129,1172.738798883423,1152.9202886892137,1165.02685546875,4560337
2021-05-03,TCS.NS,2623.547127572062,2649.6534541597639,2605.420286839912,2634.041748046875,1545831
2021-05-04,INFY.NS,1166.7069310758193,1167.5254795369788,1140.9428500394654,1145.509765625,4887060
2021-05-04,TCS.NS,2656.4178916288502,2680.0088658330087,2632.3064426547512,2645.099365234375,1990777
2021-05-05,INFY.NS,1155.5911003428744,1158.003829867303,1144.1308980639017,1155.935791015625,3939788
2021-05-05,TCS.NS,2662.6628789130464,2688.1619110349916,2647.3980167975606,2684.952880859375,1939289
2021-05-06,INFY.NS,1158.9518439960027,1175.9267843211148,1152.4031408587186,1173.255615234375,4810090
2021-05-06,TCS.NS,2693.4530314216354,2718.1715667285157,2666.1325450298204,2698.613525390625,1791671
2021-05-07,INFY.NS,1176.4438659417935,1183.1218412109477,1161.9676968327874,1165.45751953125,4991435
2021-05-07,TCS.NS,2717.303857404851,2740.5914009519388,2698.9167814086395,2717.217041015625,1912540
2021-05-10,INFY.NS,1163.1307956034163,1165.7589437563593,1150.3780816751782,1154.255615234375,7195348
2021-05-10,TCS.NS,2728.5362464475852,2744.3647838593515,2710.3659951654645,2728.14599609375,2137153
2021-05-11,INFY.NS,1151.972255726806,1155.505098899748,1141.8044581219108,1146.5867919921875,6420988
2021-05-11,TCS.NS,2710.365655812237,2713.0544232417296,2681.0068903295523,2708.2841796875,2415625
2021-05-12,INFY.NS,1146.0266729612142,1146.0266729612142,1132.6707230131701,1143.441650390625,5241898
2021-05-12,TCS.NS,2706.0287171231325,2706.0287171231325,2663.1833471342652,2677.927734375,1978558
2021-05-14,INFY.NS,1143.3123140362059,1143.3123140362059,1129.913344241812,1134.307861328125,4824609
2021-05-14,TCS.NS,2687.3818203761853,2687.3818203761853,2636.6437740660331,2646.617919921875,2043935
2021-05-17,INFY.NS,1137.6685510099821,1150.2919945875576,1137.6685510099821,1145.509765625,5017129
2021-05-17,TCS.NS,2649.6536066244958,2667.1733688098307,2633.1745825571097,2662.446533203125,2890462
2021-05-18,INFY.NS,1152.9199623221782,1158.6069904267122,1145.5957323672167,1154.643310546875,5620150
2021-05-18,TCS.NS,2688.682412872553,2709.4980186496305,2669.6014409102313,2678.968505859375,2098538
2021-05-19,INFY.NS,1156.3668429275547,1169.6796680095263,1148.827193243787,1152.0584716796875,4435878
2021-05-19,TCS.NS,2674.8059232539745,2704.2947045090441,2660.1483490349488,2673.0712890625,1986041
2021-05-20,INFY.NS,1161.8814972847088,1162.4846271429701,1150.3350421171274,1154.040283203125,4490092
2021-05-20,TCS.NS,2660.1480255642359,2678.9687619036904,2647.1382707101457,2653.989990234375,2329027
2021-05-21,INFY.NS,1161.10597595688,1169.7227178934802,1160.1150295972031,1167.1376953125,4969733
2021-05-21,TCS.NS,2654.8568528343612,2678.4478285826176,2649.7397681664884,2671.76953125,1685566
2021-05-24,INFY.NS,1168.9903331930352,1174.4619433669111,1159.037954034809,1161.5799560546875,4225371
2021-05-24,TCS.NS,2672.636962890625,2693.0189095490477,2664.3974525393478,2672.636962890625,1652260
2021-05-25,INFY.NS,1170.1536090309082,1178.770351365451,1167.0946234282085,1173.255615234375,4099340
2021-05-25,TCS.NS,2694.8620672893585,2726.4561002580645,2686.233713053899,2714.036376953125,1841613
2021-05-26,INFY.NS,1178.6841271197163,1206.3438471495349,1173.6433542239515,1203.9742431640625,6850024
2021-05-26,TCS.NS,2719.2652762387206,2758.4854484921639,2705.1460567840918,2752.8203125,1923753
2021-05-27,INFY.NS,1209.9629375542268,1220.3461543215981,1199.1920094490051,1208.28271484375,15365391
2021-05-27,TCS.NS,2755.827633980854,2804.4606986759595,2755.69698516361,2771.559326171875,5959785
2021-05-28,INFY.NS,1214.7453839083175,1218.4074998023486,1202.9835082940467,1210.695556640625,4261312
2021-05-28,TCS.NS,2779.8389677657651,2787.2472233625699,2732.9054045480711,2739.83447265625,1763701
2021-05-31,INFY.NS,1220.6678831365609,1220.6678831365609,1204.5548928846692,1213.9178466796875,4429904
2021-05-31,TCS.NS,2745.4117921359075,2763.148108985617,2726.7605082485779,2753.386474609375,1652799
2021-06-01,INFY.NS,1219.3613800563221,1220.232352470648,1200.7661402744382,1208.212890625,4791325
2021-06-01,TCS.NS,2761.6235129033576,2762.7999905568436,2729.7243501352878,2748.027099609375,1377441
2021-06-02,INFY.NS,1202.5952563024946,1212.3501055873878,1188.877439690679,1200.7662353515625,9272276
2021-06-02,TCS.NS,2746.1529632842817,2753.6482462980025,2714.9074743332289,2727.50146484375,2240078
2021-06-03,INFY.NS,1208.9969958950846,1218.4906181150707,1199.3728128462976,1210.3470458984375,5115645
2021-06-03,TCS.NS,2749.3776709242543,2749.3776709242543,2721.5747991720896,2737.785888671875,1281706
2021-06-04,INFY.NS,1214.09216769656,1216.6616005621086,1199.8953786410771,1206.8631591796875,4194328
2021-06-04,TCS.NS,2726.2380262176939,2751.3826020778479,2723.6233478038021,2739.965087890625,1836060
2021-06-07,INFY.NS,1211.5228375969002,1212.3938101616714,1199.5905559874905,1210.3470458984375,5154576
2021-06-07,TCS.NS,2741.0546143476181,2780.6669508759305,2731.1189212085251,2774.34814453125,2559821
2021-06-08,INFY.NS,1215.8775621634632,1238.3051031560915,1215.4856670818356,1230.6405029296875,7360630
2021-06-08,TCS.NS,2787.2475698846501,2816.0090363656363,2777.8346837524341,2789.121337890625,2574057
2021-06-09,INFY.NS,1231.0325089745763,1241.1357683512133,1223.3679087192618,1232.6873779296875,5394317
2021-06-09,TCS.NS,2790.7337253315172,2806.4217974914072,2776.9630416567725,2789.20849609375,1710925
2021-06-10,INFY.NS,1240.2647887797134,1244.6196510998668,1235.90992645956,1240.526123046875,3496575
2021-06-10,TCS.NS,2797.7056777342282,2809.9075093505148,2782.8891679144522,2803.63232421875,1874324
2021-06-11,INFY.NS,1245.5777030430665,1264.3036110722962,1245.011549675881,1260.2100830078125,6140828
2021-06-11,TCS.NS,2799.0567052584238,2883.9901284053785,2798.5773050195439,2853.311279296875,3452954
2021-06-14,INFY.NS,1281.2004035718885,1286.426237984826,1265.9147953860963,1273.1875,7132294
2021-06-14,TCS.NS,2857.8434830136966,2883.7287565429338,2850.3045787618544,2855.533935546875,1847360
2021-06-15,INFY.NS,1275.1037910703569,1285.5554614889663,1274.2328185354727,1283.7264404296875,5403104
2021-06-15,TCS.NS,2874.4031354158683,2874.4031354158683,2833.9192405437179,2843.6806640625,1304985
2021-06-16,INFY.NS,1282.6811854881962,1297.2699751733123,1278.1521709198764,1289.5618896484375,7661710
2021-06-16,TCS.NS,2843.1141682171474,2871.5268786298871,2835.182892105408,2853.790771484375,1635552
2021-06-17,INFY.NS,1284.7714054916353,1308.7667383776072,1284.7714054916353,1302.3651123046875,7677951
2021-06-17,TCS.NS,2846.0774724007588,2907.5660360652819,2841.2838952768252,2891.616455078125,2273413
2021-06-18,INFY.NS,1314.2973860242691,1320.2200410273454,1295.4844029554913,1309.3328857421875,13533974
2021-06-18,TCS.NS,2920.5084268151454,2926.6965839193863,2854.3571507849883,2873.79296875,3380431
2021-06-21,INFY.NS,1300.3619509541468,1311.5104415545813,1292.6973503763622,1306.7200927734375,5454052
2021-06-21,TCS.NS,2845.6419426584694,2863.9446932850628,2834.0501580383411,2852.70166015625,1130569
2021-06-22,INFY.NS,1314.9071729713455,1325.1411000973419,1308.2878030729764,1316.77978515625,6427862
2021-06-22,TCS.NS,2879.6325477944183,2899.7220365455437,2863.0729175256247,2877.192138671875,1708688
2021-06-23,INFY.NS,1328.2329974366169,1328.2329974366169,1305.2828944498028,1309.2022705078125,5529809
2021-06-23,TCS.NS,2901.4219086087305,2901.4219086087305,2838.1465965309362,2842.50439453125,1467104
2021-06-24,INFY.NS,1321.2652671274627,1366.3380934780537,1316.2135841582835,1358.020263671875,10785137
2021-06-24,TCS.NS,2862.200921302282,2948.485297431675,2857.4073448506492,2940.292724609375,4155204
2021-06-25,INFY.NS,1369.1687419344182,1374.3945768272977,1343.9105399521675,1371.0848388671875,9780240
2021-06-25,TCS.NS,2941.7311616603324,2962.9971280527711,2919.7242845899159,2946.568359375,2722861
2021-06-28,INFY.NS,1369.9527995556255,1376.2673507938571,1359.2397942372882,1368.9947509765625,5019178
2021-06-28,TCS.NS,2955.8936576337378,2955.8936576337378,2904.9074335524838,2908.17578125,1355238
2021-06-29,INFY.NS,1359.5882429201095,1370.6060676901361,1358.0204496956374,1361.373779296875,5913567
2021-06-29,TCS.NS,2912.7519642107841,2933.9309034551102,2899.2427914264431,2911.749755859375,1497322
2021-06-30,INFY.NS,1369.2124860237218,1385.7173738759964,1369.2124860237218,1376.83349609375,6058722
2021-06-30,TCS.NS,2916.2379093929799,2947.6140494820856,2909.7012135410832,2916.02001953125,1693146
2021-07-01,INFY.NS,1373.3930072922922,1373.3930072922922,1357.8897601108913,1359.0655517578125,4814317
2021-07-01,TCS.NS,2926.6968943179054,2930.1831324290642,2904.3414775433343,2912.316162109375,990310
2021-07-02,INFY.NS,1357.8025504266625,1366.9477617714929,1343.5621711679751,1365.5107421875,5166064
2021-07-02,TCS.NS,2903.1645901859351,2910.74711500687,2871.9627186504385,2898.327392578125,1682274
2021-07-05,INFY.NS,1366.6864575080867,1380.4913497415259,1359.6316018427842,1375.221923828125,4058338
2021-07-05,TCS.NS,2912.7509862663733,2940.6408820056085,2877.8886165923291,2894.4482421875,1972858
2021-07-06,INFY.NS,1370.649608264355,1382.0158438042245,1356.1914836281308,1360.6334228515625,4089574
2021-07-06,TCS.NS,2887.4770937903954,2900.5504884196912,2837.8854352765143,2843.2890625,2159420
2021-07-07,INFY.NS,1363.9864846206619,1367.9058607513202,1345.3476524242224,1362.7235107421875,4797120
2021-07-07,TCS.NS,2854.3566088013481,2861.0675726226882,2825.2466143011334,2854.31298828125,2640710
2021-07-08,INFY.NS,1365.6847894641999,1372.6525690022825,1349.1363130612535,1359.3702392578125,3326813
2021-07-08,TCS.NS,2874.403409022796,2874.403409022796,2816.7932373915455,2839.976806640625,2485811
2021-07-09,INFY.NS,1355.2331885032247,1367.3397273251671,1350.8783260723017,1361.242919921875,3436594
2021-07-09,TCS.NS,2832.567613824106,2860.4575103294515,2789.8612098002968,2796.0927734375,6365067
2021-07-12,INFY.NS,1367.9057813469253,1374.3944833697385,1335.8539536554729,1348.1346435546875,4588982
2021-07-12,TCS.NS,2819.4943236216886,2820.3658829180167,2778.8361675611909,2782.97607421875,1892226
2021-07-13,INFY.NS,1355.5815853790407,1355.5815853790407,1338.0750598435359,1345.60888671875,4456160
2021-07-13,TCS.NS,2801.1923556653715,2801.1923556653715,2767.2015336768995,2778.1396484375,1809339
2021-07-14,INFY.NS,1353.4914729990367,1378.5755273818056,1339.6429868568807,1373.436767578125,5657716
2021-07-14,TCS.NS,2777.6606081949922,2808.1651959850219,2775.9174888927046,2801.672119140625,2044279
2021-07-15,INFY.NS,1356.8882027607826,1390.8125422016935,1355.2333335958833,1376.83349609375,10021355
2021-07-15,TCS.NS,2819.1845191129291,2822.8967306148838,2789.8361264102618,2797.653564453125,2232968
2021-07-16,INFY.NS,1370.6931133844064,1371.4770099793125,1349.6591040738929,1354.7542724609375,6265593
2021-07-16,TCS.NS,2806.4321146858747,2812.4154119318237,2788.089421125836,2790.53515625,1256526
2021-07-19,INFY.NS,1345.3912379284575,1352.5332765373414,1339.1638693330044,1342.7783203125,5669162
2021-07-19,TCS.NS,2777.6074802121598,2794.9020600025892,2774.1136343251005,2781.62548828125,1597058
2021-07-20,INFY.NS,1339.8172192115505,1356.7140029248317,1339.5558848984999,1350.0511474609375,5069939
2021-07-20,TCS.NS,2781.6257242832512,2808.1788699787835,2756.7755727052318,2800.14306640625,1811945
2021-07-22,INFY.NS,1359.9364422808278,1387.3284840624563,1359.9364422808278,1385.0203857421875,7854575
2021-07-22,TCS.NS,2786.3418727707326,2816.8693061254307,2786.3418727707326,2809.357666015625,2859334
2021-07-23,INFY.NS,1383.5833964986373,1392.2495302773834,1380.5349927726625,1385.2381591796875,4179719
2021-07-23,TCS.NS,2821.281296557388,2831.3698218617578,2800.8858805232189,2806.301513671875,1776193
2021-07-26,INFY.NS,1388.4173074229864,1403.7029180573702,1388.4173074229864,1396.952880859375,4586710
2021-07-26,TCS.NS,2795.0769498589962,2816.2583923696466,2787.0848620044726,2792.93701171875,1259611
2021-07-27,INFY.NS,1397.9109398244527,1401.6561643095713,1391.7270559963727,1395.777099609375,5892859
2021-07-27,TCS.NS,2795.0766424161079,2803.8112569236587,2761.1425797553052,2780.18408203125,1121367
2021-07-28,INFY.NS,1397.9979854150688,1400.1754167381625,1380.9269451059924,1398.4334716796875,4686788
2021-07-28,TCS.NS,2784.5945777694915,2798.9629732644025,2736.0300450037926,2793.154541015625,1660654
2021-07-29,INFY.NS,1393.6430921434951,1410.9754663584183,1393.6430921434951,1408.362548828125,4660873
2021-07-29,TCS.NS,2795.2953084901396,2817.3064967675937,2786.604408769665,2791.408447265625,1731997
2021-07-30,INFY.NS,1402.2655636048103,1413.9366150254957,1398.9123411297298,1402.7010498046875,6234257
2021-07-30,TCS.NS,2811.6724895222128,2815.6030661618061,2762.1909822360863,2766.6455078125,2999943
2021-08-02,INFY.NS,1417.4643276437148,1423.822470206854,1410.2788036313543,1421.035400390625,5553389
2021-08-02,TCS.NS,2777.6081558775072,2816.8265002008102,2766.2531539824104,2812.0224609375,2608669
2021-08-03,INFY.NS,1434.4916134182358,1444.6384636417272,1424.5625063054636,1441.633544921875,5513668
2021-08-03,TCS.NS,2820.4069892493094,2873.6881370796618,2811.6286591294147,2869.2333984375,3804735
2021-08-04,INFY.NS,1453.7404462011073,1463.1469934613338,1427.567781548184,1436.45166015625,6740391
2021-08-04,TCS.NS,2882.4226577298195,2886.96461441979,2848.5323123167254,2859.6689453125,2929598
2021-08-05,INFY.NS,1436.6692958051754,1451.0403436262031,1434.5354554748603,1440.19677734375,5420536
2021-08-05,TCS.NS,2860.5866144070887,2895.5250768731294,2849.668344886451,2868.404052734375,2534521
2021-08-06,INFY.NS,1443.2014642520089,1446.3805352109291,1431.8788215028985,1437.27880859375,3754855
2021-08-06,TCS.NS,2858.4464693396972,2903.3860207844823,2851.851792377056,2890.98291015625,2292362
2021-08-09,INFY.NS,1446.6851974576966,1452.3029270691816,1433.9690213207793,1448.6884765625,5018477
2021-08-09,TCS.NS,2903.2988436623186,2914.7412755930864,2891.1578130695584,2902.250732421875,1510489
2021-08-10,INFY.NS,1452.7821274360933,1463.233797417648,1446.7289110997303,1460.838623046875,6846517
2021-08-10,TCS.NS,2896.0492711087568,2926.0088324064609,2896.0492711087568,2912.033447265625,2040777
2021-08-11,INFY.NS,1458.7046793150253,1466.7175832036262,1452.7820242183186,1461.099853515625,4899639
2021-08-11,TCS.NS,2926.0963934248625,2934.8310095246384,2906.0942078553617,2921.0302734375,1929707
2021-08-12,INFY.NS,1462.4934728122273,1477.6048241977232,1458.0079432401938,1471.5950927734375,5659579
2021-08-12,TCS.NS,2905.1331209034925,2941.8185060742521,2905.1331209034925,2927.624755859375,1310205
2021-08-13,INFY.NS,1478.0405554063918,1500.2503575058986,1473.076053935639,1491.279296875,5612790
2021-08-13,TCS.NS,2935.4857463855783,3039.6460306246559,2932.6469965006559,3025.146484375,4363584
2021-08-16,INFY.NS,1487.3597412491697,1498.0291547007535,1472.0306460439331,1484.485595703125,4564109
2021-08-16,TCS.NS,3022.1769967008554,3052.1804865769095,3001.6506500469623,3033.48828125,2083489
2021-08-17,INFY.NS,1484.0498695811086,1523.2436269461366,1468.9385199499,1516.9290771484375,9510390
2021-08-17,TCS.NS,3041.4798639236333,3110.2212297856149,3024.7966667750043,3103.451904296875,4336019
2021-08-18,INFY.NS,1505.9114463640587,1528.9922175200145,1504.1695013711565,1509.7872314453125,6686090
2021-08-18,TCS.NS,3121.6204986858806,3140.0941242989843,3089.0840574813919,3110.00341796875,2631309
2021-08-20,INFY.NS,1494.6758198585792,1519.8469452589354,1494.6758198585792,1509.3516845703125,6206972
2021-08-20,TCS.NS,3062.3562322767416,3122.6250799741447,3057.11546291175,3109.08642578125,2836148
2021-08-23,INFY.NS,1511.790524868996,1526.9454677131089,1508.5243779767254,1514.4034423828125,6189051
2021-08-23,TCS.NS,3126.9922993746472,3208.2242222354967,3111.182560271568,3177.12890625,3744176
2021-08-24,INFY.NS,1524.2018576309072,1530.2986650614309,1491.7145412231635,1498.81298828125,7602939
2021-08-24,TCS.NS,3194.248869248207,3203.289281535624,3139.5700912462094,3155.9912109375,2511141
2021-08-25,INFY.NS,1496.3308442633111,1521.5019722788666,1496.3308442633111,1511.616455078125,6153253
2021-08-25,TCS.NS,3153.1957514059936,3229.8419916236876,3150.6190828458798,3195.995361328125,2123263
2021-08-26,INFY.NS,1510.2663441886914,1520.7180143906892,1498.0727289530273,1504.7791748046875,5302248
2021-08-26,TCS.NS,3196.8693657363897,3220.9769905146954,3186.3003953758202,3207.219970703125,1902533
2021-08-27,INFY.NS,1502.4275832607659,1504.7791665153063,1485.1822849945138,1488.31787109375,6698514
2021-08-27,TCS.NS,3202.109619317413,3257.5744204157913,3189.0951292405412,3249.407470703125,3944728
2021-08-30,INFY.NS,1483.3099411608266,1496.8970925686256,1472.2921164162058,1478.955078125,6559667
2021-08-30,TCS.NS,3244.9092501743835,3267.0515829812716,3220.9764920131161,3232.94287109375,2033114
2021-08-31,INFY.NS,1480.783933076624,1493.7178535768544,1468.3289836646177,1486.27099609375,12255438
2021-08-31,TCS.NS,3240.0183451794023,3322.7353285681993,3234.8212913547077,3307.318603515625,3207480
2021-09-01,INFY.NS,1488.9276722757529,1488.9276722757529,1457.2678392623277,1461.2742919921875,7801974
2021-09-01,TCS.NS,3315.6603180705602,3333.7409310016938,3237.9222336900857,3244.8662109375,2643336
2021-09-02,INFY.NS,1460.9257408190936,1475.688788882233,1448.1224872534362,1471.15966796875,6830050
2021-09-02,TCS.NS,3261.504773428846,3370.8183791836118,3251.0232369314849,3351.2529296875,3403717
2021-09-03,INFY.NS,1477.2129082319484,1485.835450675509,1467.0660576377923,1481.2193603515625,5339139
2021-09-03,TCS.NS,3340.9902512143804,3368.8535878797816,3323.1280061155453,3355.8828125,1746812
2021-09-06,INFY.NS,1485.1386831091097,1508.5242719501346,1480.0870004095007,1507.1307373046875,4876026
2021-09-06,TCS.NS,3362.5644823550278,3386.9341846203447,3331.3819514162692,3364.573486328125,1723693
2021-09-07,INFY.NS,1506.7825001249921,1511.0502868517522,1484.137213995946,1486.4453125,3520341
2021-09-07,TCS.NS,3375.0553326995914,3380.2523861240065,3326.3598526794049,3333.041748046875,1585039
2021-09-08,INFY.NS,1481.3935395874159,1481.3935395874159,1465.8031107394431,1474.774169921875,4584896
2021-09-08,TCS.NS,3327.8883877901417,3332.2556953856665,3280.72146575847,3296.57470703125,4147175
2021-09-09,INFY.NS,1468.372535490299,1476.2112878647204,1465.1063886676236,1473.3370361328125,3331674
2021-09-09,TCS.NS,3310.1572478338157,3326.7530175567972,3288.58278984343,3311.64208984375,1441148
2021-09-13,INFY.NS,1465.8467121859994,1481.9597033775865,1459.0530841826737,1473.598388671875,4662374
2021-09-13,TCS.NS,3290.3300629933401,3364.9236032265057,3290.3300629933401,3358.765869140625,1691473
2021-09-14,INFY.NS,1477.1259216928399,1477.1259216928399,1462.0145685181678,1468.5904541015625,4945167
2021-09-14,TCS.NS,3362.7829407221366,3403.4426147631857,3340.9901197149197,3394.183837890625,1991188
2021-09-15,INFY.NS,1474.7741973936459,1493.8049254065334,1472.1176887194929,1490.6258544921875,4062344
2021-09-15,TCS.NS,3390.8647341159681,3476.3765236062077,3376.8019196637183,3454.14697265625,2461369
2021-09-16,INFY.NS,1493.8920892094495,1497.4195705979105,1473.2064909534074,1482.613037109375,3246568
2021-09-16,TCS.NS,3432.7034578675884,3477.9050873700435,3399.5993546034069,3409.382080078125,2946666
2021-09-17,INFY.NS,1478.0404287798092,1496.3308524712506,1467.1096806648243,1473.075927734375,7454864
2021-09-17,TCS.NS,3423.9693794337527,3445.8059188434067,3323.5212981493441,3343.47998046875,6477148
2021-09-20,INFY.NS,1467.5886724736702,1487.3597058300793,1461.4482737789863,1470.0709228515625,5660743
2021-09-20,TCS.NS,3327.0149835362313,3381.1695986528621,3326.0105880709493,3339.68017578125,2002008
2021-09-21,INFY.NS,1480.6531353271757,1503.951647897765,1467.2837297515794,1496.7225341796875,4672222
2021-09-21,TCS.NS,3369.814347830511,3381.6497933864521,3338.0639381293522,3374.137939453125,1568129
2021-09-22,INFY.NS,1495.4598787260009,1514.5341989673232,1492.0195796575874,1495.372802734375,4553892
2021-09-22,TCS.NS,3373.7459824559342,3403.7494786280358,3364.9676492889771,3373.440185546875,1744067
2021-09-23,INFY.NS,1508.5243325905415,1519.8469748097546,1499.0307113119939,1517.713134765625,3826090
2021-09-23,TCS.NS,3380.2964536338195,3388.1576081771541,3349.7252970764075,3379.641357421875,2003869
2021-09-24,INFY.NS,1531.1697244858785,1557.2989006716446,1526.3357843635558,1536.264892578125,8280446
2021-09-24,TCS.NS,3397.7650831549404,3445.2813013324808,3367.1939320211554,3381.431396484375,2320754
2021-09-27,INFY.NS,1540.5327360352849,1540.7504791781873,1496.4179540192567,1499.074462890625,5045337
2021-09-27,TCS.NS,3406.4992710999713,3409.9931165062276,3321.6860885641377,3351.427490234375,1673362
2021-09-28,INFY.NS,1489.3631404087905,1489.3631404087905,1458.8790995232305,1469.4178466796875,6557197
2021-09-28,TCS.NS,3362.8269749249935,3362.8269749249935,3276.5726466720475,3300.942138671875,2253075
2021-09-29,INFY.NS,1445.1612257222725,1481.8727405310417,1441.4595923280765,1473.9033203125,7792548
2021-09-29,TCS.NS,3284.0408688426596,3324.3947509152617,3251.1549126304035,3312.078857421875,2489161
2021-09-30,INFY.NS,1483.2661787983272,1483.2661787983272,1454.6111620660795,1459.0531005859375,6914031
2021-09-30,TCS.NS,3323.5212519802417,3323.5212519802417,3275.5682974017677,3297.7978515625,2252412
2021-10-01,INFY.NS,1450.2562135367987,1462.3191607744086,1446.9029908490702,1450.2998046875,5733906
2021-10-01,TCS.NS,3303.2125229704052,3327.8878065755916,3253.6435904183936,3258.185546875,1578374
2021-10-04,INFY.NS,1456.7011984159763,1470.2012693131048,1450.517316236748,1462.144775390625,2947154
2021-10-04,TCS.NS,3253.4696342242864,3304.8727186534416,3238.3149909855993,3295.83251953125,1356860
2021-10-05,INFY.NS,1455.3949602586436,1483.2224874376122,1448.4271806763161,1474.3822021484375,4373310
2021-10-05,TCS.NS,3278.9742119661323,3354.0918950319519,3268.1433755207263,3348.23974609375,1877966
2021-10-06,INFY.NS,1482.4824144265476,1488.4921465220082,1454.5242157353737,1457.6162109375,4271698
2021-10-06,TCS.NS,3350.5985309151906,3369.3342386536387,3314.7866070967539,3328.674560546875,1678154
2021-10-07,INFY.NS,1469.3305632299673,1484.3112472506546,1460.3160193905471,1472.814453125,5476108
2021-10-07,TCS.NS,3345.3579345360185,3405.6267850537693,3336.6670342485309,3400.298583984375,1647233
2021-10-08,INFY.NS,1485.2259570483295,1508.0889867346034,1479.2598162798897,1501.426025390625,4738376
2021-10-08,TCS.NS,3428.3363921862592,3485.0239583147718,3406.4998546564102,3437.638671875,2934339
2021-10-11,INFY.NS,1464.975834271688,1506.7825168192749,1449.0369940224639,1472.77099609375,8840633
2021-10-11,TCS.NS,3279.84762938638,3282.0312829345735,3196.8687945550337,3219.2294921875,11845402
2021-10-12,INFY.NS,1460.6209130640477,1471.0725832827529,1447.5563252906663,1467.7193603515625,7439300
2021-10-12,TCS.NS,3237.0484182874648,3237.921879814256,3171.1895044664002,3190.6240234375,5752877
2021-10-13,INFY.NS,1477.1258733243719,1492.5421514566985,1463.2774946507823,1488.666259765625,7104171
2021-10-13,TCS.NS,3188.1345564053886,3210.3641094985078,3183.7672487938744,3192.676513671875,3545655
2021-10-14,INFY.NS,1527.6860420575003,1553.4668114690623,1479.0857252155085,1494.371337890625,19655776
2021-10-14,TCS.NS,3172.3732920313196,3211.7544777255011,3157.6709399741703,3160.51513671875,6442299
2021-10-18,INFY.NS,1515.4919760813984,1566.8793476841583,1515.4919760813984,1560.9132080078125,13438109
2021-10-18,TCS.NS,3153.5141032909023,3196.6146240950188,3151.7638283343899,3191.757568359375,3590107
2021-10-19,INFY.NS,1579.9442767437083,1597.7992148215726,1552.3344881951641,1587.042724609375,10324260
2021-10-19,TCS.NS,3210.8797331869355,3229.3452213125061,3172.5486650226335,3180.381103515625,3135441
2021-10-20,INFY.NS,1593.3568417154631,1609.5569061956669,1562.5679903419816,1569.7969970703125,5876115
2021-10-20,TCS.NS,3160.9968321962406,3176.7493081041953,3131.5047394776734,3158.240234375,2933693
2021-10-21,INFY.NS,1579.9440255087377,1579.9440255087377,1521.4582041825172,1527.380859375,8779629
2021-10-21,TCS.NS,3154.0835218499419,3157.0151046273222,3072.8269099122822,3091.423583984375,4871211
2021-10-22,INFY.NS,1524.1149349651396,1535.6988064564907,1486.7501901182247,1497.898681640625,7369809
2021-10-22,TCS.NS,3115.4894248877808,3116.8897303166668,3049.8541139702011,3061.974853515625,2691670
2021-10-25,INFY.NS,1499.8583502576589,1506.564796489911,1469.5048712675496,1487.229248046875,5905209
2021-10-25,TCS.NS,3065.6062084599398,3075.7140878192076,3019.2239278295156,3056.81103515625,2595594
2021-10-26,INFY.NS,1502.6062654350915,1517.1485436893581,1490.1727607226414,1497.0264892578125,5871709
2021-10-26,TCS.NS,3058.1682018867514,3088.3604476916144,3041.1030194753075,3047.754150390625,3878763
2021-10-27,INFY.NS,1501.7714975896099,1523.7827607577628,1494.785943644436,1519.2135009765625,5090259
2021-10-27,TCS.NS,3048.1038084048596,3072.8264419355623,3048.1038084048596,3054.010986328125,2510813
2021-10-28,INFY.NS,1510.7781326616437,1515.5230879740864,1486.7899202821879,1497.202392578125,5329972
2021-10-28,TCS.NS,3078.7333928501857,3078.7333928501857,2988.5942400748677,2994.413818359375,2424942
2021-10-29,INFY.NS,1492.8967290645846,1504.8469109760645,1459.5504324355952,1465.4376220703125,5875091
2021-10-29,TCS.NS,2975.5116385074566,3028.8512324763401,2963.1721128893782,2973.498779296875,3960501
2021-11-01,INFY.NS,1474.0046817971954,1500.1017709635096,1472.6866448239043,1493.8192138671875,3636806
2021-11-01,TCS.NS,3008.6791285838494,3051.6046685891351,2986.8006896062961,3042.328125,2020718
2021-11-02,INFY.NS,1489.3818273621403,1499.4428003412402,1481.7811257877784,1491.9300537109375,3471772
2021-11-02,TCS.NS,3057.7309326708746,3074.8837159813743,3036.5088447724006,3049.154541015625,3087414
2021-11-03,INFY.NS,1501.6835397594302,1509.1084388738689,1492.8966261271339,1495.9720458984375,3530713
2021-11-03,TCS.NS,3066.6565801646902,3080.396195266675,3033.2701722298416,3056.19873046875,1537639
2021-11-04,INFY.NS,1506.9557204877669,1508.7131032521841,1498.1688066656807,1501.419921875,483407
2021-11-04,TCS.NS,3074.314892595215,3074.5774766324575,3067.3575907199215,3070.5517578125,328991
2021-11-08,INFY.NS,1520.1361328124999,1529.80173828125,1496.4114648437499,1526.726318359375,5245903
2021-11-08,TCS.NS,3104.9876648258514,3104.9876648258514,3046.5284405808984,3065.3876953125,2526082
2021-11-09,INFY.NS,1524.3100142140984,1537.7100590140781,1516.621463919028,1531.119873046875,4016134
2021-11-09,TCS.NS,3069.9820970967548,3093.6108076502364,3059.4804479618747,3067.96923828125,1782692
2021-11-10,INFY.NS,1516.6211841497086,1538.5444891849152,1513.0624414790395,1529.0546875,4780368
2021-11-10,TCS.NS,3061.2310404939344,3080.2214819189048,3045.6535499293364,3049.24169921875,1516489
2021-11-11,INFY.NS,1522.7282608636551,1528.703405453859,1501.6836441561402,1523.035888671875,4731349
2021-11-11,TCS.NS,3045.4786999165085,3071.776626249125,3006.9726473888281,3052.65478515625,1284514
2021-11-12,INFY.NS,1531.5591812690018,1566.5750137314162,1527.2097015420263,1564.2464599609375,5069009
2021-11-12,TCS.NS,3068.2320151888489,3092.8670498709748,3050.4666815538371,3085.778564453125,1747259
2021-11-15,INFY.NS,1565.9158372510615,1581.6444339073435,1560.1164957791602,1570.353271484375,4354074
2021-11-15,TCS.NS,3087.4854409176328,3123.8912504001792,3087.4854409176328,3109.62646484375,1809157
2021-11-16,INFY.NS,1572.8576289550256,1589.508788323187,1561.4346405883132,1574.878662109375,6034233
2021-11-16,TCS.NS,3123.3661749758735,3129.0983691350793,3099.7374591663056,3112.33935546875,2013204
2021-11-17,INFY.NS,1575.0982330141132,1583.4018234229952,1564.6856546363958,1570.6168212890625,4732492
2021-11-17,TCS.NS,3107.2630999904609,3117.9835336996839,3068.5818539674124,3082.146484375,1632914
2021-11-18,INFY.NS,1565.4766573762213,1572.3743637688792,1545.6182521663638,1563.5435791015625,4326924
2021-11-18,TCS.NS,3076.2394632891619,3081.227917908715,3020.6246467108822,3041.71533203125,2136598
2021-11-22,INFY.NS,1567.5856381094713,1568.8158276635561,1538.7206437480575,1545.9698486328125,6621839
2021-11-22,TCS.NS,3044.0779438712275,3076.9393970215579,3010.7353360608108,3026.5751953125,3167936
2021-11-23,INFY.NS,1524.6174092729004,1535.2935311133811,1502.5622768372482,1526.1990966796875,8436160
2021-11-23,TCS.NS,3014.8489143573643,3046.3100671183884,2982.2938396390264,3031.6953125,2153461
2021-11-24,INFY.NS,1528.9230418655106,1529.3623875671963,1483.2310888902196,1490.2606201171875,7333061
2021-11-24,TCS.NS,3038.6524730061487,3056.8991758736497,2996.4708870125883,3013.361083984375,2161746
2021-11-25,INFY.NS,1493.7753000534872,1516.7969705965193,1491.0952485220696,1513.4580078125,4476260
2021-11-25,TCS.NS,3013.8854674681816,3030.6006765003076,3005.2654926694859,3015.6357421875,1849619
2021-11-26,INFY.NS,1496.0161123736239,1509.8993723813282,1479.716343711144,1486.4383544921875,4494181
2021-11-26,TCS.NS,2997.3461762175584,3054.2301182479646,2985.8817885918538,3016.468017578125,1941251
2021-11-29,INFY.NS,1485.8671377589419,1504.3196569150259,1466.6677523751573,1490.568115234375,3942776
2021-11-29,TCS.NS,3016.7300692229596,3088.6665407777991,2981.1120166304045,3064.7314453125,2981745
2021-11-30,INFY.NS,1497.7736116444519,1520.0484193067739,1493.8194999672771,1504.8909912109375,14808963
2021-11-30,TCS.NS,3055.1055275683175,3118.7717914269811,3055.1055275683175,3088.491943359375,5588446
2021-12-01,INFY.NS,1506.9557676104166,1530.5925879833801,1505.1983847910458,1506.867919921875,5193264
2021-12-01,TCS.NS,3093.6114503848571,3141.7440189198405,3093.6114503848571,3131.0673828125,2102118
2021-12-02,INFY.NS,1506.9558718875126,1538.1494190898488,1503.7486265678017,1536.17236328125,5559574
2021-12-02,TCS.NS,3141.0434888119357,3192.5016168142788,3127.8290406863075,3188.038330078125,3152938
2021-12-03,INFY.NS,1556.2503551294296,1569.9140496382861,1522.3768651886874,1525.012939453125,6754012
2021-12-03,TCS.NS,3191.1453566819901,3208.2105393359575,3177.4933387527963,3185.89453125,2486263
2021-12-06,INFY.NS,1520.1360551467185,1523.6068431192248,1486.3064377344938,1489.6455078125,3991449
2021-12-06,TCS.NS,3185.8935276314337,3201.2522299130405,3082.2335576144692,3094.83544921875,1849642
2021-12-07,INFY.NS,1494.7419695434742,1515.654868474255,1488.5032818453103,1504.01220703125,4202122
2021-12-07,TCS.NS,3117.677637250009,3148.7450214247106,3084.2474243341921,3136.9306640625,1484458
2021-12-08,INFY.NS,1522.7722156867264,1546.3211884129332,1522.4207176698017,1540.653564453125,3029169
2021-12-08,TCS.NS,3151.3699144885136,3191.1448683174553,3151.3699144885136,3174.035888671875,1428660
2021-12-09,INFY.NS,1545.6179429277577,1554.7563535822555,1530.680191347444,1549.528076171875,2082171
2021-12-09,TCS.NS,3159.2460065799178,3180.9056571790461,3120.7399610703565,3152.026123046875,1567957
2021-12-10,INFY.NS,1546.4969091942589,1549.7920020405534,1534.1952292347592,1545.837890625,1823469
2021-12-10,TCS.NS,3137.3677880992591,3187.2506232238497,3128.7040127244727,3182.699951171875,1510718
2021-12-13,INFY.NS,1552.6916191578121,1556.4699276693766,1527.8685881008832,1533.0089111328125,4040584
2021-12-13,TCS.NS,3194.2520713046342,3204.7537219500196,3151.9828847256335,3158.940185546875,1883864
2021-12-14,INFY.NS,1520.9270498807409,1549.1330239292365,1502.8698977066019,1539.5992431640625,4768144
2021-12-14,TCS.NS,3154.870857709162,3181.1249841256044,3130.1044223916592,3171.323486328125,1747007
2021-12-15,INFY.NS,1533.3164478312353,1535.9085444800232,1512.4035502224383,1523.8265380859375,3053149
2021-12-15,TCS.NS,3167.9976086138045,3170.6230209966334,3113.8702711918349,3124.547119140625,1603233
2021-12-16,INFY.NS,1548.8252090590486,1561.9616008149214,1544.7392731469356,1556.689453125,4481031
2021-12-16,TCS.NS,3134.7423034969993,3157.8896460050692,3124.2406542390527,3134.392333984375,2072320
2021-12-17,INFY.NS,1599.2183437253605,1618.5495544736891,1587.5756827064808,1599.9652099609375,18887243
2021-12-17,TCS.NS,3152.6827318642822,3195.4332826847522,3127.4787300274252,3136.799072265625,4333992
2021-12-20,INFY.NS,1583.138372334925,1607.69786318161,1570.485301026665,1580.6781005859375,5773891
2021-12-20,TCS.NS,3140.8681189633207,3155.7454547176749,3071.8634497224016,3112.776123046875,2312310
2021-12-21,INFY.NS,1582.5231731112169,1615.0347541246067,1582.5231731112169,1591.8372802734375,5353584
2021-12-21,TCS.NS,3135.3116256516591,3186.550974674627,3121.0906397039371,3157.759033203125,2340989
2021-12-22,INFY.NS,1603.6119169448209,1607.2585079618086,1592.4964485064465,1603.3482666015625,4156428
2021-12-22,TCS.NS,3171.4985830665155,3182.7003867976359,3155.9648910550832,3177.40576171875,1224328
2021-12-23,INFY.NS,1609.1034634133071,1635.7717232521284,1605.3690253412217,1632.2569580078125,4112933
2021-12-23,TCS.NS,3192.5010024050121,3212.1915924691875,3176.7485303536714,3205.365478515625,1792861
2021-12-24,INFY.NS,1645.7448742963015,1648.2052529112148,1629.0937165919725,1637.4412841796875,3780347
2021-12-24,TCS.NS,3224.8820058997048,3242.3847576277903,3189.701517657581,3212.54248046875,2209923
2021-12-27,INFY.NS,1634.3659241624905,1647.1069488401015,1621.2295312790468,1639.7698974609375,2647733
2021-12-27,TCS.NS,3212.6296670648817,3238.0086538109676,3196.9647917428729,3234.595703125,1534135
2021-12-28,INFY.NS,1652.5547486394014,1665.910921270975,1650.5338229288552,1658.96923828125,3340933
2021-12-28,TCS.NS,3246.7599040945056,3259.8869657013565,3232.6265198937699,3243.74072265625,1456218
2021-12-29,INFY.NS,1655.0154120118143,1664.0659772122503,1648.7767239206892,1656.8167724609375,3236635
2021-12-29,TCS.NS,3231.2260732834216,3255.4673365931217,3224.8813271174508,3233.3701171875,1456923
2021-12-30,INFY.NS,1655.8940269931556,1678.1249634416181,1646.9752873799528,1663.2310791015625,4584738
2021-12-30,TCS.NS,3221.6875576762241,3273.0142871714934,3220.5060365751592,3267.544677734375,1966475
2021-12-31,INFY.NS,1660.7265671558405,1668.0636181032844,1644.6026031546619,1658.74951171875,4619420
2021-12-31,TCS.NS,3275.4643871575781,3290.51670809093,3265.4003068003849,3271.570068359375,1207141
2022-01-03,INFY.NS,1658.7496564451544,1681.8592826976471,1658.7496564451544,1668.151611328125,3329616
2022-01-03,TCS.NS,3281.7660670142754,3351.7770764439133,3277.390378924923,3341.056640625,2346158
2022-01-04,INFY.NS,1668.151697346698,1675.3570314082458,1650.1825005622568,1668.766845703125,3921999
2022-01-04,TCS.NS,3352.7389063704113,3403.5404604206569,3335.7611129822299,3399.68994140625,2488606
2022-01-05,INFY.NS,1669.5135974739028,1672.0618238908942,1616.7921154484111,1620.8780517578125,6995719
2022-01-05,TCS.NS,3382.4064101245121,3386.7820975890972,3336.3740925344277,3378.862060546875,1733031
2022-01-06,INFY.NS,1606.2478877431283,1606.2478877431283,1581.6445284122708,1597.2852783203125,6449205
2022-01-06,TCS.NS,3336.0243991224288,3356.1525631255286,3301.0188965083426,3332.04248046875,1810293
2022-01-07,INFY.NS,1595.2203703081527,1613.2775227404143,1587.6197749785931,1594.2099609375,4834389
2022-01-07,TCS.NS,3343.0251795242962,3382.3187669832855,3322.3718494970512,3372.34228515625,2460591
2022-01-10,INFY.NS,1594.8249406516995,1643.0651214659881,1593.0675577969869,1626.2381591796875,7857560
2022-01-10,TCS.NS,3481.2972549604933,3481.2972549604933,3378.9061592263615,3395.402587890625,3937092
2022-01-11,INFY.NS,1629.9725624667992,1643.1529335918676,1625.7109305887875,1630.499755859375,5142287
2022-01-11,TCS.NS,3374.5300353638877,3434.9145199178579,3374.5300353638877,3426.95068359375,1906106
2022-01-12,INFY.NS,1642.1863497006073,1659.8480250740081,1634.3659749272922,1649.6990966796875,5362535
2022-01-12,TCS.NS,3434.9151478638719,3438.4156983330327,3357.5092683458865,3377.943603515625,3203744
2022-01-13,INFY.NS,1673.9071309319909,1680.4973164868411,1639.9456865869017,1666.701904296875,14277630
2022-01-13,TCS.NS,3428.7890815103638,3433.1647694653284,3375.405688459794,3411.19873046875,6684507
2022-01-14,INFY.NS,1653.6972065268249,1698.5104677026313,1652.8185151312207,1695.30322265625,7688506
2022-01-14,TCS.NS,3393.6520131101706,3480.4218100891489,3378.0745230015314,3472.6767578125,3348123
2022-01-17,INFY.NS,1703.3872099257401,1716.8751010955164,1696.3137014437718,1704.221923828125,5262464
2022-01-17,TCS.NS,3494.1612509482666,3538.1807073776067,3467.557157953258,3517.30859375,3442604
2022-01-18,INFY.NS,1688.9326718657662,1709.0547258227377,1679.5745872616628,1687.7464599609375,3690315
2022-01-18,TCS.NS,3530.260565428187,3537.0428804576832,3483.0469441799814,3492.323486328125,2389041
2022-01-19,INFY.NS,1683.5728166181689,1683.5728166181689,1636.8703446421212,1640.5609130859375,5747770
2022-01-19,TCS.NS,3517.2208806487747,3517.2208806487747,3428.2383483990611,3431.87646484375,3102539
2022-01-20,INFY.NS,1620.3069609598556,1623.8217266018507,1595.2642557606387,1602.469482421875,5533463
2022-01-20,TCS.NS,3427.8003552354353,3436.5671080621241,3341.0095022512132,3354.641845703125,6176776
2022-01-21,INFY.NS,1577.2510967324367,1588.6740851767383,1560.5559597753802,1569.0792236328125,8252758
2022-01-21,TCS.NS,3337.503452040808,3376.5593863072786,3306.030888867655,3360.7353515625,3112358
2022-01-24,INFY.NS,1550.890383701955,1554.0976288940496,1518.3788005875231,1526.111328125,7116712
2022-01-24,TCS.NS,3366.433434644553,3374.893266387015,3278.8536504342078,3306.249755859375,3258414
2022-01-25,INFY.NS,1517.1485371127924,1528.923023226851,1494.2147132168161,1513.2384033203125,9137653
2022-01-25,TCS.NS,3304.6276869619614,3339.6069473392622,3263.160900663494,3304.978271484375,3330501
2022-01-27,INFY.NS,1495.5329605483666,1502.2988423181387,1463.0213744494893,1474.9715576171875,11231734
2022-01-27,TCS.NS,3270.8757293611275,3272.9796645873425,3178.0358954512144,3199.20751953125,5718297
2022-01-28,INFY.NS,1477.0803833248269,1517.9835147744618,1475.7623460999685,1481.6495361328125,10998502
2022-01-28,TCS.NS,3196.3582391546629,3269.8236742927161,3196.3582391546629,3234.975830078125,3143862
2022-01-31,INFY.NS,1509.5917228141841,1537.2705000369122,1507.263169309688,1525.5838623046875,8788872
2022-01-31,TCS.NS,3286.6553922324565,3294.5454691943373,3262.4590706032068,3275.477783203125,2739393
2022-02-01,INFY.NS,1551.8570483269698,1564.0708817209279,1524.2661135677781,1557.0853271484375,5119935
2022-02-01,TCS.NS,3305.0657795085672,3338.3794398855766,3275.6094047202869,3331.935791015625,2105169
2022-02-02,INFY.NS,1571.978861227617,1575.3179313391013,1557.0411079347889,1570.309326171875,4253717
2022-02-02,TCS.NS,3355.8248153763957,3387.472874793566,3331.9354168675645,3380.634765625,1984212
2022-02-03,INFY.NS,1563.1920737397209,1563.1920737397209,1523.6509588896436,1527.6490478515625,3832922
2022-02-03,TCS.NS,3376.0762690799093,3403.6915384842241,3345.4365129758144,3352.93212890625,1960538
2022-02-04,INFY.NS,1521.8935777665583,1541.1808120164233,1502.6941912084785,1529.8896484375,4700077
2022-02-04,TCS.NS,3344.7792653309098,3353.0199274159713,3304.1891567359939,3344.428466796875,2307366
2022-02-07,INFY.NS,1513.2821008064309,1521.8933183764577,1489.7332385283169,1506.95556640625,4310209
2022-02-07,TCS.NS,3323.4756687605436,3359.2440595715475,3292.9234525604707,3312.95556640625,1919149
2022-02-08,INFY.NS,1502.5623164200595,1515.7426876167267,1490.2606366365032,1508.976806640625,6053401
2022-02-08,TCS.NS,3323.9577111517187,3331.1025280186395,3262.1082364502422,3281.78955078125,2946443
2022-02-09,INFY.NS,1524.5295040838362,1531.5590349384013,1515.7425905156294,1526.550537109375,3867244
2022-02-09,TCS.NS,3287.532283037312,3312.0353141804735,3284.1133350757727,3296.78125,1638721
2022-02-10,INFY.NS,1542.6745490801131,1558.7106668309207,1536.6115570808061,1554.9322509765625,4334630
2022-02-10,TCS.NS,3322.4240945117594,3322.4240945117594,3294.5457771673173,3305.372802734375,2112459
2022-02-11,INFY.NS,1528.9230162412698,1534.1511870988509,1505.1983487478708,1512.535400390625,7551371
2022-02-11,TCS.NS,3289.7239447382358,3289.7239447382358,3234.9317404621156,3239.271240234375,3851488
2022-02-14,INFY.NS,1484.9886020779093,1510.0752867515978,1474.6639771818056,1478.134765625,7459637
2022-02-14,TCS.NS,3264.738792841898,3325.4485569139447,3252.4653387334697,3273.286376953125,5951745
2022-02-15,INFY.NS,1492.8967373992116,1534.8542531207022,1485.3838827787808,1527.3853759765625,4669915
2022-02-15,TCS.NS,3319.0921461705161,3362.0492288864052,3285.7784901867658,3346.970458984375,3931683
2022-02-16,INFY.NS,1527.3853683173847,1542.4988179107663,1517.3682646277543,1523.035888671875,5350642
2022-02-16,TCS.NS,3369.939766396913,3378.7942723116603,3336.6261058550081,3342.8505859375,3256906
2022-02-17,INFY.NS,1532.4378490996394,1536.8313062358195,1511.6129051790003,1515.5670166015625,3937950
2022-02-17,TCS.NS,3353.2827969372806,3362.0495493475742,3312.9557358499305,3317.514404296875,3134372
2022-02-18,INFY.NS,1502.5623760399344,1513.5460191396417,1496.8508816280867,1499.88232421875,5602215
2022-02-18,TCS.NS,3304.1889388122663,3345.348798016269,3294.1949268123303,3326.01806640625,3688883
2022-02-21,INFY.NS,1494.6541280390445,1526.5506699725988,1486.3065594227182,1520.751220703125,5120890
2022-02-21,TCS.NS,3340.1329231984273,3355.7377864859232,3248.5642300919581,3260.7060546875,7465922
2022-02-22,INFY.NS,1493.6874988759109,1538.5886069583632,1485.9111016124141,1523.9583740234375,8878515
2022-02-22,TCS.NS,3199.8650364665668,3215.5574396627126,3129.7310082700392,3144.1083984375,5408531
2022-02-23,INFY.NS,1537.7099108964103,1544.9591147620647,1523.123655479762,1531.42724609375,5478811
2022-02-23,TCS.NS,3165.6749353734331,3176.1072872380141,3117.1508653593478,3124.2958984375,2426203
2022-02-24,INFY.NS,1485.0763695246333,1506.9118301831932,1467.8540388895212,1474.5760498046875,13592379
2022-02-24,TCS.NS,3045.5696257804584,3054.2049620593434,2972.8933377671333,2982.14208984375,5039136
2022-02-25,INFY.NS,1506.9557211653544,1518.5105342990194,1473.5654486264136,1489.0303955078125,9737281
2022-02-25,TCS.NS,3040.3103040345627,3094.6641791355269,3035.0502516054371,3086.554931640625,2549723
2022-02-28,INFY.NS,1478.1347163040493,1518.4228051512885,1463.0212662482625,1507.4830322265625,15076542
2022-02-28,TCS.NS,3059.5968815228298,3124.2516866839496,3029.7021673541517,3115.87939453125,3288942
2022-03-02,INFY.NS,1502.5623753614689,1506.4286391832479,1485.8672378574524,1496.23583984375,6771489
2022-03-02,TCS.NS,3114.389239815684,3131.4405328894709,3073.6238352691871,3108.822265625,2761341
2022-03-03,INFY.NS,1511.5248984753623,1523.5630349736196,1498.6521553167977,1512.0960693359375,7344147
2022-03-03,TCS.NS,3123.4626722767534,3137.2703082254902,3094.7515562563644,3107.287841796875,1928039
2022-03-04,INFY.NS,1489.601685282867,1525.4083619826322,1477.0803320811085,1514.2490234375,9074499
2022-03-04,TCS.NS,3069.6783344918008,3122.0158032002182,3057.0104201560107,3089.71044921875,2370257
2022-03-07,INFY.NS,1491.1392344591268,1538.5885677889987,1490.2605431011661,1528.7911376953125,9742588
2022-03-07,TCS.NS,3024.5298494131002,3110.4440306428055,3008.3552325900419,3055.125732421875,3054130
2022-03-08,INFY.NS,1509.9874381533716,1581.6447763419462,1509.9874381533716,1562.4892578125,10984500
2022-03-08,TCS.NS,3033.2966353224178,3163.92125921347,3033.2966353224178,3155.9873046875,3300992
2022-03-09,INFY.NS,1573.7361484508579,1609.4109944619199,1573.7361484508579,1593.3748779296875,10193515
2022-03-09,TCS.NS,3160.4140309278837,3203.3711148434081,3153.4445060377907,3184.6103515625,2719654
2022-03-10,INFY.NS,1620.9660220308197,1620.9660220308197,1590.6071900970094,1604.4027099609375,6547182
2022-03-10,TCS.NS,3229.671385952422,3229.671385952422,3169.1807981047791,3174.39697265625,2005441
2022-03-11,INFY.NS,1593.9462984422166,1609.2355512027455,1591.3102240787509,1600.975830078125,4758657
2022-03-11,TCS.NS,3158.8808319299847,3190.9672391826298,3149.7634928145703,3155.286376953125,1623423
2022-03-14,INFY.NS,1609.367286068122,1665.1202128221414,1609.367286068122,1661.341796875,10289724
2022-03-14,TCS.NS,3138.4974850097792,3198.4183256785818,3138.4974850097792,3193.72802734375,1765688
2022-03-15,INFY.NS,1659.2767472197927,1659.2767472197927,1608.0051297006162,1616.177001953125,7140443
2022-03-15,TCS.NS,3207.7549986026397,3207.7549986026397,3143.23160938305,3150.683349609375,3651133
2022-03-16,INFY.NS,1638.7593724368805,1664.1974441872826,1624.7003107966714,1660.199462890625,5233979
2022-03-16,TCS.NS,3191.5363955122302,3215.6449660043568,3170.2770197146278,3205.037109375,3090475
2022-03-17,INFY.NS,1689.9872589454178,1689.9872589454178,1610.6853579171534,1629.62109375,17731459
2022-03-17,TCS.NS,3240.7178727305695,3252.4652356778811,3208.8945177799264,3219.80908203125,3600452
2022-03-21,INFY.NS,1635.2447090569246,1658.0028379594185,1617.7587285984619,1628.2591552734375,8362085
2022-03-21,TCS.NS,3240.1918728441128,3255.9281514980789,3169.1811743321073,3179.438232421875,2413831
2022-03-22,INFY.NS,1625.5790594765181,1660.7267148165508,1615.9134542580089,1658.442138671875,5709382
2022-03-22,TCS.NS,3191.0984161253468,3253.342368747572,3177.9482852896654,3244.53173828125,2907611
2022-03-23,INFY.NS,1666.8775046856965,1669.5135787574188,1631.7298503960667,1645.26171875,6192824
2022-03-23,TCS.NS,3250.7120501854861,3269.8236147540456,3234.9318946020617,3254.5693359375,1596195
2022-03-24,INFY.NS,1630.9831884689734,1664.7688324815458,1630.9831884689734,1657.8271484375,3784303
2022-03-24,TCS.NS,3243.698048867318,3294.7204996944488,3239.3146731256052,3287.400390625,1879046
2022-03-25,INFY.NS,1662.4841869657494,1664.2415698272353,1632.6086783204876,1648.908447265625,3438588
2022-03-25,TCS.NS,3296.2113121317043,3313.394233297543,3219.1516403409387,3250.229736328125,1690133
2022-03-28,INFY.NS,1639.6381504800765,1652.7306737771728,1627.9076417562392,1646.579833984375,4008555
2022-03-28,TCS.NS,3239.3154843841066,3255.0956410062754,3209.6838141427306,3250.44921875,1760990
2022-03-29,INFY.NS,1646.5797700005269,1660.1994861553353,1634.849261732521,1657.2119140625,3917785
2022-03-29,TCS.NS,3239.0955853168134,3262.9849837063884,3235.8080534283395,3248.388427734375,2689063
2022-03-30,INFY.NS,1678.300378184282,1686.2085998615901,1665.1200087221018,1672.9842529296875,7795839
2022-03-30,TCS.NS,3277.0124232969383,3277.0124232969383,3249.1341046583038,3271.35791015625,1583455
2022-03-31,INFY.NS,1669.5137000617442,1680.9366885358509,1664.417246914596,1675.53271484375,5399145
2022-03-31,TCS.NS,3278.7658004019236,3291.6090086329168,3261.4075857110292,3278.721923828125,2168110
2022-04-01,INFY.NS,1657.9589669091613,1678.5643460911961,1650.4462192514522,1672.6331787109375,6171518
2022-04-01,TCS.NS,3285.7788659793814,3298.9289948453606,3268.2892373940381,3295.203125,1387014
2022-04-04,INFY.NS,1660.5071270406477,1663.362874183329,1645.7890456129824,1654.531982421875,7364074
2022-04-04,TCS.NS,3298.0524783670694,3313.8326337659551,3276.2233490114336,3305.372802734375,1472994
2022-04-05,INFY.NS,1655.2788783812109,1660.3752240705198,1631.8617314560988,1635.33251953125,5472024
2022-04-05,TCS.NS,3306.818835025309,3362.5754630314427,3306.818835025309,3344.340576171875,2314947
2022-04-06,INFY.NS,1629.9724288024402,1632.1691571431443,1601.1074398580135,1606.99462890625,5407453
2022-04-06,TCS.NS,3339.5192456312348,3339.5192456312348,3271.0069428753104,3292.22265625,2051729
2022-04-07,INFY.NS,1600.1409496978658,1606.379636923527,1588.2786162958694,1591.31005859375,5797544
2022-04-07,TCS.NS,3283.587089747452,3283.587089747452,3225.28818667224,3229.802978515625,2494829
2022-04-08,INFY.NS,1601.854417864324,1615.0347888286492,1588.6740468999988,1594.473388671875,5131446
2022-04-08,TCS.NS,3234.9320315767536,3248.0821617864153,3193.2899525794919,3231.118408203125,2296773
2022-04-11,INFY.NS,1593.9463082740529,1593.9463082740529,1548.737675566616,1552.25244140625,8248407
2022-04-11,TCS.NS,3234.9313567479549,3254.5251322857821,3205.2121542865757,3240.5419921875,2291660
2022-04-12,INFY.NS,1544.3004005492446,1544.3004005492446,1518.1593269126358,1531.0760498046875,6456184
2022-04-12,TCS.NS,3228.7950847907623,3277.8889009048767,3198.4183716829752,3235.896240234375,4483476
2022-04-13,INFY.NS,1542.0593298022513,1544.3000356322013,1521.8934063812078,1536.435791015625,6257693
2022-04-13,TCS.NS,3249.8353294313411,3252.3339396432675,3204.7304281591869,3210.341064453125,1621672
2022-04-18,INFY.NS,1410.7392326254023,1449.8410051896069,1397.119514091803,1424.71044921875,30523965
2022-04-18,TCS.NS,3164.7975941694399,3164.7975941694399,3088.0885112082692,3092.9541015625,3820792
2022-04-19,INFY.NS,1438.1101989357824,1438.1101989357824,1361.9715730908893,1372.515869140625,17044923
2022-04-19,TCS.NS,3112.1976826786372,3124.0766772034467,3015.0181285799099,3043.729248046875,3170014
2022-04-20,INFY.NS,1383.9389289365774,1402.6550983089535,1373.3946323351558,1395.0982666015625,10678747
2022-04-20,TCS.NS,3068.3632522512548,3128.9852577507763,3050.8297479526764,3118.158447265625,2640370
2022-04-21,INFY.NS,1401.5130018301497,1429.8068264230519,1396.4605254912638,1422.4259033203125,7766514
2022-04-21,TCS.NS,3138.4972969699825,3194.6045112174907,3127.4511035521896,3181.1474609375,2280996
2022-04-22,INFY.NS,1409.728504477574,1415.3081733294175,1390.4412714487692,1393.1212158203125,8134245
2022-04-22,TCS.NS,3139.4618094413891,3170.9343651637614,3131.0456414659589,3167.033203125,1581465
2022-04-25,INFY.NS,1382.0057282177281,1382.0057282177281,1365.5741364473374,1371.7249755859375,7000570
2022-04-25,TCS.NS,3119.210845865879,3142.0044046046401,3097.3817156096602,3110.619384765625,1960694
2022-04-26,INFY.NS,1385.8719894508067,1398.8766646653621,1376.5140121457584,1389.2110595703125,5345435
2022-04-26,TCS.NS,3134.2458130202449,3145.4234238079243,3084.2753177341492,3108.953857421875,1943469
2022-04-27,INFY.NS,1381.961856821622,1381.961856821622,1362.2791486149092,1364.4320068359375,8819356
2022-04-27,TCS.NS,3108.6906911959031,3128.3720093644906,3073.8867237258132,3122.01611328125,1727648
2022-04-28,INFY.NS,1379.5454535287045,1407.4878820528004,1368.5178339093395,1390.616943359375,9245177
2022-04-28,TCS.NS,3145.5112341944268,3159.888624679922,3101.7213421769807,3142.267578125,1703660
2022-04-29,INFY.NS,1397.1194023690618,1403.5338928445431,1371.4616549914167,1377.392822265625,9831395
2022-04-29,TCS.NS,3153.4007613811887,3176.4134858700008,3100.6688325939258,3109.303955078125,2051115
2022-05-02,INFY.NS,1362.7626659168216,1364.3882237359503,1345.2766836514184,1354.0635986328125,7072627
2022-05-02,TCS.NS,3085.8094726335012,3110.4002589578581,3062.0078225417942,3105.53466796875,1324161
2022-05-04,INFY.NS,1359.5554279531984,1379.545659645514,1344.52982470503,1349.2747802734375,6220959
2022-05-04,TCS.NS,3102.1155131222386,3108.2083635802619,3037.9429247118774,3050.61083984375,2305825
2022-05-05,INFY.NS,1370.8025337737408,1396.5921043901596,1368.5178503702025,1392.857666015625,6144870
2022-05-05,TCS.NS,3078.9713332066099,3097.2937609261862,3055.5202694917002,3080.11083984375,1612262
2022-05-06,INFY.NS,1361.9716296199067,1372.3841009487683,1348.8352364842315,1355.68896484375,6171472
2022-05-06,TCS.NS,3032.4200224325441,3046.0084902983158,3002.1747229893749,3009.27587890625,2010812
2022-05-09,INFY.NS,1353.1848843470543,1394.3076886723288,1337.500262821824,1379.8531494140625,6832202
2022-05-09,TCS.NS,2978.9423982345852,3029.7895610060996,2934.1005463342449,3020.23388671875,2481830
2022-05-10,INFY.NS,1369.0012452272317,1378.7986761047448,1358.5009255643938,1364.6077880859375,6212545
2022-05-10,TCS.NS,3010.5027847828064,3037.5044250764922,2999.9826818656852,3014.6669921875,1622685
2022-05-11,INFY.NS,1361.9278360516032,1361.9278360516032,1328.2300387627954,1341.542236328125,7846080
2022-05-11,TCS.NS,3011.379841740777,3023.1710824486031,2965.0474636574982,2991.21630859375,1841769
2022-05-12,INFY.NS,1330.3388057853947,1342.2011399188841,1321.8155419424827,1325.7696533203125,7034979
2022-05-12,TCS.NS,2961.4085576174471,3024.26612096296,2936.9494073636065,2988.278564453125,2807195
2022-05-13,INFY.NS,1334.9959664754047,1343.7389035215306,1316.3676433280884,1321.9034423828125,6723761
2022-05-13,TCS.NS,3011.3795593615127,3015.6751825815522,2965.0471856228542,2993.75830078125,2187823
2022-05-16,INFY.NS,1326.8241461984453,1328.4497039979815,1299.2771895162246,1308.45947265625,6145331
2022-05-16,TCS.NS,2993.846131183072,3006.996260602617,2951.4151325354951,2960.357177734375,1195813
2022-05-17,INFY.NS,1313.5557834414769,1340.0043728900273,1301.2541039526504,1334.2489013671875,6516378
2022-05-17,TCS.NS,2954.3955871632793,3039.4330862596703,2937.2126666815007,3025.932373046875,1754076
2022-05-18,INFY.NS,1337.3683872175263,1361.7080974834491,1322.6942829038983,1326.12109375,6594126
2022-05-18,TCS.NS,3037.6791442336043,3063.9793965646313,3018.4361690844698,3023.47705078125,1866781
2022-05-19,INFY.NS,1301.3420497086145,1304.593165199384,1245.6769672791786,1254.0245361328125,16561140
2022-05-19,TCS.NS,2978.0659382901526,2985.0793405587192,2831.6611659338218,2859.6708984375,4642963
2022-05-20,INFY.NS,1276.7387215514266,1288.8207294119443,1271.2029223177501,1278.6279296875,10488908
2022-05-20,TCS.NS,2901.7950808296009,2905.2140286957065,2866.7719473583229,2886.8916015625,3065125
2022-05-23,INFY.NS,1278.5839899389152,1307.4929619615978,1274.1466621873956,1290.2706298828125,5887569
2022-05-23,TCS.NS,2897.2365878081046,2927.1310872588047,2864.0982185065759,2912.09619140625,2293690
2022-05-24,INFY.NS,1290.446197671662,1291.2810188777573,1261.1418602736273,1266.1943359375,5693167
2022-05-24,TCS.NS,2906.3099488564503,2914.813870239504,2871.6376129969626,2882.50830078125,1711510
2022-05-25,INFY.NS,1260.9221361098096,1267.5123214901744,1229.5089191300704,1239.3502197265625,9630092
2022-05-25,TCS.NS,2906.2058140394383,2906.2058140394383,2783.7035752705465,2795.70654296875,3548046
2022-05-26,INFY.NS,1245.9845968254774,1256.5288952471317,1236.3629674205779,1251.2127685546875,13040065
2022-05-26,TCS.NS,2816.3147271888583,2860.8850480046017,2807.0918029068916,2848.04345703125,2813186
2022-05-27,INFY.NS,1268.7864314520264,1289.0403115631041,1263.0310670153488,1284.07568359375,8284860
2022-05-27,TCS.NS,2871.2108749534859,2893.8931509887725,2850.0289426919717,2878.35986328125,3103153
2022-05-30,INFY.NS,1306.6140992805463,1344.3978291185176,1304.8567164973847,1341.5860595703125,10904213
2022-05-30,TCS.NS,2909.8680052200993,2988.9473068380908,2900.468608772178,2978.929931640625,2094624
2022-05-31,INFY.NS,1341.49726302402,1347.9796856356543,1321.4729921530693,1335.1925048828125,16033857
2022-05-31,TCS.NS,2960.3070775036922,2986.1225552068436,2934.5799440334658,2969.3095703125,4840965
2022-06-01,INFY.NS,1343.5397009415731,1345.0936959690998,1307.2205954757619,1312.9482421875,8738508
2022-06-01,TCS.NS,2990.1828151396589,2990.1828151396589,2947.86312211105,2961.234130859375,1493835
2022-06-02,INFY.NS,1317.78779937987,1344.2944932066457,1310.3286014773466,1339.0997314453125,7205840
2022-06-02,TCS.NS,2961.0580036899969,3029.0167119714069,2953.3795953295821,3021.073486328125,2657939
2022-06-03,INFY.NS,1354.1069147899177,1380.8356080966064,1347.9797125984878,1351.2652587890625,9395707
2022-06-03,TCS.NS,3053.1991486900802,3068.9974702343729,3028.3104196209902,3036.20947265625,1913622
2022-06-06,INFY.NS,1346.2036506605543,1364.496369880414,1325.779716646575,1358.6800537109375,6624883
2022-06-06,TCS.NS,3016.6602249414027,3047.5505432190357,2980.60672441929,3028.089599609375,1084210
2022-06-07,INFY.NS,1349.6223740023979,1349.6223740023979,1334.304423990545,1337.9451904296875,4904592
2022-06-07,TCS.NS,3001.7008121845647,3017.4107900611675,2961.9405128020458,2967.853759765625,2308256
2022-06-08,INFY.NS,1349.9331029298305,1349.9331029298305,1324.8916289062499,1331.99560546875,4697608
2022-06-08,TCS.NS,2983.2550748623253,3013.0863456965512,2953.5563204177347,3004.43701171875,2185707
2022-06-09,INFY.NS,1318.6757594948949,1347.0472249005495,1315.5677694893513,1345.315673828125,4361061
2022-06-09,TCS.NS,2987.5354082614431,3033.429600648325,2959.3811725828509,3024.692138671875,1279197
2022-06-10,INFY.NS,1319.6525958969517,1326.6233521245908,1308.5526310764772,1311.394287109375,6516436
2022-06-10,TCS.NS,2984.8876864443419,2994.5960733606303,2958.4102675817367,2965.382568359375,1527582
2022-06-13,INFY.NS,1281.9127514082513,1281.9127514082513,1253.5856187134593,1264.9520263671875,6987685
2022-06-13,TCS.NS,2903.6897309129977,2906.3374723089673,2817.5939634259803,2841.55615234375,3030921
2022-06-14,INFY.NS,1252.0759892436106,1286.6191002718645,1245.9932304081092,1279.204345703125,6090247
2022-06-14,TCS.NS,2815.431775412681,2858.5898753729225,2801.9282507618755,2833.56884765625,2611493
2022-06-15,INFY.NS,1278.8934951366866,1284.3991426909397,1259.9347770253819,1262.9095458984375,4651958
2022-06-15,TCS.NS,2840.5860451968151,2854.2660463465904,2825.1408826083598,2829.818603515625,1404536
2022-06-16,INFY.NS,1276.9399223929138,1282.0459060881565,1236.0920528309707,1240.7095947265625,6641772
2022-06-16,TCS.NS,2859.561009980705,2863.8416118795972,2765.1690623293366,2773.068115234375,2032028
2022-06-17,INFY.NS,1235.2483238555576,1240.4874196646322,1214.0251729542306,1231.9183349609375,9692047
2022-06-17,TCS.NS,2728.939455430997,2752.5484885593214,2668.7916684356446,2726.203369140625,5240434
2022-06-20,INFY.NS,1234.360400176754,1263.0426411881947,1227.2119802322318,1255.7611083984375,4595194
2022-06-20,TCS.NS,2730.7044503658894,2770.1999332856935,2708.6399347682336,2746.94384765625,1502769
2022-06-21,INFY.NS,1264.507932381181,1292.9238409740165,1263.3979359517734,1287.507080078125,6270787
2022-06-21,TCS.NS,2762.4777269515153,2857.5758020566354,2758.4177693421889,2834.80517578125,2964461
2022-06-22,INFY.NS,1275.2081286053715,1296.1203928082316,1274.2756884009718,1276.273681640625,6253366
2022-06-22,TCS.NS,2824.1696570831255,2868.87249504478,2809.2541307030879,2844.51318359375,3336315
2022-06-23,INFY.NS,1278.5384065605574,1294.6999121735821,1272.4999822666275,1289.771484375,6254281
2022-06-23,TCS.NS,2844.5130845990975,2928.4024132202499,2844.5130845990975,2920.28271484375,3692578
2022-06-24,INFY.NS,1294.6996764471719,1303.1356482758742,1268.8589844199196,1279.6925048828125,6114340
2022-06-24,TCS.NS,2946.9368805574036,2952.2323646195014,2892.6581689209015,2906.426513671875,2132118
2022-06-27,INFY.NS,1303.6241140424631,1317.7876236462766,1301.0489009150212,1309.4404296875,4511097
2022-06-27,TCS.NS,2956.6451297711992,2968.0303337828927,2918.2528721159615,2925.489990234375,2037686
2022-06-28,INFY.NS,1304.4678285372947,1321.5617738738115,1290.2598739718783,1314.3690185546875,4412178
2022-06-28,TCS.NS,2918.6944673229077,2938.9938240657038,2888.3337764710327,2928.53515625,1400046
2022-06-29,INFY.NS,1300.6493689013039,1311.5717770934775,1293.8118342756918,1299.36181640625,5060038
2022-06-29,TCS.NS,2886.9210266474988,2941.6410216496829,2886.9210266474988,2904.13134765625,2133994
2022-06-30,INFY.NS,1300.9602987057103,1316.0118073946101,1292.0358837781091,1298.1630859375,9165177
2022-06-30,TCS.NS,2887.8035624159602,2922.1358596549312,2872.7996930513295,2883.47900390625,2719603
2022-07-01,INFY.NS,1291.147733707834,1318.6756427483724,1280.8025462113708,1313.702880859375,4651635
2022-07-01,TCS.NS,2877.2125005063094,2941.6408785851318,2870.1960284541215,2925.8427734375,1502879
2022-07-04,INFY.NS,1314.4577439626057,1325.1137094600226,1298.2517964352844,1321.3397216796875,4800224
2022-07-04,TCS.NS,2923.1071661145602,2928.3584779830808,2846.3668202921513,2855.192626953125,2622535
2022-07-05,INFY.NS,1330.9301027704544,1340.8311837611111,1307.1317370251647,1310.6392822265625,7379669
2022-07-05,TCS.NS,2872.7998692876445,2887.8037395727101,2830.3918281224514,2838.64404296875,2170627
2022-07-06,INFY.NS,1316.1892947506883,1331.9956869281368,1305.3557731895742,1324.5809326171875,5209162
2022-07-06,TCS.NS,2840.5854836975532,2884.7145109415733,2826.2435498432469,2877.87451171875,2182144
2022-07-07,INFY.NS,1334.7041829822008,1344.3832653678094,1328.1773170972135,1330.84130859375,3323472
2022-07-07,TCS.NS,2886.92139813414,2929.6382167656825,2881.6700861940794,2901.79296875,1989921
2022-07-08,INFY.NS,1345.3157123104625,1347.0472634324174,1331.9513115451052,1344.8272705078125,3652582
2022-07-08,TCS.NS,2912.5161538638099,2916.9290571272395,2868.3871212295094,2882.02294921875,2136916
2022-07-11,INFY.NS,1327.5556691245349,1331.9068766093092,1302.1589736556825,1308.1529541015625,4702638
2022-07-11,TCS.NS,2829.6863844934819,2846.3231189909147,2741.29600235218,2748.18017578125,6974600
2022-07-12,INFY.NS,1298.0742548130895,1304.1125702899615,1275.1638853794875,1277.47265625,4710356
2022-07-12,TCS.NS,2749.1502289566492,2767.949238860167,2718.568897309372,2722.496337890625,3734815
2022-07-13,INFY.NS,1287.5957856267937,1296.475756562151,1277.4725970808702,1282.6673583984375,5264025
2022-07-13,TCS.NS,2739.530530131633,2744.8260144037949,2678.6324610017741,2681.942138671875,3863530
2022-07-14,INFY.NS,1288.4838556808252,1290.215406752036,1255.6279613595361,1268.814697265625,6157606
2022-07-14,TCS.NS,2704.2858704147561,2705.1707807126668,2625.5288539007138,2653.624755859375,4764908
2022-07-15,INFY.NS,1284.0439058847987,1284.0439058847987,1252.6532276522264,1270.146728515625,5620018
2022-07-15,TCS.NS,2671.1457043358505,2680.3043952011881,2613.1397980186016,2649.9521484375,4574806
2022-07-18,INFY.NS,1287.5958695188904,1326.3125236399783,1285.8643184329112,1323.0269775390625,5835171
2022-07-18,TCS.NS,2675.0837415493156,2722.8246073241294,2667.3850654222379,2710.922607421875,3202795
2022-07-19,INFY.NS,1306.7322778541525,1320.3185695057068,1305.4446169198009,1317.9210205078125,3418540
2022-07-19,TCS.NS,2681.3220727415583,2724.5940931360442,2681.3220727415583,2720.43505859375,1865074
2022-07-20,INFY.NS,1333.1055078617853,1354.9058777609023,1331.9955116021169,1345.5819091796875,5079392
2022-07-20,TCS.NS,2750.1243210138164,2806.8912313215537,2741.4964454399051,2800.564208984375,3402251
2022-07-21,INFY.NS,1347.0915186497457,1363.4750207876066,1334.7483380319422,1361.210693359375,5008061
2022-07-21,TCS.NS,2802.5108691484493,2817.5543439749486,2782.2022213411851,2811.62548828125,2420640
2022-07-22,INFY.NS,1362.1875644368015,1367.5155470877928,1325.0249071257533,1337.590087890625,7020642
2022-07-22,TCS.NS,2818.4392812025731,2829.0582047110288,2781.7155040691646,2806.050537109375,2075886
2022-07-25,INFY.NS,1314.3245716730378,1347.2249097310889,1314.3245716730378,1335.1925048828125,7859626
2022-07-25,TCS.NS,2800.7407138288713,2819.7219939415763,2786.6707284133759,2802.289306640625,1797504
2022-07-26,INFY.NS,1329.0208092150269,1329.0208092150269,1283.1557398113582,1288.616943359375,7268273
2022-07-26,TCS.NS,2800.4759071723042,2804.1924876537432,2740.1250609391755,2757.292236328125,2639367
2022-07-27,INFY.NS,1288.4839427817574,1308.0198812663878,1283.1559595586764,1306.288330078125,4517285
2022-07-27,TCS.NS,2756.4954817697467,2826.4919703081091,2752.0709304346428,2821.84619140625,1389808
2022-07-28,INFY.NS,1328.7988388509684,1353.7070916560501,1322.9824146761307,1347.44677734375,6636841
2022-07-28,TCS.NS,2845.871492102438,2888.347186014415,2833.1729430263163,2885.25,2106333
2022-07-29,INFY.NS,1361.1220851607379,1381.4571333308711,1356.8596554493049,1376.129150390625,7009465
2022-07-29,TCS.NS,2911.3551509392305,2935.5132475278792,2898.0814952358601,2921.885498046875,2430257
2022-08-01,INFY.NS,1388.8273994069982,1388.8273994069982,1365.6506978612158,1377.327880859375,2983249
2022-08-01,TCS.NS,2944.0967628868952,2944.0967628868952,2894.5417828082459,2919.142333984375,1306913
2022-08-02,INFY.NS,1373.3319367159932,1373.7314920454614,1357.1703247119033,1370.7122802734375,4374635
2022-08-02,TCS.NS,2911.3546281587332,2931.6189858100583,2895.1164391804086,2912.947509765625,1269114
2022-08-03,INFY.NS,1375.5075317485316,1394.1554711718493,1367.4267796780443,1390.6922607421875,6011955
2022-08-03,TCS.NS,2902.5060357089383,2963.5648517040349,2899.8955933060683,2955.158203125,2895824
2022-08-04,INFY.NS,1409.6954786756162,1424.2142104299171,1398.5510710597634,1420.7066650390625,7402209
2022-08-04,TCS.NS,2964.4495711102013,2997.9875858111113,2926.7082323905533,2968.829833984375,2150567
2022-08-05,INFY.NS,1428.2547116101568,1443.6169980608536,1422.8379503946153,1435.5806884765625,5361971
2022-08-05,TCS.NS,2974.3603430430594,2988.3419684551791,2968.8739426020506,2977.767333984375,1106933
2022-08-08,INFY.NS,1435.8914900922462,1440.3314761469533,1417.2435486624768,1438.022705078125,3763409
2022-08-08,TCS.NS,2977.7230902866331,2990.02325675371,2952.0606921831227,2986.08544921875,1068836
2022-08-10,INFY.NS,1439.6208933320956,1439.6208933320956,1410.2282102223699,1422.970947265625,4423829
2022-08-10,TCS.NS,2995.4211952566006,2995.4211952566006,2951.1756827712743,2968.210205078125,1878359
2022-08-11,INFY.NS,1447.4352785059941,1448.6340529159374,1435.0033190587033,1438.5108642578125,3462090
2022-08-11,TCS.NS,3008.6949872169466,3034.0918693417088,2986.6165186810267,3028.60546875,1449248
2022-08-12,INFY.NS,1432.6057616654232,1433.2273162748345,1412.0486071656317,1415.55615234375,3562286
2022-08-12,TCS.NS,3025.5082917951081,3025.5082917951081,2992.1029282340478,3010.066650390625,1472354
2022-08-16,INFY.NS,1428.787474466892,1428.787474466892,1412.8923031334775,1417.64306640625,3004430
2022-08-16,TCS.NS,3018.4292544474688,3021.8362457691064,2997.6338608738788,3002.2353515625,839942
2022-08-17,INFY.NS,1417.6430433306341,1431.4514427285992,1407.4755190600681,1426.345458984375,4067324
2022-08-17,TCS.NS,2995.5103784540343,3024.5795564097702,2983.1216324528768,3009.6689453125,1622326
2022-08-18,INFY.NS,1415.5562190867397,1419.1969856808453,1397.7074982537147,1405.655029296875,4635706
2022-08-18,TCS.NS,2999.8457478916357,3001.6155683918669,2975.0682608884013,2992.102783203125,1430659
2022-08-19,INFY.NS,1407.7417924309402,1425.1465132491517,1407.5641279788495,1418.2200927734375,4739884
2022-08-19,TCS.NS,2997.191343011034,3027.7207499593305,2983.2540050563771,2996.085205078125,1398410
2022-08-22,INFY.NS,1408.3633554325027,1419.9073173622771,1397.7073905742491,1399.172607421875,3950555
2022-08-22,TCS.NS,2977.7228544165578,2994.6247258318931,2962.1483483152269,2968.4755859375,1536532
2022-08-23,INFY.NS,1374.6194905226539,1380.3914715875098,1361.2995342191398,1369.646728515625,5551574
2022-08-23,TCS.NS,2937.8581118135689,2957.2818510423613,2893.6568824597389,2906.57666015625,1849256
2022-08-24,INFY.NS,1363.0756613630588,1372.8436302718494,1359.5236726689532,1365.295654296875,2888426
2022-08-24,TCS.NS,2913.1247476172416,2927.2833126117357,2876.1354533606132,2880.69287109375,1691923
2022-08-25,INFY.NS,1374.6194842114278,1375.2410388101719,1344.2055841247086,1348.11279296875,4331088
2022-08-25,TCS.NS,2898.9657222217966,2900.8681926737672,2844.7649742101712,2847.81787109375,1946930
2022-08-26,INFY.NS,1363.2085730755819,1371.9108783612571,1347.4909616342993,1351.1318359375,3079136
2022-08-26,TCS.NS,2862.0649210309766,2882.1523380848394,2846.5789935159369,2851.357421875,1457962
2022-08-29,INFY.NS,1304.068208908207,1304.068208908207,1287.5958190364718,1298.02978515625,8079050
2022-08-29,TCS.NS,2765.3447627509322,2781.0076322786413,2726.408708491399,2772.02587890625,2539173
2022-08-30,INFY.NS,1308.108629152098,1328.5325643697543,1301.8038708297447,1325.7353515625,6725875
2022-08-30,TCS.NS,2791.8917236314205,2855.1628038975523,2780.4764682941245,2841.579345703125,3431525
2022-09-01,INFY.NS,1296.5200992612988,1303.6684102712275,1288.5281260390675,1300.2052001953125,8140604
2022-09-01,TCS.NS,2822.8639979144714,2822.8639979144714,2761.8051841664778,2771.273681640625,3546935
2022-09-02,INFY.NS,1312.459816939898,1312.459816939898,1285.8199018463954,1290.2598876953125,5175653
2022-09-02,TCS.NS,2798.9712083448303,2798.9712083448303,2761.1855826958235,2770.123046875,2052900
2022-09-05,INFY.NS,1288.4838352280558,1302.6917893036236,1284.3546268952266,1297.6302490234375,3669352
2022-09-05,TCS.NS,2764.1497132737554,2785.6530747581528,2754.0618232156598,2772.777587890625,2147912
2022-09-06,INFY.NS,1297.6302811685841,1305.3558130293177,1283.5554395953404,1292.1246337890625,3428442
2022-09-06,TCS.NS,2774.6366295485691,2779.3709867256357,2748.8415771515884,2767.1591796875,1936453
2022-09-07,INFY.NS,1278.7161082479299,1301.5820386558357,1276.9845568772539,1294.3892822265625,3600574
2022-09-07,TCS.NS,2744.9917093269378,2797.9977490829297,2744.9917093269378,2787.113525390625,1291534
2022-09-08,INFY.NS,1309.7957516157421,1315.212512366536,1299.6725627710948,1310.594970703125,4061475
2022-09-08,TCS.NS,2805.1657620655378,2817.1120515885295,2796.4052361657018,2804.85595703125,1346113
2022-09-09,INFY.NS,1321.3396674929586,1349.755574320764,1314.2356907860071,1342.3408203125,4816910
2022-09-09,TCS.NS,2827.2884110725345,2861.3574576535334,2803.8382881011971,2847.33154296875,1561185
2022-09-12,INFY.NS,1354.9060300810474,1372.7547502634757,1350.7768218512558,1364.14111328125,5494819
2022-09-12,TCS.NS,2867.0202191993785,2893.4791614851301,2853.8351447923806,2869.71923828125,1785928
2022-09-13,INFY.NS,1378.0827779506399,1379.0595531212691,1368.6700299824238,1371.9111328125,4947158
2022-09-13,TCS.NS,2887.8606158067237,2887.8606158067237,2853.8358563250972,2857.685302734375,1972678
2022-09-14,INFY.NS,1329.3317175054401,1331.0632685678052,1307.1317890233854,1310.1510009765625,14332197
2022-09-14,TCS.NS,2774.1939474498322,2779.8572872732138,2755.433891236994,2761.274169921875,5090269
2022-09-15,INFY.NS,1309.7958248853374,1309.9733809599834,1268.9923983100107,1272.3223876953125,12784100
2022-09-15,TCS.NS,2769.769151120317,2776.6272057277238,2743.2218429626141,2747.0712890625,2138023
2022-09-16,INFY.NS,1265.395822315344,1265.395822315344,1215.0907667170163,1222.81640625,20464045
2022-09-16,TCS.NS,2721.9841963836157,2738.2223874832284,2654.7310107772587,2662.4296875,5322221
2022-09-19,INFY.NS,1236.0919491545515,1248.5239084132897,1225.9687606499624,1234.5823974609375,6595241
2022-09-19,TCS.NS,2686.5878641443855,2691.8973263264888,2643.9352278233341,2680.216552734375,2072220
2022-09-20,INFY.NS,1250.255623540864,1255.2284946157747,1229.9649090518215,1233.028564453125,7219797
2022-09-20,TCS.NS,2698.9766538674121,2725.4796764894973,2681.2784463010685,2690.39306640625,1544295
2022-09-21,INFY.NS,1225.3471102683161,1233.2503054303857,1215.1351445325599,1222.993896484375,7917054
2022-09-21,TCS.NS,2679.5086099594769,2691.3663225429291,2653.0939489033167,2655.79296875,2253818
2022-09-22,INFY.NS,1213.3148220155867,1228.9435493746757,1207.6760620818068,1214.735595703125,9168498
2022-09-22,TCS.NS,2645.8819432211071,2681.2340684512842,2636.4134456963543,2661.279296875,2017983
2022-09-23,INFY.NS,1214.3358179493473,1238.5781778204687,1209.4518347692951,1212.515380859375,10426200
2022-09-23,TCS.NS,2658.2701707162742,2674.6410089846663,2636.1474162995273,2638.846435546875,2652374
2022-09-26,INFY.NS,1207.6758979917586,1242.7073356441301,1203.2359130726713,1225.6578369140625,9414587
2022-09-26,TCS.NS,2619.2021530555862,2677.6062398836839,2589.3364268366727,2649.775634765625,2925489
2022-09-27,INFY.NS,1237.3794973619085,1248.967902705002,1223.6599857287542,1237.4683837890625,8561254
2022-09-27,TCS.NS,2663.0483056546695,2676.8529893057753,2633.4923954294177,2670.171875,2227447
2022-09-28,INFY.NS,1224.5481116517592,1248.3908142635471,1222.7721172911329,1238.4896240234375,7022098
2022-09-28,TCS.NS,2637.033379866949,2698.9328282428878,2637.033379866949,2686.278564453125,2739767
2022-09-29,INFY.NS,1247.5470517617227,1251.9425937102772,1236.9798654027875,1241.9970703125,6119965
2022-09-29,TCS.NS,2702.5161697852909,2704.1533403261219,2645.8819082049836,2652.341796875,2493902
2022-09-30,INFY.NS,1233.3835962258331,1260.3343964051253,1221.884076510353,1255.1395263671875,8120130
2022-09-30,TCS.NS,2646.6343391661771,2672.1638744157713,2610.5742405990381,2658.757568359375,2817353
2022-10-03,INFY.NS,1253.8519436659194,1253.8519436659194,1230.7640183576234,1237.64599609375,4943169
2022-10-03,TCS.NS,2650.3064780958839,2673.0486307094293,2631.7233608871984,2641.4130859375,1763331
2022-10-04,INFY.NS,1260.6894635130921,1271.8338706895042,1255.6279233059583,1269.3031005859375,6631341
2022-10-04,TCS.NS,2681.233674530913,2741.4518581351913,2675.083591718103,2735.39013671875,2145875
2022-10-06,INFY.NS,1283.1559958991959,1296.2983982475762,1282.3567767134796,1292.169189453125,6180672
2022-10-06,TCS.NS,2752.955991328854,2764.4598254295529,2736.54086176896,2744.947509765625,1790816
2022-10-07,INFY.NS,1284.3547342638644,1294.566702109372,1278.8491949585682,1288.6614990234375,3994466
2022-10-07,TCS.NS,2740.9207137531371,2747.6461175593427,2706.143916403556,2712.1611328125,1939879
2022-10-10,INFY.NS,1266.5946414154234,1300.9157509967636,1266.5946414154234,1298.8289794921875,5274677
2022-10-10,TCS.NS,2663.5799099719961,2767.1144114559575,2659.1553586265277,2759.636962890625,3064063
2022-10-11,INFY.NS,1298.8291135384261,1313.9250657905709,1261.0447896892608,1264.3304443359375,12824774
2022-10-11,TCS.NS,2743.2223348721218,2783.0433042492978,2701.9413497014839,2716.27685546875,4730645
2022-10-12,INFY.NS,1276.0518156752744,1279.6925820570834,1255.2283273173289,1268.681396484375,5481467
2022-10-12,TCS.NS,2729.8598268537053,2751.9825853975053,2709.6397551702103,2743.8857421875,1665247
2022-10-13,INFY.NS,1270.7236882341983,1276.8952239338298,1256.5157364440186,1260.866943359375,4821514
2022-10-13,TCS.NS,2743.8855254420205,2752.0709454566427,2701.0559547014504,2746.14208984375,2054781
2022-10-14,INFY.NS,1318.6756068697537,1326.6675802447219,1302.913659380233,1309.129638671875,14990688
2022-10-14,TCS.NS,2783.0427033213336,2787.4672545189828,2717.5593455961257,2742.469482421875,2245977
2022-10-17,INFY.NS,1311.4831124808618,1327.5558404413687,1310.2398946964811,1323.0714111328125,4286396
2022-10-17,TCS.NS,2726.0562272670231,2775.5176496549793,2724.9916301054623,2760.745849609375,1517005
2022-10-18,INFY.NS,1340.8755527341007,1341.7191065769207,1329.5535902855181,1335.2811279296875,4692004
2022-10-18,TCS.NS,2794.6814538133085,2799.4280629231534,2775.6510472338673,2789.979248046875,1793722
2022-10-19,INFY.NS,1335.5475842083438,1336.391138059882,1315.3900942154946,1319.0751953125,3553171
2022-10-19,TCS.NS,2802.6661968962776,2802.6661968962776,2760.9677761130788,2769.706787109375,1194289
2022-10-20,INFY.NS,1309.7956544303293,1335.5475689920102,1309.0852134280171,1332.7947998046875,4583939
2022-10-20,TCS.NS,2754.7575733042404,2803.5536011727536,2754.7575733042404,2801.158203125,1587601
2022-10-21,INFY.NS,1332.2621411983666,1337.3236814941895,1324.3145018239411,1332.439697265625,3594485
2022-10-21,TCS.NS,2801.6019509384701,2803.9085424163673,2774.2761305725171,2783.5029296875,1021913
2022-10-24,INFY.NS,1348.4236553667549,1351.3540892842454,1341.7636768252662,1347.846435546875,982837
2022-10-24,TCS.NS,2812.5143817126964,2819.5231789971572,2799.1175675695504,2805.061767578125,260949
2022-10-25,INFY.NS,1356.9484274924105,1361.2108571850185,1350.6881126041244,1355.35009765625,3914341
2022-10-25,TCS.NS,2821.7411503755184,2825.0681522035038,2795.7017294278116,2805.416748046875,2069643
2022-10-27,INFY.NS,1374.2018346729999,1377.8823898027329,1357.7738493894442,1368.052490234375,6760137
2022-10-27,TCS.NS,2804.1743868029735,2815.9741959728472,2780.7967851748499,2801.24658203125,2438421
2022-10-28,INFY.NS,1369.8925944198641,1371.6430686464905,1352.8362646072969,1358.4468994140625,3053981
2022-10-28,TCS.NS,2794.6811187317239,2819.9663288535821,2790.245116955959,2806.4365234375,1355739
2022-10-31,INFY.NS,1373.70805956196,1388.2059642832278,1373.70805956196,1380.35107421875,4542336
2022-10-31,TCS.NS,2838.1545653376957,2838.1545653376957,2819.3459569590173,2832.96435546875,1919414
2022-11-01,INFY.NS,1394.1756124417263,1413.8801201240165,1388.8342217938466,1412.084716796875,4542692
2022-11-01,TCS.NS,2851.9054248471602,2894.5798468230623,2842.1018180038704,2892.0068359375,2991060
2022-11-02,INFY.NS,1411.1871250678016,1411.8604013679294,1386.9491782632019,1394.400146484375,2938906
2022-11-02,TCS.NS,2901.1454132070917,2901.1454132070917,2858.6041958047094,2876.03759765625,1405955
2022-11-03,INFY.NS,1381.3384738631173,1385.9616594777258,1365.9877968987141,1374.1568603515625,3174027
2022-11-03,TCS.NS,2863.9271963486717,2863.9271963486717,2834.6051808136644,2845.02978515625,1422652
2022-11-04,INFY.NS,1364.9104934069014,1364.9104934069014,1347.5849165055247,1359.120361328125,4509682
2022-11-04,TCS.NS,2854.1239662115554,2856.8299710167985,2809.0097348143217,2854.478759765625,1464013
2022-11-07,INFY.NS,1365.7633606565107,1371.5984215884221,1338.5629558638961,1353.2403564453125,4898592
2022-11-07,TCS.NS,2864.7706303436671,2877.0140414864732,2834.6946177682898,2868.9404296875,1474498
2022-11-09,INFY.NS,1372.5859461620792,1372.5859461620792,1347.5400459604302,1356.6068115234375,3334755
2022-11-09,TCS.NS,2883.2240205779558,2883.2240205779558,2840.5051896184455,2853.281005859375,1162267
2022-11-10,INFY.NS,1333.0869790524589,1357.3249241261401,1333.0869790524589,1348.302978515625,3435763
2022-11-10,TCS.NS,2812.4253465751312,2861.221369938422,2812.4253465751312,2844.053955078125,1573092
2022-11-11,INFY.NS,1388.4303838615199,1412.5336530698069,1388.4303838615199,1409.4814453125,7214098
2022-11-11,TCS.NS,2900.7907417153419,2964.6691755192865,2887.8819315637929,2941.912353515625,3265394
2022-11-14,INFY.NS,1414.0147712100179,1428.602422973989,1408.0001044253945,1423.12646484375,4908813
2022-11-14,TCS.NS,2949.0540316762854,2971.2340409397952,2935.7460261181791,2959.2568359375,1342074
2022-11-15,INFY.NS,1416.4384980942571,1434.3925307337452,1411.8602416877316,1430.9364013671875,3497614
2022-11-15,TCS.NS,2946.3927142420735,2963.2051195621743,2920.663901019243,2956.684326171875,1400708
2022-11-16,INFY.NS,1433.7642672771042,1444.4020103215976,1430.4876342122222,1438.8363037109375,4497697
2022-11-16,TCS.NS,2962.2737860893976,2988.002601660146,2946.7921800404411,2976.868408203125,1748235
2022-11-17,INFY.NS,1433.8091297730527,1438.8363470236297,1421.0168803841925,1425.01171875,3469515
2022-11-17,TCS.NS,2963.2495707673929,2980.9935801731858,2943.5093603034488,2971.234375,1417986
2022-11-18,INFY.NS,1428.8715466578726,1434.5271103879811,1414.3288250414669,1430.397705078125,3126064
2022-11-18,TCS.NS,2972.1215090051523,2983.4333147483808,2946.3926959421224,2966.310302734375,1164540
2022-11-21,INFY.NS,1420.2537091834579,1425.4154934915452,1404.0502607137878,1407.775634765625,3071764
2022-11-21,TCS.NS,2947.7233747305418,2957.6599760443651,2903.806954249229,2913.12255859375,1304194
2022-11-22,INFY.NS,1408.4940645666102,1425.5503980444721,1402.2101522326609,1422.9022216796875,3399329
2022-11-22,TCS.NS,2910.0180165981305,2944.574437224891,2888.0598013814224,2941.025634765625,1149739
2022-11-23,INFY.NS,1426.3581957002846,1429.1410489418556,1417.7402816433105,1421.1964111328125,3245067
2022-11-23,TCS.NS,2954.3772045290029,2954.3772045290029,2919.7763904219064,2935.125,1150011
2022-11-24,INFY.NS,1426.4480659668009,1468.6400477795382,1422.6328335688406,1463.0743408203125,5282215
2022-11-24,TCS.NS,2942.1790606838786,3010.227305024132,2935.1258590641723,2998.87109375,1296591
2022-11-25,INFY.NS,1464.5106951970195,1475.8217156265148,1448.7111659000468,1468.325927734375,4563255
2022-11-25,TCS.NS,3001.3990319508653,3019.4536472052473,2970.3470171361205,3007.298828125,1588981
2022-11-28,INFY.NS,1461.4582630298628,1484.34965474194,1454.2766499437209,1457.328857421875,3825766
2022-11-28,TCS.NS,2986.3167207691354,3031.563943811092,2985.9175238861585,3012.267333984375,2195437
2022-11-29,INFY.NS,1455.354076434166,1471.1087864470599,1449.8332981741007,1462.401123046875,3131710
2022-11-29,TCS.NS,3001.3992017991964,3042.2104235794986,3001.3992017991964,3014.130615234375,1576028
2022-11-30,INFY.NS,1454.2318618548122,1477.3926101335646,1448.12755589009,1467.6973876953125,11868134
2022-11-30,TCS.NS,3001.3996162496505,3029.7012286211943,2994.3020114816941,3008.31982421875,3410702
2022-12-01,INFY.NS,1486.7734674759286,1501.49579683449,1483.272518616262,1487.5814208984375,5407928
2022-12-01,TCS.NS,3038.6622503154272,3087.4582864518793,3034.2262470302949,3083.598876953125,2180856
2022-12-02,INFY.NS,1486.5940827164045,1491.8007966459679,1466.7997154993161,1470.345703125,4283343
2022-12-02,TCS.NS,3068.0281992766704,3077.6097915939044,3028.015369256716,3051.215576171875,2411749
2022-12-05,INFY.NS,1470.4353696971718,1476.5846043633042,1457.2391986740056,1472.00634765625,3824966
2022-12-05,TCS.NS,3045.7591708268942,3051.2153670002604,3022.6919589301569,3039.4599609375,1475065
2022-12-06,INFY.NS,1458.7651217066502,1459.6628233200083,1443.1002723866409,1447.9029541015625,4822398
2022-12-06,TCS.NS,3016.5256889568245,3023.534485303333,2988.0908735176572,3003.48388671875,1166999
2022-12-07,INFY.NS,1443.5042639072717,1457.6879939155688,1433.3601913539392,1441.260009765625,4898087
2022-12-07,TCS.NS,2988.3569238378846,3010.8917256469331,2975.6699157604376,2999.26953125,1167505
2022-12-08,INFY.NS,1441.2600256218434,1457.777758202631,1434.976113956099,1454.411376953125,4206837
2022-12-08,TCS.NS,2980.9938652068045,2999.2702832829777,2962.761850478727,2972.60986328125,1285619
2022-12-09,INFY.NS,1461.4582243868986,1461.4582243868986,1401.4019646254637,1408.76318359375,8880658
2022-12-09,TCS.NS,2993.5031905316173,2993.5031905316173,2906.779344645206,2921.329345703125,1797896
2022-12-12,INFY.NS,1391.4375586504791,1405.7558561467295,1373.5284545512598,1388.9239501953125,8037679
2022-12-12,TCS.NS,2888.2814203889238,2924.2130430354455,2871.0698161816399,2915.740234375,1527610
2022-12-13,INFY.NS,1388.9239336053154,1416.1243371309986,1383.4929044328283,1411.3216552734375,6135067
2022-12-13,TCS.NS,2907.5335278353573,2960.1001591337144,2899.1939295105562,2956.240966796875,1378016
2022-12-14,INFY.NS,1420.1640806140149,1425.9991416279158,1412.0847653639985,1417.830078125,4976020
2022-12-14,TCS.NS,2971.0570230498492,2996.0760333691369,2964.0480092678117,2985.740234375,1213311
2022-12-15,INFY.NS,1408.7632757795202,1409.3916231159728,1378.1964900565588,1382.909423828125,6443866
2022-12-15,TCS.NS,2979.9287510393006,2985.2075501064069,2926.8297203838156,2932.2861328125,1415694
2022-12-16,INFY.NS,1368.9951761294551,1390.9888691230103,1357.3699822373837,1366.4815673828125,9630453
2022-12-16,TCS.NS,2905.5811891805224,2920.6635953533678,2861.3985677773858,2874.7509765625,2703680
2022-12-19,INFY.NS,1353.6891117498556,1361.7236069848582,1342.1088485376711,1353.1505126953125,6222740
2022-12-19,TCS.NS,2862.9959603058865,2879.409169250931,2834.1619445916185,2840.8603515625,2120965
2022-12-20,INFY.NS,1347.4501487795155,1360.9156732509964,1330.7977396833635,1353.105712890625,7396259
2022-12-20,TCS.NS,2838.0657516058345,2882.5145857835259,2806.7919322309904,2878.0341796875,1529971
2022-12-21,INFY.NS,1360.0180406581342,1365.4042507201466,1348.6620925275131,1355.1256103515625,6236361
2022-12-21,TCS.NS,2882.5145610828099,2912.7237828595571,2874.5297562044643,2899.859375,1432566
2022-12-22,INFY.NS,1365.8531440573202,1373.4386796309227,1357.100552434212,1366.346923828125,6302640
2022-12-22,TCS.NS,2922.437850193357,2922.437850193357,2879.0538412437108,2892.0068359375,1384101
2022-12-23,INFY.NS,1354.3625367517841,1355.4398445619386,1340.2686636264464,1343.94921875,6283822
2022-12-23,TCS.NS,2854.1240352462114,2898.3510672263396,2854.1240352462114,2864.19384765625,1360281
2022-12-26,INFY.NS,1347.0014980506858,1355.439916556154,1343.2760138103065,1348.7071533203125,4115459
2022-12-26,TCS.NS,2864.1935243545195,2902.9197355304514,2861.2657196872278,2885.97412109375,870157
2022-12-27,INFY.NS,1355.484662525693,1365.8082322618604,1344.3083199922382,1359.8834228515625,4860076
2022-12-27,TCS.NS,2900.4358797986224,2904.5170888075672,2866.9884637094456,2891.830078125,835883
2022-12-28,INFY.NS,1351.1307473515324,1368.9501033965662,1345.2059383085596,1355.6641845703125,5029860
2022-12-28,TCS.NS,2883.2243205566224,2897.6857324900911,2862.1089046600569,2889.700927734375,910795
2022-12-29,INFY.NS,1350.1434701575076,1365.673754704515,1347.4503648313955,1362.307373046875,4624745
2022-12-29,TCS.NS,2866.6333677338184,2902.4761781115558,2863.8829597872846,2900.036376953125,1037927
2022-12-30,INFY.NS,1371.6879869113943,1373.8424925770119,1350.1880783318293,1353.9134521484375,5060544
2022-12-30,TCS.NS,2915.3846306602941,2926.873831388612,2880.029611561064,2889.34521484375,1163131
2023-01-02,INFY.NS,1359.1202737002234,1370.3415441237721,1350.1881862761663,1368.0972900390625,3801140
2023-01-02,TCS.NS,2893.1606175778406,2898.3508267615412,2870.2708030420799,2893.559814453125,709547
2023-01-03,INFY.NS,1364.3717941574034,1375.8624188015881,1360.1077114345351,1366.795654296875,4551130
2023-01-03,TCS.NS,2885.1761052075121,2945.5057408637581,2879.2319050146616,2937.83154296875,1245178
2023-01-04,INFY.NS,1365.4042617792377,1365.4042617792377,1338.5629595029297,1341.884521484375,7059590
2023-01-04,TCS.NS,2933.7060761454604,2952.0268978435511,2915.518464493648,2940.75927734375,1231668
2023-01-05,INFY.NS,1351.8488104729133,1351.8488104729133,1318.9480261547569,1324.289306640625,9868404
2023-01-05,TCS.NS,2954.5550184812828,2960.8542285796434,2911.7475949836166,2937.609619140625,1826057
2023-01-06,INFY.NS,1319.6215095559523,1324.1100180918568,1298.5255194372007,1300.3209228515625,6443714
2023-01-06,TCS.NS,2927.7616595191807,2929.1368636189891,2839.041609230721,2849.288818359375,2488376
2023-01-09,INFY.NS,1300.0515746789345,1336.9920220213673,1300.0515746789345,1332.59326171875,11498717
2023-01-09,TCS.NS,2864.770578993368,2951.7162329857342,2857.8059680277906,2945.46142578125,2885060
2023-01-10,INFY.NS,1330.3938176401173,1332.0994726561996,1305.3031008773605,1319.39697265625,7158624
2023-01-10,TCS.NS,2914.4535626153415,2925.9871687992077,2865.7463431410715,2915.695556640625,3864655
2023-01-11,INFY.NS,1319.6212812632753,1341.1661185083899,1314.2350719519966,1320.743408203125,6173092
2023-01-11,TCS.NS,2918.9783133774681,2971.6779339396694,2902.1656914177715,2953.22412109375,2720512
2023-01-12,INFY.NS,1330.3488381302957,1333.0868718348268,1306.1558239189717,1329.136962890625,6591385
2023-01-12,TCS.NS,2953.4904512524913,2972.1216616689235,2941.5576479013512,2958.237060546875,2250391
2023-01-13,INFY.NS,1331.7403914839063,1363.9679024832087,1317.8260159746374,1349.8291015625,11610426
2023-01-13,TCS.NS,2965.8225611920748,2997.8505869235892,2932.1977477900155,2993.902587890625,1742837
2023-01-16,INFY.NS,1355.5295931085607,1371.6882240197885,1348.617333718516,1369.4439697265625,6073063
2023-01-16,TCS.NS,3009.7354078189292,3042.400609712653,2992.5408527937761,3025.2060546875,1843607
2023-01-17,INFY.NS,1370.7903268138245,1384.4353471376285,1368.0972220460174,1382.0115966796875,5922644
2023-01-17,TCS.NS,3021.5315322541833,3068.533178172047,3013.3652308156584,3065.447998046875,1688475
2023-01-18,INFY.NS,1386.7246995181722,1393.0983596644714,1382.1015138518171,1387.3082275390625,5843098
2023-01-18,TCS.NS,3066.9002076995762,3093.1684358835751,3059.8681140280755,3075.973876953125,2421189
2023-01-19,INFY.NS,1382.3707240663339,1391.0335664749514,1370.0273269921345,1381.4730224609375,6165284
2023-01-19,TCS.NS,3066.9001473485728,3073.2517157010698,3049.6601761060806,3060.639404296875,1585044
2023-01-20,INFY.NS,1380.665111024728,1386.9490224533192,1368.0972881675459,1369.48876953125,6496429
2023-01-20,TCS.NS,3053.2893380290952,3080.1926755327436,3044.7601785626211,3051.5654296875,1529349
2023-01-23,INFY.NS,1377.9719689342094,1394.3999522014951,1371.7778059195255,1389.64208984375,4855020
2023-01-23,TCS.NS,3074.1588154507299,3102.2871871387383,3044.7602188126598,3098.56689453125,1067916
2023-01-24,INFY.NS,1400.4146725068069,1408.3144914155778,1391.2132299470666,1393.143310546875,5200802
2023-01-24,TCS.NS,3107.7313298640829,3132.1848211327379,3100.7446497194815,3117.984619140625,1387863
2023-01-25,INFY.NS,1388.744493228618,1396.8238083152746,1381.3384543991831,1385.1536865234375,4158617
2023-01-25,TCS.NS,3108.0035218398821,3116.8049354311311,3089.583931628239,3112.041259765625,874110
2023-01-27,INFY.NS,1387.8466742580101,1392.2902533470308,1353.1954143981241,1363.743408203125,6209955
2023-01-27,TCS.NS,3108.6393109595201,3126.7866507783147,3068.9874177604829,3095.07421875,1785879
2023-01-30,INFY.NS,1372.4064058316869,1386.051427868807,1364.5065870211054,1381.3834228515625,6964719
2023-01-30,TCS.NS,3103.1938797929215,3138.0820824697926,3071.9351436421243,3115.579345703125,1953798
2023-01-31,INFY.NS,1390.4501781904221,1390.4501781904221,1358.2226654027863,1376.8499755859375,9448126
2023-01-31,TCS.NS,3129.5082689944597,3129.5082689944597,3040.5863175994305,3047.572998046875,2820375
2023-02-01,INFY.NS,1384.4354819888624,1395.9710362007636,1371.7330909295972,1392.425048828125,6194199
2023-02-01,TCS.NS,3051.4746055363516,3102.2871472877746,3044.2156710004338,3092.623779296875,2205161
2023-02-02,INFY.NS,1393.233077644041,1424.6077091096986,1393.233077644041,1421.735107421875,6916834
2023-02-02,TCS.NS,3109.5465712154214,3147.6559835267867,3103.2858278028948,3139.8525390625,1813847
2023-02-03,INFY.NS,1434.0784025458154,1440.4969913344742,1412.0847118651441,1435.7840576171875,7040194
2023-02-03,TCS.NS,3179.4134491945561,3179.4134491945561,3133.0469144504245,3159.7236328125,1804469
2023-02-06,INFY.NS,1434.5272821728975,1434.5272821728975,1401.8509191605494,1409.2569580078125,4570612
2023-02-06,TCS.NS,3151.421045615969,3151.421045615969,3118.4838066080183,3139.44384765625,1138714
2023-02-07,INFY.NS,1408.4939008206854,1414.8227413400621,1396.0158258630909,1402.569091796875,4336238
2023-02-07,TCS.NS,3147.5651749297117,3169.4328073868965,3140.7599226951279,3150.877197265625,1455647
2023-02-08,INFY.NS,1405.3518929839772,1439.0157038986365,1405.3518929839772,1427.79443359375,7983338
2023-02-08,TCS.NS,3155.867395499648,3211.9879036539678,3155.867395499648,3194.022216796875,1986946
2023-02-09,INFY.NS,1432.9112588662606,1454.0521755088755,1423.7996752366064,1451.58349609375,6904911
2023-02-09,TCS.NS,3189.3945752566206,3218.9748240809963,3180.5931608475644,3212.85009765625,1655427
2023-02-10,INFY.NS,1447.9477241027244,1450.9551120711883,1433.1356479869482,1443.9979248046875,4786762
2023-02-10,TCS.NS,3193.9313800289237,3214.2111181684145,3183.1789940173599,3209.855712890625,1187821
2023-02-13,INFY.NS,1433.6296691341104,1433.6296691341104,1405.8009153813505,1407.1025390625,4001199
2023-02-13,TCS.NS,3220.2451782155104,3220.2451782155104,3151.6481508979105,3159.814453125,1087939
2023-02-14,INFY.NS,1422.5877904936112,1432.7318631825669,1416.7079103135172,1430.26318359375,5043736
2023-02-14,TCS.NS,3180.3212537169347,3198.3325768166574,3171.2475839488407,3175.875244140625,1579818
2023-02-15,INFY.NS,1421.9593883192538,1435.4249128298529,1414.7777752469344,1433.6744384765625,3465747
2023-02-15,TCS.NS,3163.9884321589793,3199.375741838991,3139.6255418846135,3194.521240234375,1429449
2023-02-16,INFY.NS,1436.3225698383455,1449.2943142141119,1434.3924894685822,1437.9384765625,4290289
2023-02-16,TCS.NS,3200.4641880938239,3243.8363661901417,3200.282759035701,3228.45654296875,1618931
2023-02-17,INFY.NS,1430.9364201598676,1431.8341218036317,1414.3289397502331,1421.7799072265625,2857734
2023-02-17,TCS.NS,3199.5115640731206,3211.0804915355684,3166.7103407014015,3176.827392578125,1061369
2023-02-20,INFY.NS,1422.8121596263827,1439.0157179378093,1420.6128344582553,1429.544921875,2417716
2023-02-20,TCS.NS,3177.5992369354171,3195.7465769521814,3153.1457405678566,3164.260986328125,1296082
2023-02-21,INFY.NS,1435.1556281819492,1437.80391388057,1414.7778439330089,1417.9197998046875,2723288
2023-02-21,TCS.NS,3170.3400197632932,3183.859698266715,3125.6521989352045,3131.3232421875,1139541
2023-02-22,INFY.NS,1403.1075935891906,1413.8800127338295,1396.1953351377999,1402.0303955078125,3656244
2023-02-22,TCS.NS,3098.6124850134906,3127.6936378456253,3080.5105600481284,3086.453857421875,1218430
2023-02-23,INFY.NS,1409.256926645148,1409.256926645148,1389.7768444892642,1392.06591796875,4766854
2023-02-23,TCS.NS,3104.1020890121345,3132.5933203655431,3092.3063196005128,3097.569091796875,1441570
2023-02-24,INFY.NS,1400.4146068720393,1408.4939219116857,1386.9490818059621,1392.0211181640625,2790986
2023-02-24,TCS.NS,3105.4628040665289,3115.8521093908926,3068.986703821226,3085.455322265625,977592
2023-02-27,INFY.NS,1382.4605194389667,1382.4605194389667,1348.3478572709923,1354.901123046875,4920268
2023-02-27,TCS.NS,3075.973248252506,3075.973248252506,3008.8281095000916,3023.2099609375,1128022
2023-02-28,INFY.NS,1360.556563512157,1368.0972790929927,1329.7654634659286,1335.3760986328125,9679811
2023-02-28,TCS.NS,3020.170662055617,3077.7884589733071,2994.2198806605948,3005.970458984375,4116217
2023-03-01,INFY.NS,1339.7299588712954,1347.3154939495362,1329.9449890099597,1343.006591796875,5125043
2023-03-01,TCS.NS,3015.1799224204337,3075.0661321344719,3007.9209879096416,3072.07177734375,1669307
2023-03-02,INFY.NS,1333.0869580251103,1336.3186620674148,1317.1976825605259,1321.551513671875,4644499
2023-03-02,TCS.NS,3049.6598390301442,3057.7353150042663,3010.6430663201481,3013.7734375,1556538
2023-03-03,INFY.NS,1334.6580489083317,1337.3960830216799,1322.3146501038996,1327.97021484375,4615015
2023-03-03,TCS.NS,3043.3085385632116,3046.9380061106931,3022.5299254639276,3032.55615234375,1043190
2023-03-06,INFY.NS,1341.6600924158531,1364.8656589746784,1340.4032881447426,1353.2403564453125,6561742
2023-03-06,TCS.NS,3050.4771360465152,3089.5393310762752,3047.8458602639703,3059.505615234375,1334132
2023-03-08,INFY.NS,1338.0691747181111,1342.9616046452634,1329.5858287787105,1339.9991455078125,4137080
2023-03-08,TCS.NS,3052.3820299705958,3081.4177686623493,3022.3029080296496,3076.33642578125,1844590
2023-03-09,INFY.NS,1342.0639414577045,1345.0712200119858,1323.7508062262864,1328.95751953125,5104656
2023-03-09,TCS.NS,3071.4371895334839,3071.4371895334839,3022.303356780692,3027.74755859375,1648500
2023-03-10,INFY.NS,1310.6444413069564,1323.4816190514771,1308.5348642940003,1321.012939453125,3699580
2023-03-10,TCS.NS,3006.0155363166627,3028.1100076327843,2985.2369241476845,3022.43896484375,1024404
2023-03-13,INFY.NS,1314.4147222773474,1327.0724033065608,1281.9179661287412,1288.2916259765625,8798403
2023-03-13,TCS.NS,3024.2539875608381,3057.6451349988492,2968.9046046501835,2977.932861328125,1901233
2023-03-14,INFY.NS,1293.5880625550176,1300.1861476889799,1266.657013369278,1274.736328125,7402784
2023-03-14,TCS.NS,2976.1631720094301,2998.3028338253125,2912.1029858555275,2917.138916015625,2670334
2023-03-15,INFY.NS,1290.8950455008883,1295.2488768323813,1271.9086326160925,1274.4222412109375,7556182
2023-03-15,TCS.NS,2948.9422175317536,2958.3335528960897,2896.3149410342639,2902.57568359375,1780522
2023-03-16,INFY.NS,1272.7614692311392,1272.7614692311392,1255.6152796993219,1260.462890625,7323117
2023-03-16,TCS.NS,2910.8335538903061,2921.5405295968058,2878.1683394451529,2889.964111328125,1901060
2023-03-17,INFY.NS,1283.7134156369266,1295.2937893448818,1267.016186133299,1275.36474609375,9090018
2023-03-17,TCS.NS,2858.6592940187047,2922.9915158184126,2852.7614094254268,2884.79150390625,6739966
2023-03-20,INFY.NS,1274.4670058884406,1274.4670058884406,1243.1821248798633,1260.0589599609375,8221829
2023-03-20,TCS.NS,2876.0352039233617,2876.0352039233617,2808.3457708538554,2852.126220703125,2289468
2023-03-21,INFY.NS,1255.8846837960104,1261.2708940195814,1247.8053684606537,1248.4337158203125,8536755
2023-03-21,TCS.NS,2852.1265646681036,2864.3306057825034,2810.5237015985185,2818.37255859375,1815297
2023-03-22,INFY.NS,1259.4756016658325,1263.2908342439364,1240.7585414050936,1247.1322021484375,8356487
2023-03-22,TCS.NS,2840.1041427139435,2852.3081846451082,2818.3727472154897,2840.78466796875,1123939
2023-03-23,INFY.NS,1242.3742213827816,1242.3742213827816,1229.8513265260631,1233.9359130859375,7607718
2023-03-23,TCS.NS,2826.357030265614,2854.8938961077001,2813.7447191349406,2835.203857421875,1372218
2023-03-24,INFY.NS,1246.0099507660507,1255.8397404782686,1236.584082982878,1239.411865234375,7559127
2023-03-24,TCS.NS,2857.2073621424779,2876.35289113198,2818.2814132037633,2831.438232421875,1329577
2023-03-27,INFY.NS,1244.4389202610448,1252.9670859905164,1233.5318232273341,1246.8626708984375,4170193
2023-03-27,TCS.NS,2844.5950477838628,2860.7008092186838,2818.2814093833103,2833.071533203125,1524217
2023-03-28,INFY.NS,1249.6905026499728,1254.9869645456447,1235.1028501650894,1236.673828125,6633366
2023-03-28,TCS.NS,2837.3362653871909,2857.7974330642905,2822.0470446787185,2827.264404296875,1303530
2023-03-29,INFY.NS,1237.9306721291487,1247.7156427956638,1224.9589261056296,1242.0152587890625,8813966
2023-03-29,TCS.NS,2839.1511890004258,2858.2058949668713,2816.5578405359793,2848.134033203125,1740616
2023-03-31,INFY.NS,1260.3730158390927,1283.6683279611534,1251.3062518154823,1281.8729248046875,8711975
2023-03-31,TCS.NS,2894.4552752405539,2915.3701285913439,2860.020742396488,2908.927734375,2382581
2023-04-03,INFY.NS,1288.2018554237902,1288.2018554237902,1261.4054833442367,1266.5223388671875,5242764
2023-04-03,TCS.NS,2926.2129796817899,2926.2129796817899,2879.7558364868164,2903.57421875,1521830
2023-04-05,INFY.NS,1256.7824202977913,1281.469217839355,1256.7824202977913,1277.92333984375,7506334
2023-04-05,TCS.NS,2890.4174301241856,2961.9634030115249,2890.4174301241856,2939.6875,2655065
2023-04-06,INFY.NS,1271.1455548730469,1282.277077411361,1266.073518560293,1276.4420166015625,6948465
2023-04-06,TCS.NS,2926.2581671737548,2955.611574142893,2917.1844984383324,2922.3564453125,1703464
2023-04-10,INFY.NS,1278.2823267500144,1287.3042729141996,1270.2479401489488,1281.5589599609375,4993788
2023-04-10,TCS.NS,2921.7214390846152,2968.9045182251125,2917.1846045518755,2961.10107421875,2203187
2023-04-11,INFY.NS,1282.7259356078043,1286.7206641982061,1246.9076171300719,1262.30322265625,6942255
2023-04-11,TCS.NS,2961.6457238357684,2969.7666137305973,2896.4513198894401,2916.095947265625,2348779
2023-04-12,INFY.NS,1268.4974270475386,1285.059979527605,1256.7823760661174,1282.1873779296875,5831169
2023-04-12,TCS.NS,2928.9345977455678,2958.8777019410077,2902.6663733700425,2941.365478515625,2417727
2023-04-13,INFY.NS,1265.534971977077,1266.7020280205386,1241.5214514944475,1247.087158203125,11267238
2023-04-13,TCS.NS,2912.6477525986616,2930.7950906210835,2885.4267455650293,2893.45703125,4174070
2023-04-17,INFY.NS,1122.3963899019734,1132.1364306542671,1064.0457840517952,1129.5780029296875,53171705
2023-04-17,TCS.NS,2843.7790177227262,2870.3646937373487,2785.8435458690424,2848.6787109375,5505048
2023-04-18,INFY.NS,1140.0362461201344,1140.0362461201344,1124.9099941788811,1130.5206298828125,12430884
2023-04-18,TCS.NS,2862.6972490540993,2864.4213791347051,2822.4556586580384,2840.739013671875,2617302
2023-04-19,INFY.NS,1126.0321873055573,1126.0321873055573,1103.6345720960464,1106.1480712890625,11307230
2023-04-19,TCS.NS,2840.7391858373471,2849.132330441354,2786.9776920224904,2803.401123046875,3298034
2023-04-20,INFY.NS,1104.8014477315951,1111.2200368576048,1096.4528876003903,1098.248291015625,8621249
2023-04-20,TCS.NS,2803.7637963080256,2824.6332355685709,2792.8753932155673,2817.19287109375,2419999
2023-04-21,INFY.NS,1102.4675878912869,1107.0907742004015,1095.1962250350616,1101.7943115234375,8691352
2023-04-21,TCS.NS,2821.9108451311909,2871.3169247867468,2813.5631145888788,2868.050537109375,1929184
2023-04-24,INFY.NS,1102.3776114514949,1104.1730147274745,1093.4005950715969,1100.8515625,8313774
2023-04-24,TCS.NS,2859.2034601006571,2886.2882247258281,2836.5644824240208,2880.7080078125,1640676
2023-04-25,INFY.NS,1100.5372475055619,1109.1103417340839,1090.7074586862907,1099.5947265625,6808576
2023-04-25,TCS.NS,2888.148931777147,2895.5892962816001,2855.9374058336693,2881.79736328125,2024090
2023-04-26,INFY.NS,1102.3777989258251,1106.8663078791062,1095.6899644185316,1101.973876953125,5680192
2023-04-26,TCS.NS,2886.3340104775543,2911.1957740797325,2886.3340104775543,2901.895263671875,2000029
2023-04-27,INFY.NS,1104.1729691026203,1120.1521014316629,1100.0435636550399,1118.7606201171875,8020704
2023-04-27,TCS.NS,2889.9634487870621,2902.8480138926443,2876.942645737427,2892.64013671875,2434446
2023-04-28,INFY.NS,1127.2440014255426,1130.2064609226888,1117.5937079744554,1124.5958251953125,10118277
2023-04-28,TCS.NS,2903.9370602309041,2928.2999511301641,2900.1715760476527,2921.041015625,2931312
2023-05-02,INFY.NS,1126.2116409241175,1148.8336785120121,1126.2116409241175,1146.7689208984375,8886401
2023-05-02,TCS.NS,2935.3317693287354,2935.3317693287354,2912.6475980047112,2921.1767578125,2321159
2023-05-03,INFY.NS,1136.4904547779106,1142.3255163545746,1132.9893959153651,1139.3182373046875,5549783
2023-05-03,TCS.NS,2918.091971436183,2918.091971436183,2879.2112108808474,2885.3359375,2468285
2023-05-04,INFY.NS,1139.1384292092687,1145.2877729850925,1133.3482975814445,1143.2679443359375,4505401
2023-05-04,TCS.NS,2885.5626742853387,2925.7590710882832,2883.6119241172692,2922.3564453125,1953253
2023-05-05,INFY.NS,1148.1604275980321,1148.1604275980321,1125.9423114267645,1130.296142578125,5373791
2023-05-05,TCS.NS,2921.7216376669535,2943.4984449042227,2912.6933806381967,2931.430419921875,1710027
2023-05-08,INFY.NS,1133.3035651406553,1140.3506117600259,1126.7952272539592,1136.13134765625,5260842
2023-05-08,TCS.NS,2944.4057170783822,2953.3433700376554,2931.9748343190095,2949.487060546875,928235
2023-05-09,INFY.NS,1136.4904402427994,1141.876650860064,1131.7325770311218,1140.7095947265625,4969897
2023-05-09,TCS.NS,2951.3013566020491,2992.4957209117774,2945.3126470829684,2979.112060546875,1107375
2023-05-10,INFY.NS,1145.8265283700148,1145.8265283700148,1130.3411732804484,1134.021728515625,6515734
2023-05-10,TCS.NS,2985.2375145522087,3000.2090704762545,2963.5061185917298,2982.333984375,1559987
2023-05-11,INFY.NS,1140.305527683217,1145.3775639523772,1124.8651030446258,1127.60302734375,6888461
2023-05-11,TCS.NS,3002.4771483059035,3003.1122608469991,2968.9045721537977,2978.1142578125,1719623
2023-05-12,INFY.NS,1125.1344060204995,1127.5133374467855,1112.2973374345554,1117.818115234375,8292212
2023-05-12,TCS.NS,2975.392051583769,2985.2370709597481,2958.0160642336714,2970.991455078125,1027479
2023-05-15,INFY.NS,1122.0373891886634,1139.0937216777986,1118.2221569213568,1129.6229248046875,5534710
2023-05-15,TCS.NS,2979.793131841036,2987.0520676067877,2947.4455879449611,2953.52490234375,1150390
2023-05-16,INFY.NS,1135.5925807167341,1143.6269666049225,1133.5727520158546,1134.9642333984375,5236469
2023-05-16,TCS.NS,2954.5678371838712,2980.7000462781807,2949.3504778943434,2956.337158203125,986306
2023-05-17,INFY.NS,1131.6425839600431,1131.9567575948706,1115.3492784510368,1119.3441162109375,10465667
2023-05-17,TCS.NS,2954.3411019811479,2976.1633194055926,2901.9860781368707,2911.468017578125,1588815
2023-05-18,INFY.NS,1129.8471504412532,1130.7897809031113,1115.3492484726071,1118.5361328125,6948732
2023-05-18,TCS.NS,2927.1198847100572,2929.8419851105737,2899.0369265497516,2903.437744140625,1369364
2023-05-19,INFY.NS,1127.558062988569,1143.0434145513507,1124.6405329839868,1139.093505859375,11094136
2023-05-19,TCS.NS,2912.6481066214651,2934.8785984009746,2906.3419501972057,2924.307861328125,1152449
2023-05-22,INFY.NS,1142.7293613064382,1163.0623271928262,1140.3056104941186,1160.548828125,7625947
2023-05-22,TCS.NS,2930.7950427321962,3001.9779306569994,2919.0446858597024,2993.131103515625,1333243
2023-05-23,INFY.NS,1166.2939948016151,1179.714700851119,1164.3640238293533,1167.05712890625,7436031
2023-05-23,TCS.NS,2999.7546777174225,3019.6713349175138,2985.3276340299108,2991.6337890625,1687418
2023-05-24,INFY.NS,1163.6907159656682,1171.5006766435361,1159.202207626038,1165.80029296875,4824077
2023-05-24,TCS.NS,2972.5340122132757,3009.9174847895656,2972.5340122132757,2997.3505859375,1016555
2023-05-25,INFY.NS,1162.0747750049484,1173.2960455245018,1157.3618413867359,1170.9171142578125,4334121
2023-05-25,TCS.NS,2988.8670135956713,2999.7554180167849,2964.458928961737,2988.413330078125,1374917
2023-05-26,INFY.NS,1172.3982408235311,1188.0630892587246,1172.3982408235311,1182.6768798828125,5521606
2023-05-26,TCS.NS,2988.4127490782294,3029.3802741378013,2986.1443319315176,3020.533447265625,1791115
2023-05-29,INFY.NS,1196.3668378156449,1196.3668378156449,1175.8543788695222,1179.93896484375,4419365
2023-05-29,TCS.NS,3049.4783327420469,3059.6407964203936,3005.1987893666496,3012.775390625,1210372
2023-05-30,INFY.NS,1180.4776039676979,1190.7114241239608,1175.2260715243845,1188.4222412109375,6274719
2023-05-30,TCS.NS,3007.9209697599713,3018.7639588150209,2995.5355014357051,3009.009765625,1344224
2023-05-31,INFY.NS,1184.831435207361,1194.9305782104627,1179.7145799188752,1183.4400634765625,17800782
2023-05-31,TCS.NS,3002.477101991778,3019.4448188856791,2962.6889744206101,2984.783447265625,5815424
2023-06-01,INFY.NS,1187.2553678657034,1193.4943505359809,1183.2605297506059,1184.517333984375,4277841
2023-06-01,TCS.NS,3007.0137338649783,3030.6052719097852,2992.0421808750048,3016.08740234375,1177314
2023-06-02,INFY.NS,1190.8856387237479,1194.4337541289267,1179.1041942067427,1181.7879638671875,10909311
2023-06-02,TCS.NS,3018.1293732382414,3026.8853758575733,2991.9971602900687,2999.392333984375,2030661
2023-06-05,INFY.NS,1186.3369863034209,1191.2951754512299,1180.2415876211951,1186.7918701171875,5002553
2023-06-05,TCS.NS,3007.9211331260885,3018.8095354179477,2980.7455400443455,2984.23876953125,1861468
2023-06-06,INFY.NS,1172.3265202842344,1172.3265202842344,1158.1341677763389,1163.5927734375,10008100
2023-06-06,TCS.NS,2976.1636847189334,2984.1939710758684,2922.2661748923115,2932.88232421875,2022849
2023-06-07,INFY.NS,1174.0549594386935,1177.2391456905614,1166.7768194344242,1172.644775390625,5397578
2023-06-07,TCS.NS,2951.6643988850446,2975.1199208523531,2940.7759965528526,2971.53564453125,1567196
2023-06-08,INFY.NS,1170.1430477667195,1175.4197442918237,1165.5032551977433,1167.0499267578125,5034942
2023-06-08,TCS.NS,2958.9233618921558,2967.0896637189048,2933.5170895422689,2936.6474609375,1759366
2023-06-09,INFY.NS,1166.7770362682729,1166.7770362682729,1149.9463343805824,1151.7203369140625,5339073
2023-06-09,TCS.NS,2944.405649991978,2948.9424845836452,2908.4286402901084,2912.0126953125,1775689
2023-06-12,INFY.NS,1158.5888582525467,1178.7856514064415,1158.1339745233547,1175.3740234375,4785588
2023-06-12,TCS.NS,2917.184238315665,2952.9344013353739,2913.5547711451322,2946.129150390625,2324605
2023-06-13,INFY.NS,1182.6069242988215,1188.6113682418479,1180.0141088524708,1187.1102294921875,4846587
2023-06-13,TCS.NS,2958.0157087864509,2962.5525426956328,2938.9610063678879,2943.2255859375,1371928
2023-06-14,INFY.NS,1188.4749628140476,1188.7933592845616,1176.5114958499232,1183.0618896484375,3457981
2023-06-14,TCS.NS,2943.2255410358362,2954.2501801820126,2927.0291771422044,2949.894775390625,1658544
2023-06-15,INFY.NS,1177.1937141878004,1177.1937141878004,1166.9134071805377,1170.68896484375,6161155
2023-06-15,TCS.NS,2966.5776965411455,2968.542954682689,2934.3093897698986,2940.068359375,2273810
2023-06-16,INFY.NS,1170.8708768960637,1184.0625068222432,1165.4578042106698,1175.101318359375,8536287
2023-06-16,TCS.NS,2922.4256636412783,2924.6194503787219,2884.946948530458,2902.2236328125,4156189
2023-06-19,INFY.NS,1177.2392578125,1182.2429795419966,1170.9164175038359,1177.2392578125,4451787
2023-06-19,TCS.NS,2916.0269473340959,2938.788322324805,2902.3152218764121,2934.6748046875,1468186
2023-06-20,INFY.NS,1177.2391786692949,1187.24662145551,1174.6008306327171,1185.791015625,4009180
2023-06-20,TCS.NS,2937.9656824973704,2954.8768104146702,2926.127937589783,2950.489013671875,1528452
2023-06-21,INFY.NS,1182.6524057587176,1186.1551000366512,1178.1491003379751,1182.1065673828125,4041529
2023-06-21,TCS.NS,2970.8744171387889,2981.2952412098439,2947.0616714068838,2978.3701171875,1645987
2023-06-22,INFY.NS,1173.0542504034897,1173.0542504034897,1158.588924773524,1165.91259765625,6676607
2023-06-22,TCS.NS,2980.0155372495947,2987.0084292259189,2952.6835821739442,2960.362060546875,1529603
2023-06-23,INFY.NS,1161.2728742885731,1163.9112226889422,1149.3549402655231,1150.8560791015625,7239467
2023-06-23,TCS.NS,2959.2646792263045,2970.3253373650405,2933.5322068110854,2940.114013671875,1119505
2023-06-26,INFY.NS,1155.6323120512568,1159.0439406048426,1148.3541711369407,1155.7232666015625,3403244
2023-06-26,TCS.NS,2929.7385414678183,2937.8740756056604,2900.4868618026171,2915.706787109375,1978803
2023-06-27,INFY.NS,1164.5026504473749,1166.3221858386987,1159.2259533902843,1163.7293701171875,3240024
2023-06-27,TCS.NS,2926.9961508347442,2933.9890411265674,2908.9881304563214,2922.74560546875,863542
2023-06-28,INFY.NS,1173.6002498508039,1179.6956485866961,1165.7762703962558,1176.64794921875,5662358
2023-06-28,TCS.NS,2932.4811471226985,2953.4600433630071,2919.1349778199851,2939.291259765625,1575872
2023-06-30,INFY.NS,1190.158048597247,1218.0879833361867,1186.7464197569909,1214.9947509765625,12821692
2023-06-30,TCS.NS,2943.4507485426602,3025.721111079567,2938.0575584898529,3018.63671875,2672406
2023-07-03,INFY.NS,1209.9908380904787,1224.5471188494619,1208.5806539697087,1213.35693359375,7732412
2023-07-03,TCS.NS,3029.6513747394556,3033.764892219911,2988.0133920527728,2991.258544921875,1687264
2023-07-04,INFY.NS,1223.0006455219911,1224.5472060405089,1211.2646211133026,1223.77392578125,5797775
2023-07-04,TCS.NS,3007.4385197427887,3030.2913960326273,2995.8293032220745,3024.669677734375,1656681
2023-07-05,INFY.NS,1235.3278393695025,1235.4187939129251,1219.9982784398992,1225.7298583984375,5414936
2023-07-05,TCS.NS,3034.8626449285084,3043.0896822189775,3021.1509161110607,3034.81689453125,1453008
2023-07-06,INFY.NS,1221.4083107867582,1225.8660823610273,1216.4955444406955,1222.636474609375,5963897
2023-07-06,TCS.NS,3022.5672916540912,3042.5863228307389,3018.4080233653217,3037.512939453125,1848238
2023-07-07,INFY.NS,1213.6300129632032,1224.3653153711821,1205.7605007879629,1210.1728515625,6295647
2023-07-07,TCS.NS,3018.4079910488003,3068.5928196200221,3018.4079910488003,3043.317626953125,1789326
2023-07-10,INFY.NS,1215.9498311998555,1220.8170652524432,1200.2563413776161,1209.217529296875,3940315
2023-07-10,TCS.NS,3039.2037923408957,3039.2037923408957,2984.7682004219478,2990.9384765625,1407431
2023-07-11,INFY.NS,1213.1295959174749,1229.0051076173486,1207.2616391546826,1226.91259765625,6126128
2023-07-11,TCS.NS,3012.0091877273148,3012.0091877273148,2980.7464966348984,2991.35009765625,1110172
2023-07-12,INFY.NS,1229.0961295664667,1229.914942685519,1207.2617053550714,1212.9932861328125,8102770
2023-07-12,TCS.NS,2999.1657505618991,3006.6614493921061,2970.9654349670614,2979.923583984375,1515240
2023-07-13,INFY.NS,1214.4487694545699,1252.5680534152623,1210.7641663190607,1241.9237060546875,9977644
2023-07-13,TCS.NS,3001.9539636829727,3078.2368235153599,2991.6701688926455,3053.647216796875,4585146
2023-07-14,INFY.NS,1256.0704385068964,1300.9674394690628,1256.0704385068964,1297.2828369140625,12833381
2023-07-14,TCS.NS,3075.9974367196014,3222.1188306720537,3064.1139399358403,3212.794677734375,6306101
2023-07-17,INFY.NS,1297.2830136298498,1327.3053432456984,1286.68431035238,1294.5537109375,11569884
2023-07-17,TCS.NS,3208.5437794971795,3245.0168802001949,3178.4237336660526,3191.8154296875,2743228
2023-07-18,INFY.NS,1304.6067308473641,1344.5909722136412,1300.0578928736984,1342.089111328125,16743977
2023-07-18,TCS.NS,3177.4638059447752,3221.341326855405,3167.408540736089,3196.523193359375,2600090
2023-07-19,INFY.NS,1351.9145478817393,1363.5596166733535,1328.8973849794104,1341.861572265625,13687062
2023-07-19,TCS.NS,3199.402849087036,3214.8057777866934,3149.7206041471604,3172.025146484375,2405370
2023-07-20,INFY.NS,1338.2681331891117,1338.2681331891117,1310.7021306189188,1318.7081298828125,8347221
2023-07-20,TCS.NS,3164.7392268860317,3188.3845460576213,3149.1129905127177,3174.08740234375,1715404
2023-07-21,INFY.NS,1201.0750391619131,1228.1861557632251,1187.2466172377842,1211.4464111328125,45548305
2023-07-21,TCS.NS,3119.7851016890736,3148.058749845472,3078.5429555507294,3087.0205078125,3770223
2023-07-24,INFY.NS,1219.9982385379619,1228.0951916387085,1213.857307807066,1215.9952392578125,8859789
2023-07-24,TCS.NS,3098.659708565961,3128.3998316778279,3090.5030185917672,3111.261474609375,1680132
2023-07-25,INFY.NS,1216.3592456372851,1221.681363730559,1204.7597090764209,1214.17578125,6801982
2023-07-25,TCS.NS,3113.7818228908627,3122.3052439336921,3097.926465252558,3115.2939453125,1272980
2023-07-26,INFY.NS,1221.8178963579271,1228.1862696077451,1218.5427551834298,1227.1400146484375,5528885
2023-07-26,TCS.NS,3116.3941167600838,3135.1822055035386,3102.3258730046532,3105.350341796875,1066803
2023-07-27,INFY.NS,1236.0101907567564,1240.7410487249037,1225.5024420215238,1231.052001953125,9191861
2023-07-27,TCS.NS,3111.44506274488,3126.750437306845,3102.3718797194615,3113.232177734375,1701769
2023-07-28,INFY.NS,1231.6888321728816,1240.7865080925476,1215.4495028674003,1219.54345703125,6122735
2023-07-28,TCS.NS,3102.3257654879126,3110.2992020252818,3052.8351919764364,3075.197509765625,2599831
2023-07-31,INFY.NS,1227.0489861059361,1235.0094521881804,1212.9475890459607,1233.371826171875,7902180
2023-07-31,TCS.NS,3083.4460131575438,3140.4976478889985,3080.2382907228434,3135.73193359375,2743678
2023-08-01,INFY.NS,1239.1034366209878,1245.4718096432689,1234.55459874793,1242.0146484375,6064652
2023-08-01,TCS.NS,3129.8205341354496,3171.062678801949,3129.8205341354496,3163.776611328125,1956167
2023-08-02,INFY.NS,1245.7446403783597,1248.1554353279967,1226.7758997952656,1234.41796875,7419145
2023-08-02,TCS.NS,3148.1046527985704,3158.5984431218321,3128.5376797292315,3153.32861328125,1914899
2023-08-03,INFY.NS,1228.1860815690566,1243.2427775838651,1227.2763141012276,1241.19580078125,6503741
2023-08-03,TCS.NS,3134.4030555367062,3146.5465761466071,3086.7454652186043,3116.02734375,2026351
2023-08-04,INFY.NS,1245.380890015176,1260.8469392172133,1239.1034713632262,1253.9781494140625,5712345
2023-08-04,TCS.NS,3117.2186686202358,3181.1439908212683,3117.2186686202358,3155.986328125,2248493
2023-08-07,INFY.NS,1262.6666034607047,1269.1259318705693,1252.7501133948201,1267.306396484375,3729093
2023-08-07,TCS.NS,3165.5175051484412,3196.7241025630965,3153.8781014751307,3193.10400390625,1853889
2023-08-08,INFY.NS,1267.1698175564386,1267.8067215289614,1259.4823255274989,1264.7589111328125,4161877
2023-08-08,TCS.NS,3193.1048521210755,3198.5120668673753,3167.9471847371406,3180.778076171875,1634225
2023-08-09,INFY.NS,1259.1183508602219,1270.0355619948482,1257.7536994683937,1268.5799560546875,4090828
2023-08-09,TCS.NS,3175.5534955196863,3177.4782184961641,3139.0314183474447,3173.35400390625,1794589
2023-08-10,INFY.NS,1266.0324754708959,1269.8535657391153,1260.5738702782457,1263.758056640625,3873025
2023-08-10,TCS.NS,3161.8976686170399,3175.5533110759743,3143.6136964143225,3154.657470703125,1096701
2023-08-11,INFY.NS,1266.3966610296404,1270.8090122423607,1243.698000931282,1248.0648193359375,5783517
2023-08-11,TCS.NS,3150.9914313012332,3177.1571005314463,3128.9038832219512,3160.7978515625,1679974
2023-08-14,INFY.NS,1248.0647379072082,1269.1258813755687,1242.3786900515829,1267.8067626953125,4304135
2023-08-14,TCS.NS,3153.3747042088594,3166.4805875708198,3126.1549303050842,3161.7607421875,1190425
2023-08-16,INFY.NS,1283.4999620150966,1291.8242453324951,1278.5871955772961,1290.505126953125,7735313
2023-08-16,TCS.NS,3161.8975037142782,3176.5613761952718,3148.3333769187711,3169.595947265625,1328445
2023-08-17,INFY.NS,1291.8699868845008,1291.8699868845008,1279.1332405349353,1284.1824951171875,5618346
2023-08-17,TCS.NS,3166.4803644355306,3171.7960636329331,3128.1709479820706,3148.837890625,1843241
2023-08-18,INFY.NS,1277.0405538875152,1281.5893912399047,1261.0742014139887,1263.485107421875,5134103
2023-08-18,TCS.NS,3125.2385705777456,3125.2385705777456,3076.206235232904,3085.921142578125,2526749
2023-08-21,INFY.NS,1264.3495172472738,1280.04300828704,1261.9841437074754,1278.58740234375,3032722
2023-08-21,TCS.NS,3093.1607805638891,3125.0088804526581,3090.4113043144994,3117.585205078125,1375579
2023-08-22,INFY.NS,1277.9504163795991,1279.1786914005518,1270.6268543310709,1277.086181640625,2890714
2023-08-22,TCS.NS,3116.0733417327847,3126.1547554854496,3084.0419855146843,3099.7138671875,1222012
2023-08-23,INFY.NS,1288.2310228104463,1288.7768612022073,1278.8149496217914,1280.9073486328125,2559125
2023-08-23,TCS.NS,3105.0751943785403,3117.9060836115095,3094.0772893217095,3114.46923828125,1330046
2023-08-24,INFY.NS,1293.2346518402169,1296.4643712635414,1286.8207457961107,1295.1451416015625,5171963
2023-08-24,TCS.NS,3123.4049113072838,3128.0332409176435,3096.0018884704064,3104.845947265625,1152881
2023-08-25,INFY.NS,1285.50173125637,1294.1445242124462,1284.046125180156,1291.9610595703125,4307172
2023-08-25,TCS.NS,3093.1611130987044,3103.0592734112151,3070.477931602647,3098.93505859375,1158046
2023-08-28,INFY.NS,1291.9608968278883,1296.236871016697,1284.0459634347399,1287.9124755859375,3133464
2023-08-28,TCS.NS,3110.5745195028617,3110.5745195028617,3079.5055234969382,3093.665283203125,1037485
2023-08-29,INFY.NS,1295.5090576919449,1295.8729869417455,1287.5941240229549,1289.7320556640625,3074444
2023-08-29,TCS.NS,3098.705544985246,3106.4957275474662,3083.9958025730525,3094.214599609375,944517
2023-08-30,INFY.NS,1298.238204796241,1307.0174832626406,1295.5089023334597,1305.65283203125,3070887
2023-08-30,TCS.NS,3114.2401225804178,3123.496782192859,3100.5386105821626,3107.77880859375,1188200
2023-08-31,INFY.NS,1305.6529176191962,1314.5231512046951,1299.739428562197,1305.92578125,9792735
2023-08-31,TCS.NS,3116.9898661423113,3132.0202482097011,3064.4289507595408,3076.48095703125,3417652
2023-09-01,INFY.NS,1301.8318473425561,1315.5238935615507,1299.3299865491299,1313.56787109375,3582133
2023-09-01,TCS.NS,3084.9126021777151,3105.9919218004388,3076.4809190792193,3097.01025390625,1277950
2023-09-04,INFY.NS,1312.7946705822039,1337.3583962271932,1305.2435549431641,1332.9005126953125,4609014
2023-09-04,TCS.NS,3095.9101481084085,3146.1798266041815,3088.6240810539457,3133.028076171875,1828332
2023-09-05,INFY.NS,1332.8095304482017,1346.5015772139598,1325.0765058688094,1345.455322265625,5496840
2023-09-05,TCS.NS,3134.4028776179434,3159.1481634938746,3120.7928808850024,3142.97216796875,1501842
2023-09-06,INFY.NS,1348.1845184505673,1349.0942859762029,1331.2628646848657,1344.135986328125,5075786
2023-09-06,TCS.NS,3147.2342700872027,3156.3074535253991,3114.332289030408,3143.4765625,1314818
2023-09-07,INFY.NS,1337.9041224349601,1340.4515159698167,1330.1256765994524,1333.901123046875,4411743
2023-09-07,TCS.NS,3144.3010421288996,3171.0625658531403,3136.5108595249253,3166.709228515625,1885092
2023-09-08,INFY.NS,1331.4449464210497,1341.6798324116455,1328.4426687748935,1336.9945068359375,3125838
2023-09-08,TCS.NS,3166.7093803300918,3175.6451784512751,3148.1962843578217,3154.47412109375,1518917
2023-09-11,INFY.NS,1336.9944325579991,1344.6820353527714,1332.3546400444875,1343.226318359375,4182226
2023-09-11,TCS.NS,3172.8955494880947,3194.6163668180566,3157.3151842826364,3189.988037109375,1783604
2023-09-12,INFY.NS,1348.7304447397828,1368.2904478169532,1343.8176775697427,1365.652099609375,6793161
2023-09-12,TCS.NS,3200.3903604544553,3290.1148460645268,3192.1419316903975,3281.77490234375,4476016
2023-09-13,INFY.NS,1369.2002453382354,1369.2002453382354,1354.3255672096375,1363.1502685546875,4804686
2023-09-13,TCS.NS,3272.8850935254304,3289.1528286270604,3248.9645597339631,3269.906494140625,1754929
2023-09-14,INFY.NS,1369.2001188503721,1376.0689080548871,1363.8780010646331,1370.97412109375,6444213
2023-09-14,TCS.NS,3271.9224888622016,3297.2634045513405,3249.5143029833789,3262.757568359375,2604721
2023-09-15,INFY.NS,1381.0272468920564,1381.3911761511094,1372.8393383136449,1375.2047119140625,8657816
2023-09-15,TCS.NS,3269.9063376433924,3306.1077745876632,3264.9571461891155,3297.8134765625,2952897
2023-09-18,INFY.NS,1369.1092169496771,1369.1092169496771,1353.7341230453653,1357.1912841796875,3991916
2023-09-18,TCS.NS,3281.0872611790915,3317.0595725280446,3276.6880547858309,3305.007568359375,1395753
2023-09-20,INFY.NS,1342.9989700048607,1360.1936009225781,1342.9989700048607,1355.78125,4169337
2023-09-20,TCS.NS,3281.0418390696896,3322.2839850915152,3281.0418390696896,3304.91650390625,1649396
2023-09-21,INFY.NS,1352.4151068014573,1368.7909240446215,1342.8170139394665,1366.2435302734375,6779195
2023-09-21,TCS.NS,3288.8780136079395,3303.9542650181074,3233.3843680953905,3285.8994140625,2004073
2023-09-22,INFY.NS,1357.2824131721045,1370.9743500134687,1351.1869031313713,1361.14892578125,5455613
2023-09-22,TCS.NS,3284.7078159011689,3330.3032996737925,3267.3403346720384,3302.716796875,1989083
2023-09-25,INFY.NS,1355.4173412026605,1355.4173412026605,1338.7686594717886,1341.134033203125,4217863
2023-09-25,TCS.NS,3301.6630980426844,3317.7017112878607,3261.4748262100102,3278.429931640625,1238778
2023-09-26,INFY.NS,1345.6827511739159,1346.3650768655104,1327.3509120486192,1328.85205078125,3996528
2023-09-26,TCS.NS,3269.6774954186676,3294.7434215581429,3240.716253874933,3286.265869140625,1726062
2023-09-27,INFY.NS,1324.6215850268404,1336.994401796738,1319.2085123948889,1334.6290283203125,3863586
2023-09-27,TCS.NS,3290.2064410870717,3312.2022501639772,3258.7707191974064,3289.56494140625,1541134
2023-09-28,INFY.NS,1335.447772053514,1339.723634998435,1305.5163982722486,1309.5648193359375,5814602
2023-09-28,TCS.NS,3299.3716920990314,3301.9379148323678,3232.788627869385,3241.403564453125,1755753
2023-09-29,INFY.NS,1302.8780821778992,1316.2517317555551,1288.2308468786073,1305.92578125,6068968
2023-09-29,TCS.NS,3241.8160244982741,3270.4564045061975,3212.8091371274368,3233.934326171875,2243791
2023-10-03,INFY.NS,1306.4717573853966,1307.3359921507258,1292.1429182229931,1304.606689453125,4181867
2023-10-03,TCS.NS,3239.0662509834369,3239.0662509834369,3189.4841639123579,3220.415771484375,1948148
2023-10-04,INFY.NS,1296.4188460811952,1319.1175035605104,1290.2323819022101,1314.0228271484375,4510406
2023-10-04,TCS.NS,3195.1663519158292,3251.7138679466116,3186.9179232767315,3242.31982421875,1788138
2023-10-05,INFY.NS,1320.9826189619423,1342.4986459516133,1319.3449927806503,1331.3994140625,7384621
2023-10-05,TCS.NS,3257.2125145337586,3321.3669534806813,3254.6462922252967,3289.610595703125,2990768
2023-10-06,INFY.NS,1336.9034978713848,1350.5500119701062,1331.2629831328265,1345.2733154296875,3598672
2023-10-06,TCS.NS,3291.1233469743052,3331.4031326607819,3276.5053417710587,3318.984619140625,2075691
2023-10-09,INFY.NS,1332.7185470073355,1356.4634585781648,1330.2621079137662,1342.3165283203125,3567552
2023-10-09,TCS.NS,3340.6597397336841,3371.7746033230796,3327.7829803387071,3334.519287109375,4233074
2023-10-10,INFY.NS,1350.0042495921527,1361.9221836979577,1336.539643834747,1360.2391357421875,5688951
2023-10-10,TCS.NS,3336.0771756544805,3343.3632432349518,3300.6089754727277,3325.858154296875,1848148
2023-10-11,INFY.NS,1361.9221363121189,1381.2546983673178,1347.7752053035967,1359.5567626953125,7220129
2023-10-11,TCS.NS,3345.1960009874106,3345.1960009874106,3303.9538585094833,3308.444580078125,2426417
2023-10-12,INFY.NS,1357.2822909047482,1368.6543857895731,1320.982541821264,1333.264404296875,11081662
2023-10-12,TCS.NS,3276.4593631344942,3288.969391201641,3242.6408930553534,3246.71923828125,4241281
2023-10-13,INFY.NS,1278.2234711912276,1308.2458018313064,1273.6746332154582,1302.013916015625,17973439
2023-10-13,TCS.NS,3235.2174542646135,3278.2925875083633,3230.6349932812359,3272.65625,2890357
2023-10-16,INFY.NS,1302.8780961484347,1313.3404230537731,1300.9676064898863,1304.7431640625,4850745
2023-10-16,TCS.NS,3268.2107135060846,3276.1382803907245,3225.2273250309772,3229.763916015625,1671104
2023-10-17,INFY.NS,1310.2928671016498,1322.2108011891066,1308.2914226798621,1312.2943115234375,3923764
2023-10-17,TCS.NS,3235.2172879726013,3239.0206408921194,3210.7928616878189,3214.183837890625,1672065
2023-10-18,INFY.NS,1311.8849145317179,1322.8021260257406,1308.5642404911625,1310.5657958984375,4264837
2023-10-18,TCS.NS,3217.8037969791744,3228.5267099114812,3193.0585100186395,3196.037109375,1408245
2023-10-19,INFY.NS,1297.4195403384058,1309.746935628435,1297.4195403384058,1304.288330078125,6795691
2023-10-19,TCS.NS,3187.9973470331574,3194.7510844098861,3171.8252574998965,3175.27099609375,1514545
2023-10-20,INFY.NS,1300.9675589324422,1308.7005828841384,1296.6461631947295,1298.4656982421875,3928622
2023-10-20,TCS.NS,3170.4466882963852,3215.5629781222533,3164.6120393804422,3211.0146484375,1481211
2023-10-23,INFY.NS,1296.9645827629761,1303.1055136577397,1278.4508355358098,1281.5440673828125,2636516
2023-10-23,TCS.NS,3191.2133140425376,3196.6805076496757,3125.3308381439233,3133.462646484375,1106272
2023-10-25,INFY.NS,1289.2390579545506,1292.5105816192142,1254.4969210469303,1262.5604248046875,6940777
2023-10-25,TCS.NS,3115.4070064850189,3147.1078003867246,3103.1860758536272,3115.03955078125,1518537
2023-10-26,INFY.NS,1248.7371699932087,1266.2003688015045,1246.9400932403355,1252.7918701171875,6357656
2023-10-26,TCS.NS,3094.7785414752329,3099.9700309962845,3059.8157372092046,3066.01806640625,1984471
2023-10-27,INFY.NS,1256.6623976967833,1276.3373223697179,1256.6623976967833,1272.0521240234375,4634358
2023-10-27,TCS.NS,3078.1930424201219,3089.219405557149,3066.2478156883421,3079.06591796875,1108851
2023-10-30,INFY.NS,1272.0520110993787,1272.0520110993787,1256.1553924305153,1269.010986328125,2667696
2023-10-30,TCS.NS,3078.1926721899367,3108.3774273798449,3063.261140571105,3104.42626953125,910972
2023-10-31,INFY.NS,1271.6834287710847,1272.7893480503349,1256.0633173275878,1261.0396728515625,3451595
2023-10-31,TCS.NS,3123.2172536670919,3123.2172536670919,3078.2389270809899,3095.421630859375,999811
2023-11-01,INFY.NS,1265.3249033766447,1269.379603358429,1245.6038569027073,1247.90771484375,3090672
2023-11-01,TCS.NS,3082.7870134028308,3098.0402370916254,3042.3570197844329,3060.41259765625,1563475
2023-11-02,INFY.NS,1262.514333895597,1268.32010174213,1254.8194697606157,1262.652587890625,3758060
2023-11-02,TCS.NS,3071.9447035709059,3102.0374860880515,3071.9447035709059,3087.4736328125,1245384
2023-11-03,INFY.NS,1271.7756915818663,1282.7880874213406,1269.6560973022642,1280.069580078125,3349045
2023-11-03,TCS.NS,3107.5965214859639,3113.017726690146,3072.9554105687821,3079.019775390625,1402598
2023-11-06,INFY.NS,1284.5391312922866,1296.8417109189295,1281.6823697767961,1293.20166015625,2736381
2023-11-06,TCS.NS,3101.1647354982529,3117.0611210828984,3086.4629174929278,3105.98876953125,1099852
2023-11-07,INFY.NS,1290.1604881630135,1295.5976155760281,1285.4145181543718,1294.1231689453125,2272209
2023-11-07,TCS.NS,3103.921107326189,3127.949299700163,3092.8947446003413,3096.983642578125,1191144
2023-11-08,INFY.NS,1294.7681818070128,1294.7681818070128,1277.6735106371746,1281.8665771484375,3550635
2023-11-08,TCS.NS,3097.9027372234059,3125.9280779087899,3096.1569860610271,3107.183349609375,992899
2023-11-09,INFY.NS,1286.3821608724284,1287.8566074771882,1262.5602919196745,1266.9376220703125,5498051
2023-11-09,TCS.NS,3115.0392726462392,3116.325591826509,3070.887836157488,3075.849609375,2112352
2023-11-10,INFY.NS,1262.4681428598753,1265.4171487849635,1254.2203756878132,1261.4544677734375,2943649
2023-11-10,TCS.NS,3067.1667141137368,3075.8499303163658,3052.7865884253365,3062.98583984375,1338557
2023-11-13,INFY.NS,1271.5912989072524,1273.9872886097166,1263.2974105189112,1265.78564453125,3462092
2023-11-13,TCS.NS,3083.7061597919806,3083.7061597919806,3057.0591160989029,3061.239990234375,1030990
2023-11-15,INFY.NS,1289.2389232333946,1303.0620710879341,1283.7096640915788,1299.836669921875,8551860
2023-11-15,TCS.NS,3108.6072962449807,3136.0812260430339,3083.7519929067357,3128.087158203125,2059802
2023-11-16,INFY.NS,1304.9973516506468,1339.3709592887674,1299.9288638617754,1331.537841796875,6673907
2023-11-16,TCS.NS,3151.748122462739,3242.991322415879,3137.1840447327354,3214.047119140625,3951984
2023-11-17,INFY.NS,1327.9898053316556,1337.1591147047359,1322.4605464148888,1324.764404296875,4901251
2023-11-17,TCS.NS,3214.0470437970821,3238.5346683247321,3209.1770219858477,3218.273681640625,2021292
2023-11-20,INFY.NS,1328.8652717092657,1338.0807035519097,1321.1704086192708,1323.888916015625,3584210
2023-11-20,TCS.NS,3207.9825974720807,3247.1720409386421,3207.9825974720807,3234.032470703125,1475621
2023-11-21,INFY.NS,1328.8652153730889,1336.2375605346595,1324.0271138608082,1326.1005859375,3793135
2023-11-21,TCS.NS,3234.032472119512,3251.9043245816342,3216.9415191317103,3225.39501953125,1807236
2023-11-22,INFY.NS,1323.5201167337966,1344.4852216491154,1323.5201167337966,1343.425537109375,3108786
2023-11-22,TCS.NS,3216.0229120050813,3246.023721722861,3198.6564780130361,3243.7265625,1798051
2023-11-23,INFY.NS,1352.733312304696,1352.733312304696,1334.1180718038254,1335.5465087890625,3186928
2023-11-23,TCS.NS,3243.5885550744229,3256.4526456611202,3216.022646674357,3223.603271484375,2729804
2023-11-24,INFY.NS,1332.1369430585005,1338.679877895318,1321.3548191084903,1324.6263427734375,2973195
2023-11-24,TCS.NS,3210.7389626668451,3220.2033021073066,3172.835841192993,3176.603271484375,1989733
2023-11-28,INFY.NS,1330.7083049952287,1331.6298481427323,1315.0881936422663,1329.51025390625,3755373
2023-11-28,TCS.NS,3176.6034917170814,3198.7939582765516,3154.4587888727906,3188.594482421875,1689195
2023-11-29,INFY.NS,1337.2512338613426,1346.0980255458026,1336.0532952698873,1345.0843505859375,3875778
2023-11-29,TCS.NS,3198.5639575829327,3232.5619082955354,3193.7859120788967,3228.65673828125,1441634
2023-11-30,INFY.NS,1339.2328098678681,1346.0522528330398,1335.8231446318221,1340.9837646484375,10120867
2023-11-30,TCS.NS,3215.5170607659438,3231.3214692327615,3198.5640728417716,3204.628662109375,3266235
2023-12-01,INFY.NS,1345.3608832594507,1345.3608832594507,1332.6896647955414,1338.357177734375,3489187
2023-12-01,TCS.NS,3216.0223803052868,3231.5970723949531,3206.879732976231,3226.72705078125,1172141
2023-12-04,INFY.NS,1345.8677509348179,1356.4194883018783,1335.5926340241119,1349.4617919921875,5511948
2023-12-04,TCS.NS,3257.0497653551029,3259.9443202901289,3214.1848682091013,3227.46240234375,1625213
2023-12-05,INFY.NS,1350.7980624197951,1351.8117374373267,1328.8652893459846,1339.877685546875,5123039
2023-12-05,TCS.NS,3250.9392307206267,3250.9392307206267,3218.5952787183378,3245.05859375,1377656
2023-12-06,INFY.NS,1342.4580969426866,1361.1193473034825,1337.2053455420607,1358.6312255859375,5269178
2023-12-06,TCS.NS,3245.9772852337101,3319.7160810042337,3239.1315727028823,3311.676025390625,1896572
2023-12-07,INFY.NS,1357.2949393135057,1357.2949393135057,1347.1119540015106,1350.8902587890625,4424453
2023-12-07,TCS.NS,3312.5031938395168,3335.9802030894248,3300.2822634036261,3321.599853515625,1967653
2023-12-08,INFY.NS,1355.0371580856024,1377.4305905862009,1351.2127312666094,1374.1591796875,6323433
2023-12-08,TCS.NS,3338.2315125927948,3349.2578759704752,3309.7927285809142,3332.442626953125,1641155
2023-12-11,INFY.NS,1373.0993558033465,1380.4717013378611,1365.7270102688319,1371.717041015625,3862018
2023-12-11,TCS.NS,3328.9503673649301,3356.6082474751893,3321.6914357029318,3347.32763671875,1102503
2023-12-12,INFY.NS,1361.5800891380788,1373.0993792323097,1352.5029110424384,1360.243896484375,6103494
2023-12-12,TCS.NS,3343.6982322937561,3398.3246215848021,3336.3933124578402,3374.15869140625,2236866
2023-12-13,INFY.NS,1360.1978297263199,1360.2439518858023,1320.7097241735976,1335.316162109375,8549258
2023-12-13,TCS.NS,3347.9256030886827,3353.8522285988602,3273.9110932870517,3301.982421875,3850968
2023-12-14,INFY.NS,1348.5863495012065,1392.4517835867966,1346.6971409326011,1383.6510009765625,12489858
2023-12-14,TCS.NS,3335.4744832853298,3379.5799309981935,3333.2693006324498,3369.7021484375,3290396
2023-12-15,INFY.NS,1403.5563301913339,1463.9174061115036,1401.6671217492806,1454.563720703125,18395389
2023-12-15,TCS.NS,3369.1974082492507,3579.8469067429264,3369.1974082492507,3547.732666015625,8531230
2023-12-18,INFY.NS,1444.9336219034078,1468.0183241638513,1437.88390638634,1441.6160888671875,6467243
2023-12-18,TCS.NS,3545.0672656351603,3610.2145963351199,3519.3848520216188,3546.077880859375,2521612
2023-12-19,INFY.NS,1446.9149134299466,1450.4628321473872,1422.1715017334877,1436.040771484375,4221721
2023-12-19,TCS.NS,3533.0304545633385,3542.3110664264318,3482.4929578140577,3506.567138671875,2004435
2023-12-20,INFY.NS,1442.2612442252062,1459.2636714338232,1409.9611097529205,1415.8590087890625,6592367
2023-12-20,TCS.NS,3516.7206581730966,3582.4653925926305,3460.9456833906206,3473.350341796875,2586083
2023-12-21,INFY.NS,1401.8977151314416,1425.3049369492605,1401.8977151314416,1415.490478515625,5319038
2023-12-21,TCS.NS,3451.4810718498611,3497.8376912296881,3439.6278222609985,3480.195556640625,1517562
2023-12-22,INFY.NS,1414.522587091421,1443.1365463701209,1403.5101916485912,1440.27978515625,6741060
2023-12-22,TCS.NS,3491.6816487970709,3533.9033859733759,3456.7648323091003,3513.734375,2413058
2023-12-26,INFY.NS,1414.5688833319446,1426.5489455360587,1403.5103643743007,1422.816650390625,6878067
2023-12-26,TCS.NS,3509.9209580263773,3522.9227872920933,3482.6305316170315,3487.592529296875,1285231
2023-12-27,INFY.NS,1422.8625237124177,1446.8226439303728,1422.8625237124177,1444.150146484375,4225849
2023-12-27,TCS.NS,3490.7625660005092,3508.4047009886162,3462.2777964437796,3501.97265625,1293976
2023-12-28,INFY.NS,1445.8550928766469,1445.8550928766469,1432.9996108186176,1440.0494384765625,5702253
2023-12-28,TCS.NS,3513.7345471296981,3526.5986380449217,3484.4228868485006,3491.58984375,1682889
2023-12-29,INFY.NS,1420.1442885580782,1437.1005945803086,1419.1766231359832,1421.84912109375,4388990
2023-12-29,TCS.NS,3484.3303800559229,3512.447692792302,3459.8885213069443,3485.61669921875,1574996
2024-01-01,INFY.NS,1418.255071679868,1434.8428502960069,1414.7992844681723,1429.6361083984375,2808451
2024-01-01,TCS.NS,3482.4927493227851,3521.0850172572332,3466.8720694445565,3501.880859375,825907
2024-01-02,INFY.NS,1424.7057474638627,1427.6086309615123,1403.5102544550214,1414.015869140625,5396313
2024-01-02,TCS.NS,3501.8813031656482,3501.8813031656482,3461.5890428760686,3476.244873046875,1344068
2024-01-03,INFY.NS,1400.6996635455614,1400.6996635455614,1371.2564007445471,1373.0994873046875,7550363
2024-01-03,TCS.NS,3461.3590835588857,3465.8156616259439,3387.895985677585,3392.214599609375,1803075
2024-01-04,INFY.NS,1386.8763509676678,1400.5152349032498,1375.7718232468026,1394.018310546875,7056038
2024-01-04,TCS.NS,3401.40280722432,3417.2532018821489,3354.7704867092571,3369.28857421875,3598144
2024-01-05,INFY.NS,1388.5352963045564,1418.9001014903272,1388.0745246781073,1412.3111572265625,8895403
2024-01-05,TCS.NS,3376.8234471802834,3443.6707684816074,3376.6857073845927,3434.619873046875,1963127
2024-01-08,INFY.NS,1408.9935731336889,1415.4904983479466,1394.525388427754,1403.326171875,4440136
2024-01-08,TCS.NS,3434.6200918948948,3436.320079253609,3374.4345273007075,3379.85595703125,1067805
2024-01-09,INFY.NS,1420.9275847658068,1431.1566925228285,1406.1367703448866,1409.316162109375,4412074
2024-01-09,TCS.NS,3408.9374172262865,3447.8973621713135,3383.9443762103979,3390.51416015625,1370944
2024-01-10,INFY.NS,1405.3072902245185,1414.9834940474821,1386.9225479581153,1400.653564453125,4096845
2024-01-10,TCS.NS,3390.6065270869158,3426.6719217178538,3388.7687999719633,3411.786376953125,1292227
2024-01-11,INFY.NS,1405.261293276588,1405.3534251009314,1369.9661425866611,1376.9698486328125,11296088
2024-01-11,TCS.NS,3421.847774755498,3466.8720875812282,3406.2270947955508,3432.460693359375,1777909
2024-01-12,INFY.NS,1439.4504340412341,1491.056851650907,1433.3682716072781,1486.21875,26754401
2024-01-12,TCS.NS,3535.7866894568133,3588.3916239608161,3511.5287831912233,3567.76318359375,6813450
2024-01-15,INFY.NS,1515.8925107048797,1534.3233755421343,1507.6447436874366,1522.4815673828125,13228305
2024-01-15,TCS.NS,3638.6999045964144,3643.2942226577734,3569.7851336760277,3587.059814453125,2801505
2024-01-16,INFY.NS,1515.7542704008683,1519.1639351762556,1497.5076704042556,1503.5438232421875,6500917
2024-01-16,TCS.NS,3582.6489229025124,3582.6489229025124,3542.7243471738425,3548.0078125,1432672
2024-01-17,INFY.NS,1493.1302739854179,1518.2423245739706,1493.1302739854179,1511.5150146484375,9209876
2024-01-17,TCS.NS,3509.1399411060879,3592.7105371518787,3503.2133160012409,3569.41748046875,3458696
2024-01-18,INFY.NS,1513.7729287969016,1519.6247054977496,1500.5026844916376,1513.726806640625,6375464
2024-01-18,TCS.NS,3581.7299252739276,3591.6536959466098,3548.6508392529267,3585.956787109375,2239110
2024-01-19,INFY.NS,1522.0207083253042,1534.8301811499359,1515.1552565650597,1529.0244140625,4522736
2024-01-19,TCS.NS,3650.1704325122582,3667.3341434765371,3622.4587908841813,3648.3662109375,2941975
2024-01-23,INFY.NS,1520.6384796288353,1543.3084208611072,1509.2113209406687,1513.312255859375,9401255
2024-01-23,TCS.NS,3608.5333768851651,3639.8997689571061,3555.5619574424277,3569.903564453125,2618854
2024-01-24,INFY.NS,1529.6695716902016,1548.1925674088009,1515.9385555877841,1543.9534912109375,8999681
2024-01-24,TCS.NS,3590.0279365554666,3593.4050631997352,3521.1883159649869,3554.682861328125,2657709
2024-01-25,INFY.NS,1541.6956238359799,1548.6994420250173,1527.9185982399085,1538.147705078125,8865304
2024-01-25,TCS.NS,3552.9250625911932,3572.4482448856729,3496.2988885038958,3525.537353515625,2205154
2024-01-29,INFY.NS,1534.5077798990815,1547.5936491768944,1518.3346507098104,1526.6285400390625,4253785
2024-01-29,TCS.NS,3516.746876964582,3534.5119178649534,3498.2878873892378,3516.931884765625,1646747
2024-01-30,INFY.NS,1532.0195441969254,1557.4081059509288,1518.9336749311351,1521.882568359375,4995943
2024-01-30,TCS.NS,3522.9003517362453,3560.2348866740044,3503.9787267378097,3516.51611328125,1411621
2024-01-31,INFY.NS,1518.9336420638899,1536.4429635862402,1509.5799556993886,1530.5911865234375,6763779
2024-01-31,TCS.NS,3526.3698838766622,3547.4659708226372,3512.722225277384,3530.764892578125,2459358
2024-02-01,INFY.NS,1529.3470709031976,1545.4279548337279,1520.8688059210901,1527.043212890625,5760011
2024-02-01,TCS.NS,3534.5121551837829,3613.067060107317,3520.6794891794907,3566.10986328125,2363107
2024-02-02,INFY.NS,1535.3371760388302,1583.6720744845543,1534.3695106294924,1560.4952392578125,7858483
2024-02-02,TCS.NS,3585.4482297681752,3686.6258232889541,3582.6261263027468,3669.878662109375,2826510
2024-02-05,INFY.NS,1561.7854554687169,1567.3147150838886,1549.8975247974827,1554.8277587890625,3634135
2024-02-05,TCS.NS,3685.3302493321357,3721.4155819266507,3665.9923024791328,3676.355224609375,1691523
2024-02-06,INFY.NS,1554.4129683538292,1597.034340689009,1542.6171705805966,1593.7628173828125,7694265
2024-02-06,TCS.NS,3698.284634440734,3839.7575790105061,3691.8077786886488,3826.896484375,4474396
2024-02-07,INFY.NS,1593.3482914120157,1593.3482914120157,1554.5052206294124,1560.8638916015625,4613877
2024-02-07,TCS.NS,3842.6253375214028,3844.4758674214854,3769.4830980416878,3778.226806640625,2124267
2024-02-08,INFY.NS,1564.7803892211357,1572.4752526176906,1550.7729772594932,1559.34326171875,5919715
2024-02-08,TCS.NS,3784.3341476668952,3847.2521726158802,3780.6793958083763,3825.138427734375,2345173
2024-02-09,INFY.NS,1552.5238399589869,1560.080561966992,1529.5775034469971,1538.378173828125,4600004
2024-02-09,TCS.NS,3827.4044658847934,3872.0024162313671,3793.5862134054855,3824.767822265625,2100596
2024-02-12,INFY.NS,1539.2996220000239,1560.1264752853303,1539.2996220000239,1548.28466796875,3555808
2024-02-12,TCS.NS,3821.3442853665883,3848.7322185445555,3798.7213763754216,3812.739501953125,1013716
2024-02-13,INFY.NS,1550.9570612226205,1556.5784517207164,1532.9869704954424,1552.385498046875,2696481
2024-02-13,TCS.NS,3817.134278526908,3858.3546492800338,3776.468705284522,3839.38671875,1257415
2024-02-14,INFY.NS,1529.9460822117326,1538.470357405494,1507.1840085834583,1535.475341796875,3768579
2024-02-14,TCS.NS,3800.0631929479614,3807.372695778341,3746.8604577167689,3793.678955078125,1391283
2024-02-15,INFY.NS,1545.4280050935511,1555.3345948697918,1531.2362167759502,1544.8289794921875,4834391
2024-02-15,TCS.NS,3819.4935079493257,3836.4256749068468,3777.8565874411574,3796.547119140625,1091582
2024-02-16,INFY.NS,1556.4864987359681,1574.9173631378151,1555.5188333576436,1568.14404296875,4880654
2024-02-16,TCS.NS,3805.8464262371558,3837.9533038448403,3793.679281317608,3819.771484375,1307556
2024-02-19,INFY.NS,1571.2311682439513,1577.2211990906292,1555.2884257624896,1566.39306640625,3690993
2024-02-19,TCS.NS,3814.9136460247614,3819.7712872346397,3751.9495440106361,3797.102294921875,772291
2024-02-20,INFY.NS,1552.800375906301,1561.3246509669141,1537.8252980971156,1553.03076171875,3706389
2024-02-20,TCS.NS,3777.0240059819698,3791.7356277963377,3710.3123151447812,3729.4189453125,1193648
2024-02-21,INFY.NS,1542.6633157025528,1542.6633157025528,1516.2150708785946,1525.660888671875,4300508
2024-02-21,TCS.NS,3713.0885103501191,3759.6756942779607,3683.1100141804095,3693.1953125,1885939
2024-02-22,INFY.NS,1534.3693157186938,1552.4315386183323,1515.3855496864917,1549.4365234375,5841277
2024-02-22,TCS.NS,3674.2272789613758,3788.9138294075187,3674.2272789613758,3781.650634765625,2982052
2024-02-23,INFY.NS,1563.8587905950133,1565.194983220865,1540.7280790665579,1545.2896728515625,5373072
2024-02-23,TCS.NS,3821.3446586399486,3821.3446586399486,3743.9924100587164,3749.2666015625,2538072
2024-02-26,INFY.NS,1543.5386736406174,1543.5386736406174,1515.9385009458492,1529.89990234375,2782438
2024-02-26,TCS.NS,3734.3694600190711,3747.3231697416345,3685.0990998243196,3702.031494140625,1379284
2024-02-27,INFY.NS,1530.6831119653198,1539.9906749157451,1523.1265034296609,1533.0791015625,5159088
2024-02-27,TCS.NS,3700.1346327558399,3815.7927545599109,3700.1346327558399,3797.657470703125,2960475
2024-02-28,INFY.NS,1538.9772213327412,1555.3807361142351,1531.6509975218291,1540.129150390625,3188916
2024-02-28,TCS.NS,3789.5155764934748,3844.3836124804111,3783.408736890397,3811.12060546875,1939225
2024-02-29,INFY.NS,1534.3694101092069,1550.2660301238518,1523.5873997921522,1542.5711669921875,7814722
2024-02-29,TCS.NS,3792.6609330892188,3828.8388820672212,3760.7856015555758,3789.052490234375,3772719
2024-03-01,INFY.NS,1538.05555376044,1540.7740611200711,1521.4677766677571,1524.87744140625,6387291
2024-03-01,TCS.NS,3800.2483875566732,3830.5968972344103,3781.3728470189499,3788.358642578125,2043265
2024-03-04,INFY.NS,1527.7802543285623,1533.862416483001,1505.4789555979346,1508.7503662109375,4445156
2024-03-04,TCS.NS,3798.2129895593343,3810.1488182185494,3771.287686534873,3775.72900390625,1749271
2024-03-05,INFY.NS,1505.8016678459578,1508.8888152294021,1476.3122838979341,1480.459228515625,4596579
2024-03-05,TCS.NS,3758.426246117549,3760.2767760270108,3682.5545198296022,3712.255615234375,2070859
2024-03-06,INFY.NS,1477.0494500445541,1493.0382016771937,1452.3520478878149,1490.6422119140625,6420684
2024-03-06,TCS.NS,3695.5545795520343,3767.6789384126851,3662.6150564319732,3760.554443359375,1744204
2024-03-07,INFY.NS,1489.7667940250446,1500.6870590284748,1478.3396352373709,1489.6285400390625,6348359
2024-03-07,TCS.NS,3761.2020585987402,3815.792691183568,3735.9422800373159,3801.543701171875,2688905
2024-03-11,INFY.NS,1481.9797912201366,1487.1865330504529,1463.4106723438592,1475.0220947265625,6752895
2024-03-11,TCS.NS,3783.4084363854481,3842.6253940593701,3783.4084363854481,3814.26611328125,2304068
2024-03-12,INFY.NS,1474.46925768503,1497.5078398363585,1472.3036534614205,1486.4031982421875,4614222
2024-03-12,TCS.NS,3814.2659664198982,3913.8245630337647,3813.0628509397507,3878.94189453125,4039801
2024-03-13,INFY.NS,1486.3570462420234,1497.046924837975,1473.1329238521018,1484.9747314453125,5688997
2024-03-13,TCS.NS,3890.7396490023953,3924.0491917762565,3823.1026815119985,3838.9248046875,2837260
2024-03-14,INFY.NS,1487.7393497230903,1527.6882245455754,1481.8414508033693,1523.58740234375,8803799
2024-03-14,TCS.NS,3843.0422522294866,3909.2447849727837,3780.6329447097737,3893.145263671875,2919608
2024-03-15,INFY.NS,1512.3444475668186,1516.6757678865583,1491.3793408128192,1505.801513671875,11809997
2024-03-15,TCS.NS,3879.2663373328105,3922.198545276578,3864.8321122010539,3903.924560546875,3373143
2024-03-18,INFY.NS,1502.11543929507,1504.5575513115562,1473.4093456712776,1476.9112548828125,4958904
2024-03-18,TCS.NS,3900.2229716485272,3936.7709361536258,3810.1022583913259,3842.16259765625,1526904
2024-03-19,INFY.NS,1467.4194357537194,1473.5477211325924,1435.7644462317567,1438.9437255859375,6870411
2024-03-19,TCS.NS,3748.4796955789329,3754.7252341028843,3670.1561065216574,3680.056396484375,8931209
2024-03-20,INFY.NS,1440.3719586439161,1451.3843544053573,1430.5575014942751,1432.9534912109375,4759059
2024-03-20,TCS.NS,3688.1063577395266,3717.7148382833461,3664.2344751221162,3674.134765625,1817913
2024-03-21,INFY.NS,1441.2936639483573,1453.2276042120811,1422.3098952210539,1432.7232666015625,11062497
2024-03-21,TCS.NS,3691.8538610073474,3708.8323391521208,3652.9464204434739,3676.03173828125,3829582
2024-03-22,INFY.NS,1401.6671085042765,1408.9473217702673,1380.6558800265154,1390.4703369140625,14673890
2024-03-22,TCS.NS,3605.7575597198484,3643.6934231913683,3566.8964312856083,3618.61865234375,5852485
2024-03-26,INFY.NS,1374.9426003343697,1389.180399288322,1371.1642953119592,1375.5416259765625,8351081
2024-03-26,TCS.NS,3585.4019253581359,3651.7433816109683,3582.1171893830456,3587.715087890625,3440925
2024-03-27,INFY.NS,1378.6287804592728,1381.3934103666109,1365.312524736159,1367.4320068359375,6857402
2024-03-27,TCS.NS,3597.8928001491959,3603.9070223945268,3543.2095506068181,3553.85009765625,1968575
2024-03-28,INFY.NS,1370.4729789851785,1393.189041141791,1370.4729789851785,1380.517822265625,12499530
2024-03-28,TCS.NS,3562.3628386987034,3622.4124463661228,3553.4802044110074,3586.604736328125,4311783
2024-04-01,INFY.NS,1405.3533500790074,1409.9149438246613,1375.6797046680076,1378.1217041015625,6580002
2024-04-01,TCS.NS,3606.4053946113881,3639.3449194194973,3597.4766775972653,3624.03173828125,1569676
2024-04-02,INFY.NS,1368.3534624633619,1376.0023163808078,1364.6672894897633,1366.5103759765625,7279400
2024-04-02,TCS.NS,3599.2807871740365,3617.6473874613553,3583.5512824485972,3593.544189453125,2142666
2024-04-03,INFY.NS,1362.9623414349414,1377.7991638971826,1359.2761687738598,1364.48291015625,8736248
2024-04-03,TCS.NS,3563.1952810159187,3683.4797231172092,3563.1952810159187,3652.29833984375,3973090
2024-04-04,INFY.NS,1373.6062588459959,1378.3061066574217,1352.8254147328123,1370.0582275390625,11186915
2024-04-04,TCS.NS,3678.7608856605966,3727.5686125865695,3641.1489551741279,3704.11328125,3394637
2024-04-05,INFY.NS,1363.9300989917399,1370.0582714607572,1360.2439260813801,1363.0545654296875,5072482
2024-04-05,TCS.NS,3680.7042585659196,3702.9106191002543,3664.512120676301,3681.86083984375,1636819
2024-04-08,INFY.NS,1366.6486630791478,1373.9748870444801,1358.4469055155266,1360.8428955078125,6610887
2024-04-08,TCS.NS,3685.3305954282823,3731.269913572256,3664.049499848355,3675.66162109375,2302538
2024-04-09,INFY.NS,1373.0992639033871,1395.0320353978589,1370.6111424492417,1377.5687255859375,9423230
2024-04-09,TCS.NS,3686.2558663993332,3715.7256478578529,3631.7115382539318,3651.604736328125,1876992
2024-04-10,INFY.NS,1382.6373994109804,1391.3920603288602,1368.0770834855082,1388.5814208984375,6744595
2024-04-10,TCS.NS,3660.7181984660388,3691.9921993022181,3625.1881143494634,3686.85693359375,2101965
2024-04-12,INFY.NS,1386.0011839114329,1388.5815502616929,1363.4233720724501,1368.261474609375,12275616
2024-04-12,TCS.NS,3674.2272593929838,3713.4123219078538,3650.633002250067,3702.355224609375,4354821
2024-04-15,INFY.NS,1363.8838870765444,1374.8962829242955,1346.4206890601879,1352.963623046875,8531224
2024-04-15,TCS.NS,3702.3549556662488,3760.4616377448642,3626.1595251412014,3646.654052734375,4200329
2024-04-16,INFY.NS,1337.1590070193129,1340.9834332940293,1302.1864921844294,1303.4765625,16173541
2024-04-16,TCS.NS,3610.3841487881004,3635.0886799219688,3574.1601132041751,3583.366455078125,3051420
2024-04-18,INFY.NS,1309.6049788534715,1331.3533752077963,1297.072014216493,1307.900146484375,22107945
2024-04-18,TCS.NS,3587.0675027381876,3641.8431471711551,3562.270354829509,3573.37353515625,3476284
2024-04-19,INFY.NS,1276.3373231980736,1314.903883353496,1270.5776782377934,1300.52783203125,20603621
2024-04-19,TCS.NS,3551.1667062167426,3564.6293557665772,3516.8392878753498,3540.24853515625,2957749
2024-04-22,INFY.NS,1308.4991354557612,1324.1192467826613,1302.1865874045059,1320.3409423828125,5859087
2024-04-22,TCS.NS,3550.2418918920625,3588.1777578205415,3527.1102663259167,3575.779296875,1728883
2024-04-23,INFY.NS,1329.7870343625723,1333.3349537089287,1320.5716009990065,1329.234130859375,4856174
2024-04-23,TCS.NS,3587.2987306965019,3603.9071923474921,3572.0781665521927,3585.124267578125,1807586
2024-04-24,INFY.NS,1330.9848800805114,1330.9848800805114,1315.0882599841418,1318.4979248046875,4268213
2024-04-24,TCS.NS,3599.2808995881401,3606.683019690121,3538.6297328235796,3544.736572265625,1317312
2024-04-25,INFY.NS,1308.5913232271268,1331.5377710414832,1308.5913232271268,1325.59375,9089398
2024-04-25,TCS.NS,3526.3700419218662,3584.1527979444854,3526.1850340945725,3564.305908203125,2856271
2024-04-26,INFY.NS,1326.7457701482465,1331.9986341616486,1315.0422158870554,1318.0372314453125,8062444
2024-04-26,TCS.NS,3567.0352506857103,3587.0673733394428,3518.3664475460268,3535.761474609375,2039178
2024-04-29,INFY.NS,1317.7606297548816,1326.8379201034072,1316.1940513407444,1322.18408203125,5055957
2024-04-29,TCS.NS,3551.1669623012726,3587.9925533633923,3533.7719356498687,3580.96044921875,1110693
2024-04-30,INFY.NS,1322.1380131744238,1323.8429581264434,1306.3336369406475,1309.0982666015625,6936588
2024-04-30,TCS.NS,3582.6259720671401,3591.6473055453566,3525.2595437954037,3535.113525390625,2203078
2024-05-02,INFY.NS,1302.1403700332799,1312.2773438976578,1301.0805729943027,1303.4765625,10076354
2024-05-02,TCS.NS,3495.6975726397995,3581.7935283890847,3495.6975726397995,3574.576416015625,2491044
2024-05-03,INFY.NS,1310.5266461015717,1313.0148803966708,1293.1094560081719,1305.1817626953125,8842345
2024-05-03,TCS.NS,3599.4194678481681,3602.6118127416667,3513.7863747539841,3556.163330078125,2962234
2024-05-06,INFY.NS,1308.5914366893924,1332.2750536097101,1305.9189387214822,1314.028564453125,6445422
2024-05-06,TCS.NS,3565.0456876480675,3645.4974261548164,3565.0456876480675,3628.010009765625,2053831
2024-05-07,INFY.NS,1313.1530130338447,1330.1094313833817,1304.536606119083,1327.897705078125,6080661
2024-05-07,TCS.NS,3637.0315898575259,3689.956700971341,3621.0244606949204,3681.5830078125,2062112
2024-05-08,INFY.NS,1322.6448266752147,1326.791770914921,1313.7519126403431,1315.318603515625,6234983
2024-05-08,TCS.NS,3664.9749773275407,3686.5336988437207,3644.2491299192034,3679.73291015625,1247685
2024-05-09,INFY.NS,1315.5490256671164,1336.1915031252968,1313.0607915586831,1326.6075439453125,6088406
2024-05-09,TCS.NS,3665.8996529124415,3674.2270372830149,3617.832184974583,3664.234130859375,1726486
2024-05-10,INFY.NS,1322.4606196109371,1323.2899184999039,1302.1405469699123,1313.10693359375,8777481
2024-05-10,TCS.NS,3666.4550440257972,3676.6329586501211,3594.7007007453585,3602.88916015625,1672489
2024-05-13,INFY.NS,1313.1990668474873,1313.1990668474873,1300.481725623948,1311.7706298828125,3735954
2024-05-13,TCS.NS,3594.1919104965318,3659.423093323152,3580.7755679293546,3652.76123046875,931326
2024-05-14,INFY.NS,1314.4892984237979,1321.2626187308836,1306.7944348778417,1312.922607421875,3463230
2024-05-14,TCS.NS,3641.8430662390724,3650.9107084833586,3601.9640540938385,3609.643798828125,1058317
2024-05-15,INFY.NS,1314.1206697254095,1319.4656655532185,1307.2552175350827,1308.5452880859375,4327544
2024-05-15,TCS.NS,3612.6974157358086,3633.4695710904066,3585.8647290777635,3590.3984375,1115021
2024-05-16,INFY.NS,1321.4469884047705,1341.5366776212318,1315.0423073779823,1339.324951171875,9249145
2024-05-16,TCS.NS,3626.4660319966883,3643.6145553363622,3582.1032212393679,3635.64599609375,2599399
2024-05-17,INFY.NS,1342.6885398437046,1342.6885398437046,1326.3311468565901,1330.9849853515625,7542860
2024-05-17,TCS.NS,3652.4686295128381,3653.4006194667841,3569.5215236116792,3573.3427734375,2765804
2024-05-21,INFY.NS,1317.8067987413262,1331.3534390178734,1316.332352094495,1321.6312255859375,6752663
2024-05-21,TCS.NS,3570.0810162003927,3583.2685838009415,3550.9285760257658,3560.38818359375,1908117
2024-05-22,INFY.NS,1316.6548867308702,1345.4069904412561,1315.9637293100141,1340.6611328125,7173285
2024-05-22,TCS.NS,3574.1817122361854,3580.0066498376132,3557.9185319603234,3571.3857421875,1311168
2024-05-23,INFY.NS,1340.5688666610595,1362.17912249703,1336.2376585581328,1356.8802490234375,8641428
2024-05-23,TCS.NS,3579.7267772922128,3639.4207795030352,3565.3275779741002,3628.65625,2095742
2024-05-24,INFY.NS,1353.0559600866482,1359.7371490603434,1345.4532278062361,1350.153076171875,5277938
2024-05-24,TCS.NS,3614.4897775983236,3619.6623669761175,3582.8487664565187,3587.695068359375,1309452
2024-05-27,INFY.NS,1356.373369267408,1363.5153292403581,1345.6834903871545,1355.91259765625,5821844
2024-05-27,TCS.NS,3592.8213842320465,3642.5431408365193,3580.0998119795681,3585.412109375,1841538
2024-05-28,INFY.NS,1359.7368231798207,1360.1975947227484,1345.7294132720376,1351.9498291015625,6186922
2024-05-28,TCS.NS,3595.6176462322842,3606.8015269359616,3569.5219245903704,3578.74853515625,1801993
2024-05-29,INFY.NS,1350.4295268928772,1350.5216587210259,1336.237738072663,1337.1131591796875,7401634
2024-05-29,TCS.NS,3587.1361699587314,3587.1361699587314,3541.5619506089633,3544.963623046875,1568095
2024-05-30,INFY.NS,1329.6026885129104,1336.0995011368218,1310.0198938256992,1315.4569091796875,9663150
2024-05-30,TCS.NS,3520.126358012179,3536.3428935872575,3462.7623259187662,3482.008056640625,2919230
2024-05-31,INFY.NS,1325.1856855215699,1350.5181357141773,1315.9738228639974,1322.459716796875,37113815
2024-05-31,TCS.NS,3485.642776627702,3494.7763245978499,3405.2586350544029,3421.288818359375,10956800
2024-06-03,INFY.NS,1353.5732408404072,1353.5732408404072,1319.733909819397,1321.5198974609375,10589244
2024-06-03,TCS.NS,3478.9320961856615,3496.406907573954,3444.6348208602508,3451.01904296875,2156773
2024-06-04,INFY.NS,1324.4336953647442,1330.0735833506835,1276.8236180013437,1310.0050048828125,13736134
2024-06-04,TCS.NS,3448.3626805917729,3490.3022267070783,3347.2417749582037,3462.342529296875,3395997
2024-06-05,INFY.NS,1316.1149378567663,1351.6932097544602,1316.1149378567663,1344.267333984375,9233424
2024-06-05,TCS.NS,3463.2745171063311,3526.4634787223185,3448.3626784966159,3491.653564453125,2799670
2024-06-06,INFY.NS,1358.2260359203012,1385.8145809499692,1351.2232206049546,1383.8875732421875,12660930
2024-06-06,TCS.NS,3523.8543146362385,3578.7484365631567,3487.0407083341674,3569.89453125,4328036
2024-06-07,INFY.NS,1392.1124223339962,1447.2892833851549,1388.5874921626576,1441.555419921875,24075302
2024-06-07,TCS.NS,3576.3254140192635,3648.7409943773578,3576.3254140192635,3629.12255859375,4552445
2024-06-10,INFY.NS,1433.753506313127,1437.9834221145236,1407.4340302155481,1409.7369384765625,6810606
2024-06-10,TCS.NS,3630.1008115349123,3640.2594108529347,3580.6120547712317,3596.26953125,1734661
2024-06-11,INFY.NS,1410.0190163300265,1416.0348049461413,1404.2850385180848,1405.97705078125,4853054
2024-06-11,TCS.NS,3583.5014325459897,3616.0744364710417,3579.7734726681783,3590.11865234375,1419898
2024-06-12,INFY.NS,1416.5518188986746,1418.1967861734406,1393.7572723769142,1396.0601806640625,9564320
2024-06-12,TCS.NS,3610.9021447965306,3628.7032456976158,3567.1452576249039,3571.0595703125,2177001
2024-06-13,INFY.NS,1405.27206045412,1414.6718735675256,1399.9611430962834,1404.2850341796875,7307565
2024-06-13,TCS.NS,3594.4991224295495,3625.4411453089228,3590.0255248663166,3614.39697265625,1932323
2024-06-14,INFY.NS,1413.4498626747718,1413.4498626747718,1396.8592841989566,1399.5382080078125,4237727
2024-06-14,TCS.NS,3624.508910984573,3624.508910984573,3567.6575241061828,3571.43212890625,1860730
2024-06-18,INFY.NS,1407.151975588544,1416.5517883847267,1405.6480284899164,1408.2799072265625,5420939
2024-06-18,TCS.NS,3565.8404992258129,3580.70569469464,3536.9488083003748,3555.63525390625,1774045
2024-06-19,INFY.NS,1414.6720101859473,1424.682835067257,1406.8701186508476,1420.640869140625,5493456
2024-06-19,TCS.NS,3567.3315803702772,3573.1101006391245,3534.9915715369352,3543.146484375,1509050
2024-06-20,INFY.NS,1425.2937600659554,1426.4216917830183,1409.1260120772156,1424.44775390625,7927010
2024-06-20,TCS.NS,3537.8341118844478,3550.8353271412921,3522.9689165897294,3529.67919921875,2846526
2024-06-21,INFY.NS,1452.271166938704,1464.2559289959652,1432.249518545518,1440.7093505859375,17301941
2024-06-21,TCS.NS,3566.725402515704,3614.0705356759631,3539.7443400003353,3551.58056640625,4642195
2024-06-24,INFY.NS,1433.0486251290843,1437.3254714613729,1424.4477727552649,1435.4925537109375,5564989
2024-06-24,TCS.NS,3549.7169174041856,3594.6854349663126,3533.4537373890407,3557.219482421875,1702154
2024-06-25,INFY.NS,1434.4115183965616,1451.237207255743,1429.1006009006553,1449.4041748046875,4551525
2024-06-25,TCS.NS,3557.4055898723664,3585.9709904295314,3534.9445413738563,3577.396728515625,1338808
2024-06-26,INFY.NS,1448.5112883548547,1455.8901191462501,1442.8714001458156,1448.229248046875,4851004
2024-06-26,TCS.NS,3583.035835329611,3603.958966959271,3579.7738700744012,3593.614013671875,1639845
2024-06-27,INFY.NS,1446.1141853395814,1483.6665071274144,1440.0983968135813,1478.9195556640625,14757754
2024-06-27,TCS.NS,3570.4534633819771,3673.9043468159107,3558.4308841597035,3666.588134765625,4526556
2024-06-28,INFY.NS,1478.1676356666337,1493.1602914681441,1470.3657449978248,1472.7156982421875,8197544
2024-06-28,TCS.NS,3651.3502171183336,3690.6801469139846,3632.7570634006711,3638.62841796875,2731571
2024-07-01,INFY.NS,1465.9009253417439,1503.8761950899986,1465.9009253417439,1495.3223876953125,6801771
2024-07-01,TCS.NS,3619.8489271393464,3729.54409757546,3619.8489271393464,3707.642333984375,2658723
2024-07-02,INFY.NS,1500.3982072481522,1535.7415983279318,1491.2804339153117,1523.7568359375,10493173
2024-07-02,TCS.NS,3721.9955765217287,3749.768698145293,3711.6970409015075,3744.1767578125,2307449
2024-07-03,INFY.NS,1527.4696078755678,1537.8094021442639,1509.609963229638,1529.7255859375,7269965
2024-07-03,TCS.NS,3746.5996932334028,3752.2849230860397,3686.0203449597284,3695.5732421875,1821198
2024-07-04,INFY.NS,1530.4776709701966,1560.3691254148293,1530.2897205875556,1551.580322265625,8008311
2024-07-04,TCS.NS,3727.820255141,3772.0897796971713,3711.2774328068517,3747.485107421875,2518001
2024-07-05,INFY.NS,1552.3320687468383,1565.8678223873435,1535.3184302011182,1548.5721435546875,7065022
2024-07-05,TCS.NS,3737.2796479964227,3752.8904794437894,3716.775869378986,3738.957275390625,1668616
2024-07-08,INFY.NS,1544.4832231774994,1566.0088175073649,1541.5693041489067,1561.919921875,5880533
2024-07-08,TCS.NS,3748.4636711812386,3757.0845784309718,3707.5027573776674,3721.622314453125,1758882
2024-07-09,INFY.NS,1560.2750121000736,1566.7138611771477,1551.9091554243114,1557.6900634765625,5191182
2024-07-09,TCS.NS,3713.9798058244342,3734.4369389213416,3704.7531966941151,3714.44580078125,1305801
2024-07-10,INFY.NS,1557.5490553427878,1573.5287378659184,1539.2664644712022,1549.32421875,9852770
2024-07-10,TCS.NS,3712.7687221974984,3731.0358182193099,3636.6251805066217,3643.288818359375,2669716
2024-07-11,INFY.NS,1556.6090643284788,1565.0688961998292,1543.4963708254108,1553.507080078125,8857679
2024-07-11,TCS.NS,3663.6526936077744,3709.320203652745,3630.6603385899334,3656.84912109375,4872189
2024-07-12,INFY.NS,1579.1686539269024,1616.5329122564228,1566.6199259649964,1609.0130615234375,17078316
2024-07-12,TCS.NS,3709.3201197843787,3914.3114978806502,3701.2118524670477,3899.399658203125,13509164
2024-07-15,INFY.NS,1622.5957659620963,1624.2877782953476,1600.4592739409936,1604.59521484375,6942230
2024-07-15,TCS.NS,3947.6296700366806,3951.6370444439917,3874.32830278344,3885.65234375,4848030
2024-07-16,INFY.NS,1615.4519041715741,1633.5935898883849,1597.9682742375035,1622.454833984375,6886281
2024-07-16,TCS.NS,3888.2624080539726,3909.2786012168121,3863.0053872075232,3894.27392578125,2029521
2024-07-18,INFY.NS,1615.8279831767179,1659.4431419133819,1615.8279831767179,1652.5343017578125,11248896
2024-07-18,TCS.NS,3877.0782166506792,4030.8565593784106,3877.0782166506792,4022.049072265625,5613364
2024-07-19,INFY.NS,1733.3255702708213,1733.3255702708213,1679.2295989019908,1685.3394775390625,29819116
2024-07-19,TCS.NS,4033.1187635646565,4071.7461454391314,4003.0857860035649,4019.1064453125,3903354
2024-07-22,INFY.NS,1692.1074068427617,1713.5859571917674,1685.3394724496927,1702.1651611328125,8462126
2024-07-22,TCS.NS,4016.8182908544136,4035.501383022473,3984.1694048386576,4005.0478515625,1896386
2024-07-23,INFY.NS,1701.3662125939957,1729.5186076175692,1676.2217119382558,1726.6517333984375,7113056
2024-07-23,TCS.NS,4000.9843192418566,4074.502471790674,3985.3837543169002,4019.060302734375,2365208
2024-07-24,INFY.NS,1727.2156416274588,1731.7745279912915,1710.3899533806657,1723.878662109375,6002845
2024-07-24,TCS.NS,4005.1877267779391,4053.3901939110833,3987.0652193102123,4022.703125,1809793
2024-07-25,INFY.NS,1710.7660645530111,1721.0118842620095,1703.2462137198111,1715.324951171875,5815599
2024-07-25,TCS.NS,4012.1940490122543,4057.0334702817745,3992.7638155808681,4037.88330078125,2810342
2024-07-26,INFY.NS,1715.7949342558115,1769.9848820315087,1715.7949342558115,1766.1309814453125,11369047
2024-07-26,TCS.NS,4063.5723344725097,4131.2520147711321,4051.4748504729951,4098.93017578125,3552210
2024-07-29,INFY.NS,1779.9486525351583,1788.7845001298599,1752.1252276626687,1758.799072265625,4635931
2024-07-29,TCS.NS,4124.2922591302104,4139.2387316434797,4083.1894597187202,4092.62451171875,1746803
2024-07-30,INFY.NS,1758.799150694115,1767.1179630223214,1748.3653802446454,1764.486083984375,2721265
2024-07-30,TCS.NS,4101.9668372921733,4108.4124135635329,4042.3674931307814,4077.912353515625,1797906
2024-07-31,INFY.NS,1764.344831170861,1772.0057014153294,1753.1121009722237,1756.1199951171875,5004209
2024-07-31,TCS.NS,4063.5727565045063,4123.3586545312392,4058.9019832211679,4096.59521484375,2330091
2024-08-01,INFY.NS,1744.699358548906,1755.7911843622094,1734.3595637121655,1741.409423828125,7475014
2024-08-01,TCS.NS,4109.71966219366,4128.3092475355779,4077.6313604093743,4107.5712890625,2202244
2024-08-02,INFY.NS,1732.3856829456133,1747.8953757120823,1707.1472058471231,1711.89404296875,7400938
2024-08-02,TCS.NS,4077.5851640722208,4108.4122684054128,3988.8404697796982,4001.031005859375,2811282
2024-08-05,INFY.NS,1677.8196096487513,1689.6164211011132,1615.4049418548652,1646.7532958984375,10736703
2024-08-05,TCS.NS,3959.8811983653177,3959.8811983653177,3839.8423368437457,3881.458740234375,2787771
2024-08-06,INFY.NS,1654.5551502330297,1689.0994653436978,1640.126459251215,1646.0013427734375,7690163
2024-08-06,TCS.NS,3896.312115658603,3977.8636256912109,3886.8300820406271,3896.545654296875,2203067
2024-08-07,INFY.NS,1688.2065718679119,1689.9925594528395,1656.341179884447,1684.11767578125,5094329
2024-08-07,TCS.NS,3949.6054040896379,3965.439506030656,3905.046049978384,3923.86962890625,1237666
2024-08-08,INFY.NS,1673.1196857214622,1673.1196857214622,1623.4416964698462,1638.5284423828125,6227910
2024-08-08,TCS.NS,3905.7001849068888,3953.3420670954206,3886.0829392998462,3897.806396484375,2441283
2024-08-09,INFY.NS,1664.9419144885312,1673.8717370362467,1650.6071993461458,1664.471923828125,4258524
2024-08-09,TCS.NS,3939.3300795683381,3973.5667555740238,3928.6338265895702,3950.306396484375,1302536
2024-08-12,INFY.NS,1666.6340589790329,1695.2564465708763,1661.9810822255999,1689.5225830078125,4315329
2024-08-12,TCS.NS,3951.4735523481527,3959.8809428850636,3910.6977994701601,3919.38525390625,936912
2024-08-13,INFY.NS,1701.3661471091791,1701.3661471091791,1681.6735848398871,1689.5693359375,4176918
2024-08-13,TCS.NS,3935.5930956421339,3955.2103410749573,3907.5684593095293,3920.60009765625,1495593
2024-08-14,INFY.NS,1693.8464406687062,1715.4660123309595,1689.5694795075585,1713.821044921875,7450718
2024-08-14,TCS.NS,3931.8561786207329,4022.6561758891089,3912.3789666239231,4012.427001953125,3226545
2024-08-16,INFY.NS,1738.9653871768742,1750.1041425189478,1719.6957707243737,1747.378173828125,7335657
2024-08-16,TCS.NS,4063.5722246731834,4135.5021238225709,4040.3118679924623,4125.27294921875,3457058
2024-08-19,INFY.NS,1748.3653628246682,1755.4622681250601,1738.2135180462226,1752.8773193359375,2585989
2024-08-19,TCS.NS,4129.8978195904092,4198.3246495576104,4101.2660700178894,4194.3544921875,2055210
2024-08-20,INFY.NS,1767.1649081160394,1772.5227558229078,1756.0730824760828,1759.8330078125,3870333
2024-08-20,TCS.NS,4208.3665786242627,4264.4158560310234,4203.6958055070327,4225.46142578125,2212298
2024-08-21,INFY.NS,1762.5589566406527,1766.2249067508462,1755.0391060531026,1760.302978515625,1966902
2024-08-21,TCS.NS,4220.5105082115788,4259.7450016478078,4196.7360910463631,4251.8046875,1896990
2024-08-22,INFY.NS,1770.9248323444356,1779.9956751616294,1757.4830533776285,1767.39990234375,4300287
2024-08-22,TCS.NS,4259.7454256441579,4260.6330550599241,4201.0806930237804,4205.564453125,1829872
2024-08-23,INFY.NS,1765.4730331765138,1769.6089743171249,1745.545473240602,1750.33935546875,5015935
2024-08-23,TCS.NS,4203.6952365367697,4209.3001635188193,4161.6582841714026,4169.97216796875,1809253
2024-08-26,INFY.NS,1757.7652339668489,1775.3898853769442,1752.1253455156184,1763.546142578125,3728589
2024-08-26,TCS.NS,4193.4207873794412,4252.4125702284637,4189.6841682772983,4205.9853515625,1844164
2024-08-27,INFY.NS,1763.5460856398784,1788.5495673509674,1761.4311275389509,1786.05859375,3830679
2024-08-27,TCS.NS,4208.3664078475049,4213.0371807751935,4191.3646119386513,4201.033203125,930697
2024-08-28,INFY.NS,1792.450420519267,1833.9035742094779,1783.5205978872887,1822.7177734375,6514531
2024-08-28,TCS.NS,4202.5280218163734,4262.0803777798728,4163.807131055486,4209.34716796875,1848058
2024-08-29,INFY.NS,1816.9838956969513,1833.4335688344042,1805.6101446478181,1817.3128662109375,7228284
2024-08-29,TCS.NS,4166.3292391067434,4256.0080747467091,4166.3292391067434,4214.71826171875,2133641
2024-08-30,INFY.NS,1821.6837784081808,1832.9635541258785,1812.2839653100993,1827.0416259765625,13466759
2024-08-30,TCS.NS,4203.6959258337911,4289.8716923133834,4192.29905664945,4253.90673828125,3637222
2024-09-02,INFY.NS,1826.7127550540231,1857.1681741009113,1826.195834151735,1846.5933837890625,5573739
2024-09-02,TCS.NS,4274.6918457605543,4285.9017019994362,4214.9059458198471,4223.35986328125,1216500
2024-09-03,INFY.NS,1848.9431652572641,1848.9431652572641,1820.2266914499244,1824.7386474609375,4694322
2024-09-03,TCS.NS,4223.3592928724402,4255.9146705286284,4199.8653969042552,4215.232421875,1717263
2024-09-04,INFY.NS,1805.7980647866775,1811.5319278069883,1786.0115271331308,1807.0670166015625,4778310
2024-09-04,TCS.NS,4182.1636385807215,4191.5517099027811,4144.5639157539808,4184.31201171875,1265505
2024-09-05,INFY.NS,1810.6389839934859,1823.5637269032381,1794.9882723576418,1817.1248779296875,4081810
2024-09-05,TCS.NS,4185.9463016647351,4202.7610826131759,4160.8641621906181,4181.22900390625,1688793
2024-09-06,INFY.NS,1806.6441381891027,1820.2738676395406,1783.0035845038899,1787.7034912109375,5848106
2024-09-06,TCS.NS,4179.3610983851941,4221.3980548145219,4147.6463676936664,4163.29345703125,1649179
2024-09-09,INFY.NS,1776.5647327651429,1805.5631341580754,1775.6247514250556,1780.9356689453125,4772612
2024-09-09,TCS.NS,4161.6587077914965,4194.5876571629105,4138.771920285124,4156.5673828125,1184938
2024-09-10,INFY.NS,1790.5704823041315,1818.8638977650467,1782.2046254069915,1797.5263671875,6909600
2024-09-10,TCS.NS,4149.9351903760689,4241.0152617944505,4148.0668812187687,4211.02880859375,1385591
2024-09-11,INFY.NS,1799.7822173243185,1810.4040523138208,1790.6644442667855,1795.50537109375,5312946
2024-09-11,TCS.NS,4223.7337640764827,4249.7965878284513,4176.8390177571582,4184.40576171875,1325919
2024-09-12,INFY.NS,1809.4642374562259,1838.9796770575238,1796.1165471605727,1833.38671875,8555092
2024-09-12,TCS.NS,4213.270834445676,4234.1492812284687,4139.5191454519509,4220.23046875,2742216
2024-09-13,INFY.NS,1833.3865832495185,1841.0474542218399,1819.4749280775688,1827.417724609375,3843127
2024-09-13,TCS.NS,4231.7202698902056,4247.6008978346053,4208.366405266087,4224.8076171875,1458786
2024-09-16,INFY.NS,1828.9686923682912,1834.8435757434945,1817.0309752474043,1833.1986083984375,1570181
2024-09-16,TCS.NS,4228.9173781495801,4246.712838740109,4198.5108319383271,4216.07275390625,1155120
2024-09-17,INFY.NS,1830.8486394119768,1840.9063937669002,1825.5847669015141,1835.360595703125,2793127
2024-09-17,TCS.NS,4216.0732990837996,4237.1383031147143,4171.9344937037058,4208.9736328125,1699364
2024-09-18,INFY.NS,1822.388800311061,1822.388800311061,1768.3869188956942,1778.585693359375,6385468
2024-09-18,TCS.NS,4200.9396647462272,4200.9396647462272,4036.4819336551354,4059.975830078125,2961779
2024-09-19,INFY.NS,1795.9282898631557,1809.370068657787,1766.036952686509,1780.5125732421875,7976570
2024-09-19,TCS.NS,4100.9853388177071,4131.018774987293,3999.8631004200911,4013.268310546875,2927551
2024-09-20,INFY.NS,1790.664520804125,1800.0643345616268,1755.3212440246816,1791.3695068359375,15242974
2024-09-20,TCS.NS,4032.6514890644999,4045.5430949040842,3949.1381675920679,4002.758544921875,5447908
2024-09-23,INFY.NS,1794.4243751721033,1803.7302133718899,1765.7078993837924,1782.6275634765625,3636672
2024-09-23,TCS.NS,4016.8648351477391,4025.6457972822582,3972.9595683449616,3987.43896484375,1702319
2024-09-24,INFY.NS,1774.6846588682515,1796.2102531560402,1759.0809925494216,1784.6484375,7277616
2024-09-24,TCS.NS,3971.6981532968798,4008.457226546826,3960.8153438728832,3990.05419921875,3012026
2024-09-25,INFY.NS,1773.1338507441149,1787.4685667691454,1764.1570974239128,1781.5467529296875,4268341
2024-09-25,TCS.NS,3972.352614968177,4007.1498756615333,3960.8157138209835,3993.277587890625,2713073
2024-09-26,INFY.NS,1783.8964326933581,1802.8369627730845,1779.3844768703336,1786.1993408203125,8952803
2024-09-26,TCS.NS,3979.4991024952678,4032.5589080764444,3979.4991024952678,4009.859130859375,3964251
2024-09-27,INFY.NS,1816.1379526373021,1856.0871602157958,1789.0665584656958,1792.3094482421875,14908931
2024-09-27,TCS.NS,4049.5607627780728,4089.7294162496892,4016.9118724461396,4024.99267578125,3012477
2024-09-30,INFY.NS,1767.1649937536263,1787.1395980713203,1758.2351706468926,1763.029052734375,6986955
2024-09-30,TCS.NS,4004.6273184936945,4015.6971418817079,3979.5451759133052,3987.43896484375,2503416
2024-10-01,INFY.NS,1762.4650370326212,1794.3773580722982,1762.4650370326212,1790.053466796875,4029072
2024-10-01,TCS.NS,3975.3415301068503,4012.8947284663568,3963.5715467415071,4005.5615234375,1823365
2024-10-03,INFY.NS,1776.0947919095763,1797.1033525009973,1768.104950294741,1779.7607421875,7503887
2024-10-03,TCS.NS,3981.9275753897014,3997.2476199353259,3932.7909511399207,3954.04296875,3350119
2024-10-04,INFY.NS,1776.141704358394,1836.8174281895435,1772.8047248589348,1803.025146484375,10001483
2024-10-04,TCS.NS,3946.8028343335695,4014.9961140747178,3945.9152050903635,3972.258544921875,2965463
2024-10-07,INFY.NS,1807.7720480585581,1825.4437429610623,1801.0512733437376,1818.2059326171875,6112575
2024-10-07,TCS.NS,3992.4836096528597,4014.2962127335372,3950.9137262468112,3991.5029296875,1472619
2024-10-08,INFY.NS,1821.5898836675146,1840.436440915146,1791.9334261359113,1831.6007080078125,5637391
2024-10-08,TCS.NS,3991.2688530047076,3997.6209215426975,3927.139233867937,3973.19287109375,1541867
2024-10-09,INFY.NS,1835.3605115538048,1858.3430081700687,1828.3575821051584,1835.5484619140625,4857163
2024-10-09,TCS.NS,3979.4989381222272,4012.1943519330907,3967.0748633261851,3972.913330078125,1082504
2024-10-10,INFY.NS,1840.3893918331603,1846.1232547571165,1799.2181654069389,1803.8240966796875,4782119
2024-10-10,TCS.NS,3973.1933999040161,4011.1201712067309,3922.1419377756233,3949.04541015625,2378875
2024-10-11,INFY.NS,1802.8842276209207,1830.1436867455332,1795.4583520140732,1818.9578857421875,4709431
2024-10-11,TCS.NS,3870.2024438892004,3962.6372224848437,3841.6642037825386,3875.994384765625,5759183
2024-10-14,INFY.NS,1816.1849669571325,1851.2932470173037,1815.1979406537325,1841.3294677734375,3751378
2024-10-14,TCS.NS,3867.3995282499391,3891.1269606996525,3850.7717610394611,3864.27001953125,2137590
2024-10-15,INFY.NS,1842.3633853617557,1871.9257519487339,1834.6085394794932,1841.7054443359375,5353705
2024-10-15,TCS.NS,3859.0389973491433,3895.377974493319,3825.3629080466067,3845.727294921875,2759474
2024-10-16,INFY.NS,1837.6635261263593,1841.9404871358424,1801.3332242595482,1804.858154296875,3111512
2024-10-16,TCS.NS,3816.0213698692205,3844.046006612446,3799.3933731218913,3825.316162109375,2359151
2024-10-17,INFY.NS,1819.0517651449982,1859.2830106666543,1814.3049284281569,1849.9771728515625,8162822
2024-10-17,TCS.NS,3841.9910114211275,3858.0121283615904,3823.4481787021273,3838.44140625,2522659
2024-10-18,INFY.NS,1780.1367445813487,1820.6028732629586,1757.0601563072833,1766.7889404296875,10526196
2024-10-18,TCS.NS,3830.0134545143619,3882.5941101246872,3820.6491184397551,3860.96240234375,2361000
2024-10-21,INFY.NS,1777.5986762175419,1784.8366013292746,1727.6856903747387,1741.5504150390625,4654601
2024-10-21,TCS.NS,3869.90566242773,3876.7885409708174,3811.2848264736672,3820.5087890625,1595450
2024-10-22,INFY.NS,1746.6732140121014,1765.0969393741664,1736.0984243371561,1740.4693603515625,4125240
2024-10-22,TCS.NS,3807.5386718020409,3829.8258351822333,3751.6805040836334,3760.248779296875,1928049
2024-10-23,INFY.NS,1734.5005619867161,1772.804801466981,1733.3255853155424,1760.9610595703125,4311910
2024-10-23,TCS.NS,3745.3595039860488,3852.0658265646516,3741.1921920295281,3807.772705078125,1966476
2024-10-24,INFY.NS,1749.6812424897346,1770.9247972575436,1748.3652457001226,1751.51416015625,2906475
2024-10-24,TCS.NS,3749.480254699009,3819.7127769523622,3749.480254699009,3790.589599609375,2676744
2024-10-25,INFY.NS,1751.60811836117,1763.7339001545147,1735.581505943881,1750.292236328125,4689120
2024-10-25,TCS.NS,3799.1580039005003,3831.8863126796623,3776.3557541640885,3799.626220703125,1759676
2024-10-28,INFY.NS,1748.0833692337449,1768.9510252263069,1745.5454653432146,1753.394287109375,7018940
2024-10-28,TCS.NS,3810.3010511703237,3871.2160961826371,3793.4921155384282,3830.80908203125,1532534
2024-10-29,INFY.NS,1754.9627985871089,1760.2866061853301,1738.8011693476826,1748.59326171875,4621252
2024-10-29,TCS.NS,3835.4917962088498,3842.6554220695816,3802.0142937502201,3816.201171875,1445885
2024-10-30,INFY.NS,1741.6531367383279,1748.3079249245552,1707.76122797984,1713.2276611328125,5919715
2024-10-30,TCS.NS,3815.966438037417,3845.9323094526803,3801.9668032098898,3825.0029296875,1935002
2024-10-31,INFY.NS,1699.728089871948,1699.728089871948,1660.3697457491953,1670.589599609375,7395236
2024-10-31,TCS.NS,3811.2843201543719,3819.0567638779958,3708.2766358258755,3716.189453125,3740372
2024-11-01,INFY.NS,1677.4819828348002,1678.9080088899161,1665.6460129974564,1674.011962890625,371966
2024-11-01,TCS.NS,3736.22946325371,3744.7508713227357,3723.3066346350938,3730.9384765625,154895
2024-11-04,INFY.NS,1639.4547657394151,1679.8588408591163,1633.2753189564019,1676.674072265625,7336722
2024-11-04,TCS.NS,3714.176311035008,3738.148871941436,3664.4984671424641,3712.162841796875,2269192
2024-11-05,INFY.NS,1673.2039554066878,1681.2371893406507,1658.9436944231081,1667.68994140625,3160880
2024-11-05,TCS.NS,3690.5781600490641,3732.6239327704229,3690.5781600490641,3718.9052734375,967590
2024-11-06,INFY.NS,1677.0066599508023,1737.0898453384439,1675.7232596966139,1733.762451171875,10421494
2024-11-06,TCS.NS,3749.105477634464,3886.0117892264452,3722.5574948634721,3876.507080078125,3792017
2024-11-07,INFY.NS,1723.5426610222241,1735.6638830746192,1698.8724555004114,1714.1309814453125,4550965
2024-11-07,TCS.NS,3904.6474627956704,3938.452350809554,3825.3782193936936,3887.042236328125,3724349
2024-11-08,INFY.NS,1728.3437169759088,1749.8291547139529,1723.7329222391422,1739.704345703125,4210960
2024-11-08,TCS.NS,3890.8816055139632,3904.6940011051383,3855.905719127717,3883.39013671875,1648039
2024-11-11,INFY.NS,1738.8011800020988,1775.8778590726738,1732.669314114394,1768.367431640625,3804234
2024-11-11,TCS.NS,3865.7851459705239,3965.140379367605,3855.9054977183528,3931.8037109375,1406487
2024-11-12,INFY.NS,1778.8249314544848,1788.2367269114475,1769.2230456045741,1776.638427734375,5012450
2024-11-12,TCS.NS,3948.0041827419432,3949.8770500013084,3899.6374772174322,3930.58642578125,1587640
2024-11-13,INFY.NS,1769.3181384269985,1780.8213927172376,1764.7549244206982,1776.2581787109375,4257495
2024-11-13,TCS.NS,3912.5131307817969,3929.9775251481869,3868.4536576373816,3886.527099609375,1098813
2024-11-14,INFY.NS,1773.5961711004963,1783.4833086013102,1764.4696272729379,1772.5980224609375,4311431
2024-11-14,TCS.NS,3872.1528287724964,3895.5636681242045,3854.7821688707118,3882.35986328125,1825432
2024-11-18,INFY.NS,1758.0049000608628,1758.0049000608628,1706.4778709351956,1722.1165771484375,4839244
2024-11-18,TCS.NS,3945.1947755060291,3945.1947755060291,3736.5573227124837,3763.994873046875,3313944
2024-11-19,INFY.NS,1735.4737552340218,1767.987103735295,1730.7679155470983,1734.7607421875,4669769
2024-11-19,TCS.NS,3764.3692068958972,3869.4838748575798,3758.9380751010713,3782.770263671875,1776233
2024-11-21,INFY.NS,1751.1600648219601,1774.9271666789355,1730.8154024223286,1743.6021728515625,5436504
2024-11-21,TCS.NS,3787.7798692512988,3832.3073290355883,3768.2085000510119,3813.953369140625,2384347
2024-11-22,INFY.NS,1762.6633798054363,1819.6569616576032,1743.5546524623389,1808.4388427734375,6301486
2024-11-22,TCS.NS,3812.2209349517038,3984.4780672432212,3796.3015647983802,3974.785888671875,3096553
2024-11-25,INFY.NS,1821.5106048142616,1824.6479085391229,1789.1873477350939,1796.507568359375,12764638
2024-11-25,TCS.NS,4007.9350504819049,4052.9775895772523,3981.9023842193856,4040.803955078125,4052167
2024-11-26,INFY.NS,1811.00558516297,1842.9961275482167,1803.7329448177684,1829.2587890625,6850495
2024-11-26,TCS.NS,4046.3759173117037,4089.0307389004984,4036.0285097141345,4076.014404296875,2060669
2024-11-27,INFY.NS,1834.9153604909611,1845.6581372544963,1817.4703304442407,1829.591552734375,4447143
2024-11-27,TCS.NS,4081.8672312002336,4099.144155960028,4049.1853343064649,4057.14501953125,1558993
2024-11-28,INFY.NS,1820.4649949645564,1820.4649949645564,1760.3342260139732,1765.087646484375,8468790
2024-11-28,TCS.NS,4044.4567156934072,4064.0751824974659,3963.9234261473007,3975.06689453125,2558544
2024-11-29,INFY.NS,1759.8112760192771,1784.4340168837268,1754.0121263454853,1766.2283935546875,5244346
2024-11-29,TCS.NS,3951.7501752946628,4025.4476896600409,3928.9479234743953,3999.367919921875,2017425
2024-12-02,INFY.NS,1767.3216723437565,1789.9479994533772,1744.6953452341356,1787.095947265625,2868263
2024-12-02,TCS.NS,3998.571635878377,4015.6149109940702,3961.1609291279406,4004.798828125,1670944
2024-12-03,INFY.NS,1793.9408410909798,1806.0620629902432,1778.8725217831325,1798.789306640625,4715792
2024-12-03,TCS.NS,4040.1024675010203,4050.0753940748286,3994.3109550720992,4029.23974609375,2010905
2024-12-04,INFY.NS,1791.0888644737497,1819.56180716774,1782.5327074778559,1796.0799560546875,4705573
2024-12-04,TCS.NS,4039.352556956816,4108.087141922203,4016.4099361163426,4077.60595703125,3302642
2024-12-05,INFY.NS,1806.2997139926326,1853.7388717964993,1795.7946087095554,1839.4310302734375,9050038
2024-12-05,TCS.NS,4121.056708977947,4203.6503334910603,4082.850401875924,4180.2861328125,3746747
2024-12-06,INFY.NS,1837.4822303839658,1842.3781605401093,1818.0882520037569,1827.5950927734375,3573331
2024-12-06,TCS.NS,4169.9387792738089,4181.1759823619041,4132.2473272491579,4162.91552734375,1842087
2024-12-09,INFY.NS,1829.3062538776032,1835.0103583375276,1803.6377838079438,1828.783447265625,4274645
2024-12-09,TCS.NS,4148.8222442410943,4185.2960570172527,4134.869018418065,4169.142578125,2066639
2024-12-10,INFY.NS,1843.3764867481466,1868.6646608292151,1836.7216979873231,1852.45556640625,6174921
2024-12-10,TCS.NS,4144.7950030461343,4208.144637237795,4131.6382954001301,4150.7880859375,2087828
2024-12-11,INFY.NS,1858.5873457085745,1880.4530791874988,1855.7352935156714,1876.79296875,5025612
2024-12-11,TCS.NS,4150.1329112766762,4165.8648112282308,4126.8624472810225,4146.0126953125,1635256
2024-12-12,INFY.NS,1877.7911587179638,1900.2273959695365,1873.3705705619063,1889.00927734375,6462130
2024-12-12,TCS.NS,4148.4475737952953,4199.9047840917829,4144.6552005329395,4171.76513671875,1914642
2024-12-13,INFY.NS,1872.6100645470372,1907.5001256882165,1857.4466990978751,1901.0830078125,5362693
2024-12-13,TCS.NS,4153.0369230197994,4209.1758503719384,4115.0642612035554,4189.5107421875,1967048
2024-12-16,INFY.NS,1897.0425419167859,1900.9879041439099,1880.0728539329739,1882.402099609375,3119221
2024-12-16,TCS.NS,4175.5571096166586,4190.5400460943147,4117.4982307657428,4134.54150390625,1646224
2024-12-17,INFY.NS,1870.9462106912868,1884.255787393359,1861.4393701898068,1879.1220703125,5811050
2024-12-17,TCS.NS,4129.6718718414286,4151.1632042757365,4043.5199869866869,4053.3525390625,3225027
2024-12-18,INFY.NS,1869.8054617493733,1887.060284654621,1864.8618349910091,1881.54638671875,3064095
2024-12-18,TCS.NS,4037.6209173556795,4084.7233443207888,4016.9256434427375,4071.472900390625,1575404
2024-12-19,INFY.NS,1838.6230140993659,1863.1031292043601,1825.3134369549032,1850.2213134765625,5323592
2024-12-19,TCS.NS,4009.8086567024629,4086.5962115482362,3991.0799847888597,4000.3505859375,3015763
2024-12-20,INFY.NS,1877.7438033938301,1882.3070176382269,1816.9950636033855,1827.3575439453125,11056720
2024-12-20,TCS.NS,4053.8206774936325,4103.4516536791634,3888.5401624606857,3905.20849609375,4116989
2024-12-23,INFY.NS,1834.8678004850174,1844.3270603797318,1814.8558547757257,1829.4013671875,2781793
2024-12-23,TCS.NS,3933.067782725499,3948.9405152393119,3853.3305526486893,3893.9716796875,2195338
2024-12-24,INFY.NS,1832.015755380025,1846.2284355881454,1749.2586619372746,1814.9034423828125,2360544
2024-12-24,TCS.NS,3893.9714006937238,3949.8766658457575,3893.9714006937238,3913.823974609375,1181886
2024-12-26,INFY.NS,1814.9034908105154,1825.0757640546135,1808.4863732653307,1813.3348388671875,3623321
2024-12-26,TCS.NS,3913.8240225503459,3932.9742715466155,3879.7845715564272,3904.085205078125,1208464
2024-12-27,INFY.NS,1815.2362499340691,1829.2588404568401,1810.0074873662561,1822.2237548828125,3937500
2024-12-27,TCS.NS,3898.3732192187385,3915.1823858500129,3883.6243894799213,3900.105712890625,858100
2024-12-30,INFY.NS,1821.2254956591669,1821.5107473111229,1793.4655661808106,1812.00390625,7789055
2024-12-30,TCS.NS,3887.1356984119939,3932.3652563563705,3850.6147896579423,3894.439697265625,1527169
2024-12-31,INFY.NS,1798.9794709559926,1803.4476395627287,1754.0596496753712,1787.2860107421875,3613063
2024-12-31,TCS.NS,3872.1528852838974,3876.7884144403706,3775.7470931508838,3834.50830078125,1555429
2025-01-01,INFY.NS,1781.5819053214227,1799.5973216045268,1781.5819053214227,1789.6627197265625,1838368
2025-01-01,TCS.NS,3834.1334768483284,3871.2163372751711,3825.7524422101142,3851.036376953125,763161
2025-01-02,INFY.NS,1793.9409285299619,1865.8602051810894,1792.3248119514092,1861.296875,7083645
2025-01-02,TCS.NS,3858.1065690856431,3917.1018879818557,3836.5219567358895,3910.312744140625,1720835
2025-01-03,INFY.NS,1856.6384617090841,1856.6384617090841,1827.214835312903,1843.1387939453125,6218003
2025-01-03,TCS.NS,3914.2454689148967,3914.2454689148967,3832.1669338378674,3839.28369140625,1791953
2025-01-06,INFY.NS,1855.7354066651392,1875.6997732327457,1832.9189877307317,1842.283203125,7164403
2025-01-06,TCS.NS,3844.5281093499598,3885.8715609601418,3807.9134644789865,3834.695556640625,2085593
2025-01-07,INFY.NS,1849.08049857111,1861.9623140172655,1828.7834170796311,1835.6282958984375,4294832
2025-01-07,TCS.NS,3853.3774566252837,3877.1627775760412,3756.5500894487573,3772.2353515625,2669054
2025-01-08,INFY.NS,1834.8202633622047,1842.9961231909604,1795.6045452981161,1837.81494140625,5482050
2025-01-08,TCS.NS,3778.415783789389,3863.7249749019579,3762.3560392419636,3847.24365234375,2181277
2025-01-09,INFY.NS,1838.670663062687,1855.5927707165636,1816.3295863112587,1822.7467041015625,6833503
2025-01-09,TCS.NS,3840.3139999504324,3874.7279330150941,3769.4260257292876,3782.11474609375,2392472
2025-01-10,INFY.NS,1841.4749361612496,1880.2628903745419,1836.9591870921913,1869.9478759765625,8036913
2025-01-10,TCS.NS,3933.0205489871796,4023.8545949995028,3904.9275450658429,3994.497314453125,7894300
2025-01-13,INFY.NS,1859.5380561145209,1885.0164358188285,1852.8832675701437,1865.4322509765625,5804152
2025-01-13,TCS.NS,3975.1601587155828,4048.1553320419312,3958.6788378692631,4018.329833984375,4003771
2025-01-14,INFY.NS,1871.7543886244132,1874.5589763818855,1835.8660634362316,1844.374755859375,5792162
2025-01-14,TCS.NS,4028.5372487422837,4039.6807168613432,3950.8599006235359,3963.969970703125,3441709
2025-01-15,INFY.NS,1850.9818847069971,1861.4869901029845,1841.5700892018165,1853.501220703125,2985439
2025-01-15,TCS.NS,3949.8768689287285,3985.8829232366079,3939.9976774856577,3979.46826171875,1653474
2025-01-16,INFY.NS,1868.9973329214629,1869.948017007702,1822.3187674971882,1833.3466796875,7533579
2025-01-16,TCS.NS,3989.2068293675015,4021.0455693201998,3925.3889758814885,3938.920166015625,2637705
2025-01-17,INFY.NS,1759.7161759087412,1766.3709642563163,1722.6394979722525,1725.9193115234375,16409953
2025-01-17,TCS.NS,3967.1485446760735,3967.8162960355248,3910.0716357624865,3933.197998046875,1761466
2025-01-20,INFY.NS,1733.0494968108637,1737.8029172097529,1704.7191808636662,1723.87548828125,4333011
2025-01-20,TCS.NS,3953.7019785590901,3953.7019785590901,3879.6025285384753,3888.85302734375,1287799
2025-01-21,INFY.NS,1729.3418737355341,1741.3204695981628,1704.6240883474466,1711.896728515625,7169109
2025-01-21,TCS.NS,3905.5422311742732,3920.5147170966852,3843.2678934321675,3848.846923828125,1971591
2025-01-22,INFY.NS,1718.2664752007781,1773.7864501626696,1716.1274359637641,1764.8974609375,8373913
2025-01-22,TCS.NS,3862.3412243118146,3970.2482693362895,3856.8099236471508,3964.001953125,2409223
2025-01-23,INFY.NS,1766.3710631349807,1786.8583519719805,1761.3323909696403,1773.45361328125,5907471
2025-01-23,TCS.NS,3974.8736003633499,3997.1417593700044,3948.2184915647281,3953.36865234375,1822998
2025-01-24,INFY.NS,1773.501188842313,1801.4513245969808,1772.312833717117,1782.96044921875,4887027
2025-01-24,TCS.NS,3913.838960500178,3984.4101308405807,3913.838960500178,3959.94873046875,1910099
2025-01-27,INFY.NS,1757.577160982871,1771.1244088768565,1722.6395216773292,1732.1463623046875,7652371
2025-01-27,TCS.NS,3911.9316916717908,3963.7634492210204,3853.8058882600144,3876.7890625,1551782
2025-01-28,INFY.NS,1739.7519532584283,1771.5998715284597,1734.9034874184256,1739.5142822265625,6999495
2025-01-28,TCS.NS,3882.1773422914675,3911.9316269694687,3841.6466026166254,3853.090576171875,2468272
2025-01-29,INFY.NS,1754.0120684956396,1795.5094503993766,1749.7339902797964,1788.474365234375,5145155
2025-01-29,TCS.NS,3866.156090057751,3917.5110192644393,3866.156090057751,3909.833740234375,1217089
2025-01-30,INFY.NS,1780.7739533235829,1794.1309953598945,1753.0614884709362,1768.224853515625,7336056
2025-01-30,TCS.NS,3909.9290649379491,3938.5390004832252,3870.4474470167688,3910.072021484375,1531251
2025-01-31,INFY.NS,1778.729881094765,1803.875428129993,1778.729881094765,1787.095947265625,5820470
2025-01-31,TCS.NS,3919.5611518137493,3937.1564483563893,3895.9579550966228,3921.849853515625,1492943
2025-02-01,INFY.NS,1787.571323971164,1797.3633003755383,1754.9628135718901,1760.0489501953125,1701402
2025-02-01,TCS.NS,3922.4218338799574,3944.2606563810132,3868.0629609086086,3884.418212890625,437172
2025-02-03,INFY.NS,1745.4559465267448,1784.0062318529979,1742.0335070965566,1771.40966796875,4823228
2025-02-03,TCS.NS,3844.126360326472,3888.0903894285034,3813.4184082314428,3880.127197265625,1265713
2025-02-04,INFY.NS,1795.8421853594061,1816.9473250245051,1782.5326085489075,1805.158935546875,7334787
2025-02-04,TCS.NS,3894.4796324423637,3928.0010789730964,3877.6475473199966,3916.74755859375,2547132
2025-02-05,INFY.NS,1812.0038151596648,1825.0281403385413,1800.8808580974301,1803.4952392578125,4996744
2025-02-05,TCS.NS,3957.7073625783291,3957.7073625783291,3887.1361951492213,3901.53662109375,1693912
2025-02-06,INFY.NS,1822.4615009681065,1829.1162899648602,1806.2998705474192,1821.1781005859375,4765255
2025-02-06,TCS.NS,3915.1741382241371,3947.6941907477535,3863.8194446871762,3893.57373046875,2284536
2025-02-07,INFY.NS,1824.6480044797211,1828.8309215990796,1796.2699917999128,1809.769775390625,4126260
2025-02-07,TCS.NS,3900.4877171705862,3900.4877171705862,3822.2872299314695,3842.695556640625,1548940
2025-02-10,INFY.NS,1811.0531389851265,1811.0531389851265,1785.9550565261386,1787.5712890625,3828734
2025-02-10,TCS.NS,3852.804719489709,3864.248693904035,3828.3433173103899,3849.89599609375,1339511
2025-02-11,INFY.NS,1790.2333073638108,1809.1519452403381,1777.7793681552455,1783.1507568359375,4411601
2025-02-11,TCS.NS,3832.2053307443857,3852.8045770599656,3771.7430946218228,3779.89697265625,1810908
2025-02-12,INFY.NS,1792.0395140512057,1801.1660581275596,1755.9135185424811,1771.26708984375,5633947
2025-02-12,TCS.NS,3787.0973784585635,3835.4003946677012,3757.5812744449863,3767.117919921875,1678002
2025-02-13,INFY.NS,1776.3532848619434,1781.106705479717,1745.1233346132335,1752.3485107421875,5237744
2025-02-13,TCS.NS,3784.1407764523092,3799.8285110793609,3721.437334907012,3728.97119140625,2277310
2025-02-14,INFY.NS,1762.5681886374266,1767.606860408019,1738.1831200991312,1764.849853515625,5292961
2025-02-14,TCS.NS,3743.1334105306237,3765.0676954840515,3719.2917964508106,3752.527099609375,1681975
2025-02-17,INFY.NS,1747.8802472295231,1761.3799146336082,1732.2890052365772,1751.4453125,4428956
2025-02-17,TCS.NS,3677.8073533505512,3751.7163563026238,3677.5212074186329,3723.583251953125,1799806
2025-02-18,INFY.NS,1751.4453759773471,1769.8410902296603,1746.977091046225,1760.619384765625,4365260
2025-02-18,TCS.NS,3717.7654522168559,3742.5607282734563,3685.4363200281987,3693.733154296875,2149879
2025-02-19,INFY.NS,1756.2937934312417,1758.0049551458681,1716.840404092615,1721.498779296875,4611411
2025-02-19,TCS.NS,3692.7799162903398,3695.4024938684229,3593.5510708157549,3608.76220703125,4366672
2025-02-20,INFY.NS,1716.5077280780874,1740.7025920720746,1716.5077280780874,1735.14111328125,2218020
2025-02-20,TCS.NS,3587.2087965043847,3612.4809042027409,3577.4814657672678,3604.279296875,2888572
2025-02-21,INFY.NS,1731.9563977351202,1739.6093353659326,1717.125632438778,1725.49169921875,3379879
2025-02-21,TCS.NS,3601.1325452240194,3640.1373294239879,3600.0834211620527,3610.57373046875,1833931
2025-02-24,INFY.NS,1711.2788452920981,1718.8367369576058,1663.9347338827708,1677.1016845703125,7594720
2025-02-24,TCS.NS,3569.7091569360205,3588.8301766028944,3499.9486923438976,3505.289306640625,2508516
2025-02-25,INFY.NS,1659.0863139546623,1690.7440235880381,1659.0863139546623,1680.524169921875,5092963
2025-02-25,TCS.NS,3457.0335829818132,3488.5045093924064,3453.4573413442458,3461.372802734375,4101954
2025-02-27,INFY.NS,1668.6405526577571,1688.2722009652173,1664.7427713690586,1677.2918701171875,5757079
2025-02-27,TCS.NS,3444.3501806796594,3469.4316047064931,3433.8598707149063,3445.160888671875,3823856
2025-02-28,INFY.NS,1668.4981483304996,1668.5456129045258,1599.478390980019,1604.469482421875,12182167
2025-02-28,TCS.NS,3418.8394378860298,3433.1921349045429,3296.8181139902795,3321.851806640625,7085018
2025-03-03,INFY.NS,1608.8426647276233,1643.3524261230082,1608.8426647276233,1624.3387451171875,7504969
2025-03-03,TCS.NS,3323.5207082870261,3359.9983745974937,3315.0806845191901,3331.19775390625,4990439
2025-03-04,INFY.NS,1611.4094536632444,1615.212189837081,1587.6423525767659,1605.0399169921875,6759673
2025-03-04,TCS.NS,3313.0305962898201,3386.4627655224958,3303.780096861225,3368.390869140625,2797737
2025-03-05,INFY.NS,1608.9852468032536,1647.4879525703643,1608.9852468032536,1627.0958251953125,8180782
2025-03-05,TCS.NS,3357.7098367858857,3433.5261665416378,3357.7098367858857,3382.69580078125,2501894
2025-03-06,INFY.NS,1630.4231429408271,1637.3631829139892,1607.7017709749155,1631.231201171875,10610547
2025-03-06,TCS.NS,3392.1847305823949,3442.2043885764988,3372.253235052136,3434.71826171875,2786513
2025-03-07,INFY.NS,1619.1099451559189,1620.9162680194895,1592.8710891886537,1602.853271484375,8019331
2025-03-07,TCS.NS,3433.1920515026391,3457.0336629714075,3408.7781482273258,3443.873046875,2051315
2025-03-10,INFY.NS,1602.8533592169706,1634.2259338635661,1593.5366088108908,1617.5413818359375,7558981
2025-03-10,TCS.NS,3439.3908724736634,3454.268131170074,3416.5983850276339,3423.321533203125,1004626
2025-03-11,INFY.NS,1597.1492261839649,1597.1492261839649,1556.3173920894415,1579.6566162109375,12671234
2025-03-11,TCS.NS,3393.1382764053142,3422.4634596541796,3373.7311107824903,3409.63671875,1995450
2025-03-12,INFY.NS,1556.174926049121,1556.174926049121,1486.6799371035629,1512.3958740234375,14870008
2025-03-12,TCS.NS,3399.8140462677893,3403.8671205164956,3325.2852564493496,3343.738525390625,3174167
2025-03-13,INFY.NS,1520.3814033600804,1526.846101049761,1492.859147684044,1501.9381103515625,7822888
2025-03-13,TCS.NS,3340.0189616732987,3360.9995790197195,3322.6623157069057,3348.363525390625,1693004
2025-03-17,INFY.NS,1468.949515897204,1515.3904095675546,1468.949515897204,1511.63525390625,7526032
2025-03-17,TCS.NS,3327.3354895121856,3366.8648370538099,3316.2253910548311,3335.63232421875,2690906
2025-03-18,INFY.NS,1511.63525390625,1511.63525390625,1511.63525390625,1511.63525390625,0
2025-03-18,TCS.NS,3335.63232421875,3335.63232421875,3335.63232421875,3335.63232421875,0
2025-03-19,INFY.NS,1523.9465678973438,1523.9465678973438,1495.2359553339961,1508.307861328125,7387068
2025-03-19,TCS.NS,3382.6480693895237,3382.6480693895237,3302.3018331769308,3335.060302734375,3051244
2025-03-20,INFY.NS,1513.4890294263832,1551.4213467784741,1513.4890294263832,1535.877685546875,7186750
2025-03-20,TCS.NS,3349.269714639503,3413.117506170413,3349.269714639503,3398.049560546875,2845192
2025-03-21,INFY.NS,1500.1318826211229,1524.8022038807094,1486.5371700431922,1514.011962890625,10074677
2025-03-21,TCS.NS,3313.9839861740302,3448.6890906480107,3304.4473416095007,3412.306884765625,4161925
2025-03-24,INFY.NS,1519.1456594946171,1527.844442496362,1495.1408852060929,1514.2021484375,8857726
2025-03-24,TCS.NS,3433.1922402172363,3480.6370496480163,3401.3399386754099,3460.80078125,1834751
2025-03-25,INFY.NS,1525.8479837202599,1555.4618167078199,1525.8479837202599,1548.1414794921875,9890140
2025-03-25,TCS.NS,3476.1071349334247,3538.0953280117983,3469.4314833711383,3488.266357421875,3135390
2025-03-26,INFY.NS,1545.8122407498795,1556.9827781599724,1516.3410356679321,1520.571533203125,6651302
2025-03-26,TCS.NS,3478.7299854447656,3509.9625005632129,3457.844824191523,3467.333740234375,1734499
2025-03-27,INFY.NS,1516.8640098840594,1540.0606082841557,1507.7849306219216,1524.469482421875,9426573
2025-03-27,TCS.NS,3447.3542105169909,3493.2730630548403,3443.2056768112207,3482.019775390625,2528474
2025-03-28,INFY.NS,1511.5877308709687,1519.620965158934,1483.0672076469882,1493.1920166015625,6799047
2025-03-28,TCS.NS,3481.8288275034715,3491.3177419988115,3425.467166663208,3439.056884765625,2051919
2025-04-01,INFY.NS,1463.3404602190724,1471.0885586286036,1442.9957978349414,1451.21923828125,12680733
2025-04-01,TCS.NS,3407.1571321951615,3417.9335876728378,3361.6673818489821,3386.27197265625,2618493
2025-04-02,INFY.NS,1459.4902057913214,1478.9317655581158,1459.4902057913214,1473.7030029296875,6193478
2025-04-02,TCS.NS,3379.7872317472165,3398.9559827109488,3366.4836575784243,3379.739501953125,1764313
2025-04-03,INFY.NS,1458.9673514518697,1458.9673514518697,1411.8134441365378,1422.69873046875,10459504
2025-04-03,TCS.NS,3329.2429016890515,3339.7332116055741,3238.7877271411903,3245.46337890625,4537821
2025-04-04,INFY.NS,1388.4742004590178,1399.4070681791675,1376.5906485892897,1380.0606689453125,9590254
2025-04-04,TCS.NS,3206.7925383276747,3242.1256239661316,3142.8015533053699,3146.520751953125,5317367
2025-04-07,INFY.NS,1285.3249277060586,1336.5668248830998,1242.5441423903983,1327.8680419921875,21715252
2025-04-07,TCS.NS,2956.3603290523874,3138.8916446245044,2914.446815469058,3122.345703125,6623955
2025-04-08,INFY.NS,1360.4289830692378,1384.671428260199,1345.218037067066,1358.3375244140625,12805001
2025-04-08,TCS.NS,3149.0478246149446,3193.8223251274489,3104.4640104316932,3140.369384765625,5557558
2025-04-09,INFY.NS,1335.7586139092537,1339.9415307106342,1313.7502558802394,1334.47509765625,8546854
2025-04-09,TCS.NS,3109.47105463043,3118.4831382349053,3063.2183230694536,3096.16748046875,2990265
2025-04-11,INFY.NS,1341.652928180614,1367.8443214006479,1328.1532604606723,1339.941650390625,12567440
2025-04-11,TCS.NS,3137.1268682181048,3146.0912207172287,3057.4481586289262,3081.7666015625,7108961
2025-04-15,INFY.NS,1374.3089224037624,1376.3053358191778,1339.513907284088,1355.675537109375,10178530
2025-04-15,TCS.NS,3160.8254121609612,3160.8254121609612,3088.5378319194629,3097.69287109375,3512160
2025-04-16,INFY.NS,1354.724784610381,1357.1014947588201,1327.915540556106,1343.41162109375,12022740
2025-04-16,TCS.NS,3097.6925444324456,3126.207248648444,3079.3822351865115,3122.1064453125,2384391
2025-04-17,INFY.NS,1329.0563853909828,1359.2881865002564,1310.3279548495871,1349.49609375,14264227
2025-04-17,TCS.NS,3095.1181104037555,3150.5261105492141,3068.8923368600476,3146.043701171875,2932346
2025-04-21,INFY.NS,1340.4645789137878,1399.2169026224717,1340.4645789137878,1379.442626953125,15648970
2025-04-21,TCS.NS,3137.6514646949968,3198.5905292315319,3131.9294780595201,3167.69189453125,2432946
2025-04-22,INFY.NS,1368.9850198763202,1368.9850198763202,1349.3059066357173,1352.63330078125,9399738
2025-04-22,TCS.NS,3168.6456744024158,3179.4218966958829,3142.3244417890623,3160.825439453125,2710498
2025-04-23,INFY.NS,1374.6891479419496,1414.4277879886072,1368.6047467603623,1402.1639404296875,11136642
2025-04-23,TCS.NS,3209.0807969556886,3262.39054529537,3182.6643388926059,3254.856689453125,3543923
2025-04-24,INFY.NS,1397.4105217628291,1409.7694145318515,1389.4247524558623,1398.8365478515625,7114292
2025-04-24,TCS.NS,3243.5085192985021,3254.380201786355,3230.7292749264034,3243.9853515625,2252175
2025-04-25,INFY.NS,1402.7343459374797,1427.642222162945,1391.3261370921732,1407.2025146484375,8329979
2025-04-25,TCS.NS,3261.5322599831425,3316.6541090713094,3247.2272939305849,3288.23486328125,2742991
2025-04-28,INFY.NS,1407.2024661808139,1416.1389193452367,1393.0373668593481,1409.0087890625,5886253
2025-04-28,TCS.NS,3275.8376990559659,3297.5812971612027,3247.2277628196694,3283.94384765625,1593296
2025-04-29,INFY.NS,1408.9138107783806,1435.3428747016321,1401.4033833138335,1423.6494140625,8056743
2025-04-29,TCS.NS,3294.9109682944113,3333.0575496928996,3271.450727603039,3311.60009765625,1578332
2025-04-30,INFY.NS,1422.9840278751349,1434.3922372400868,1409.4842438297574,1426.1212158203125,7704183
2025-04-30,TCS.NS,3311.1232500527522,3347.2670426291115,3210.0348098149666,3293.671142578125,2809332
2025-05-02,INFY.NS,1425.7408206525301,1448.0818957850281,1422.4134264838601,1432.5858154296875,7402310
2025-05-02,TCS.NS,3311.1231943128828,3329.7196523454577,3261.5326395593488,3272.02294921875,1721761
2025-05-05,INFY.NS,1440.2864278864722,1447.8919007730015,1428.6881281546378,1434.2020263671875,4282493
2025-05-05,TCS.NS,3290.1426041887753,3342.1173206897283,3286.7093187748424,3294.243408203125,1284443
2025-05-06,INFY.NS,1431.7302219442606,1440.8567658860361,1425.170478593818,1436.958984375,4270530
2025-05-06,TCS.NS,3299.67919921875,3312.0768378285311,3277.7449155245213,3299.67919921875,1324763
2025-05-07,INFY.NS,1426.0260242923393,1443.8989302169214,1422.7936754272177,1433.916748046875,5691799
2025-05-07,TCS.NS,3262.1047034495318,3299.2021573396319,3262.1047034495318,3285.469482421875,1477128
2025-05-08,INFY.NS,1433.6315426322524,1441.7123570303784,1427.1668446936319,1436.8638916015625,8424409
2025-05-08,TCS.NS,3288.2350568363695,3315.89132616591,3269.8292861996833,3289.09326171875,2543591
2025-05-09,INFY.NS,1426.6915991963783,1436.8639888159648,1420.4171072727893,1433.2513427734375,4478653
2025-05-09,TCS.NS,3241.5056986606578,3286.518617372084,3240.6474937252347,3280.89208984375,2531757
2025-05-12,INFY.NS,1461.2014458755218,1551.5164343974311,1456.4480254270004,1546.66796875,11372857
2025-05-12,TCS.NS,3342.5939426230407,3462.2788327226672,3339.9236355611461,3452.646728515625,2228678
2025-05-13,INFY.NS,1529.6507024801845,1532.6928451513845,1487.4403056280353,1491.2430419921875,12846210
2025-05-13,TCS.NS,3452.6467573365649,3455.1263780922163,3347.8391251152984,3352.130615234375,3062887
2025-05-14,INFY.NS,1496.3767741072957,1516.3411402167324,1492.0986956552736,1513.869384765625,4870057
2025-05-14,TCS.NS,3357.8528260686357,3395.9994074497049,3346.0274789718064,3384.269287109375,2119499
2025-05-15,INFY.NS,1511.3976659657826,1538.7772990924948,1493.524758023796,1533.4534912109375,11151167
2025-05-15,TCS.NS,3398.8602651386764,3433.192187008764,3351.2724999000479,3414.0234375,3548330
2025-05-16,INFY.NS,1533.0731584594146,1533.0731584594146,1503.5069061207216,1511.49267578125,4576751
2025-05-16,TCS.NS,3427.3747231188299,3427.3747231188299,3381.7897466844238,3396.285400390625,1666727
2025-05-19,INFY.NS,1498.7534529196623,1506.8342676039738,1478.9791776249906,1482.8770751953125,8855798
2025-05-19,TCS.NS,3385.5089240585153,3385.5089240585153,3341.3542118072583,3355.754638671875,2537377
2025-05-20,INFY.NS,1492.5739041263851,1505.4081383338412,1481.1656959419795,1483.637451171875,7143998
2025-05-20,TCS.NS,3368.1525972918466,3393.138562626365,3332.1040297404493,3336.204833984375,2038374
2025-05-21,INFY.NS,1490.5775619923861,1493.5246593705174,1475.556707413097,1491.14794921875,4157309
2025-05-21,TCS.NS,3345.4551448560997,3373.1114160079887,3336.2046455537043,3362.430419921875,1440153
2025-05-22,INFY.NS,1478.789066286349,1483.8277382618005,1464.0534632471729,1471.18359375,6158990
2025-05-22,TCS.NS,3333.0573178571908,3335.7276249349993,3291.3822271437662,3315.891357421875,2034383
2025-05-23,INFY.NS,1473.560201459695,1508.9255998746105,1473.560201459695,1487.63037109375,5038421
2025-05-23,TCS.NS,3315.8913900733005,3371.2039297984234,3305.0197081551764,3351.749267578125,1274331
2025-05-26,INFY.NS,1489.3416207391451,1505.6934561525029,1485.6339297061554,1502.55615234375,3170102
2025-05-26,TCS.NS,3357.8529261364361,3380.7408756471646,3347.4580755316188,3373.397705078125,967470
2025-05-27,INFY.NS,1501.985817890451,1504.8378701621398,1479.6447417622219,1492.6690673828125,7775714
2025-05-27,TCS.NS,3368.342765431496,3375.972080868487,3321.7086679541808,3336.585693359375,2467680
2025-05-28,INFY.NS,1503.0315254066693,1509.4010623010483,1492.5740005619675,1494.2852783203125,3623370
2025-05-28,TCS.NS,3356.8990894476624,3365.4820700740911,3331.1501475683763,3335.63232421875,1222933
2025-05-29,INFY.NS,1510.6370121873999,1529.5556487030169,1498.8485063145804,1507.4046630859375,8609500
2025-05-29,TCS.NS,3342.3079620855306,3368.8198820327834,3324.951314566822,3336.013916015625,3188072
2025-05-30,INFY.NS,1514.5387348868949,1515.5027951891782,1499.2101525439637,1506.5369873046875,13148092
2025-05-30,TCS.NS,3328.2892004179307,3344.2153514588645,3293.0990724903722,3302.921630859375,3404365
2025-06-02,INFY.NS,1503.9340358386107,1503.9340358386107,1483.6887699715526,1497.9569091796875,4374509
2025-06-02,TCS.NS,3290.1425906350296,3299.679235825276,3260.1976178689561,3289.951904296875,1877585
2025-06-03,INFY.NS,1502.9700087561519,1510.9717563250315,1480.410974183671,1487.5450439453125,6853403
2025-06-03,TCS.NS,3286.3277699067066,3312.5535428818762,3242.9360364386989,3247.418212890625,2848125
2025-06-04,INFY.NS,1487.5450698528341,1501.3311794658816,1486.0025968815146,1495.4503173828125,4548307
2025-06-04,TCS.NS,3260.6957796433117,3266.2762443041534,3242.4151010321511,3252.90234375,2544807
2025-06-05,INFY.NS,1492.2689554139665,1511.3572786610305,1486.195328477135,1498.43896484375,6948539
2025-06-05,TCS.NS,3279.9386829080418,3279.9386829080418,3236.3536484436859,3243.4736328125,3584683
2025-06-06,INFY.NS,1498.8244913615613,1512.5142181403369,1487.6414154926169,1507.5975341796875,3960020
2025-06-06,TCS.NS,3243.473730125776,3262.5239346599506,3231.5430403786086,3256.07763671875,2070390
2025-06-09,INFY.NS,1521.2871674371763,1530.9277705261318,1514.5387452749073,1516.3704833984375,2903202
2025-06-09,TCS.NS,3271.2793043315464,3303.9920973748622,3262.5237275285212,3292.35009765625,1718678
2025-06-10,INFY.NS,1527.0715350387688,1549.7269523830939,1520.8051430073597,1538.6402587890625,8591925
2025-06-10,TCS.NS,3309.7651599636156,3353.8312663403485,3293.6011435982041,3331.798095703125,2419874
2025-06-11,INFY.NS,1532.9522867625028,1575.8529708756475,1532.9522867625028,1572.478759765625,10597410
2025-06-11,TCS.NS,3338.629301432497,3356.9099806046061,3318.5206483022603,3340.457275390625,2847013
2025-06-12,INFY.NS,1558.8854834598367,1569.4901466126246,1540.6647205061456,1550.787353515625,10483574
2025-06-12,TCS.NS,3340.4572389790806,3343.1512807546196,3293.6010193282204,3304.1845703125,4060134
2025-06-13,INFY.NS,1519.3589933969258,1551.1729824718614,1513.7673967286814,1544.424560546875,6968315
2025-06-13,TCS.NS,3264.7368639985107,3319.8675914563746,3264.7368639985107,3315.249267578125,2178493
2025-06-16,INFY.NS,1542.4964798976407,1576.0458254086714,1539.7006814911979,1565.441162109375,5591842
2025-06-16,TCS.NS,3309.765249187461,3376.1529823833721,3296.4876555687347,3363.933837890625,1934088
2025-06-17,INFY.NS,1562.45249586964,1588.192976732241,1557.5358118299073,1580.9625244140625,7622083
2025-06-17,TCS.NS,3377.1149611120309,3386.7363712576489,3356.0441668522099,3382.21435546875,2111940
2025-06-18,INFY.NS,1562.7417700471647,1585.5899524311051,1562.7417700471647,1574.214111328125,5629707
2025-06-18,TCS.NS,3385.8707818677981,3404.0551543920346,3312.748059500982,3320.733642578125,2696327
2025-06-19,INFY.NS,1565.5375611980423,1571.4183055533617,1553.5831898154863,1560.2352294921875,5147760
2025-06-19,TCS.NS,3319.3865161075769,3320.3486571267385,3283.7872983985972,3294.370849609375,2672768
2025-06-20,INFY.NS,1560.8136276168789,1572.0930860674746,1551.0766421115491,1564.573486328125,9202821
2025-06-20,TCS.NS,3295.3328241415052,3315.826473793808,3281.7665424976394,3305.627685546875,2351248
2025-06-23,INFY.NS,1543.4605584963404,1543.4605584963404,1518.7806380620095,1527.071533203125,7943676
2025-06-23,TCS.NS,3285.71154983106,3295.3329599330541,3242.4152043720856,3265.121826171875,3123421
2025-06-24,INFY.NS,1543.4604830931148,1551.172965207259,1519.9373891083474,1524.7576904296875,8083992
2025-06-24,TCS.NS,3304.5695443647028,3311.7856018031362,3253.9608342374113,3262.042724609375,3403048
2025-06-25,INFY.NS,1532.8558375256184,1561.6812632899293,1528.1319186406413,1556.8609619140625,7813533
2025-06-25,TCS.NS,3278.3030139670477,3319.3863869066126,3271.2793378210094,3314.38330078125,1757699
2025-06-26,INFY.NS,1550.9801998907828,1565.6338688312192,1548.8591966999713,1557.92138671875,6519233
2025-06-26,TCS.NS,3314.3832490719788,3320.7332385135887,3286.000090554292,3311.496826171875,2879106
2025-06-27,INFY.NS,1560.8136478253264,1571.0326636135578,1544.8102701550988,1550.208984375,8912268
2025-06-27,TCS.NS,3324.1969071312105,3335.1652197542762,3301.1055248530197,3310.8232421875,1778433
2025-06-30,INFY.NS,1556.9573602116636,1556.9573602116636,1536.8084767193552,1544.2318115234375,6294505
2025-06-30,TCS.NS,3309.6687189307536,3333.7222438362001,3300.1436170272782,3330.93212890625,1468351
2025-07-01,INFY.NS,1551.1731318297038,1559.5604099565173,1542.9786187031953,1549.05224609375,4178937
2025-07-01,TCS.NS,3324.1971950415045,3353.0614253891877,3284.268343060543,3299.85498046875,2375183
2025-07-02,INFY.NS,1559.8495930029494,1589.7354628318069,1545.7743359105034,1552.619140625,8653641
2025-07-02,TCS.NS,3355.1782290195283,3357.7759628799704,3290.5223973149878,3293.697509765625,3090585
2025-07-03,INFY.NS,1560.331649069145,1573.7321112354073,1556.9574379034102,1560.5244140625,5259695
2025-07-03,TCS.NS,3300.143541734672,3305.2429358778249,3268.9702681275116,3272.049072265625,2531870
2025-07-04,INFY.NS,1566.5979433677658,1584.3366759246808,1554.3544249759318,1581.733642578125,4411273
2025-07-04,TCS.NS,3278.9765232213795,3297.2572021947381,3261.7542933055606,3290.329833984375,1109320
2025-07-07,INFY.NS,1581.0590301119776,1584.9152716488361,1564.670003580329,1568.5262451171875,3294523
2025-07-07,TCS.NS,3288.8866014623586,3296.3913481829886,3279.361264698508,3282.536376953125,1639174
2025-07-08,INFY.NS,1569.4901440157089,1587.035994129852,1563.2237521630664,1579.8055419921875,4590681
2025-07-08,TCS.NS,3276.090106685197,3295.3329266950955,3264.9291771203739,3277.24462890625,2325242
2025-07-09,INFY.NS,1578.9380931561673,1579.1308581535004,1565.2483655342028,1574.9853515625,4580828
2025-07-09,TCS.NS,3280.9009191528598,3284.7494832808984,3239.5288547764453,3255.69287109375,2034938
2025-07-10,INFY.NS,1579.9985303020203,1579.9985303020203,1549.3413641152463,1557.728759765625,5330179
2025-07-10,TCS.NS,3252.036411459103,3270.3170895116841,3228.9450286558431,3253.960693359375,3035012
2025-07-11,INFY.NS,1522.3475129338776,1549.3411998575521,1506.8261664893921,1537.5797119140625,11391755
2025-07-11,TCS.NS,3174.9690253465947,3208.7402687610033,3137.638142071979,3142.3525390625,7635550
2025-07-14,INFY.NS,1534.5911874414394,1534.5911874414394,1503.7412587495296,1513.8638916015625,9173426
2025-07-14,TCS.NS,3142.3524012818311,3148.1252470894524,3078.8510973979974,3100.691650390625,3924009
2025-07-15,INFY.NS,1508.8507771918205,1545.9670993616789,1507.7903343807391,1528.614013671875,7614807
2025-07-15,TCS.NS,3084.6237277539685,3136.0019578941046,3084.6237277539685,3129.1708984375,2590889
2025-07-16,INFY.NS,1522.2513030563432,1554.0652948238287,1521.769272878048,1550.1126708984375,6223491
2025-07-16,TCS.NS,3115.3660543882861,3132.6467324603605,3109.1875484963994,3121.255126953125,2540733
2025-07-17,INFY.NS,1540.5684750083872,1552.1371994765352,1523.3117708067696,1526.589599609375,7374814
2025-07-17,TCS.NS,3112.5660896618524,3129.8467656197472,3093.257966493316,3098.181396484375,2947640
2025-07-18,INFY.NS,1534.8803087969368,1541.8216132443929,1523.2152032454187,1529.095947265625,5161833
2025-07-18,TCS.NS,3113.4349233841249,3117.1035139987139,3076.749488627971,3079.549072265625,3432645
2025-07-21,INFY.NS,1523.2153333190533,1531.8918763569468,1510.4897839367352,1527.36083984375,3682661
2025-07-21,TCS.NS,3079.6457649501349,3086.9829463169931,3042.9603295055881,3048.94580078125,3844346
2025-07-22,INFY.NS,1508.7544033781517,1528.8069051416751,1508.7544033781517,1514.4423828125,8473741
2025-07-22,TCS.NS,3050.29736328125,3070.0881893397918,3045.4703325352643,3050.29736328125,3198036
2025-07-23,INFY.NS,1519.6483195050439,1534.6876368616054,1494.2934861823694,1517.9129638671875,8035026
2025-07-23,TCS.NS,3050.2973827051528,3071.9223863069301,3048.3665703944635,3069.122802734375,1922875
2025-07-24,INFY.NS,1523.2152714875201,1525.1433920843399,1492.558106924831,1496.70361328125,14169664
2025-07-24,TCS.NS,3055.6071726498794,3063.9095243213292,3031.3753834279701,3039.0986328125,2934778
2025-07-25,INFY.NS,1487.9307380615389,1493.8114825426642,1456.9844249801497,1461.2261962890625,10851259
2025-07-25,TCS.NS,3031.3754596711351,3047.6907301283586,3017.4737047072799,3027.32080078125,2568917
2025-07-28,INFY.NS,1459.4908778130184,1464.6968268487494,1429.2193615593824,1461.515380859375,6439855
2025-07-28,TCS.NS,3002.413314143324,3010.1365638260077,2963.7004308309211,2972.775390625,3374473
2025-07-29,INFY.NS,1458.5267960319763,1462.6721845547067,1442.3305365336291,1459.2979736328125,7070448
2025-07-29,TCS.NS,2954.1431191329557,2967.6588066061131,2935.9934345300248,2950.281494140625,4785312
2025-07-30,INFY.NS,1465.2753927209724,1467.0106307922656,1451.8749299240865,1464.40771484375,5719051
2025-07-30,TCS.NS,2954.14286063789,2962.8315161103542,2941.7856146047457,2947.96435546875,2880121
2025-07-31,INFY.NS,1455.4418850255533,1472.21655890233,1443.1983654712351,1454.76708984375,6851407
2025-07-31,TCS.NS,2936.4760015872098,2953.9499481457733,2910.6997030967705,2931.74560546875,2968371
2025-08-01,INFY.NS,1440.2096707795008,1444.8370894973941,1412.83033538686,1416.782958984375,8702978
2025-08-01,TCS.NS,2925.0843242738711,2931.745768865168,2896.2187714629122,2899.114990234375,2053847
2025-08-04,INFY.NS,1408.9741142502269,1429.5086455065348,1398.8514812022438,1427.291259765625,8610216
2025-08-04,TCS.NS,2905.0038424767117,2972.8717086542492,2888.1092342571515,2968.044677734375,2519252
2025-08-05,INFY.NS,1425.5558755811649,1425.5558755811649,1402.7076942328947,1407.8172607421875,10213323
2025-08-05,TCS.NS,2968.0447240743761,2971.0375775693733,2936.7656575031788,2957.907958984375,1927996
2025-08-06,INFY.NS,1399.8155998166778,1403.7682236349031,1378.8955377191221,1385.0654296875,10566934
2025-08-06,TCS.NS,2957.0390447864347,2960.7076353045086,2921.3190171478132,2927.401123046875,1487081
2025-08-07,INFY.NS,1378.60613953599,1390.1748623852432,1363.3739407112198,1385.2581787109375,9892020
2025-08-07,TCS.NS,2911.6651804028552,2946.0337363593026,2906.7415143675912,2941.5927734375,2543076
2025-08-08,INFY.NS,1373.785961785155,1381.6912093691872,1366.1698616884539,1371.9542236328125,10048009
2025-08-08,TCS.NS,2942.6548164180272,2953.9500221411749,2920.3538382840879,2931.359375,2762140
2025-08-11,INFY.NS,1368.8692198674414,1381.8840336926869,1363.1812406590395,1376.870849609375,6625368
2025-08-11,TCS.NS,2931.3592490987544,2944.3922326106717,2916.78175710605,2935.607177734375,1884215
2025-08-12,INFY.NS,1376.8709588997938,1389.2109785794498,1369.9297713819558,1372.9183349609375,9899184
2025-08-12,TCS.NS,2935.8001676667204,2989.2835752923374,2922.1878463699968,2930.393798828125,3358232
2025-08-13,INFY.NS,1373.7860181657672,1382.4625614383931,1371.2794847569719,1375.3284912109375,10318063
2025-08-13,TCS.NS,2931.0698605624675,2939.0825434733065,2923.8293140563796,2931.166259765625,2148166
2025-08-14,INFY.NS,1374.9427475738962,1417.1686356270611,1374.9427475738962,1395.6700439453125,12902347
2025-08-14,TCS.NS,2929.0422751905776,2950.1845757137776,2914.6578177545016,2917.7470703125,3342174
2025-08-18,INFY.NS,1412.0590009823861,1412.0590009823861,1378.2205097468736,1384.19775390625,7254561
2025-08-18,TCS.NS,2941.1101377304376,2943.5236533530624,2899.5010341184338,2907.03125,2945609
2025-08-19,INFY.NS,1381.2092603896435,1397.309139357621,1381.2092603896435,1388.2469482421875,3986094
2025-08-19,TCS.NS,2907.0313669979796,2920.3540209100356,2906.9349677861255,2911.8583984375,2650784
2025-08-20,INFY.NS,1388.921654258322,1445.1264179190935,1388.921654258322,1442.427001953125,10413061
2025-08-20,TCS.NS,2906.7411661876208,2996.041231481408,2906.7411661876208,2991.407470703125,4952358
2025-08-21,INFY.NS,1453.8029491188529,1453.8029491188529,1430.9547668193538,1442.619873046875,6565539
2025-08-21,TCS.NS,3021.7213219758819,3021.7213219758819,2976.4438667328482,2995.269287109375,3230726
2025-08-22,INFY.NS,1444.2586883281961,1450.2359327005538,1432.6899649169563,1434.0396728515625,5543397
2025-08-22,TCS.NS,2979.2433381745764,2988.6077305625959,2944.4887172496624,2948.350341796875,1593791
2025-08-25,INFY.NS,1452.549588321255,1483.6887826854402,1452.549588321255,1477.0367431640625,10694531
2025-08-25,TCS.NS,2980.4986359104341,3042.9603704880119,2970.6515397185153,3031.954833984375,3448370
2025-08-26,INFY.NS,1468.2638125760993,1483.1103644867733,1464.0219237897441,1474.6265869140625,15994798
2025-08-26,TCS.NS,3020.7558185419289,3052.6142212302902,3012.0671632632848,3047.980224609375,5522097
2025-08-28,INFY.NS,1474.6266696224122,1474.6266696224122,1444.162386475055,1446.1868896484375,5443364
2025-08-28,TCS.NS,3036.2026334864163,3037.6507428505593,2979.7263682848406,2986.67724609375,3116051
2025-08-29,INFY.NS,1447.9221529924621,1447.9221529924621,1414.9512209221689,1416.782958984375,8169075
2025-08-29,TCS.NS,2986.0014441709259,3007.2403810515466,2970.7479787267771,2977.988525390625,2271789
2025-09-01,INFY.NS,1423.6278448203498,1449.3683262879331,1423.1458146544753,1445.5120849609375,4546057
2025-09-01,TCS.NS,2983.1050661178219,3022.7833539936464,2983.1050661178219,3004.92333984375,1246862
2025-09-02,INFY.NS,1445.5120710387366,1458.4305028963795,1432.8829043510907,1444.837158203125,5218763
2025-09-02,TCS.NS,3013.1295666219185,3045.8567444955961,2995.7522539750339,3003.861572265625,2185229
2025-09-03,INFY.NS,1446.0904115917858,1447.9221496497632,1420.0607841831338,1425.9415283203125,4623483
2025-09-03,TCS.NS,3021.6247697126682,3033.2096441073413,2981.1743442292172,2990.345703125,1799774
2025-09-04,INFY.NS,1430.665555379037,1430.665555379037,1407.6244895421655,1410.4202880859375,5787724
2025-09-04,TCS.NS,3008.2057030500109,3010.1365154396449,2983.8775140795951,2988.60791015625,1481391
2025-09-05,INFY.NS,1417.1685500698275,1419.771465639559,1381.4983212585462,1392.681396484375,5466487
2025-09-05,TCS.NS,2989.959772231462,2996.0416430120658,2923.8294445249576,2942.847900390625,2802055
2025-09-08,INFY.NS,1398.8515684147906,1405.5999908675153,1376.967445534214,1381.402099609375,3811567
2025-09-08,TCS.NS,2944.4888711015133,2958.8733290135365,2911.6650607351357,2914.561279296875,2626187
2025-09-09,INFY.NS,1427.7733097648295,1453.0316426482493,1419.5787971834648,1450.2359619140625,13072640
2025-09-09,TCS.NS,2927.2080859646412,2954.1428233110028,2925.9530108288373,2943.909423828125,2489301
2025-09-10,INFY.NS,1455.8274419814547,1479.7361846012639,1455.0562643479029,1477.518798828125,7281071
2025-09-10,TCS.NS,2950.667462651561,3014.6739418754814,2947.7712440051832,3002.413330078125,2079428
2025-09-11,INFY.NS,1469.1314991861996,1472.6020926929066,1452.3568266067848,1455.4417724609375,8003662
2025-09-11,TCS.NS,3030.4101295308183,3030.4101295308183,3002.5099840051885,3016.1220703125,2263446
2025-09-12,INFY.NS,1481.7606968153777,1487.4486761823323,1466.4321143461764,1470.7703857421875,12856963
2025-09-12,TCS.NS,3035.2373069700302,3039.7746692912174,3013.032962803265,3025.00390625,1447167
2025-09-15,INFY.NS,1470.7703889313757,1472.6021270614033,1447.2472937742573,1454.1885986328125,6167414
2025-09-15,TCS.NS,3025.5831305954289,3025.5831305954289,2988.8976937854013,3004.24755859375,1732539
2025-09-16,INFY.NS,1454.1886984360899,1459.5874130189484,1449.4647790449067,1456.9844970703125,8923112
2025-09-16,TCS.NS,3019.79077434497,3041.029712016194,3001.5446903508278,3036.87841796875,2573429
2025-09-17,INFY.NS,1462.3832147820146,1471.8309359014429,1459.5874161418101,1467.685546875,4795698
2025-09-17,TCS.NS,3042.9605183648332,3072.3087742640014,3033.6925240309452,3063.041015625,2418271
2025-09-18,INFY.NS,1494.2935138953433,1499.1138155530703,1483.2068200825713,1485.2313232421875,9331945
2025-09-18,TCS.NS,3074.8188270106057,3092.1961390627853,3052.035145819797,3066.805908203125,2633138
2025-09-19,INFY.NS,1489.0875921991392,1495.546867150236,1465.4681136380061,1484.845703125,12988129
2025-09-19,TCS.NS,3060.3375576215258,3070.4743224022909,3035.2369972120114,3059.565185546875,4901694
2025-09-22,INFY.NS,1429.4121385641438,1460.2620677071914,1428.7373434373958,1445.6083984375,15655204
2025-09-22,TCS.NS,2987.9321401382099,2999.4203794523928,2958.96995461183,2967.465576171875,3634901
2025-09-23,INFY.NS,1439.3420265057648,1458.6232324870878,1439.3420265057648,1443.6802978515625,9832164
2025-09-23,TCS.NS,2963.79714260431,2974.126942183857,2946.4198303675421,2956.4599609375,3177741
2025-09-24,INFY.NS,1433.7504516255494,1442.9090246067481,1429.4121802134027,1440.884521484375,4937004
2025-09-24,TCS.NS,2944.4888232106205,2951.2466664114318,2928.0769182943645,2930.393798828125,1625714
2025-09-25,INFY.NS,1435.4857737282794,1448.6933526456728,1423.4350200871756,1431.436767578125,9491867
2025-09-25,TCS.NS,2917.4578712528405,2924.7950534929191,2848.9140231856827,2855.092529296875,4974361
2025-09-26,INFY.NS,1421.9889772759154,1425.5559533998919,1389.4036912657584,1396.8270263671875,8597058
2025-09-26,TCS.NS,2839.2595057026215,2852.5821577986485,2791.2788668730732,2798.80908203125,3934636
2025-09-29,INFY.NS,1407.5280279964163,1412.3483294621576,1384.8726111074329,1389.982177734375,10513117
2025-09-29,TCS.NS,2815.1243298799081,2827.964278797825,2793.885394606466,2795.912841796875,3110035
2025-09-30,INFY.NS,1391.1390030128964,1400.0083106366037,1386.4150840398418,1389.982177734375,7556305
2025-09-30,TCS.NS,2810.297523025748,2814.448816935253,2785.2935960579534,2788.479248046875,2253458
2025-10-01,INFY.NS,1394.0311438860911,1397.405354815276,1376.0996464847649,1393.83837890625,6250692
2025-10-01,TCS.NS,2790.989341906879,2823.620118812873,2767.4335247553831,2813.38671875,1952902
2025-10-03,INFY.NS,1387.2827843305461,1396.2485922754322,1381.6911874663804,1394.609619140625,6877533
2025-10-03,TCS.NS,2822.8477787064007,2822.8477787064007,2791.0860084428191,2801.51220703125,2899519
2025-10-06,INFY.NS,1394.6096065704758,1425.6524188431904,1390.4642178899833,1422.9530029296875,4630590
2025-10-06,TCS.NS,2801.6087745208811,2890.0400761544852,2795.4302691582598,2885.019775390625,2112774
2025-10-07,INFY.NS,1424.5918193613172,1429.6050033943986,1401.7436379480739,1406.0819091796875,5570320
2025-10-07,TCS.NS,2891.3915683348691,2900.5629272327596,2853.2580234436414,2870.828369140625,3062943
2025-10-08,INFY.NS,1404.6358503769075,1444.1623224877194,1402.707729786136,1441.2701416015625,4657192
2025-10-08,TCS.NS,2872.0833836381421,2937.7310038355854,2865.3255403825228,2922.4775390625,4121889
2025-10-09,INFY.NS,1448.0185870707542,1459.5873108023447,1433.5576824062659,1455.0562744140625,7028753
2025-10-09,TCS.NS,2929.0422325730342,2959.9352290932507,2915.5265465954394,2955.783935546875,3211304
2025-10-10,INFY.NS,1455.7310370996563,1467.0104954131987,1444.933608930849,1460.4549560546875,3738353
2025-10-10,TCS.NS,2944.489063414404,2963.7971884203998,2902.8799597485281,2923.539794921875,8817365
2025-10-13,INFY.NS,1443.1982662450723,1450.6214834671307,1430.0870697276371,1439.5347900390625,5859355
2025-10-13,TCS.NS,2922.2847689517289,2930.4907222176985,2894.4810213351129,2903.169677734375,2866865
2025-10-14,INFY.NS,1445.1264411305913,1459.9729938155936,1433.075686951717,1436.353515625,5600789
2025-10-14,TCS.NS,2916.4922004564141,2922.4776719016259,2853.2580928331454,2857.89208984375,3611416
2025-10-15,INFY.NS,1430.569218120133,1435.1002548224249,1414.7586043879573,1421.41064453125,6986098
2025-10-15,TCS.NS,2878.9193527026337,2887.3496649868071,2859.5392156935281,2877.756591796875,4282226
2025-10-16,INFY.NS,1420.9285143742625,1421.5069270236047,1408.0100826842827,1418.61474609375,8005748
2025-10-16,TCS.NS,2877.8534092983937,2882.7954389661986,2851.8842144350965,2878.628662109375,3251495
2025-10-17,INFY.NS,1402.6114532010124,1405.9856644896408,1382.4625679694304,1389.307373046875,16959378
2025-10-17,TCS.NS,2877.9501459264029,2896.1675207642234,2863.8025522629873,2870.391845703125,4374683
2025-10-20,INFY.NS,1401.4544470050912,1414.2764963974259,1397.8874708768014,1408.395751953125,6994246
2025-10-20,TCS.NS,2892.9698128193104,2929.307567962745,2886.1867651925359,2921.749267578125,3133039
2025-10-21,INFY.NS,1424.8811360663631,1432.5936185349226,1417.1686535978035,1419.482421875,1698704
2025-10-21,TCS.NS,2937.1568492749448,2937.8351067763124,2903.1446131495227,2913.512939453125,310644
2025-10-23,INFY.NS,1455.7310466373283,1490.4372172856354,1451.8748054541832,1473.566162109375,20358624
2025-10-23,TCS.NS,2960.3157836535247,3001.9830761894009,2942.001649703373,2977.95166015625,5564758
2025-10-24,INFY.NS,1484.1708637038648,1487.5450748262833,1463.4435668090073,1470.57763671875,8652257
2025-10-24,TCS.NS,2984.5410810523458,2994.231149497321,2963.5136798415369,2968.26171875,2684318
2025-10-27,INFY.NS,1478.0165606695539,1483.2043487095048,1466.3685916918344,1472.633056640625,7273211
2025-10-27,TCS.NS,2971.4594315335457,2998.3008732953872,2965.3546412157716,2989.2890625,1946312
2025-10-28,INFY.NS,1467.9347848431598,1474.5908017388306,1458.9296979699484,1468.4241943359375,8211019
2025-10-28,TCS.NS,2980.6650953225503,2994.424945391891,2945.9746024900292,2963.1259765625,3470737
2025-10-29,INFY.NS,1468.4241778932897,1488.0005573851865,1465.1941469679696,1478.408203125,4884976
2025-10-29,TCS.NS,2963.1259620155829,2980.6650806895282,2951.691870406029,2962.83544921875,2895420
2025-10-30,INFY.NS,1475.0801523386458,1476.2546872805226,1457.5592692997866,1462.1597900390625,5608867
2025-10-30,TCS.NS,2954.5989044510861,2968.8432579445289,2938.8040453557428,2941.2265625,2241536
2025-10-31,INFY.NS,1458.4403008415877,1465.3898918009988,1449.3372364048548,1450.9034423828125,4819814
2025-10-31,TCS.NS,2940.9357431934422,2972.3314700068563,2931.342670159881,2963.222900390625,1868085
2025-11-03,INFY.NS,1450.9033496746388,1459.8105780526128,1442.9748207432419,1454.0355224609375,5470600
2025-11-03,TCS.NS,2952.4670144300139,2963.2230855965854,2916.7107546258085,2923.300048828125,2194877
2025-11-04,INFY.NS,1448.3583414401685,1450.511814804534,1431.9142548968182,1436.808349609375,8691330
2025-11-04,TCS.NS,2926.01311261092,2935.4124315282234,2883.7643202783443,2897.524169921875,2670720
2025-11-06,INFY.NS,1447.2816360762577,1451.5884632356699,1430.9354078512456,1435.6336669921875,7944752
2025-11-06,TCS.NS,2897.4273670737821,2930.2766034150336,2897.3303717628805,2917.58251953125,2542721
2025-11-07,INFY.NS,1438.8638806951196,1449.5330313264731,1418.4065403991735,1445.5198974609375,8765759
2025-11-07,TCS.NS,2907.9897675229322,2910.896788283535,2868.7449872547954,2899.074951171875,1830520
2025-11-10,INFY.NS,1458.5381171839108,1487.8048281611332,1458.4402591842686,1481.4425048828125,9787975
2025-11-10,TCS.NS,2900.2374801058718,2953.4358611387806,2899.2684732632038,2931.439453125,1556656
2025-11-11,INFY.NS,1492.6989304110698,1500.9210336624128,1479.0933228205395,1497.88671875,13692989
2025-11-11,TCS.NS,2950.6259510827763,2960.9942773891976,2924.4627653096281,2952.56396484375,2806868
2025-11-12,INFY.NS,1507.3812396717751,1526.1745164244364,1505.5214596999074,1518.8333740234375,14635417
2025-11-12,TCS.NS,2965.1608589527805,3039.192885115363,2962.3508338140637,3034.735595703125,4460315
2025-11-13,INFY.NS,1524.1189242683809,1524.5104757353395,1497.8866487683968,1509.14306640625,19655689
2025-11-13,TCS.NS,3034.7355077486659,3034.8322664831685,3005.859058134587,3009.4443359375,1740435
2025-11-14,INFY.NS,1487.8047537888665,1497.5929429585301,1457.2656513734084,1470.9691162109375,9739549
2025-11-14,TCS.NS,2994.2312415737683,3016.6153949995773,2981.9249015850019,3009.7353515625,2210794
2025-11-17,INFY.NS,1464.3132041198487,1478.2123859372509,1460.8873376663598,1475.66748046875,7910354
2025-11-17,TCS.NS,3009.7352518307202,3026.6928715689805,2990.9366137218799,3006.052978515625,2232853
2025-11-18,INFY.NS,1474.1013313334302,1474.1013313334302,1451.7842115910621,1454.91650390625,7525119
2025-11-18,TCS.NS,3005.8592500198897,3008.7662705711664,2982.6030856096777,2991.421142578125,2548350
2025-11-19,INFY.NS,1458.9296699222182,1510.317665675936,1458.9296699222182,1508.4578857421875,10981126
2025-11-19,TCS.NS,3001.0142221592077,3057.2166196035841,2987.9326296506028,3050.142822265625,3151053
2025-11-20,INFY.NS,1522.0634729079381,1522.0634729079381,1501.5082748815287,1503.955322265625,7387584
2025-11-20,TCS.NS,3050.4335382511167,3066.4221511422043,3040.8404651460387,3047.332763671875,2700767
2025-11-21,INFY.NS,1498.5718033380108,1518.6375916910017,1493.9714020948772,1512.2752685546875,9186302
2025-11-21,TCS.NS,3047.3328378654478,3071.7517635606687,3038.0302773272961,3052.953125,4177037
2025-11-24,INFY.NS,1530.4813442936104,1551.4280945139647,1508.3600590826622,1515.2117919921875,19270381
2025-11-24,TCS.NS,3060.1236005069036,3080.3757488319188,3033.9604158287252,3043.84423828125,6703764
2025-11-25,INFY.NS,1516.1905908718425,1517.7566773334454,1493.5798964672151,1498.1802978515625,8107952
2025-11-25,TCS.NS,3047.8172964935952,3052.1778273241375,3018.4563415864895,3022.526123046875,2737920
2025-11-26,INFY.NS,1499.6485223505715,1527.2512890379419,1499.6485223505715,1524.902099609375,7575038
2025-11-26,TCS.NS,3022.1385231343734,3079.5036796699528,3020.3942635403532,3064.87158203125,2508527
2025-11-27,INFY.NS,1530.8728564928056,1540.954739594805,1519.3227449478784,1533.2220458984375,7552252
2025-11-27,TCS.NS,3081.4417653096157,3081.4417653096157,3028.1463888655812,3039.386962890625,2836233
2025-11-28,INFY.NS,1531.8516566735827,1535.1796650003639,1524.0211050739736,1527.055419921875,4453221
2025-11-28,TCS.NS,3042.681550361056,3049.755347777002,3028.1464474134714,3040.259033203125,1616690
2025-12-01,INFY.NS,1529.4045743430058,1540.6609920101703,1523.0422513137389,1530.872802734375,5341800
2025-12-01,TCS.NS,3040.6466638725274,3056.247769627983,3025.4333028223336,3036.2861328125,1747647
2025-12-02,INFY.NS,1533.8093151456649,1546.4361036663386,1523.1401645511503,1527.9364013671875,6335969
2025-12-02,TCS.NS,3033.960607457575,3046.5576971723458,3023.6890396759504,3038.514892578125,2512003
2025-12-03,INFY.NS,1522.1613705980963,1552.4069009511541,1521.182551618934,1545.261474609375,12895312
2025-12-03,TCS.NS,3042.6813780586676,3112.3528729457903,3041.7123712503685,3081.441650390625,3952112
2025-12-04,INFY.NS,1534.7880917871573,1565.1314788059085,1534.7880917871573,1563.7611083984375,12609619
2025-12-04,TCS.NS,3095.00770730463,3149.2720878960699,3088.6121678196405,3129.11669921875,5025905
2025-12-05,INFY.NS,1575.8985332981872,1597.2368345243183,1566.1103436503722,1581.9671630859375,10344725
2025-12-05,TCS.NS,3129.8920818805241,3170.2028609083113,3122.5275352935842,3137.837890625,5244013
2025-12-08,INFY.NS,1582.8481284293375,1595.4749170068917,1566.3060639818279,1576.681640625,7550413
2025-12-08,TCS.NS,3142.4892183607631,3158.8653395160463,3109.1554773099156,3136.190673828125,2544725
2025-12-09,INFY.NS,1567.2848235795727,1572.8641631737528,1548.883099378693,1565.1314697265625,6957599
2025-12-09,TCS.NS,3129.8919017803323,3133.4771795542747,3082.6043235655852,3108.864501953125,2734893
2025-12-10,INFY.NS,1573.9408513587562,1573.9408513587562,1549.2746619298632,1551.2322998046875,5116140
2025-12-10,TCS.NS,3125.0471830165943,3125.0471830165943,3079.6008550466445,3090.356689453125,1386849
2025-12-11,INFY.NS,1564.1527099609375,1573.3536321517727,1547.023378030827,1564.1527099609375,5159319
2025-12-11,TCS.NS,3105.6669848803986,3108.9615135733166,3055.3756234989633,3092.972900390625,1914362
2025-12-12,INFY.NS,1567.4806809838458,1567.8722324584342,1549.0788370408115,1564.348388671875,4633912
2025-12-12,TCS.NS,3098.5931202045713,3123.1090405337873,3086.9650381423917,3120.6865234375,1146554
2025-12-15,INFY.NS,1551.4280562362142,1576.6816332735752,1551.4280562362142,1572.766357421875,4190558
2025-12-15,TCS.NS,3111.5778055696951,3137.8377476982373,3098.205464520373,3130.085693359375,1562190
2025-12-16,INFY.NS,1566.1103574156468,1569.0468143358012,1552.0153403019585,1559.1607666015625,5499258
2025-12-16,TCS.NS,3120.2020232950872,3120.2020232950872,3092.1978202621681,3105.763916015625,1734623
2025-12-17,INFY.NS,1553.5814245843821,1572.8642300238714,1552.4068896118622,1568.0679931640625,4817628
2025-12-17,TCS.NS,3101.3064465551838,3136.5782015286727,3101.3064465551838,3118.0703125,1376350
2025-12-18,INFY.NS,1576.3879761796316,1595.4749463972676,1572.6684162407605,1592.3427734375,6577293
2025-12-18,TCS.NS,3127.9540675108942,3185.9007236352077,3121.1710196569366,3179.11767578125,2307422
2025-12-19,INFY.NS,1615.0513027562847,1619.8475396129329,1595.2792073285575,1603.9906005859375,13149023
2025-12-19,TCS.NS,3196.7536342139651,3215.0677692559998,3177.1797429379312,3180.280517578125,3902511
2025-12-22,INFY.NS,1628.7547583833573,1657.3362243784013,1628.7547583833573,1653.8125,23098923
2025-12-22,TCS.NS,3207.4124793759211,3225.4361003246422,3189.0013503402283,3221.8505859375,2632816
2025-12-23,INFY.NS,1643.4370603643276,1643.4370603643276,1621.3157754082474,1632.9637451171875,6593060
2025-12-23,TCS.NS,3217.005670614833,3217.005670614833,3191.4239850093231,3207.41259765625,2365420
2025-12-24,INFY.NS,1625.8182910699556,1632.2784723030877,1617.4983299175808,1628.16748046875,4271167
2025-12-24,TCS.NS,3201.695681385047,3223.98283930865,3193.9436264550982,3216.1337890625,1367708
2025-12-26,INFY.NS,1628.167521100225,1633.453167508233,1616.7152673020842,1621.0220947265625,2006491
2025-12-26,TCS.NS,3210.4167512800273,3217.102804044398,3170.3967202884214,3178.342529296875,1176664
2025-12-29,INFY.NS,1622.8818655924697,1637.6620082639456,1602.4245250544589,1609.863525390625,4062817
2025-12-29,TCS.NS,3178.3422795248348,3186.0943338651391,3142.3920328921031,3150.7255859375,2079473
2025-12-30,INFY.NS,1612.1148331917736,1612.9957941560388,1582.5545482823341,1587.2528076171875,9395937
2025-12-30,TCS.NS,3149.272405605489,3166.2300262510571,3139.0978332181485,3146.171630859375,2807593
2025-12-31,INFY.NS,1586.6655664923117,1594.1045668429529,1575.1154547350545,1581.1842041015625,6538656
2025-12-31,TCS.NS,3139.5823140818702,3145.3963554042443,3099.3685282687848,3106.829833984375,3362634
2026-01-01,INFY.NS,1581.184158007412,1604.8715288376811,1579.9116455766828,1595.2791748046875,3658165
2026-01-01,TCS.NS,3115.3569684925901,3133.8650936348258,3099.0776063813255,3127.37255859375,1255735
2026-01-02,INFY.NS,1601.2499777187402,1608.6889779975038,1593.0278744696911,1605.6546630859375,2524526
2026-01-02,TCS.NS,3133.7680727866077,3153.4389586535176,3119.717473820805,3149.950439453125,1184324
2026-01-05,INFY.NS,1602.3265912739637,1602.3265912739637,1549.568226955718,1572.374755859375,5917885
2026-01-05,TCS.NS,3140.0667687506084,3146.3653134186775,3092.1009285860796,3116.423095703125,2341703
2026-01-06,INFY.NS,1566.2081943610224,1585.5888575673962,1565.1315174017209,1578.0518798828125,4466729
2026-01-06,TCS.NS,3110.512016678168,3162.063134250383,3105.6669823842772,3154.892578125,2912325
2026-01-07,INFY.NS,1580.7926463324388,1607.2207586859843,1580.7926463324388,1604.2843017578125,4508079
2026-01-07,TCS.NS,3142.3921354819236,3198.3040184958663,3123.3027483604965,3193.458984375,1989442
2026-01-08,INFY.NS,1604.1864033686149,1609.472049603195,1574.5281413468902,1579.128662109375,3942131
2026-01-08,TCS.NS,3185.0286459327272,3185.0286459327272,3083.3799179984962,3104.60107421875,4159336
2026-01-09,INFY.NS,1575.8984873520981,1596.7473784879789,1572.9620305433675,1579.91162109375,6816681
2026-01-09,TCS.NS,3092.1010079115476,3129.6015275056188,3092.1010079115476,3108.38037109375,1938673
2026-01-12,INFY.NS,1575.996349102621,1579.1286413969012,1558.867017677559,1562.09716796875,6985362
2026-01-12,TCS.NS,3103.7288359339782,3151.2101699835457,3075.9183875911604,3139.194580078125,2228342
2026-01-13,INFY.NS,1583.7290294043642,1583.7290294043642,1552.7983751003353,1565.1314697265625,8080618
2026-01-13,TCS.NS,3144.4271981322199,3178.3424375573745,3110.9964621274244,3166.71435546875,5645341
2026-01-14,INFY.NS,1554.3644397699236,1582.7501883551427,1549.5682031809922,1565.91455078125,7557157
2026-01-14,TCS.NS,3158.9621580119419,3158.9621580119419,3084.3486346478562,3093.55419921875,3539511
2026-01-15,INFY.NS,1565.91455078125,1565.91455078125,1565.91455078125,1565.91455078125,0
2026-01-15,TCS.NS,3093.55419921875,3093.55419921875,3093.55419921875,3093.55419921875,0
2026-01-16,INFY.NS,1628.4610307331891,1658.1192925556761,1618.3792672921977,1654.00830078125,19335957
2026-01-16,TCS.NS,3176.3318131508636,3178.7983689605644,3128.579389024886,3163.8017578125,4293470
2026-01-19,INFY.NS,1649.3098917471841,1649.3098917471841,1631.2017416004051,1645.59033203125,5104958
2026-01-19,TCS.NS,3145.3520534559602,3176.9239686725823,3109.9324074221513,3121.278564453125,3387562
2026-01-20,INFY.NS,1637.5641409981627,1644.6115898062917,1617.8899035477921,1623.7628173828125,6406503
2026-01-20,TCS.NS,3109.4391143226594,3117.7266457653604,3049.7484617692403,3060.798583984375,4499273
2026-01-21,INFY.NS,1616.0301458476063,1621.9030597634667,1596.6494821313709,1619.358154296875,6224582
2026-01-21,TCS.NS,3058.5291438659533,3096.5141025881594,3040.769942385441,3080.826904296875,2015150
2026-01-22,INFY.NS,1630.7124283208409,1635.8022392467942,1618.7708845027832,1628.265380859375,6228892
2026-01-22,TCS.NS,3107.8603302315137,3117.7265535020897,3080.5309399469356,3108.2548828125,2269827
2026-01-23,INFY.NS,1631.8869227568262,1640.2068839190629,1626.9928279555104,1635.4107666015625,5869137
2026-01-23,TCS.NS,3147.621264153488,3151.7650297600667,3109.8335807806325,3120.193115234375,2068857
2026-01-27,INFY.NS,1650.0930280724322,1653.6167523834592,1625.9161283991023,1647.05859375,10673087
2026-01-27,TCS.NS,3132.5259981161435,3132.5259981161435,3088.1279918436312,3115.75341796875,4279874
2026-01-28,INFY.NS,1644.4158380681818,1653.0294926329091,1615.05126953125,1631.2017822265625,8588664
2026-01-28,TCS.NS,3133.5125881835056,3162.3219126707263,3128.1849238355512,3157.290283203125,2751234
2026-01-29,INFY.NS,1622.8818691859371,1631.2018305177105,1607.3186235036719,1624.35009765625,4749582
2026-01-29,TCS.NS,3157.2902623909354,3157.2902623909354,3083.7868976929381,3102.335205078125,2457641
2026-01-30,INFY.NS,1619.9454090553113,1619.9454090553113,1583.8269648597889,1606.241943359375,9207926
2026-01-30,TCS.NS,3098.9807130541421,3098.9807130541421,3050.6362192815691,3082.109375,3022068
2026-02-02,INFY.NS,1626.7970461591942,1626.7970461591942,1583.7290136495644,1594.8875732421875,6784887
2026-02-02,TCS.NS,3155.218220087344,3155.218220087344,3092.0743907922879,3127.1982421875,2636272
2026-02-03,INFY.NS,1690.616056346825,1691.3991593070652,1617.9877374621406,1620.9241943359375,8805868
2026-02-03,TCS.NS,3305.1848335937134,3305.1848335937134,3143.6748049748139,3182.153076171875,4366060
2026-02-04,INFY.NS,1540.6609764639099,1551.3301265638145,1478.1144237257668,1503.2701416015625,28828622
2026-02-04,TCS.NS,3078.2617963038065,3078.2617963038065,2946.0543986420407,2958.979248046875,10852595
2026-02-05,INFY.NS,1501.5082372972433,1518.1481590925844,1483.5958031001303,1488.00048828125,10628127
2026-02-05,TCS.NS,2950.0007793892592,2989.1696378838233,2932.5376122480607,2951.480712890625,3521545
2026-02-06,INFY.NS,1489.8602623960501,1492.6988611765453,1448.6520095352703,1475.177978515625,13900866
2026-02-06,TCS.NS,2936.7800719556926,2945.0676030314735,2876.9906634639119,2902.248291015625,4687389
2026-02-09,INFY.NS,1489.8602864300617,1495.6353420798034,1461.3766791394939,1465.4876708984375,8294615
2026-02-09,TCS.NS,2919.5143380742375,2937.174782066686,2898.2031986297916,2908.760009765625,2380318
2026-02-10,INFY.NS,1468.2284271414342,1483.7916723660803,1459.4190565785855,1466.0750732421875,8657000
2026-02-10,TCS.NS,2910.3385905230825,2971.3118985519286,2904.1228216834434,2944.673095703125,3547763
2026-02-11,INFY.NS,1469.4029562852068,1474.0034770295861,1437.8850339676251,1440.7236328125,7934411
2026-02-11,TCS.NS,2940.1346205043051,2957.8938229100359,2865.3485977541418,2870.873779296875,3363513
2026-02-12,INFY.NS,1398.6344233110094,1405.2903204885395,1351.259562174479,1356.64306640625,26048896
2026-02-12,TCS.NS,2831.4086986412967,2841.4721978337079,2703.3450771056805,2713.31005859375,10612156
2026-02-13,INFY.NS,1266.493817560756,1348.1273389393946,1254.3564391221673,1340.1009521484375,45785709
2026-02-13,TCS.NS,2550.4187054416375,2676.7063628097339,2550.4187054416375,2656.1845703125,11168735
2026-02-16,INFY.NS,1344.6035807140283,1346.8549121546939,1309.9534845210951,1336.6751708984375,14621891
2026-02-16,TCS.NS,2663.8802861278232,2683.4154564010123,2635.2682386101537,2670.39208984375,2918730
2026-02-17,INFY.NS,1340.9819956812096,1400.6899531531467,1338.0455387563604,1361.73291015625,25347684
2026-02-17,TCS.NS,2679.6661883999509,2723.0775699498763,2659.144396219614,2681.04736328125,4209118
2026-02-18,INFY.NS,1361.4392729027982,1371.3253201935424,1316.805153615715,1344.603515625,20241373
2026-02-18,TCS.NS,2693.4789283866821,2693.4789283866821,2621.7515340364312,2658.848388671875,2950820
2026-02-19,INFY.NS,1355.6643110050506,1372.3042339560152,1334.326009074035,1341.471435546875,14574228
2026-02-19,TCS.NS,2671.7733571903564,2711.9288391622777,2630.9272877397234,2642.075927734375,3238849
2026-02-20,INFY.NS,1330.4106332686276,1336.0878308198503,1309.8554358713993,1324.5377197265625,12633552
2026-02-20,TCS.NS,2631.3217917460984,2666.4456435463158,2612.0826560359187,2650.264892578125,2293482
2026-02-23,INFY.NS,1323.3632672728343,1323.3632672728343,1290.0834217940796,1299.3822021484375,12887826
2026-02-23,TCS.NS,2650.0675026055624,2667.8267040377664,2624.6125990444862,2640.497314453125,4699596
2026-02-24,INFY.NS,1273.4434027288626,1275.9883079995529,1237.3249610296912,1248.4835205078125,27839061
2026-02-24,TCS.NS,2605.6695046184859,2612.0825495938816,2527.0357551720122,2539.269775390625,7798833
2026-02-25,INFY.NS,1258.9568742250233,1295.564726518415,1258.9568742250233,1262.7742919921875,16669618
2026-02-25,TCS.NS,2561.2716479227247,2618.6930211303556,2560.2850255621997,2594.126220703125,3621285
2026-02-26,INFY.NS,1277.848187510079,1286.1681488994591,1259.0549107538459,1261.7955322265625,11493914
2026-02-26,TCS.NS,2614.5490645947771,2635.26813265383,2599.7497302668821,2612.27978515625,3464267
2026-02-27,INFY.NS,1298.2076283219469,1306.723305439908,1266.7874442662774,1272.5625,23141724
2026-02-27,TCS.NS,2645.7265761203421,2652.6329325338243,2590.9690359848769,2602.11767578125,5083717
2026-03-02,INFY.NS,1263.6552272829085,1271.2900626622441,1246.0364867011174,1261.5997314453125,9700361
2026-03-02,TCS.NS,2557.3249742921371,2588.6996112720262,2545.7815416803182,2578.537353515625,3374385
2026-03-04,INFY.NS,1264.6340504084835,1289.1045235201029,1264.6340504084835,1279.7078857421875,15154950
2026-03-04,TCS.NS,2589.8837001747893,2599.7499237945026,2545.8802464810269,2553.181396484375,3446434
2026-03-05,INFY.NS,1292.0410271405913,1292.0410271405913,1262.7743163409898,1278.141845703125,10362147
2026-03-05,TCS.NS,2565.2181034037962,2574.5910157046947,2512.335049229941,2544.3017578125,2960636
2026-03-06,INFY.NS,1275.4011212294208,1299.0884925711757,1275.4011212294208,1280.686767578125,8724291
2026-03-06,TCS.NS,2537.5927639837228,2584.1612921929509,2519.4390085227947,2523.385498046875,3998643
2026-03-09,INFY.NS,1262.6764978909221,1290.0834296280893,1255.3353554613236,1287.14697265625,10068514
2026-03-09,TCS.NS,2496.1544256648085,2525.7530947438377,2471.4888680989507,2493.589111328125,3653428
2026-03-10,INFY.NS,1292.0410437407636,1293.0198627132945,1256.9014187299574,1268.1578369140625,9600171
2026-03-10,TCS.NS,2507.0073799809552,2511.1511456572443,2456.7883989435327,2479.480712890625,4323710
2026-03-11,INFY.NS,1260.7188580118502,1271.975276386956,1244.3726286871142,1249.2667236328125,7868891
2026-03-11,TCS.NS,2474.5475704664132,2487.2749022159755,2427.1896984686477,2431.92529296875,2720664
2026-03-12,INFY.NS,1245.5471752363726,1251.5179472285731,1231.3542997621664,1238.9891357421875,7599940
2026-03-12,TCS.NS,2426.8936916820116,2439.8182998728989,2403.412031703097,2409.726318359375,2752075
2026-03-13,INFY.NS,1224.5025045780033,1242.7085131232232,1216.280401513626,1221.8597412109375,7366098
2026-03-13,TCS.NS,2404.3986660938149,2413.1795086558491,2364.9337721078678,2378.253173828125,2466488
2026-03-16,INFY.NS,1213.9312451805081,1227.7326883178384,1198.2701415781937,1223.3280029296875,12314450
2026-03-16,TCS.NS,2377.7598050198808,2392.5591399058967,2334.4471812699776,2376.970458984375,3807907
2026-03-17,INFY.NS,1218.6295738865974,1218.6295738865974,1189.3628638376754,1206.785888671875,11223276
2026-03-17,TCS.NS,2387.6260500920594,2387.6260500920594,2328.4287100071319,2359.70458984375,2993367
2026-03-18,INFY.NS,1211.7778669014497,1263.4595555454221,1208.7435520363658,1240.261474609375,12365381
2026-03-18,TCS.NS,2377.759931791064,2449.6846068219561,2377.759931791064,2408.14794921875,3082388
2026-03-19,INFY.NS,1217.8465293278809,1228.4178221249233,1189.3629208552388,1194.9422607421875,9156461
2026-03-19,TCS.NS,2384.6661390424383,2391.5724952581177,2318.7597201236085,2324.482177734375,2757060
2026-03-20,INFY.NS,1215.6930991638783,1238.0102183433878,1203.1641691885866,1229.2987060546875,27299975
2026-03-20,TCS.NS,2354.0808258010857,2375.5892402804725,2332.5724113216993,2358.619384765625,4206320
2026-03-23,INFY.NS,1211.9735596886824,1234.3885372371806,1201.4023868626336,1230.1796875,12420293
2026-03-23,TCS.NS,2333.3618520807718,2374.6027143854908,2316.5892721715231,2351.910400390625,3860515
2026-03-24,INFY.NS,1242.1213008151199,1269.5282325903943,1224.5025589595862,1251.224365234375,13613495
2026-03-24,TCS.NS,2371.9388633725343,2402.8199499074208,2347.2733048784753,2366.709716796875,3420182
2026-03-25,INFY.NS,1243.1000954631661,1263.2637424060149,1230.4733068170258,1252.00732421875,10824030
2026-03-25,TCS.NS,2368.7815731699588,2389.204849113034,2338.0977617106878,2345.595947265625,5843778
2026-03-27,INFY.NS,1257.9780904958054,1267.3748481809973,1236.4440731892589,1242.806396484375,13092541
2026-03-27,TCS.NS,2371.7413083689694,2389.6980273658601,2353.0942427947716,2357.830078125,4979411
2026-03-30,INFY.NS,1223.5236944376795,1238.6953882487069,1216.6719617488286,1224.1109619140625,14108486
2026-03-30,TCS.NS,2343.3267357786763,2365.9202902405636,2314.8132066050703,2327.34326171875,6804756
2026-04-01,INFY.NS,1262.6764804554484,1275.4011271577126,1242.6106914249549,1248.6793212890625,8137156
2026-04-01,TCS.NS,2396.5056797013217,2438.9304406017563,2365.8216283746565,2375.98388671875,4132661
2026-04-02,INFY.NS,1233.3119397486187,1277.7503462365091,1233.1162237425549,1273.247802734375,12873492
2026-04-02,TCS.NS,2354.080866963729,2436.8583836642938,2343.9186088434099,2417.915283203125,5378361
2026-04-06,INFY.NS,1273.8350657038357,1292.0410751383829,1271.4858762157266,1278.5333251953125,10208682
2026-04-06,TCS.NS,2440.9036902253151,2448.7966690134326,2415.4487854587173,2440.804931640625,2572417
2026-04-07,INFY.NS,1274.4222980187042,1316.6093716982591,1266.1023367797188,1311.0301513671875,15355792
2026-04-07,TCS.NS,2428.0775971710527,2509.8684934280732,2415.2515066536921,2505.823486328125,4516550
2026-04-08,INFY.NS,1320.4267760360608,1347.7358488962445,1302.8080347694565,1317.68603515625,16030133
2026-04-08,TCS.NS,2537.5926814286272,2545.781695099603,2506.1195248478389,2524.9638671875,4769337
2026-04-09,INFY.NS,1301.7313192842819,1309.1703192575089,1286.1680743957882,1303.395263671875,14894607
2026-04-09,TCS.NS,2519.8334525275204,2570.1511917909907,2497.2398973257214,2554.365234375,5628261
2026-04-10,INFY.NS,1290.0834192154255,1290.9643801968148,1256.1184483091881,1265.12353515625,19233369
2026-04-10,TCS.NS,2531.4755878535475,2531.4755878535475,2467.6411721508412,2490.53076171875,10480239
2026-04-13,INFY.NS,1245.0577246851824,1261.6976471062894,1238.8911174058185,1249.756103515625,10366082
2026-04-13,TCS.NS,2456.5908344868626,2471.3901693848711,2436.9571465386753,2439.5224609375,3739587
2026-04-15,INFY.NS,1278.631284802942,1294.4881045276459,1272.9540869097948,1277.6524658203125,12098912
2026-04-15,TCS.NS,2468.4302100562668,2524.7664391435346,2460.0439205944767,2520.72119140625,5261384
2026-04-16,INFY.NS,1294.0965334739733,1302.8080461846271,1281.2740288923192,1291.2579345703125,18527029
2026-04-16,TCS.NS,2537.5926488552986,2559.2983402529721,2523.7799361476882,2542.427001953125,3905403
2026-04-17,INFY.NS,1285.1893342368037,1300.1653125819739,1278.4354593069281,1290.7685546875,12064048
2026-04-17,TCS.NS,2535.6194192375438,2554.3652437377432,2521.707947863873,2546.965576171875,2718206
2026-04-20,INFY.NS,1292.0410136169874,1296.8372503675125,1280.3930442184933,1284.7977294921875,7172300
2026-04-20,TCS.NS,2552.4907319445092,2559.2983296867455,2526.9370690161732,2545.091064453125,2288558
2026-04-21,INFY.NS,1282.2528368892558,1296.9351212811175,1271.7795218169556,1285.385009765625,10057440
2026-04-21,TCS.NS,2525.7532081976633,2579.0308149330826,2525.7532081976633,2575.57763671875,2719959
2026-04-22,INFY.NS,1267.5705813427946,1270.2133447995752,1229.2987830540255,1241.729736328125,20088378
2026-04-22,TCS.NS,2545.4855979632412,2545.4855979632412,2470.107748698972,2504.540771484375,5232045
2026-04-23,INFY.NS,1227.438951608261,1238.891085420282,1200.0320212693207,1214.32275390625,14792854
2026-04-23,TCS.NS,2495.1678414969929,2525.2598221872495,2482.6377862369518,2488.064208984375,2509050
2026-04-24,INFY.NS,1174.5826894228176,1197.9764852174349,1127.7950978335834,1130.144287109375,42078914
2026-04-24,TCS.NS,2454.7163513416886,2471.4889309127534,2356.8434646078067,2364.8349609375,5107719
2026-04-27,INFY.NS,1130.1443119385692,1154.9084786451926,1130.04645394258,1145.5118408203125,19579883
2026-04-27,TCS.NS,2364.8349883004043,2426.1043319099444,2364.8349883004043,2414.85693359375,5853425
2026-04-28,INFY.NS,1138.0727223885278,1144.6308809119316,1125.4460537763027,1127.697265625,12720276
2026-04-28,TCS.NS,2411.3050180002156,2453.7297789552113,2394.9269906770533,2411.99560546875,4508363
2026-04-29,INFY.NS,1133.961747660014,1153.2444330805374,1132.2978032475876,1142.7711181640625,8303109
2026-04-29,TCS.NS,2418.2113371738269,2454.6176048964962,2414.8569175928637,2441.59423828125,2835961
2026-04-30,INFY.NS,1142.7711514334947,1164.5988623339997,1135.0384576467616,1156.768310546875,12205669
2026-04-30,TCS.NS,2445.8368019678887,2457.6762701500647,2405.3852856787867,2440.804931640625,3970446
2026-05-01,INFY.NS,1156.768310546875,1156.768310546875,1156.768310546875,1156.768310546875,0
2026-05-01,TCS.NS,2440.804931640625,2440.804931640625,2440.804931640625,2440.804931640625,0
2026-05-04,INFY.NS,1169.6886601132755,1169.6886601132755,1140.5198072387318,1143.652099609375,7735811
2026-05-04,TCS.NS,2460.6360738276094,2464.8785979918853,2392.559133533261,2398.77490234375,2632358
2026-05-05,INFY.NS,1144.7287871872279,1160.0961972461241,1135.5278649580357,1153.1466064453125,8164108
2026-05-05,TCS.NS,2397.4922011892513,2427.4854229119078,2379.9302759850466,2394.828369140625,3385720
2026-05-06,INFY.NS,1161.8580797644604,1166.2627649868193,1139.443102180398,1142.4774169921875,9856963
2026-05-06,TCS.NS,2409.2328690917466,2437.9436740268407,2374.3065364409522,2402.81982421875,3147628
2026-05-07,INFY.NS,1148.1546369607545,1150.5038263553197,1134.6468875555572,1138.07275390625,12013987
2026-05-07,TCS.NS,2405.5824064561411,2407.0623398832377,2365.9202387848723,2369.274658203125,5829594
2026-05-08,INFY.NS,1136.4088093734103,1158.4322359116547,1134.2554554613432,1154.2232666015625,7582770
2026-05-08,TCS.NS,2365.9203449373549,2374.7999458983372,2343.3267899531361,2362.368408203125,3792199
2026-05-11,INFY.NS,1151.0911273032605,1161.8581361470833,1147.2737093616843,1152.0699462890625,7336288
2026-05-11,TCS.NS,2339.2814955090735,2382.6928771212197,2339.2814955090735,2360.888427734375,1975188
2026-05-12,INFY.NS,1137.3876630949442,1137.3876630949442,1099.2137225951999,1116.1473388671875,16891948
2026-05-12,TCS.NS,2343.2279819983573,2343.2279819983573,2252.4587296430527,2269.52734375,6347884
2026-05-13,INFY.NS,1112.5255790772605,1118.398492694932,1097.2560275682617,1099.3115234375,6664111
2026-05-13,TCS.NS,2275.1510766173806,2278.3082198757561,2238.6460506699204,2242.395263671875,3171843
2026-05-14,INFY.NS,1096.0815207310736,1098.1370166529939,1065.933848927119,1071.8067626953125,16914842
2026-05-14,TCS.NS,2234.6996825737074,2234.6996825737074,2176.883514966109,2215.953857421875,5633313
2026-05-15,INFY.NS,1078.6585389001759,1109.1976439317652,1078.2669874029009,1095.2984619140625,17482450
2026-05-15,TCS.NS,2221.8734230068462,2274.0656464070398,2221.8734230068462,2233.712890625,3410637
2026-05-18,INFY.NS,1095.2984136735845,1121.8243835304838,1094.3195947158781,1118.3006591796875,12096377
2026-05-18,TCS.NS,2233.7129057172556,2262.226194073794,2222.0707143058262,2252.656005859375,3773336
2026-05-19,INFY.NS,1137.3876555901809,1173.0166903851343,1137.3876555901809,1171.5484619140625,32175705
2026-05-19,TCS.NS,2269.2314317901273,2345.793423403843,2266.3703232911885,2295.968994140625,10394707
2026-05-20,INFY.NS,1161.8580984968487,1181.3366195800531,1159.8026025902211,1168.4161376953125,15121010
2026-05-20,TCS.NS,2292.8114703818346,2310.6694303909671,2286.7932188667119,2296.2646484375,2537422
2026-05-21,INFY.NS,1170.7653346096859,1176.3446743746752,1152.0699163634372,1156.180908203125,10021033
2026-05-21,TCS.NS,2299.816595750975,2304.6509487015178,2283.0440165455843,2296.0673828125,3299087
2026-05-22,INFY.NS,1157.4533539662823,1166.5564175672662,1147.6651649263981,1149.622802734375,8803066
2026-05-22,TCS.NS,2299.9154856057353,2308.696328282268,2277.2231712679181,2286.300048828125,2617262
2026-05-25,INFY.NS,1157.9428754813864,1159.900513478819,1141.4008105061328,1143.75,5856136
2026-05-25,TCS.NS,2325,2326.10009765625,2293,2308.199951171875,3298364
2026-05-26,INFY.NS,1141.5965459846338,1155.6914427435413,1138.2685377836078,1142.966796875,8005767
2026-05-26,TCS.NS,2308.199951171875,2327.89990234375,2272.39990234375,2276.199951171875,3587597
2026-05-27,INFY.NS,1136.4088302961693,1142.5754376343073,1130.5359164445094,1135.3321533203125,6371871
2026-05-27,TCS.NS,2275,2295.60009765625,2260.89990234375,2284.199951171875,2653950
2026-05-28,INFY.NS,1135.3321533203125,1135.3321533203125,1135.3321533203125,1135.3321533203125,0
2026-05-28,TCS.NS,2284.199951171875,2284.199951171875,2284.199951171875,2284.199951171875,0
2026-05-29,INFY.NS,1156.9639684911599,1184.370898370815,1129.1654871448488,1136.3109130859375,69085430
2026-05-29,TCS.NS,2291,2334,2235,2258.89990234375,16331582
2026-06-01,INFY.NS,1150.1122640819906,1191.2226599044959,1148.8397516554953,1177.02978515625,19439331
2026-06-01,TCS.NS,2284,2335,2280,2297.39990234375,7505095
2026-06-02,INFY.NS,1206.3943648530496,1251.8115883679941,1206.3943648530496,1243.8831787109375,36032600
2026-06-02,TCS.NS,2320,2457.39990234375,2316.199951171875,2446.89990234375,11306127
2026-06-03,INFY.NS,1215.7909483013548,1223.425783618914,1190.2437985614154,1196.7039794921875,18534303
2026-06-03,TCS.NS,2393,2393,2224.800048828125,2241.699951171875,15660062
2026-06-04,INFY.NS,1182.4132636253246,1189.4607121046952,1170.8631524946943,1175.855224609375,12755957
2026-06-04,TCS.NS,2241.699951171875,2253.10009765625,2216.60009765625,2241,4867263
2026-06-05,INFY.NS,1194.159169493737,1197.8787294549086,1169.0035692089534,1172.1357421875,8692290
2026-06-05,TCS.NS,2262.89990234375,2271.800048828125,2192,2198.89990234375,5019717
2026-06-08,INFY.NS,1152.559265415463,1175.26781631171,1151.5804465064052,1162.4453125,8631711
2026-06-08,TCS.NS,2170,2177,2143.300048828125,2151.39990234375,6536734
2026-06-09,INFY.NS,1168.3182691086097,1168.3182691086097,1142.5754025403635,1155.300048828125,10984054
2026-06-09,TCS.NS,2174,2174,2132.800048828125,2151,4148655
2026-06-10,INFY.NS,1160.0999755859375,1171.4000244140625,1143.300048828125,1145.300048828125,8887626
2026-06-10,TCS.NS,2151.300048828125,2180.800048828125,2144.800048828125,2153.89990234375,2848650
2026-06-11,INFY.NS,1129.699951171875,1133.699951171875,1109,1114.5999755859375,9372176
2026-06-11,TCS.NS,2127,2154.60009765625,2110,2135.60009765625,3079815
2026-06-12,INFY.NS,1120,1123.300048828125,1111.5,1116.4000244140625,8075333
2026-06-12,TCS.NS,2150,2168,2138,2161.39990234375,2124656
2026-06-15,INFY.NS,1130,1151,1123,1134.9000244140625,7856192
2026-06-15,TCS.NS,2192,2192,2159.300048828125,2162,3337083
2026-06-16,INFY.NS,1136.9000244140625,1153.800048828125,1123.199951171875,1143.5999755859375,10456090
2026-06-16,TCS.NS,2167,2209,2160.60009765625,2199,3079898
2026-06-17,INFY.NS,1149,1162.5,1148,1157.699951171875,5995119
2026-06-17,TCS.NS,2209,2231,2200.699951171875,2223,2865010
2026-06-18,INFY.NS,1142.9000244140625,1142.9000244140625,1125.300048828125,1127.5,16781447
2026-06-18,TCS.NS,2209,2214,2182,2203.300048828125,3735188
2026-06-19,INFY.NS,1062.300048828125,1066,1030,1051.4000244140625,45665442
2026-06-19,TCS.NS,2105,2138,2059.89990234375,2125,13286502
2026-06-22,INFY.NS,1055,1080.300048828125,1055,1065.4000244140625,10178505
2026-06-22,TCS.NS,2132.199951171875,2157,2121,2127.800048828125,4566101
2026-06-23,INFY.NS,1053.800048828125,1055.300048828125,1026,1029.300048828125,19323064
2026-06-23,TCS.NS,2111,2114,2055,2059.60009765625,6392736
2026-06-24,INFY.NS,1040.9000244140625,1065.5,1037.699951171875,1056.5999755859375,12346266
2026-06-24,TCS.NS,2061,2120.699951171875,2061,2109,4747277
2026-06-25,INFY.NS,1065,1068,1039.0999755859375,1041.199951171875,15866779
2026-06-25,TCS.NS,2133.60009765625,2148.5,2088,2094.699951171875,4738903
2026-06-26,INFY.NS,1041.199951171875,1041.199951171875,1041.199951171875,1041.199951171875,0
2026-06-26,TCS.NS,2094.699951171875,2094.699951171875,2094.699951171875,2094.699951171875,0
2026-06-29,INFY.NS,1037.0999755859375,1046.5999755859375,1029.0999755859375,1036.699951171875,15080892
2026-06-29,TCS.NS,2090,2105,2071,2097.89990234375,3412470
2026-06-30,INFY.NS,1030,1030.4000244140625,996,1000.4000244140625,24128263
2026-06-30,TCS.NS,2090,2104.300048828125,2018.800048828125,2031.5,6848411
2026-07-01,INFY.NS,1006,1014,982.4000244140625,985.29998779296875,13037982
2026-07-01,TCS.NS,2039.9000244140625,2052,1976.800048828125,1982.5999755859375,4658295
2026-07-02,INFY.NS,1006.4000244140625,1045,1006,1040.9000244140625,18741111
2026-07-02,TCS.NS,2008,2076.89990234375,2002.5,2068.10009765625,6040621
2026-07-03,INFY.NS,1063,1068.699951171875,1042,1047.199951171875,11653534
2026-07-03,TCS.NS,2100,2116.60009765625,2085,2093.5,4028819
2026-07-06,INFY.NS,1050.0999755859375,1053,1033,1042.199951171875,5559747
2026-07-06,TCS.NS,2090,2093,2050.60009765625,2057.60009765625,2567386
2026-07-07,INFY.NS,1040.5999755859375,1087.5,1040.5999755859375,1071.800048828125,18866296
2026-07-07,TCS.NS,2050,2122.699951171875,2049,2096.10009765625,4769048
2026-07-08,INFY.NS,1071.9000244140625,1079.699951171875,1064.4000244140625,1069.300048828125,13022221
2026-07-08,TCS.NS,2094,2109.699951171875,2048.800048828125,2057.5,3666985
2026-07-09,INFY.NS,1062.699951171875,1062.699951171875,1040.4000244140625,1050.800048828125,9003333
2026-07-09,TCS.NS,2057.5,2065,2016,2049.5,3791498
2026-07-10,INFY.NS,1075,1091.300048828125,1064.699951171875,1068,9747266
2026-07-10,TCS.NS,2105.199951171875,2133.300048828125,2064.60009765625,2069,6714551
2026-07-13,INFY.NS,1057.0999755859375,1114.9000244140625,1057.0999755859375,1100.800048828125,20023636
2026-07-13,TCS.NS,2075,2204.89990234375,2065.10009765625,2184.800048828125,11920666
